target,source,gene,owner,retained_molecules,log_fold_per_neighbor,z,dispersion,removed_frac,psi_share_e4,hit,z_raw,lfc_raw,hit_raw,clean,sign_consistent
Ductal/tumor epithelial,Exocrine epithelial,FBLN1,Fibroblast / CAF,2400.4107716273616,-0.2387646344663432,-12.750260447105951,1.0,0.3909977070284074,15.503518638025875,True,-10.272456946066859,-0.13568754937578167,True,False,True
Ductal/tumor epithelial,Fibroblast / CAF,FBLN1,Fibroblast / CAF,2400.4107716273616,-0.1920861693808613,-11.795523425506316,1.0,0.3909977070284074,170.76498164284806,True,6.0632769674933975,0.08160729737737737,True,False,False
Ductal/tumor epithelial,Endothelial,APCDD1,Fibroblast / CAF,5324.026296299718,0.2309488261349962,11.70451049774559,1.5403935976764669,0.1382302360661154,44.96073363241134,True,10.31606035044861,0.203544018956358,True,False,True
Ductal/tumor epithelial,Exocrine epithelial,APCDD1,Fibroblast / CAF,5324.026296299718,0.209677538335826,19.896740390199845,1.5403935976764669,0.1382302360661154,12.77619003718386,True,5.611089165059688,0.058733553045670586,False,False,True
Ductal/tumor epithelial,Fibroblast / CAF,APCDD1,Fibroblast / CAF,5324.026296299718,0.1557330090191009,12.86408717827436,1.5403935976764669,0.1382302360661154,81.01890552587055,True,16.8599984223746,0.20100629921238394,True,False,True
Ductal/tumor epithelial,Immune,APCDD1,Fibroblast / CAF,5324.026296299718,0.1872220105330293,13.849175731730664,1.5403935976764669,0.1382302360661154,26.196047398473254,True,12.033408663115232,0.1613264633584655,True,False,True
Ductal/tumor epithelial,Mural / pericyte,APCDD1,Fibroblast / CAF,5324.026296299718,0.3609599280874818,7.616778557249802,1.5403935976764669,0.1382302360661154,54.833752444816994,True,7.086787765810138,0.330305502765307,True,False,True
Ductal/tumor epithelial,Exocrine epithelial,MCF2L,Endothelial,2979.0624970157587,0.1619975683820413,13.777473422340146,1.0652799700579734,0.1082532711230079,7.2062935988445345,True,4.59827165615277,0.052052762456703525,False,False,True
Ductal/tumor epithelial,Exocrine epithelial,MMRN2,Endothelial,2802.4650527569947,-0.1174130881699335,-7.585306572920455,1.0,0.2383213103399617,16.97858086721367,True,-3.39497007944765,-0.03594270298697936,False,False,True
Ductal/tumor epithelial,Endothelial,VCAN,Fibroblast / CAF,28108.11014649531,-0.2526202569792909,-10.266949797705506,1.7979623989928228,0.2121543915056331,70.7091713954663,True,-9.461079067012436,-0.16947028300378703,True,False,True
Ductal/tumor epithelial,Exocrine epithelial,VCAN,Fibroblast / CAF,28108.11014649531,-0.7033581625460295,-41.90673544339467,1.7979623989928228,0.2121543915056331,16.35628898927507,True,-60.93457934259502,-0.6384768855644587,True,False,True
Ductal/tumor epithelial,Immune,VCAN,Fibroblast / CAF,28108.11014649531,-0.1071387592063356,-12.21977096136524,1.7979623989928228,0.2121543915056331,214.3437003281328,True,-9.386279351727472,-0.06850173002864109,True,False,True
Ductal/tumor epithelial,Exocrine epithelial,FGL2,Immune,696.7761277431339,0.3402506902225342,15.184489606761993,1.0,0.4953408826457339,9.54949141083556,True,15.166169226078289,0.2816111542710413,True,False,True
Ductal/tumor epithelial,Exocrine epithelial,TNC,Mural / pericyte,8477.082428958816,-0.4158278510552614,-18.35521821019877,2.4160208403655044,0.0522275926388525,2.765741679727113,True,-26.099288309625262,-0.5669517371002694,True,True,True
Ductal/tumor epithelial,Fibroblast / CAF,TNC,Mural / pericyte,8477.082428958816,0.339039158718916,30.458205000705835,2.4160208403655044,0.0522275926388525,58.48207419098125,True,30.946271020367245,0.3345673659051046,True,False,True
Ductal/tumor epithelial,Immune,TNC,Mural / pericyte,8477.082428958816,0.0996055594196039,6.942050309813484,2.4160208403655044,0.0522275926388525,21.14785076439248,True,5.688437914279547,0.07862502475008291,False,False,True
Ductal/tumor epithelial,Endothelial,SEMA3C,Fibroblast / CAF,17304.86622877203,-0.2009859399834465,-7.431905547717385,1.7881093180252765,0.0272370637286927,10.893569822830942,True,-7.859647877262549,-0.20583214850667358,True,True,True
Ductal/tumor epithelial,Exocrine epithelial,SEMA3C,Fibroblast / CAF,17304.86622877203,-0.6132495411793892,-33.38962004544261,1.7881093180252765,0.0272370637286927,3.941181893611137,True,-43.693230816349306,-0.7552971235981583,True,True,True
Ductal/tumor epithelial,Fibroblast / CAF,SEMA3C,Fibroblast / CAF,17304.86622877203,0.1103938138566598,16.32590232888491,1.7881093180252765,0.0272370637286927,74.49860565895153,True,14.96281067735216,0.09964197871991316,True,False,True
Ductal/tumor epithelial,Exocrine epithelial,CTSK,Fibroblast / CAF,3921.98529985268,-0.1463473449953738,-10.93135368047144,1.0,0.3381983450633771,6.852893273101626,True,-21.91907646600326,-0.274844063911183,True,False,True
Ductal/tumor epithelial,Exocrine epithelial,CAVIN1,Mural / pericyte,7133.739527962256,-0.1242095425901391,-12.43928381573742,1.0,0.2531696651392412,17.024676561875786,True,-24.32577481218413,-0.2233494895390902,True,False,True
Ductal/tumor epithelial,Fibroblast / CAF,CAVIN1,Mural / pericyte,7133.739527962256,0.1431428488385393,18.002801873597523,1.0,0.2531696651392412,203.66741789437785,True,31.2521685552669,0.2408834219975536,True,False,True
Ductal/tumor epithelial,Immune,CAVIN1,Mural / pericyte,7133.739527962256,0.0891376516001804,8.655611093068194,1.0,0.2531696651392412,68.08243568665706,True,9.266241099377831,0.0899880218914353,True,False,True
Ductal/tumor epithelial,Exocrine epithelial,CXCR4,Immune,4031.54697212398,-0.2336365814995584,-14.359031166701053,1.1425837824519751,0.1787278057186699,10.041178820564827,True,-19.99439294521193,-0.26728439057398584,True,False,True
Ductal/tumor epithelial,Fibroblast / CAF,CXCR4,Immune,4031.54697212398,-0.1271077540397009,-9.75410163416564,1.1425837824519751,0.1787278057186699,49.05271746035992,True,-9.834918075023577,-0.13136632365348383,True,False,True
Ductal/tumor epithelial,Immune,CXCR4,Immune,4031.54697212398,-0.2498654808087224,-12.030429881733484,1.1425837824519751,0.1787278057186699,206.70318650357808,True,2.308677456330327,0.03788768809376173,False,False,False
Ductal/tumor epithelial,Exocrine epithelial,GPC1,Ductal/tumor epithelial,8278.0,0.0872552250166068,10.630339909402991,1.221027801149385,0.0,0.0,True,-10.00665325801373,-0.08264223174119686,True,True,False
Ductal/tumor epithelial,Fibroblast / CAF,GPC1,Ductal/tumor epithelial,8278.0,0.1458908325220396,17.441487916044426,1.221027801149385,0.0,0.0,True,15.23621058281029,0.12969409857177128,True,True,True
Ductal/tumor epithelial,Exocrine epithelial,CD14,Immune,995.4000605233203,0.2482402772952681,13.044237169723688,1.0,0.4143446582101356,8.558433975600012,True,10.711462649060188,0.17477655097099157,True,False,True
Ductal/tumor epithelial,Exocrine epithelial,PCNA,Ductal/tumor epithelial,6647.0,0.0761136845621978,8.327669845965225,1.289953981957354,0.0,0.0,True,-10.381404103286357,-0.09147491459080259,True,True,False
Ductal/tumor epithelial,Fibroblast / CAF,LTBP2,Fibroblast / CAF,3652.01227362745,0.1684427805368523,14.046698727685508,1.1218319918304207,0.397223002092937,251.08170102920425,True,34.603204929408186,0.36104348684011667,True,False,True
Ductal/tumor epithelial,Immune,LTBP2,Fibroblast / CAF,3652.01227362745,0.173727211925889,12.24752238235364,1.1218319918304207,0.397223002092937,78.17882895481864,True,11.079701968361741,0.13621240938566914,True,False,True
Ductal/tumor epithelial,Endothelial,NTN4,Ductal/tumor epithelial,19179.0,0.1128411017730851,9.97995847028092,1.4281527602587962,0.0,0.0,True,8.973886199126184,0.10068466675787094,True,True,True
Ductal/tumor epithelial,Exocrine epithelial,NTN4,Ductal/tumor epithelial,19179.0,0.2086604257449943,39.92754793893855,1.4281527602587962,0.0,0.0,True,8.409252295249493,0.043307290394740634,False,True,True
Ductal/tumor epithelial,Immune,NTN4,Ductal/tumor epithelial,19179.0,0.115105353479974,15.81458155403665,1.4281527602587962,0.0,0.0,True,16.316147069766142,0.11709927715390292,True,True,True
Ductal/tumor epithelial,Exocrine epithelial,NPDC1,Endothelial,5540.999723148659,-0.3455353970466571,-22.370722413338868,1.0479143787777103,0.0355138620739554,5.585261669893366,True,-31.790294177633896,-0.424145099387713,True,True,True
Ductal/tumor epithelial,Endothelial,GNG11,Endothelial,1972.594384548424,0.28023554598991,12.08727352270612,1.0448936717003303,0.3205784336706085,135.5754280677778,True,8.981887154956652,0.19874880632597475,True,False,True
Ductal/tumor epithelial,Exocrine epithelial,GNG11,Endothelial,1972.594384548424,0.4993249158314262,34.812099271252734,1.0448936717003303,0.3205784336706085,16.218001905288713,True,30.21223848809577,0.4139393300062785,True,False,True
Ductal/tumor epithelial,Fibroblast / CAF,GNG11,Endothelial,1972.594384548424,0.1388743788447841,7.749710391321687,1.0448936717003303,0.3205784336706085,30.02681682304241,True,9.967998448638122,0.1675064814347591,True,False,True
Ductal/tumor epithelial,Immune,GNG11,Endothelial,1972.594384548424,0.1731886889838458,9.394233155439968,1.0448936717003303,0.3205784336706085,23.53551133456582,True,9.246004379900963,0.1576999562963278,True,False,True
Ductal/tumor epithelial,Exocrine epithelial,STC2,Endothelial,2233.588123376967,-0.5569243115867811,-16.2810600066347,1.0030406189913512,0.1326005972915096,8.589164438708092,True,-17.1074176844518,-0.29865442919136365,True,False,True
Ductal/tumor epithelial,Exocrine epithelial,IRF8,Immune,1454.2666123741203,-0.1376435859542803,-6.310518022306763,1.0,0.1235533938539406,2.366245659322086,True,-11.248004258181096,-0.20339226843919894,True,False,True
Ductal/tumor epithelial,Endothelial,PRDM1,Immune,5564.851751424846,-0.2890658316940627,-6.378779897792743,1.2211327554559843,0.1047875717553145,50.30848609089198,True,-4.13074763677808,-0.13979830710873772,False,False,True
Ductal/tumor epithelial,Exocrine epithelial,PRDM1,Immune,5564.851751424846,-0.6042147556441284,-22.752830961458237,1.2211327554559843,0.1047875717553145,5.608309517224425,True,-30.72311472285651,-0.5021220082610163,True,False,True
Ductal/tumor epithelial,Exocrine epithelial,GLIPR1,Immune,2025.17204508464,0.2064927470404177,13.741681946865477,1.1780612028482724,0.2615313746646761,8.066746565870748,True,3.5494721009736496,0.050157790751129284,False,False,True
Ductal/tumor epithelial,Fibroblast / CAF,GLIPR1,Immune,2025.17204508464,0.1735323503001284,10.211666635032648,1.1780612028482724,0.2615313746646761,51.19271331411795,True,14.39594156467919,0.22671957156814854,True,False,True
Ductal/tumor epithelial,Immune,GLIPR1,Immune,2025.17204508464,0.2747706354393248,14.957001805175413,1.1780612028482724,0.2615313746646761,75.72294951121177,True,17.598962695724975,0.29477534119245413,True,False,True
Ductal/tumor epithelial,Endothelial,FHL2,Ductal/tumor epithelial,36812.0,-0.1548407587989114,-8.774983817440196,1.5321799919221657,0.0,0.0,True,-9.777010242868514,-0.17012549386523373,True,True,True
Ductal/tumor epithelial,Exocrine epithelial,FHL2,Ductal/tumor epithelial,36812.0,-0.7745869652489467,-52.6654326955564,1.5321799919221657,0.0,0.0,True,-66.17529388512601,-0.9241763363412162,True,True,True
Ductal/tumor epithelial,Exocrine epithelial,SLC26A2,Ductal/tumor epithelial,7448.0,-0.1053466011916717,-9.404672598423732,1.3644313529160306,0.0,0.0,True,-25.351140641302017,-0.2717338473455714,True,True,True
Ductal/tumor epithelial,Fibroblast / CAF,SLC26A2,Ductal/tumor epithelial,7448.0,0.0987041650069898,10.680193330644483,1.3644313529160306,0.0,0.0,True,8.60360192208974,0.07791490416974126,True,True,True
Ductal/tumor epithelial,Exocrine epithelial,CD86,Immune,537.9443736443211,0.1761113556617006,6.686517370678076,1.0,0.3438346150905972,2.727328600842015,True,3.656374295394331,0.08443656567342779,False,False,True
Ductal/tumor epithelial,Exocrine epithelial,SNAI1,Endothelial,835.5600645701027,-0.2453871979766447,-7.290213347269397,1.0,0.1049735953040459,0.8527703512491933,True,-11.537151707438271,-0.31972260753403964,True,False,True
Ductal/tumor epithelial,Exocrine epithelial,PMP22,Fibroblast / CAF,2482.380167344595,0.0822828127380656,6.295953842869494,1.0130588170167685,0.3775510417767904,12.192311238130358,True,-0.8644040155559195,-0.010479543029148473,False,False,False
Ductal/tumor epithelial,Immune,PMP22,Fibroblast / CAF,2482.380167344595,0.146393593472755,8.645047462338708,1.0130588170167685,0.3775510417767904,118.76905864776548,True,9.488245287545537,0.1460242746219185,True,False,True
Ductal/tumor epithelial,Exocrine epithelial,BASP1,Fibroblast / CAF,4504.181897293758,-0.1664284219238641,-8.571545276865836,1.951134215633603,0.2073016541716994,7.713346240127839,True,-17.066509104142884,-0.2873170292487276,True,False,True
Ductal/tumor epithelial,Fibroblast / CAF,BASP1,Fibroblast / CAF,4504.181897293758,0.2811603115800256,20.465845891835784,1.951134215633603,0.2073016541716994,162.60624745039556,True,23.728665100673744,0.2998561771624638,True,False,True
Ductal/tumor epithelial,Immune,BASP1,Fibroblast / CAF,4504.181897293758,0.1226871435486276,7.024906288843131,1.951134215633603,0.2073016541716994,120.88384372420474,True,10.847851413733943,0.1648489490607754,True,False,True
Ductal/tumor epithelial,Endothelial,CFB,Ductal/tumor epithelial,63622.0,0.1024674548472064,12.921439738020831,2.214371767526671,0.0,0.0,True,11.33021653624219,0.09456675238290169,True,True,True
Ductal/tumor epithelial,Exocrine epithelial,CFB,Ductal/tumor epithelial,63622.0,0.1849971308105283,51.62092805994085,2.214371767526671,0.0,0.0,True,3.7595761511475634,0.01410601091068521,False,True,True
Ductal/tumor epithelial,Immune,CFB,Ductal/tumor epithelial,63622.0,0.1037053623488278,20.536566517614112,2.214371767526671,0.0,0.0,True,20.079775415901175,0.10620922588691038,True,True,True
Ductal/tumor epithelial,Exocrine epithelial,CFHR3,Endothelial,880.8905129486483,0.1823680746436292,8.335488790286579,1.1207103638449083,0.1671323175089668,3.364985710334655,True,2.175891675512562,0.04634017031785861,False,False,True
Ductal/tumor epithelial,Immune,CFHR3,Endothelial,880.8905129486483,0.3378154283376895,12.745699186643332,1.1207103638449083,0.1671323175089668,8.11804593858937,True,11.538441256764486,0.3011976291709095,True,False,True
Ductal/tumor epithelial,Exocrine epithelial,LY86,Immune,307.3011343124052,0.2422866872821809,7.085833810616098,1.0,0.3927683755115263,2.589041516855659,True,5.175440188215247,0.14899222812827315,False,False,True
Ductal/tumor epithelial,Fibroblast / CAF,TCIM,Endothelial,30910.00994811209,0.0636998973632298,12.926074181471792,1.5453332864338762,0.0724764561983297,65.30331097483499,True,9.869750620716774,0.05135395124178932,True,False,True
Ductal/tumor epithelial,Endothelial,C15orf48,Ductal/tumor epithelial,21969.0,-0.1731449250424289,-7.294649230549363,2.2891784382966067,0.0,0.0,True,-7.7563491988673094,-0.18093311444603505,True,True,True
Ductal/tumor epithelial,Exocrine epithelial,C15orf48,Ductal/tumor epithelial,21969.0,-0.2946827688142515,-27.1014779748733,2.2891784382966067,0.0,0.0,True,-43.6038867638574,-0.45861925256511543,True,True,True
Ductal/tumor epithelial,Fibroblast / CAF,C15orf48,Ductal/tumor epithelial,21969.0,0.0564503386284576,8.108861571101071,2.2891784382966067,0.0,0.0,True,4.810768211340536,0.033188420399104926,False,True,True
Ductal/tumor epithelial,Exocrine epithelial,GPR183,Immune,600.6626791670685,0.2018620604942919,8.137799648238364,1.0,0.4304232449572712,5.731231369656741,True,6.517565167032453,0.13290418649227148,True,False,True
Ductal/tumor epithelial,Immune,KCNMA1,Endocrine,1767.848664078269,0.1771367153142345,8.196552271831123,1.2296368042718202,0.1791103458261448,27.76508148744432,True,9.414859332346948,0.18800894620709296,True,False,True
Ductal/tumor epithelial,Exocrine epithelial,MYLK,Mural / pericyte,4474.270612881878,0.1615040836059249,16.58635960668034,1.0686874553823609,0.348769528833075,16.179588826403617,True,-2.379727775830707,-0.022677066440312175,False,False,False
Ductal/tumor epithelial,Fibroblast / CAF,MYLK,Mural / pericyte,4474.270612881878,0.1155712508597703,10.557150714343935,1.0686874553823609,0.348769528833075,246.76827188647323,True,30.08047411524002,0.2931673166145711,True,False,True
Ductal/tumor epithelial,Immune,MYLK,Mural / pericyte,4474.270612881878,0.0838257625905277,6.312834378884332,1.0686874553823609,0.348769528833075,67.40024695232184,True,5.378676285070918,0.06437370202516575,False,False,True
Ductal/tumor epithelial,Fibroblast / CAF,EDN1,Ductal/tumor epithelial,9772.0,0.1759111520033202,19.080683266287583,1.7919521239542324,0.0,0.0,True,16.736913653538704,0.15782554680829827,True,True,True
Ductal/tumor epithelial,Immune,EDN1,Ductal/tumor epithelial,9772.0,0.1128916514205889,9.888299031876626,1.7919521239542324,0.0,0.0,True,9.163654482828504,0.10595562192599083,True,True,True
Ductal/tumor epithelial,Exocrine epithelial,SMYD2,Exocrine epithelial,4983.836077652532,0.0910837563225195,9.793659231291915,1.0,0.2917218286550233,41.54758612212286,True,18.071746282921357,0.1382168750517076,True,False,True
Ductal/tumor epithelial,Fibroblast / CAF,SMYD2,Exocrine epithelial,4983.836077652532,0.0628624100607533,6.225605554436057,1.0,0.2917218286550233,18.624651414737883,True,4.889806086242001,0.04840134118076164,False,False,True
Ductal/tumor epithelial,Exocrine epithelial,FSTL3,Ductal/tumor epithelial,24141.0,0.2406855193100345,38.74204241173986,2.4537464003550618,0.0,0.0,True,10.922940946665767,0.07296111024098356,True,True,True
Ductal/tumor epithelial,Fibroblast / CAF,FSTL3,Ductal/tumor epithelial,24141.0,0.1936400813161431,27.310292925590296,2.4537464003550618,0.0,0.0,True,23.663769649146353,0.18178608034789584,True,True,True
Ductal/tumor epithelial,Immune,FSTL3,Ductal/tumor epithelial,24141.0,0.1978826447652759,24.787906319727703,2.4537464003550618,0.0,0.0,True,22.918939318732658,0.19566090183588028,True,True,True
Ductal/tumor epithelial,Endothelial,ACTG2,Mural / pericyte,26709.987551073824,-0.1941688993992589,-11.234684902835404,1.3916992925158045,0.0603491060828077,44.168474008932726,True,-11.10068846546821,-0.18171801599043325,True,False,True
Ductal/tumor epithelial,Exocrine epithelial,ACTG2,Mural / pericyte,26709.987551073824,-0.3165444748574476,-38.72298957317663,1.3916992925158045,0.0603491060828077,25.59079315325282,True,-55.734715546992255,-0.40391709412530175,True,False,True
Ductal/tumor epithelial,Fibroblast / CAF,ACTG2,Mural / pericyte,26709.987551073824,0.1189633925124487,24.685417255648087,1.3916992925158045,0.0603491060828077,123.25038620237672,True,23.356068084815277,0.11396267507746988,True,False,True
Ductal/tumor epithelial,Exocrine epithelial,TMC5,Ductal/tumor epithelial,35621.0,-0.2541006549380755,-42.09759348186022,1.4660605308289374,0.0,0.0,True,-68.25477737726139,-0.4291020318639131,True,True,True
Ductal/tumor epithelial,Fibroblast / CAF,TMC5,Ductal/tumor epithelial,35621.0,-0.1046016343983368,-21.860769270464026,1.4660605308289374,0.0,0.0,True,-24.88039570696176,-0.12568882709201978,True,True,True
Ductal/tumor epithelial,Exocrine epithelial,FKBP11,Exocrine epithelial,5132.399600571962,-0.4834048064119745,-24.61057415411465,1.0,0.3980742511722248,103.99188715773948,True,8.932127576392787,0.0613299216383883,True,False,False
Ductal/tumor epithelial,Endothelial,MDM2,Ductal/tumor epithelial,69182.0,-0.1050666059602965,-9.655539331478492,1.882466187044512,0.0,0.0,True,-10.285748568737995,-0.10574454804064484,True,True,True
Ductal/tumor epithelial,Exocrine epithelial,MDM2,Ductal/tumor epithelial,69182.0,-0.1306436517638223,-30.102022172617332,1.882466187044512,0.0,0.0,True,-70.97611105030688,-0.28526480714182906,True,True,True
Ductal/tumor epithelial,Immune,MDM2,Ductal/tumor epithelial,69182.0,-0.0676914918030916,-12.700388446921467,1.882466187044512,0.0,0.0,True,-14.828271124460645,-0.07579501997088174,True,True,True
Ductal/tumor epithelial,Exocrine epithelial,AR,Mural / pericyte,394.1148310280212,0.2301663914959087,7.285930641863554,1.0720833071492462,0.1137693603629559,0.9833748194585292,True,2.657214734753686,0.08339299318745648,False,False,True
Ductal/tumor epithelial,Exocrine epithelial,AIF1,Immune,2139.459833980416,0.1736247303841839,13.090042799789028,1.0,0.4221969956428966,21.880089732952275,True,10.720908065133356,0.1195288013295133,True,False,True
Ductal/tumor epithelial,Exocrine epithelial,SLC18A2,Endocrine,259.5428703043964,0.2800170243947149,7.542937094196636,1.0,0.1594838974066215,0.4993700255062843,True,4.49880934609061,0.16067722640910606,False,False,True
Ductal/tumor epithelial,Immune,SCGB2A1,Endocrine,903.1538474835834,0.196225085104566,6.124616349939135,1.418235790115363,0.0751472798232475,2.6605360639074407,True,5.6588123036378075,0.1784856110831142,False,True,True
Ductal/tumor epithelial,Exocrine epithelial,DST,Ductal/tumor epithelial,26002.0,0.1145474523325128,25.3366252967622,1.2756513492143204,0.0,0.0,True,-12.393210502715222,-0.05666481586095002,True,True,False
Ductal/tumor epithelial,Fibroblast / CAF,DST,Ductal/tumor epithelial,26002.0,0.0608029353884583,12.11300797401212,1.2756513492143204,0.0,0.0,True,8.772486205020087,0.045147283126458305,False,True,True
Ductal/tumor epithelial,Exocrine epithelial,PPP1R1B,Ductal/tumor epithelial,15983.0,0.4544765929867269,76.56846925505207,1.620984431998963,0.0,0.0,True,45.432365091168506,0.27595802480171394,True,True,True
Ductal/tumor epithelial,Immune,PPP1R1B,Ductal/tumor epithelial,15983.0,-0.0911760198513451,-9.422812076391986,1.620984431998963,0.0,0.0,True,-7.458917367682242,-0.07296606548916856,True,True,True
Ductal/tumor epithelial,Endothelial,MYC,Exocrine epithelial,10721.83374708574,-0.1763763335826522,-6.425768263368637,1.0,0.1451986967710431,63.87593214296325,True,-4.758781773630869,-0.1018867055399156,False,False,True
Ductal/tumor epithelial,Exocrine epithelial,MYC,Exocrine epithelial,10721.83374708574,-0.834874831117552,-34.31268383909919,1.0,0.1451986967710431,122.6299130327894,True,-37.47046997501535,-0.3302025966908554,True,False,True
Ductal/tumor epithelial,Exocrine epithelial,TREM2,Immune,458.498258499078,0.2281325732366068,8.072552077596349,1.0,0.3589831979214108,2.8963461479364496,True,5.617500205704234,0.13569057228275877,False,False,True
Ductal/tumor epithelial,Endothelial,UBE2C,Ductal/tumor epithelial,12017.0,-0.2742500055410368,-6.776853217015164,1.754661029096639,0.0,0.0,True,-7.260629872640897,-0.2873403638050706,True,True,True
Ductal/tumor epithelial,Exocrine epithelial,UBE2C,Ductal/tumor epithelial,12017.0,-0.797877548091876,-27.320615992859445,1.754661029096639,0.0,0.0,True,-34.66179993634778,-0.946500937587338,True,True,True
Ductal/tumor epithelial,Fibroblast / CAF,UBE2C,Ductal/tumor epithelial,12017.0,-0.0997843994623846,-11.128972281398202,1.754661029096639,0.0,0.0,True,-13.962486242480924,-0.12291921124108363,True,True,True
Ductal/tumor epithelial,Immune,UBE2C,Ductal/tumor epithelial,12017.0,-0.1006804539881117,-7.3986100742472285,1.754661029096639,0.0,0.0,True,-8.883027374143131,-0.11845131984848405,True,True,True
Ductal/tumor epithelial,Exocrine epithelial,RIDA,Exocrine epithelial,2809.4520119485533,-0.2650418934296699,-14.239081533652582,1.0,0.297841753448164,26.51270704649519,True,-0.5057065158769255,-0.005254141121464718,False,False,True
Ductal/tumor epithelial,Exocrine epithelial,S100A1,Ductal/tumor epithelial,1405.0,0.1704137100636041,9.506943938794064,1.1690660586029396,0.0,0.0,True,0.03449800244826958,0.0006041270546434971,False,True,True
Ductal/tumor epithelial,Endocrine,GPRC5A,Ductal/tumor epithelial,91207.0,-0.801777616765595,-6.515925956282105,2.4014997526435096,0.0,0.0,True,-6.89073831158189,-0.797394617666143,True,True,True
Ductal/tumor epithelial,Endothelial,GPRC5A,Ductal/tumor epithelial,91207.0,-0.3729415584695689,-19.50380089590913,2.4014997526435096,0.0,0.0,True,-20.8977598206651,-0.3892042754977555,True,True,True
Ductal/tumor epithelial,Exocrine epithelial,GPRC5A,Ductal/tumor epithelial,91207.0,-1.1175744709318,-52.32836168198386,2.4014997526435096,0.0,0.0,True,-63.357719466500185,-1.2471753199163027,True,True,True
Ductal/tumor epithelial,Immune,GPRC5A,Ductal/tumor epithelial,91207.0,-0.1160142470759528,-20.113445992709647,2.4014997526435096,0.0,0.0,True,-24.00530740267569,-0.13484472164860922,True,True,True
Ductal/tumor epithelial,Endothelial,PPARG,Ductal/tumor epithelial,9473.0,-0.2542345635673657,-6.634744647761517,1.4781409936634222,0.0,0.0,True,-7.046479553474001,-0.2671952106917317,True,True,True
Ductal/tumor epithelial,Exocrine epithelial,PPARG,Ductal/tumor epithelial,9473.0,-0.5357076133435469,-27.31009590795338,1.4781409936634222,0.0,0.0,True,-37.10341392354027,-0.700376474247991,True,True,True
Ductal/tumor epithelial,Fibroblast / CAF,PPARG,Ductal/tumor epithelial,9473.0,-0.0735977111218723,-8.04323357640378,1.4781409936634222,0.0,0.0,True,-10.57768359175632,-0.09593788562907947,True,True,True
Ductal/tumor epithelial,Immune,PPARG,Ductal/tumor epithelial,9473.0,-0.1280889886740475,-9.055189903914778,1.4781409936634222,0.0,0.0,True,-10.176838648384592,-0.14217736999750905,True,True,True
Ductal/tumor epithelial,Exocrine epithelial,MTRNR2L11,Ductal/tumor epithelial,2494.0,0.1332284516403381,9.712767653354078,1.1843845111008942,0.0,0.0,True,-2.727702329053258,-0.03628278006930496,False,True,False
Ductal/tumor epithelial,Exocrine epithelial,C1orf194,Ductal/tumor epithelial,1515.0,-0.2469347425718994,-8.550690358895165,1.377843785617253,0.0,0.0,True,-15.334894062583423,-0.40585695361350604,True,True,True
Ductal/tumor epithelial,Fibroblast / CAF,C1orf194,Ductal/tumor epithelial,1515.0,-0.1821909160507435,-7.626441537202671,1.377843785617253,0.0,0.0,True,-8.912117521286955,-0.20425396197252033,True,True,True
Ductal/tumor epithelial,Exocrine epithelial,PTN,Mural / pericyte,565.4754197022287,0.2217792596905616,8.10800719323504,1.1202020635886891,0.2712555548461557,3.1806029316861806,True,3.4622672570339392,0.08933931060741364,False,False,True
Ductal/tumor epithelial,Immune,PTN,Mural / pericyte,565.4754197022287,0.3043864237578839,9.083562683030548,1.1202020635886891,0.2712555548461557,10.096393268161568,True,8.61973579688356,0.271680982250254,True,False,True
Ductal/tumor epithelial,Endothelial,EPCAM,Ductal/tumor epithelial,95313.0,-0.0845693930577502,-12.326777154758648,1.227518936205312,0.0,0.0,True,-13.121400101615526,-0.08713720533939136,True,True,True
Ductal/tumor epithelial,Immune,EPCAM,Ductal/tumor epithelial,95313.0,-0.0792538236816759,-21.65898064937195,1.227518936205312,0.0,0.0,True,-22.843419960635067,-0.0815457604622207,True,True,True
Ductal/tumor epithelial,Mural / pericyte,EPCAM,Ductal/tumor epithelial,95313.0,-0.0893354926733273,-6.04438668952191,1.227518936205312,0.0,0.0,True,-6.8463160121724576,-0.09942166948695882,True,True,True
Ductal/tumor epithelial,Fibroblast / CAF,ALDH1A3,Fibroblast / CAF,2711.035665086304,0.0833696855912053,6.177095826167739,1.0,0.1579125781533858,17.28715400613911,True,7.350525670546032,0.099965242145341,True,False,True
Ductal/tumor epithelial,Exocrine epithelial,GEM,Fibroblast / CAF,3206.2689020862053,-0.2749732929107754,-14.749293655842855,1.0871971880460811,0.2056680349528377,4.4559171506714605,True,-22.206558108750915,-0.3786202453363204,True,False,True
Ductal/tumor epithelial,Fibroblast / CAF,C5orf46,Ductal/tumor epithelial,3929.0,0.3614173362289768,25.857716054169472,1.6573378026898224,0.0,0.0,True,24.14157353637695,0.3438769775755127,True,True,True
Ductal/tumor epithelial,Immune,C5orf46,Ductal/tumor epithelial,3929.0,0.2119784800613168,13.199944183416962,1.6573378026898224,0.0,0.0,True,12.218433456890798,0.19808962875123928,True,True,True
Ductal/tumor epithelial,Exocrine epithelial,SERPINB9,Immune,7262.247043272141,-0.2943262324126654,-21.222635697698767,1.2084635156723031,0.0449179817711574,4.763221781752251,True,-31.330259398616878,-0.4009458022872923,True,True,True
Ductal/tumor epithelial,Fibroblast / CAF,SERPINB9,Immune,7262.247043272141,0.0568363229631394,6.438084523868022,1.2084635156723031,0.0449179817711574,16.08340633840022,True,4.408086432205538,0.040320365523551685,False,True,True
Ductal/tumor epithelial,Exocrine epithelial,MEST,Fibroblast / CAF,6706.73364347449,-0.0956896709970557,-10.012178694724955,1.0,0.1999383372299199,31.706155311760547,True,-9.204195602530598,-0.06986857678699854,True,False,True
Ductal/tumor epithelial,Immune,STEAP4,Endothelial,2468.99210064798,0.1888520305371163,10.142732909218882,1.26217387331427,0.0839550996963665,16.57718624434636,True,9.692566319380129,0.17914518214051595,True,True,True
Ductal/tumor epithelial,Exocrine epithelial,FGFBP1,Ductal/tumor epithelial,1282.0,-0.2728913142011784,-8.279362132441296,1.3482574449125355,0.0,0.0,True,-13.760423031169642,-0.44533067719062114,True,True,True
Ductal/tumor epithelial,Exocrine epithelial,MET,Ductal/tumor epithelial,19676.0,-0.249998551206315,-31.81483856930061,1.2896700252696534,0.0,0.0,True,-54.04539711673604,-0.4124940294482301,True,True,True
Ductal/tumor epithelial,Exocrine epithelial,CCR7,Immune,573.0874125761202,0.2556299238645332,9.900122577808808,1.086487236691514,0.099954310877223,0.6299744937156203,True,4.7312109744455615,0.11958527672723426,False,True,True
Ductal/tumor epithelial,Endothelial,ANPEP,Exocrine epithelial,2706.706940146686,0.3631601768463287,15.535970984691089,1.348159789863191,0.7721097244350877,81.89983857710172,True,7.350935459778087,0.10198977009279998,True,False,True
Ductal/tumor epithelial,Exocrine epithelial,ANPEP,Exocrine epithelial,2706.706940146686,0.0966534743830104,6.833341969568495,1.348159789863191,0.7721097244350877,279.5089271995329,True,58.30759356477037,0.5331899212205573,True,False,True
Ductal/tumor epithelial,Immune,ANPEP,Exocrine epithelial,2706.706940146686,0.4326683164332771,27.0075130886722,1.348159789863191,0.7721097244350877,76.20048162524644,True,18.838601786452653,0.19192390298328704,True,False,True
Ductal/tumor epithelial,Exocrine epithelial,KIT,Immune,1083.0203614500113,0.3356929720692018,16.117497469520018,1.3252181035814952,0.1549506833295538,4.578839003103777,True,10.435877955248564,0.21474383084602153,True,False,True
Ductal/tumor epithelial,Immune,KIT,Immune,1083.0203614500113,0.2040706790316543,7.373527903350571,1.3252181035814952,0.1549506833295538,12.484053838334914,True,8.096864844358254,0.21737167662441773,True,False,True
Ductal/tumor epithelial,Exocrine epithelial,TBX3,Mural / pericyte,1672.694803237127,-0.4847290448175597,-13.196969501810395,1.1079268090116787,0.1003028125648525,0.9833748194585292,True,-18.327165811216016,-0.595327505355952,True,False,True
Ductal/tumor epithelial,Endothelial,MKI67,Ductal/tumor epithelial,19374.0,-0.3118777184031638,-7.496077588734273,2.479111057542803,0.0,0.0,True,-8.017960367468097,-0.3268587216992184,True,True,True
Ductal/tumor epithelial,Exocrine epithelial,MKI67,Ductal/tumor epithelial,19374.0,-0.8247714121157698,-28.532026933618383,2.479111057542803,0.0,0.0,True,-36.12797309392523,-0.9756815306154462,True,True,True
Ductal/tumor epithelial,Fibroblast / CAF,MKI67,Ductal/tumor epithelial,19374.0,-0.1625078424018393,-18.41267992666575,2.479111057542803,0.0,0.0,True,-21.446625201412857,-0.18586128455361822,True,True,True
Ductal/tumor epithelial,Immune,MKI67,Ductal/tumor epithelial,19374.0,-0.1578660590949318,-11.56134708181548,2.479111057542803,0.0,0.0,True,-13.019689799211621,-0.17402503104053457,True,True,True
Ductal/tumor epithelial,Exocrine epithelial,MPEG1,Immune,820.0576396712215,0.1434962427670893,6.540832463411896,1.0,0.3434194061279578,4.824682707968409,True,3.5877524744168636,0.06809731988639856,False,False,True
Ductal/tumor epithelial,Endocrine,CFTR,Exocrine epithelial,112115.30296841584,0.1201816142090897,7.354979888695853,5.408763311704326,0.160124308231748,163.04958956482628,True,5.386880606955049,0.08353039592441062,False,False,True
Ductal/tumor epithelial,Endothelial,CFTR,Exocrine epithelial,112115.30296841584,0.1143927297642549,15.117559950903312,5.408763311704326,0.160124308231748,225.49689533260047,True,12.880714000444458,0.09478385366084933,True,False,True
Ductal/tumor epithelial,Exocrine epithelial,CFTR,Exocrine epithelial,112115.30296841584,0.6959056549929699,145.00875974044794,5.408763311704326,0.160124308231748,653.6830460035033,True,116.87430679610118,0.5687528131675077,True,False,True
Ductal/tumor epithelial,Fibroblast / CAF,CFTR,Exocrine epithelial,112115.30296841584,0.1303060632038077,22.75189352193062,5.408763311704326,0.160124308231748,116.39571198330805,True,23.07622602812323,0.13158800862123932,True,False,True
Ductal/tumor epithelial,Immune,CFTR,Exocrine epithelial,112115.30296841584,0.0786890984316343,13.397538669391237,5.408763311704326,0.160124308231748,248.3166992980278,True,14.676114615042772,0.08360266541364765,True,False,True
Ductal/tumor epithelial,Fibroblast / CAF,GDF15,Ductal/tumor epithelial,6069.0,-0.1304349091929196,-10.853910517973942,1.4476634759712903,0.0,0.0,True,-12.608182660074572,-0.15016172045444917,True,True,True
Ductal/tumor epithelial,Exocrine epithelial,RTKN2,Ductal/tumor epithelial,6678.0,-0.4125113894634169,-21.48198600151069,1.439066709085977,0.0,0.0,True,-31.21274027656903,-0.5744650398397564,True,True,True
Ductal/tumor epithelial,Fibroblast / CAF,RTKN2,Ductal/tumor epithelial,6678.0,0.0806373437468376,8.132549887382655,1.439066709085977,0.0,0.0,True,5.890026723184401,0.057539249598232645,False,True,True
Ductal/tumor epithelial,Exocrine epithelial,CAPN8,Ductal/tumor epithelial,14644.0,-0.6999794204724734,-32.775329400695064,1.7154045464239644,0.0,0.0,True,-40.199052925911275,-0.8658150202340487,True,True,True
Ductal/tumor epithelial,Fibroblast / CAF,CAPN8,Ductal/tumor epithelial,14644.0,-0.1319486885707985,-16.0966870056882,1.7154045464239644,0.0,0.0,True,-18.300351795462433,-0.1548573769091816,True,True,True
Ductal/tumor epithelial,Immune,CAPN8,Ductal/tumor epithelial,14644.0,-0.101567567783149,-8.37883632105644,1.7154045464239644,0.0,0.0,True,-9.514155938918872,-0.11890129772495217,True,True,True
Ductal/tumor epithelial,Exocrine epithelial,GATA2,Endothelial,725.1985989369681,-0.3210127071432528,-7.77940756972728,1.0,0.2286893430938531,4.271534372022987,True,-4.0464303360336995,-0.09099973433360146,False,False,True
Ductal/tumor epithelial,Exocrine epithelial,HLA-DQB2,Immune,1960.20595431815,-0.1855661111833272,-8.720714587088407,1.092015432788583,0.0557359774158195,1.851510402261762,True,-15.438661261131028,-0.31507545894375183,True,True,True
Ductal/tumor epithelial,Endothelial,ADAM28,Immune,4864.828452440241,0.1747788987131124,7.980051615651044,1.1987363709002294,0.0240724215195684,5.743882270219951,True,7.2491214123743966,0.1631304767496314,True,True,True
Ductal/tumor epithelial,Immune,ADAM28,Immune,4864.828452440241,0.1170958232038727,8.718233452286622,1.1987363709002294,0.0240724215195684,18.41909582705151,True,8.7793470987021,0.12044181492378445,True,True,True
Ductal/tumor epithelial,Exocrine epithelial,C1orf162,Immune,1361.8865617491033,0.2476541770870579,15.225446405523176,1.0,0.4363410626908783,14.566239513229464,True,12.310376921776626,0.17396509605373758,True,False,True
Ductal/tumor epithelial,Exocrine epithelial,IGSF6,Immune,639.0398851329837,0.1815041988272231,7.515807527859393,1.0,0.3873604109674837,4.50201284533358,True,3.148511977333067,0.0650923140944363,False,False,True
Ductal/tumor epithelial,Exocrine epithelial,IL1R2,Immune,674.3730481872619,0.1933155322801968,7.219058382094204,1.3278389524320835,0.1665760832336635,1.2829968347623,True,1.38014570551247,0.03542875358824097,False,False,True
Ductal/tumor epithelial,Exocrine epithelial,LIF,Ductal/tumor epithelial,17939.0,-0.5412291461957939,-30.601769945118743,2.244370827676424,0.0,0.0,True,-39.13716206976366,-0.7076863872059936,True,True,True
Ductal/tumor epithelial,Fibroblast / CAF,LIF,Ductal/tumor epithelial,17939.0,0.0565638343738528,7.4273236684786434,2.244370827676424,0.0,0.0,True,4.200667266536026,0.03331182782806527,False,True,True
Ductal/tumor epithelial,Immune,LIF,Ductal/tumor epithelial,17939.0,-0.0966811273911259,-8.18542483819716,2.244370827676424,0.0,0.0,True,-9.24172630367694,-0.11345257217102357,True,True,True
Ductal/tumor epithelial,Endothelial,MALL,Ductal/tumor epithelial,45504.0,-0.2011644892753935,-11.486089642241463,1.714974343831418,0.0,0.0,True,-12.067559854561383,-0.21578256560961734,True,True,True
Ductal/tumor epithelial,Exocrine epithelial,MALL,Ductal/tumor epithelial,45504.0,-0.7263615187701911,-54.90288216171499,1.714974343831418,0.0,0.0,True,-67.24212681641853,-0.8842097532851441,True,True,True
Ductal/tumor epithelial,Immune,MALL,Ductal/tumor epithelial,45504.0,-0.0805512657965643,-12.369758685628106,1.714974343831418,0.0,0.0,True,-14.885400125547813,-0.09886862320025183,True,True,True
Ductal/tumor epithelial,Exocrine epithelial,SNCA,Endocrine,1094.0221811669455,-0.3994839759163315,-10.30488380374057,1.1942717914459031,0.0637942399023502,1.1677575981070034,True,-13.8433400997473,-0.44198318015658555,True,True,True
Ductal/tumor epithelial,Exocrine epithelial,KRT7,Ductal/tumor epithelial,7785.0,0.1280422692331395,14.536390648419983,1.4409468097072549,0.0,0.0,True,-4.005457276415644,-0.0364790913378491,False,True,False
Ductal/tumor epithelial,Fibroblast / CAF,KRT7,Ductal/tumor epithelial,7785.0,0.1545809118576259,16.333368920223197,1.4409468097072549,0.0,0.0,True,13.963847330952612,0.13808619228206914,True,True,True
Ductal/tumor epithelial,Immune,KRT7,Ductal/tumor epithelial,7785.0,0.2796729071578162,26.93803269345736,1.4409468097072549,0.0,0.0,True,25.392872264157255,0.2726597625719739,True,True,True
Ductal/tumor epithelial,Exocrine epithelial,DERL3,Mural / pericyte,975.5434915687258,-0.1877296382636725,-6.709109205089927,1.0,0.1167854449120265,2.081988875572355,True,-9.357042503260944,-0.20253778788122548,True,False,True
Ductal/tumor epithelial,Exocrine epithelial,PLIN4,Mural / pericyte,367.7601618152279,0.3374011802902215,10.81378544435645,1.026969524155619,0.1727675619373935,0.9219138932423712,True,8.350487708848659,0.2502171863501327,True,False,True
Ductal/tumor epithelial,Immune,KLK11,Exocrine epithelial,290.9150546590035,0.3389389667549185,7.673543322725806,1.0,0.7044918722553173,5.866823115283074,True,4.230283442568564,0.11639040814165592,False,False,True
Ductal/tumor epithelial,Exocrine epithelial,CA4,Exocrine epithelial,1799.1130257148156,0.7028239203789146,38.72203977128777,1.2813660592601794,0.1662928585350792,11.101379797793554,True,31.35160681886043,0.5724170357329336,True,False,True
Ductal/tumor epithelial,Exocrine epithelial,SERPINB2,Ductal/tumor epithelial,2557.0,-0.3071900129404728,-8.422395466786734,2.597413733918001,0.0,0.0,True,-12.615434669700498,-0.47055464396382973,True,True,True
Ductal/tumor epithelial,Fibroblast / CAF,SERPINB2,Ductal/tumor epithelial,2557.0,0.2009380051574563,9.61298725293475,2.597413733918001,0.0,0.0,True,8.188036110390023,0.17805507017940564,True,True,True
Ductal/tumor epithelial,Exocrine epithelial,RND1,Ductal/tumor epithelial,4135.0,-0.1966561956859825,-11.454531515100271,1.4609613019423575,0.0,0.0,True,-21.355719826532617,-0.3632285771127571,True,True,True
Ductal/tumor epithelial,Immune,CXCL9,Immune,686.7973608877612,0.2876142383365698,8.20762183809481,1.4240100726994116,0.1402565111827329,16.986499484947505,True,9.959513487988332,0.33689606381023973,True,False,True
Ductal/tumor epithelial,Exocrine epithelial,ARFGEF3,Ductal/tumor epithelial,7137.0,-0.1827587786782119,-15.99133930460438,1.1839093428480012,0.0,0.0,True,-32.198147029402044,-0.3403341448815922,True,True,True
Ductal/tumor epithelial,Fibroblast / CAF,ARFGEF3,Ductal/tumor epithelial,7137.0,-0.0569442093451538,-6.024578674880636,1.1839093428480012,0.0,0.0,True,-8.580039538252528,-0.0783343999589198,True,True,True
Ductal/tumor epithelial,Immune,ARFGEF3,Ductal/tumor epithelial,7137.0,-0.0959377843477825,-7.054899169600412,1.1839093428480012,0.0,0.0,True,-8.10713708241708,-0.10559994568483815,True,True,True
Ductal/tumor epithelial,Exocrine epithelial,SMIM24,Ductal/tumor epithelial,4719.0,-0.34413918677227,-19.00946144899247,1.223719899845937,0.0,0.0,True,-29.25815178590871,-0.5148332788949944,True,True,True
Ductal/tumor epithelial,Immune,EHF,Ductal/tumor epithelial,34128.0,-0.0745758156871327,-11.847041506148482,1.3361078078130515,0.0,0.0,True,-12.279744309950361,-0.07768539874294281,True,True,True
Ductal/tumor epithelial,Exocrine epithelial,SERPINB3,Ductal/tumor epithelial,25318.0,-1.4974030197751187,-14.072958613745309,6.055468967395504,0.0,0.0,True,-17.082512829706342,-1.6028502307679398,True,True,True
Ductal/tumor epithelial,Immune,SERPINB3,Ductal/tumor epithelial,25318.0,-0.1245707909531519,-7.201886406314511,6.055468967395504,0.0,0.0,True,-8.949600472800832,-0.14370183690946323,True,True,True
Ductal/tumor epithelial,Exocrine epithelial,BAMBI,Ductal/tumor epithelial,14802.0,-0.1153138413427088,-14.243381764798963,1.3679109774824676,0.0,0.0,True,-35.436784149258735,-0.2894551559945787,True,True,True
Ductal/tumor epithelial,Fibroblast / CAF,BAMBI,Ductal/tumor epithelial,14802.0,0.08801734951773,13.365894628320843,1.3679109774824676,0.0,0.0,True,10.118113016784195,0.0680926581506233,True,True,True
Ductal/tumor epithelial,Immune,BAMBI,Ductal/tumor epithelial,14802.0,-0.0823000288592003,-8.508919430604035,1.3679109774824676,0.0,0.0,True,-9.391300193263039,-0.09232727392636256,True,True,True
Ductal/tumor epithelial,Exocrine epithelial,TM4SF18,Endothelial,3017.831962078709,0.3970078863623369,33.99108363426366,1.190203090260446,0.1835966612953729,14.973418149411511,True,26.736682914288345,0.3073163095290653,True,False,True
Ductal/tumor epithelial,Exocrine epithelial,CLIC6,Ductal/tumor epithelial,1903.0,0.1875591803698571,12.31951259362918,1.2029463927161288,0.0,0.0,True,0.9130152476828509,0.014072505264342961,False,True,True
Ductal/tumor epithelial,Exocrine epithelial,SPI1,Immune,385.73159179541176,0.196376885033242,6.324513175243565,1.0,0.3784039856380067,2.627454595740758,True,4.271738666166782,0.114383698289351,False,False,True
Ductal/tumor epithelial,Exocrine epithelial,TOP2A,Ductal/tumor epithelial,4334.0,-0.5939134467055727,-19.682546236035748,1.4068378863777622,0.0,0.0,True,-26.225618947589314,-0.7581423560855836,True,True,True
Ductal/tumor epithelial,Fibroblast / CAF,TOP2A,Ductal/tumor epithelial,4334.0,-0.1422523487184995,-10.299430014522676,1.4068378863777622,0.0,0.0,True,-12.050254660761098,-0.16456229282873336,True,True,True
Ductal/tumor epithelial,Immune,TOP2A,Ductal/tumor epithelial,4334.0,-0.1352676294846204,-6.501402332659139,1.4068378863777622,0.0,0.0,True,-7.376209690178107,-0.15145015173979537,True,True,True
Ductal/tumor epithelial,Exocrine epithelial,ERBB2,Ductal/tumor epithelial,6647.0,0.1453345959493299,17.677164475295612,1.144234075563734,0.0,0.0,True,-3.6920944415350587,-0.03063804728804943,False,True,False
Ductal/tumor epithelial,Exocrine epithelial,CDK1,Ductal/tumor epithelial,7490.0,-0.5500896458769823,-23.67490507111749,1.6475988321023274,0.0,0.0,True,-32.08764599345361,-0.7225172692988633,True,True,True
Ductal/tumor epithelial,Fibroblast / CAF,CDK1,Ductal/tumor epithelial,7490.0,-0.1990950811790384,-16.747315097475244,1.6475988321023274,0.0,0.0,True,-18.86326325943928,-0.22204155457831792,True,True,True
Ductal/tumor epithelial,Immune,CDK1,Ductal/tumor epithelial,7490.0,-0.1212358677790737,-7.036013041128857,1.6475988321023274,0.0,0.0,True,-7.916463241240194,-0.1345372254191186,True,True,True
Ductal/tumor epithelial,Exocrine epithelial,CXCL2,Ductal/tumor epithelial,10894.0,0.3389194523816911,39.3920308523168,2.2648951697446744,0.0,0.0,True,19.275444469966523,0.17224903214608317,True,True,True
Ductal/tumor epithelial,Fibroblast / CAF,CXCL2,Ductal/tumor epithelial,10894.0,0.1561200508695336,14.8367053384188,2.2648951697446744,0.0,0.0,True,13.446214452472772,0.14808415803492367,True,True,True
Ductal/tumor epithelial,Immune,CXCL2,Ductal/tumor epithelial,10894.0,0.1637050649766009,14.079709856526804,2.2648951697446744,0.0,0.0,True,13.967838127918009,0.1673138394962641,True,True,True
Ductal/tumor epithelial,Endocrine,FXYD2,Endocrine,8239.65723661792,0.3686076404889165,16.615451143743186,1.4512672971650156,0.4401370729178736,80.9625548183965,True,5.903793514977439,0.13988732570408233,False,False,True
Ductal/tumor epithelial,Endothelial,FXYD2,Endocrine,8239.65723661792,0.2150480655320088,15.718751083378775,1.4512672971650156,0.4401370729178736,31.69038493914456,True,11.437188450595475,0.1362304453559116,True,False,True
Ductal/tumor epithelial,Exocrine epithelial,FXYD2,Endocrine,8239.65723661792,0.6196280264355538,70.56456926406653,1.4512672971650156,0.4401370729178736,78.8927814142159,True,71.9256903688431,0.618131629688922,True,False,True
Ductal/tumor epithelial,Fibroblast / CAF,FXYD2,Endocrine,8239.65723661792,0.1859517239186136,17.743468681921996,1.4512672971650156,0.4401370729178736,16.919342218774453,True,16.803912299142137,0.1610523230764066,True,False,True
Ductal/tumor epithelial,Immune,FXYD2,Endocrine,8239.65723661792,0.0957596571461527,8.624064717461659,1.4512672971650156,0.4401370729178736,28.72014571551365,True,3.285653788423796,0.03244002675105531,False,False,True
Ductal/tumor epithelial,Endocrine,CXCL6,Ductal/tumor epithelial,27407.0,0.2368238516506245,6.106287726099409,6.483171393878368,0.0,0.0,True,4.87671700397156,0.19420020990224268,False,True,True
Ductal/tumor epithelial,Endothelial,CXCL6,Ductal/tumor epithelial,27407.0,0.2674418220727623,15.813853547117496,6.483171393878368,0.0,0.0,True,14.512227874097611,0.2556479505235025,True,True,True
Ductal/tumor epithelial,Exocrine epithelial,CXCL6,Ductal/tumor epithelial,27407.0,0.2348216219406169,24.48716730246044,6.483171393878368,0.0,0.0,True,7.433121349190308,0.07447123692018617,True,True,True
Ductal/tumor epithelial,Fibroblast / CAF,CXCL6,Ductal/tumor epithelial,27407.0,0.2262213251823161,20.737272887547626,6.483171393878368,0.0,0.0,True,18.653554235636484,0.21413507434794407,True,True,True
Ductal/tumor epithelial,Immune,CXCL6,Ductal/tumor epithelial,27407.0,0.376280140447673,33.48269134409441,6.483171393878368,0.0,0.0,True,31.717471675134096,0.3700977761480445,True,True,True
Ductal/tumor epithelial,Exocrine epithelial,LGR5,Ductal/tumor epithelial,949.0,-0.3932476369824664,-8.240235445319529,1.323423424003535,0.0,0.0,True,-12.27426786258451,-0.5595391567368444,True,True,True
Ductal/tumor epithelial,Exocrine epithelial,MLPH,Ductal/tumor epithelial,4189.0,-0.2070388107895648,-13.478764829600616,1.239527857617131,0.0,0.0,True,-24.985663718207224,-0.3751184412047524,True,True,True
Ductal/tumor epithelial,Endothelial,TM4SF4,Endocrine,4410.227826164476,0.2951844902415164,11.833265542623806,2.233719795016802,0.032633393207389,5.842914723154777,True,10.623278268141293,0.27212511509158516,True,True,True
Ductal/tumor epithelial,Exocrine epithelial,TM4SF4,Endocrine,4410.227826164476,0.111760871297221,7.923804911395307,2.233719795016802,0.032633393207389,7.467502535263206,True,-2.479129692098718,-0.035404028867794785,False,True,False
Ductal/tumor epithelial,Immune,TM4SF4,Endocrine,4410.227826164476,0.4064189646666441,24.96450036064122,2.233719795016802,0.032633393207389,9.482423407259851,True,23.682473417483656,0.3941326550881003,True,True,True
Ductal/tumor epithelial,Mural / pericyte,TM4SF4,Endocrine,4410.227826164476,0.5296178171223702,9.830600078721702,2.233719795016802,0.032633393207389,3.492595697122101,True,9.303756254330278,0.5127439972218546,True,True,True
Ductal/tumor epithelial,Exocrine epithelial,COCH,Exocrine epithelial,1300.514334482704,-0.4350385975218168,-11.97250823337289,1.0,0.2964212803980038,13.121907747149749,True,-2.5199315763305123,-0.03888163088472288,False,False,True
Ductal/tumor epithelial,Exocrine epithelial,BTNL9,Endothelial,1050.5774211806074,-0.3818583427875771,-10.432973967065802,1.0,0.0523409962481397,0.929596509019391,True,-14.623671400582355,-0.4277683617267252,True,True,True
Ductal/tumor epithelial,Exocrine epithelial,FOXA1,Ductal/tumor epithelial,1120.0,-0.5540280133380712,-11.743651775476456,1.011141748790074,0.0,0.0,True,-15.788093262328353,-0.7117518141219508,True,True,True
Ductal/tumor epithelial,Exocrine epithelial,CENPF,Ductal/tumor epithelial,6070.0,-0.6497488313004806,-21.934679709029016,1.548806363616674,0.0,0.0,True,-28.79954657767702,-0.8059408486968581,True,True,True
Ductal/tumor epithelial,Fibroblast / CAF,CENPF,Ductal/tumor epithelial,6070.0,-0.1649035521115823,-13.290996563274966,1.548806363616674,0.0,0.0,True,-15.361060055904522,-0.1883097292171972,True,True,True
Ductal/tumor epithelial,Exocrine epithelial,GPX2,Ductal/tumor epithelial,44344.0,-0.4143429011210159,-51.39453900640221,1.927543645653648,0.0,0.0,True,-72.19370966674346,-0.5888943691259962,True,True,True
Ductal/tumor epithelial,Fibroblast / CAF,GPX2,Ductal/tumor epithelial,44344.0,-0.118638676141046,-23.886418530811525,1.927543645653648,0.0,0.0,True,-27.55398622185839,-0.14069310340031702,True,True,True
Ductal/tumor epithelial,Immune,GPX2,Ductal/tumor epithelial,44344.0,-0.0879735196877162,-12.3271481778237,1.927543645653648,0.0,0.0,True,-13.891938768709887,-0.10163975262989076,True,True,True
Ductal/tumor epithelial,Exocrine epithelial,EGFR,Ductal/tumor epithelial,5217.0,0.1073512784940414,10.628415911678042,1.212831778651602,0.0,0.0,True,-6.042794460555151,-0.05927548572964739,True,True,False
Ductal/tumor epithelial,Fibroblast / CAF,EGFR,Ductal/tumor epithelial,5217.0,0.1245724954315029,11.742125012719145,1.212831778651602,0.0,0.0,True,10.264637625435764,0.10756297352954607,True,True,True
Ductal/tumor epithelial,Exocrine epithelial,KLRB1,Immune,589.6465305996112,0.1773369214841396,6.893652168869393,1.0251415143234444,0.2527391874774027,2.704280753510956,True,1.8127318242621164,0.043870624203502115,False,False,True
Ductal/tumor epithelial,Exocrine epithelial,SPDEF,Ductal/tumor epithelial,1188.0,-0.274082887579208,-9.006914898182986,1.1312686405379224,0.0,0.0,True,-15.070825557198063,-0.4558730297323527,True,True,True
Ductal/tumor epithelial,Exocrine epithelial,CCNB2,Ductal/tumor epithelial,7111.0,-0.6641020405350354,-22.14413090416519,1.746057923544148,0.0,0.0,True,-29.061462907372448,-0.8309408001050163,True,True,True
Ductal/tumor epithelial,Fibroblast / CAF,CCNB2,Ductal/tumor epithelial,7111.0,-0.1885417156791721,-15.19168004701818,1.746057923544148,0.0,0.0,True,-17.390084061670265,-0.21115029670253951,True,True,True
Ductal/tumor epithelial,Endothelial,PROX1,Exocrine epithelial,10180.17986496882,0.1286683775128918,10.17070841482623,1.4196039609677378,0.2505064333395397,40.40524079740931,True,9.143812398510132,0.10626834651243795,True,False,True
Ductal/tumor epithelial,Exocrine epithelial,PROX1,Exocrine epithelial,10180.17986496882,0.7240392692555535,86.47942044631104,1.4196039609677378,0.2505064333395397,96.54743246980732,True,75.09193235656114,0.6233197035962545,True,False,True
Ductal/tumor epithelial,Fibroblast / CAF,PROX1,Exocrine epithelial,10180.17986496882,0.1044391984888319,10.464258608024585,1.4196039609677378,0.2505064333395397,18.056215016083407,True,11.131167130942794,0.10560863699242468,True,False,True
Ductal/tumor epithelial,Exocrine epithelial,AGR3,Ductal/tumor epithelial,1788.0,0.2434004652589679,14.58065148047523,1.4172690753974766,0.0,0.0,True,4.266358619341732,0.07234380695091014,False,True,True
Ductal/tumor epithelial,Immune,AGR3,Ductal/tumor epithelial,1788.0,0.2371544913108818,10.75460012189269,1.4172690753974766,0.0,0.0,True,10.771040538538468,0.2406643719440245,True,True,True
Ductal/tumor epithelial,Exocrine epithelial,HMGCS2,Ductal/tumor epithelial,1022.0,-0.2091098902246647,-6.482562768137158,1.2626084246915066,0.0,0.0,True,-12.651661818166009,-0.37796886320358647,True,True,True
Ductal/tumor epithelial,Fibroblast / CAF,HMGCS2,Ductal/tumor epithelial,1022.0,-0.2121500087773964,-7.248272907907138,1.2626084246915066,0.0,0.0,True,-8.361932924312464,-0.23606608570818077,True,True,True
Ductal/tumor epithelial,Immune,HMGCS2,Ductal/tumor epithelial,1022.0,-0.2732770367843643,-6.049575367527028,1.2626084246915066,0.0,0.0,True,-6.26077441902755,-0.2674964710016893,True,True,True
Ductal/tumor epithelial,Exocrine epithelial,CFAP53,Ductal/tumor epithelial,596.0,0.1663164639928248,6.218585054788099,1.114345460615616,0.0,0.0,True,-0.21105141193519078,-0.005557940195290579,False,True,False
Ductal/tumor epithelial,Exocrine epithelial,FOXJ1,Ductal/tumor epithelial,4492.0,-0.7870466410658303,-18.73500473527293,1.3828592699795692,0.0,0.0,True,-23.359640919820386,-0.9516715064738638,True,True,True
Ductal/tumor epithelial,Fibroblast / CAF,FOXJ1,Ductal/tumor epithelial,4492.0,-0.158979193095563,-11.715100207586843,1.3828592699795692,0.0,0.0,True,-13.516402727737646,-0.18217416780300918,True,True,True
Ductal/tumor epithelial,Endothelial,COL17A1,Ductal/tumor epithelial,16134.0,-0.8656840184709732,-8.652006530614816,3.850509587016445,0.0,0.0,True,-9.127931136161198,-0.8730258503435883,True,True,True
Ductal/tumor epithelial,Exocrine epithelial,COL17A1,Ductal/tumor epithelial,16134.0,-1.1699624238603228,-15.651810639147158,3.850509587016445,0.0,0.0,True,-19.529569563045325,-1.2783280612375614,True,True,True
Ductal/tumor epithelial,Fibroblast / CAF,COL17A1,Ductal/tumor epithelial,16134.0,-0.1469244901088084,-12.31339701316649,3.850509587016445,0.0,0.0,True,-14.814967566957861,-0.1707740750097748,True,True,True
Ductal/tumor epithelial,Immune,COL17A1,Ductal/tumor epithelial,16134.0,-0.1606945463081305,-8.482355075265078,3.850509587016445,0.0,0.0,True,-9.784199533584385,-0.17868695695959297,True,True,True
Ductal/tumor epithelial,Exocrine epithelial,DMBT1,Ductal/tumor epithelial,14549.0,-0.5335079331825293,-21.124075460553385,5.135845612283419,0.0,0.0,True,-25.76368621290921,-0.706803163408215,True,True,True
Ductal/tumor epithelial,Fibroblast / CAF,DMBT1,Ductal/tumor epithelial,14549.0,-0.3378873094562307,-20.51376315092129,5.135845612283419,0.0,0.0,True,-19.79153640582462,-0.35964379594584317,True,True,True
Ductal/tumor epithelial,Exocrine epithelial,ADH1C,Ductal/tumor epithelial,942.0,0.3069721809382671,13.487399779191785,1.36162288300806,0.0,0.0,True,6.147077001645279,0.1421280399693413,True,True,True
Ductal/tumor epithelial,Immune,ADH1C,Ductal/tumor epithelial,942.0,0.2343954820116928,7.938874157492673,1.36162288300806,0.0,0.0,True,7.879533305507764,0.2349313862392355,True,True,True
Ductal/tumor epithelial,Exocrine epithelial,CD70,Ductal/tumor epithelial,500.0,-0.2892277294768162,-6.1222340190569104,1.0107238586586669,0.0,0.0,True,-9.741096013268399,-0.44354929675061355,True,True,True
Ductal/tumor epithelial,Endothelial,AQP3,Exocrine epithelial,1371.7692308695798,0.2301443515861351,6.149871621234276,1.204500116870738,0.1847944040103721,6.437109440763739,True,3.7788008015775354,0.13758411084414818,False,False,True
Ductal/tumor epithelial,Immune,AQP3,Exocrine epithelial,1371.7692308695798,0.3324126911879394,14.887445051063589,1.204500116870738,0.1847944040103721,4.434226773179068,True,13.125639269582395,0.2874795521375776,True,False,True
Ductal/tumor epithelial,Exocrine epithelial,SPIB,Immune,1651.1789720068418,0.4251718616650096,21.44870284680909,1.7922352954904863,0.0815110426285273,4.409821456009342,True,14.288018049482613,0.2864968312091507,True,True,True
Ductal/tumor epithelial,Immune,SPIB,Immune,1651.1789720068418,0.3508388473860588,14.377152929191933,1.7922352954904863,0.0815110426285273,7.845170444855273,True,13.756046452816776,0.33677198353120075,True,True,True
Ductal/tumor epithelial,Endothelial,ACE2,Ductal/tumor epithelial,1594.0,0.4428907216075443,11.247919076109168,2.1965602815932974,0.0,0.0,True,10.531322835593246,0.42584528750805106,True,True,True
Ductal/tumor epithelial,Exocrine epithelial,ACE2,Ductal/tumor epithelial,1594.0,-0.2892752519214803,-9.415854497971276,2.1965602815932974,0.0,0.0,True,-14.235210684541471,-0.44190672003931725,True,True,True
Ductal/tumor epithelial,Fibroblast / CAF,ACE2,Ductal/tumor epithelial,1594.0,-0.1666230849453115,-6.114715083770596,2.1965602815932974,0.0,0.0,True,-6.789188386976094,-0.19008990608532844,True,True,True
Ductal/tumor epithelial,Immune,ACE2,Ductal/tumor epithelial,1594.0,0.5239481567438402,20.163986196959865,2.1965602815932974,0.0,0.0,True,19.076162557836998,0.5073559317254225,True,True,True
Ductal/tumor epithelial,Exocrine epithelial,ASCL1,Mural / pericyte,119.86122300965668,0.3324288442611038,6.002383969160914,1.0881661595572891,0.1053364033503825,0.2304784733105928,True,3.624569402054405,0.20093227038352715,False,False,True
Ductal/tumor epithelial,Exocrine epithelial,TFF2,Ductal/tumor epithelial,1020.0,-0.4896954387838299,-9.338998619171935,2.185654209789377,0.0,0.0,True,-12.489843250654063,-0.6594357127000303,True,True,True
Ductal/tumor epithelial,Fibroblast / CAF,TFF2,Ductal/tumor epithelial,1020.0,-0.3823991218169564,-9.327106479783074,2.185654209789377,0.0,0.0,True,-9.615312387497866,-0.40291856105530555,True,True,True
Endocrine,Fibroblast / CAF,TM4SF4,Endocrine,1204.0,0.2193241086559058,6.577874677954048,1.683694631709117,0.0,0.0,True,4.9658020075790335,0.16451198819642499,False,True,True
Endocrine,Endothelial,PPY,Endocrine,680.0,0.7591803027410181,7.208060992328724,12.867216225636692,0.0,0.0,True,6.17723451582456,0.7703171942793466,True,True,True
Endocrine,Exocrine epithelial,PPY,Endocrine,680.0,0.7399080467627264,7.97656973711757,12.867216225636692,0.0,0.0,True,6.258314446596599,0.6824154325794525,True,True,True
Endocrine,Fibroblast / CAF,PPY,Endocrine,680.0,0.6553805554360242,6.7226187343170345,12.867216225636692,0.0,0.0,True,5.3338831012576655,0.6240249117968271,False,True,True
Endocrine,Fibroblast / CAF,INS,Endocrine,33268.0,-0.173162630465291,-12.34714165272348,3.918604784198268,0.0,0.0,True,-15.050539852005164,-0.22178821408730448,True,True,True
Endocrine,Fibroblast / CAF,GCG,Endocrine,22812.0,0.1815768726417533,11.79832366026518,6.529392969043218,0.0,0.0,True,8.107936956661522,0.12420643468437091,True,True,True
Endothelial,Mural / pericyte,PDGFRB,Mural / pericyte,2721.2395540466114,-0.189999399865603,-6.1241324916628335,1.5147237949011396,0.3159879595600469,337.384744341995,True,-0.30564507841176697,-0.007508978917749643,False,False,True
Endothelial,Ductal/tumor epithelial,APCDD1,Fibroblast / CAF,1341.6166993153474,0.1540892059238794,7.750973545941367,1.1136767703660562,0.1985579312467199,46.80518095805878,True,8.431780463692013,0.1610953933371799,True,False,True
Endothelial,Exocrine epithelial,APCDD1,Fibroblast / CAF,1341.6166993153474,-0.4161694351694352,-14.680812341806618,1.1136767703660562,0.1985579312467199,12.148635568815047,True,-17.34808843008471,-0.4723468736802787,True,False,True
Endothelial,Mural / pericyte,MCF2L,Endothelial,1732.0,-0.3033921908983458,-7.154380867999943,1.2449350437649191,0.0,0.0,True,-7.095661080122638,-0.3058866082542095,True,True,True
Endothelial,Mural / pericyte,MMRN2,Endothelial,3612.0,0.1643097528652193,9.481431386238985,1.1173386058270174,0.0,0.0,True,8.92758395877879,0.16133730162183915,True,True,True
Endothelial,Exocrine epithelial,THY1,Fibroblast / CAF,1755.273173373297,-0.2434980226795739,-9.934783583712308,1.2096155430020668,0.2322450991340173,8.882445022445102,True,-13.542998620541422,-0.31462034904173336,True,False,True
Endothelial,Exocrine epithelial,CXCR4,Immune,880.5886300243349,-0.3376012956902077,-10.952575658848293,1.011159620389602,0.3717102138818458,10.027603293276028,True,-12.735345282108813,-0.38239920227561003,True,False,True
Endothelial,Immune,CXCR4,Immune,880.5886300243349,-0.2192895084827174,-8.410770903194644,1.011159620389602,0.3717102138818458,231.309201623816,True,-1.5705550397749504,-0.03905701767031988,False,False,True
Endothelial,Ductal/tumor epithelial,ASPN,Fibroblast / CAF,1924.273312193097,0.1966753026263144,10.66696853336353,1.4128487594322796,0.2879438606602079,17.999787900588434,True,10.837939130486992,0.1845401497516347,True,False,True
Endothelial,Fibroblast / CAF,ASPN,Fibroblast / CAF,1924.273312193097,0.1750460738250659,7.1627831309752334,1.4128487594322796,0.2879438606602079,196.50900058357897,True,9.085523859614494,0.20659371991048497,True,False,True
Endothelial,Mural / pericyte,ASPN,Fibroblast / CAF,1924.273312193097,-0.2563879333256659,-6.447647366535955,1.4128487594322796,0.2879438606602079,169.0416317407097,True,-4.841494265357469,-0.1619747791537769,False,False,True
Endothelial,Endocrine,SLC26A2,Ductal/tumor epithelial,998.422203675028,0.2701234855992412,8.26654838943466,1.0665831648218431,0.1697966908844425,20.12356575463372,True,7.867185565344742,0.24873484309258764,True,False,True
Endothelial,Exocrine epithelial,VWF,Endothelial,6818.0,-0.1991498792946438,-14.601867575701062,1.5663927049361883,0.0,0.0,True,-19.949039860545405,-0.29082382561155395,True,True,True
Endothelial,Mural / pericyte,VWF,Endothelial,6818.0,-0.1766236461430174,-9.92201557848983,1.5663927049361883,0.0,0.0,True,-10.013482584422084,-0.1881404217760554,True,True,True
Endothelial,Exocrine epithelial,INMT,Fibroblast / CAF,727.2118530059722,0.1885686794767183,6.017164060377807,1.0,0.2965134646123736,6.442760010674866,True,4.147775260513949,0.11908591225498759,False,False,True
Endothelial,Exocrine epithelial,APOLD1,Endothelial,7928.0,0.1565239778876169,14.480822257825263,1.3551118996130045,0.0,0.0,True,7.455073877171414,0.08315428868806947,True,True,True
Endothelial,Exocrine epithelial,CFHR3,Endothelial,943.0,0.2132087899197992,7.611284710991786,1.09328514989776,0.0,0.0,True,4.671872696095446,0.13636562529341192,False,True,True
Endothelial,Exocrine epithelial,TCIM,Endothelial,6973.0,0.1563142394996068,11.915759909272184,1.7400657470477463,0.0,0.0,True,5.916585825901726,0.07966169690673193,False,True,True
Endothelial,Mural / pericyte,CLEC14A,Endothelial,5162.0,0.0929488094460431,6.0414337882792895,1.147496947365799,0.0,0.0,True,5.280112036571187,0.08610282703010223,False,True,True
Endothelial,Exocrine epithelial,FBN1,Fibroblast / CAF,2505.785816858157,-0.1758484266425061,-9.989205188457692,1.0,0.4259268113126526,12.248214548887304,True,-15.704314458255293,-0.25599258362769706,True,False,True
Endothelial,Fibroblast / CAF,FBN1,Fibroblast / CAF,2505.785816858157,-0.0997367393129424,-6.253008381677736,1.0,0.4259268113126526,405.5125768753086,True,5.075900289783854,0.07532370032672928,False,False,False
Endothelial,Mural / pericyte,CD93,Endothelial,11707.0,0.0696798375488129,6.750857295507452,1.1281677375664418,0.0,0.0,True,6.061921628193324,0.06782302013377542,True,True,True
Endothelial,Mural / pericyte,MYLK,Mural / pericyte,1624.1648035241674,-0.2211449334183822,-6.630560461719239,1.0,0.4522895420855609,651.7183570829841,True,9.331027834883967,0.1879191510973801,True,False,False
Endothelial,Mural / pericyte,EDN1,Ductal/tumor epithelial,824.2435810727034,0.4841764125380238,14.815782834837853,1.3522927613950864,0.0909924119720226,11.176306230790724,True,14.304605584374498,0.4855155827832131,True,True,True
Endothelial,Exocrine epithelial,COL5A2,Fibroblast / CAF,1106.7773550574302,-0.2778040051553341,-10.444219986246909,1.0,0.5834625799202338,8.165476365924869,True,-16.106110666546854,-0.3845234378822138,True,False,True
Endothelial,Endocrine,STEAP4,Endothelial,1966.0,0.2063993194992488,6.043063153698437,1.9202345558213043,0.0,0.0,True,4.97541090529049,0.16841975438136236,False,True,True
Endothelial,Exocrine epithelial,STEAP4,Endothelial,1966.0,0.2989543927735156,11.754475426564367,1.9202345558213043,0.0,0.0,True,9.037963662521731,0.22872684638104368,True,True,True
Endothelial,Mural / pericyte,MET,Ductal/tumor epithelial,649.0973771705119,0.2346839989111286,6.5062496697533305,1.0,0.1782572758125064,9.779267951941884,True,5.660330140252195,0.21475934799872243,False,False,True
Endothelial,Exocrine epithelial,EGFL7,Endothelial,1828.0,-0.1396586282021424,-6.1433582153961295,1.246959956903282,0.0,0.0,True,-9.568292795663648,-0.22833160646178233,True,True,True
Endothelial,Mural / pericyte,MALL,Ductal/tumor epithelial,2075.996216173777,0.1449356223162747,6.140174452129399,1.182295781621191,0.0297481571696237,16.065940206761667,True,5.731901967322433,0.1418075674129999,False,True,True
Endothelial,Mural / pericyte,ADAMTS1,Mural / pericyte,4986.712523719105,0.464511015956075,27.81088525476736,1.8642621626642109,0.1039211682860893,577.6753283039955,True,31.001187545272618,0.5097920429738311,True,False,True
Endothelial,Mural / pericyte,PLCG2,Endothelial,461.0,0.2884768879327262,6.160342450102762,1.138325228504547,0.0,0.0,True,5.991830152996872,0.28445426261897994,False,True,True
Endothelial,Exocrine epithelial,CAVIN2,Endothelial,1063.0,0.2061946776061762,7.267292491704032,1.2707170856437455,0.0,0.0,True,4.526967281738103,0.1306845333799558,False,True,True
Endothelial,Exocrine epithelial,C7,Fibroblast / CAF,545.5281790312048,0.2642252193284661,7.468442691575904,1.0,0.5405556346892019,15.554236687286156,True,9.58886691368714,0.2550734806443325,True,False,True
Endothelial,Mural / pericyte,CXCL2,Ductal/tumor epithelial,501.3887191212322,0.6944299911824647,15.509796228029105,1.2842681208405649,0.3082933837668484,5.937412685107572,True,14.162275860510938,0.6652884775958317,True,False,True
Endothelial,Exocrine epithelial,ANGPT2,Endothelial,1064.0,-0.6424688498172192,-13.561846809934828,1.701368507922927,0.0,0.0,True,-15.689974517544583,-0.7533896014391414,True,True,True
Endothelial,Ductal/tumor epithelial,MMRN1,Endocrine,1341.0537245010055,-0.3601721371877052,-8.250650684838071,1.93918936724384,0.0175208976193679,1.719724958654946,True,-8.303067060562265,-0.3791809568586871,True,True,True
Endothelial,Ductal/tumor epithelial,ACKR1,Endothelial,1847.0,-0.3337118005332445,-10.459388478402284,2.05112599837931,0.0,0.0,True,-9.85964587683246,-0.3318886145947935,True,True,True
Endothelial,Mural / pericyte,ACKR1,Endothelial,1847.0,-0.2883367755874805,-6.082461021270716,2.05112599837931,0.0,0.0,True,-5.8769659359131055,-0.2955429882800195,False,True,True
Endothelial,Exocrine epithelial,SOX17,Endothelial,1883.0,0.331668309612716,14.26343185382586,1.369279237051101,0.0,0.0,True,10.80895960974973,0.2616379279317438,True,True,True
Endothelial,Mural / pericyte,BMX,Endothelial,264.0,0.5170194994475237,9.304730289138332,1.1209100853745395,0.0,0.0,True,9.136853683894463,0.5145162674970807,True,True,True
Exocrine epithelial,Ductal/tumor epithelial,APCDD1,Fibroblast / CAF,1832.064187975775,0.1180342439932635,6.239520090974735,1.166373458036596,0.3528822558931994,44.80638175988058,True,14.205267934142425,0.24953833466400957,True,False,True
Exocrine epithelial,Ductal/tumor epithelial,GPC1,Ductal/tumor epithelial,1867.3975593686007,0.1503375926609314,8.223433049051803,1.0981868276264692,0.3153921342716212,32.61239033132953,True,15.169527495309843,0.2552070595166745,True,False,True
Exocrine epithelial,Fibroblast / CAF,NTN4,Ductal/tumor epithelial,14446.989569726244,0.0663202152783563,7.479615726912025,1.0,0.175416264122846,21.923142663921936,True,5.701609764429581,0.04913832129069351,False,False,True
Exocrine epithelial,Immune,NTN4,Ductal/tumor epithelial,14446.989569726244,0.0526786281236196,6.830270003651526,1.0,0.175416264122846,31.07046008181275,True,5.168691019353947,0.039094352661387624,False,False,True
Exocrine epithelial,Ductal/tumor epithelial,GNG11,Endothelial,2556.897823636482,0.1827253970272061,11.270017805042716,1.164682222094919,0.2484096830890239,33.27794931768319,True,11.958590302257797,0.1778733106788305,True,False,True
Exocrine epithelial,Ductal/tumor epithelial,STC2,Endothelial,1804.0498562241569,-0.1056925656816768,-6.0257965709947205,1.0,0.082754086640164,5.063002289047514,True,-5.447727927923046,-0.09328373272204882,False,True,True
Exocrine epithelial,Immune,PMP22,Fibroblast / CAF,1841.817548191364,0.1300983019836347,6.287012984442303,1.0,0.3405562173434846,82.73199430068485,True,8.69110908403861,0.1551755366842667,True,False,True
Exocrine epithelial,Ductal/tumor epithelial,CFB,Ductal/tumor epithelial,12967.910659131789,0.2317157334087264,22.81655354339548,2.2741757539148417,0.4286931777859259,425.2921922799911,True,46.0357130493436,0.394749122370102,True,False,True
Exocrine epithelial,Fibroblast / CAF,CFB,Ductal/tumor epithelial,12967.910659131789,0.1470098767582183,11.137774986081084,2.2741757539148417,0.4286931777859259,64.43174471057736,True,11.528914049553354,0.11926824322951297,True,False,True
Exocrine epithelial,Immune,CFB,Ductal/tumor epithelial,12967.910659131789,0.1667642129238571,14.442257987808858,2.2741757539148417,0.4286931777859259,86.1331985108241,True,19.564057712687372,0.17620629453372896,True,False,True
Exocrine epithelial,Ductal/tumor epithelial,TCIM,Endothelial,15645.119803305168,-0.0610656461077321,-9.49811444133467,1.1695999743687286,0.193163995958922,127.76355541610508,True,1.9668509020549647,0.012595275671400346,False,False,False
Exocrine epithelial,Immune,TCIM,Endothelial,15645.119803305168,0.0936089092113728,12.049088033260182,1.1695999743687286,0.193163995958922,51.201912028312734,True,9.648612586780384,0.07491759480381038,True,False,True
Exocrine epithelial,Immune,C15orf48,Ductal/tumor epithelial,1769.150537780744,0.3386909193737428,15.586153513937036,1.3713664689660707,0.4224610933497122,22.98110952796801,True,21.24962455296474,0.4132617919938057,True,False,True
Exocrine epithelial,Ductal/tumor epithelial,EDN1,Ductal/tumor epithelial,1614.0869745055854,0.1796691090035615,8.181489712227334,1.3520669418156976,0.3476516733632727,39.05405052068106,True,14.987214568020308,0.28958198219451226,True,False,True
Exocrine epithelial,Ductal/tumor epithelial,SMYD2,Exocrine epithelial,8537.0,0.0692362440294181,7.815527965710821,1.2045391059971908,0.0,0.0,True,4.753001383649249,0.04107477380832398,False,True,True
Exocrine epithelial,Ductal/tumor epithelial,FSTL3,Ductal/tumor epithelial,3615.6000210496686,0.2435157786471635,12.985713419013733,2.149139582561157,0.4713277320099861,149.4655323639942,True,26.51773455879061,0.41200872446367437,True,False,True
Exocrine epithelial,Immune,FSTL3,Ductal/tumor epithelial,3615.6000210496686,0.2404693070769459,11.794382593854085,2.149139582561157,0.4713277320099861,42.56101484579676,True,15.391489929685568,0.24055193782295411,True,False,True
Exocrine epithelial,Immune,ACTG2,Mural / pericyte,3843.210619731667,0.1013926390695008,6.935735035177059,1.0,0.2680943597190616,69.31102633635152,True,10.264062030798224,0.1349949092877921,True,False,True
Exocrine epithelial,Ductal/tumor epithelial,MDM2,Ductal/tumor epithelial,12001.437056522824,-0.0951797177505601,-13.982291744898898,1.0019103279959385,0.2443988935000905,155.3129434583871,True,2.567219282606869,0.017424557653153278,False,False,False
Exocrine epithelial,Ductal/tumor epithelial,DST,Ductal/tumor epithelial,8891.41862984647,0.1119570376536084,12.226823456618586,1.3271650787038578,0.2545736355990812,122.62924323566256,True,22.69309961194719,0.19071979795515973,True,False,True
Exocrine epithelial,Fibroblast / CAF,DST,Ductal/tumor epithelial,8891.41862984647,0.0812060226162608,6.254463639805556,1.3271650787038578,0.2545736355990812,62.20227257526327,True,6.863741153510809,0.07817236616321653,True,False,True
Exocrine epithelial,Ductal/tumor epithelial,PPP1R1B,Ductal/tumor epithelial,11367.600805717684,0.175857073091616,18.16366804599166,1.8541310346729207,0.2076590267290399,156.97684092427127,True,27.46713586335658,0.24234682047895975,True,False,True
Exocrine epithelial,Fibroblast / CAF,PPP1R1B,Ductal/tumor epithelial,11367.600805717684,0.137428750213133,10.466175113800436,1.8541310346729207,0.2076590267290399,32.401661699898185,True,9.528493179402744,0.11078583663170415,True,False,True
Exocrine epithelial,Ductal/tumor epithelial,DPEP1,Exocrine epithelial,6758.0,-0.073346291357856,-8.106686136231069,1.0,0.0,0.0,True,-11.234579517605061,-0.10080114623951658,True,True,True
Exocrine epithelial,Ductal/tumor epithelial,MYC,Exocrine epithelial,23815.0,-0.0561186083763621,-10.571795899291857,1.2156695414980554,0.0,0.0,True,-15.953820605944353,-0.08354475531677388,True,True,True
Exocrine epithelial,Ductal/tumor epithelial,EPCAM,Ductal/tumor epithelial,22425.20312462685,-0.056675495456359,-11.124746410691966,1.0541743347803425,0.233572077183142,325.22064468895815,True,12.39654445752293,0.061873753192395804,True,False,False
Exocrine epithelial,Immune,MEST,Fibroblast / CAF,6235.858714331123,0.105506405426229,8.835147759934124,1.1000774582508863,0.1421510126613618,25.18729604265294,True,7.829422864825863,0.09128459561027723,True,False,True
Exocrine epithelial,Immune,MET,Ductal/tumor epithelial,3559.928299884796,0.1186057255689861,7.977041321281048,1.0,0.2247997120740043,11.582479202095875,True,8.570795870825926,0.12046088545386141,True,False,True
Exocrine epithelial,Fibroblast / CAF,ANPEP,Exocrine epithelial,51842.0,-0.0564867594330681,-9.374993153256248,1.3442532941183896,0.0,0.0,True,-14.776973051228193,-0.08778326809157093,True,True,True
Exocrine epithelial,Ductal/tumor epithelial,CFTR,Exocrine epithelial,146649.0,0.2716449300759104,54.13228971563328,6.091754699174861,0.0,0.0,True,50.18423233014221,0.24229939491319355,True,True,True
Exocrine epithelial,Endothelial,CFTR,Exocrine epithelial,146649.0,-0.0512022005809537,-6.9723549799392455,6.091754699174861,0.0,0.0,True,-8.507223946289107,-0.06041789835031311,True,True,True
Exocrine epithelial,Fibroblast / CAF,CFTR,Exocrine epithelial,146649.0,0.0765757492686076,10.96398079318637,6.091754699174861,0.0,0.0,True,6.850184255909472,0.045858253075767054,False,True,True
Exocrine epithelial,Immune,GDF15,Ductal/tumor epithelial,2364.6674467464327,0.140855985083427,7.560535337401835,1.0800763810709288,0.1611287532846305,6.894332858390403,True,7.1181253003865255,0.13086106657055324,True,False,True
Exocrine epithelial,Ductal/tumor epithelial,ADAM28,Immune,677.6821844447995,0.2614268676010511,8.173656734038948,1.1626669710715112,0.4139282994407706,17.661083102170437,True,12.205320324394586,0.3328307275642246,True,False,True
Exocrine epithelial,Fibroblast / CAF,ADAM28,Immune,677.6821844447995,0.2944489110347849,7.911333817199882,1.1626669710715112,0.4139282994407706,7.505889522224121,True,8.135727402906548,0.24910575557450398,True,False,True
Exocrine epithelial,Immune,KRT7,Ductal/tumor epithelial,703.5549479830305,0.3242184027817258,10.908684492220075,1.0,0.6192074502654592,20.22337638461185,True,16.247300958780283,0.35003369729626754,True,False,True
Exocrine epithelial,Ductal/tumor epithelial,KLK11,Exocrine epithelial,4733.0,-0.0819155933633725,-7.376432031093818,1.0544405414287006,0.0,0.0,True,-9.850847016859309,-0.10807885676937114,True,True,True
Exocrine epithelial,Fibroblast / CAF,KLK11,Exocrine epithelial,4733.0,-0.1272010231607196,-6.77834919870339,1.0544405414287006,0.0,0.0,True,-8.513478263658364,-0.15822977356777948,True,True,True
Exocrine epithelial,Ductal/tumor epithelial,CA4,Exocrine epithelial,2614.0,0.2132331489409042,11.18439473575906,1.6225441355867347,0.0,0.0,True,9.823421464502063,0.183193276412601,True,True,True
Exocrine epithelial,Ductal/tumor epithelial,TENT5C,Endocrine,7817.095536771363,-0.056867398970031,-6.5649142245152685,1.064100063253511,0.033314648842032,19.015971038676103,True,-8.624632266137956,-0.0741643954178475,True,True,True
Exocrine epithelial,Ductal/tumor epithelial,EHF,Ductal/tumor epithelial,10639.951190773148,0.0642978951973343,7.85296262738447,1.2838778689428108,0.1784282127165629,103.375572559003,True,16.987057364122965,0.1328418134984911,True,False,True
Exocrine epithelial,Ductal/tumor epithelial,BAMBI,Ductal/tumor epithelial,1586.7468132701997,0.214195911700453,9.831107756770228,1.289200537025294,0.2816393979899161,30.805873082655296,True,14.91355913395761,0.29699192356050497,True,False,True
Exocrine epithelial,Ductal/tumor epithelial,TM4SF18,Endothelial,2870.3602520557906,0.2079499707688916,12.002668012459502,1.4756109760838507,0.1913467244513674,33.27794931768319,True,15.14849646255517,0.2424402430815137,True,False,True
Exocrine epithelial,Fibroblast / CAF,TFPI,Endothelial,4417.724131927506,0.1108453675422505,6.596287418266375,1.1754872719996392,0.2843677675905379,45.183968609032334,True,7.956952990269834,0.12046565351572196,True,False,True
Exocrine epithelial,Ductal/tumor epithelial,ERBB2,Ductal/tumor epithelial,2189.9166324619005,0.1282696924504268,7.399736707961012,1.1653533925851896,0.2675899582439416,35.108236530155764,True,14.00707587507175,0.22490300622623022,True,False,True
Exocrine epithelial,Ductal/tumor epithelial,CXCL2,Ductal/tumor epithelial,6977.717274197703,0.083859810767892,6.448281512992124,2.1187817133246427,0.2513957839715399,71.02465182945527,True,16.089318512503258,0.20244903464587166,True,False,True
Exocrine epithelial,Fibroblast / CAF,CXCL2,Ductal/tumor epithelial,6977.717274197703,0.1959372785918604,11.90419517811115,2.1187817133246427,0.2513957839715399,17.53851413113755,True,11.601539727695958,0.17869461142058493,True,False,True
Exocrine epithelial,Immune,CXCL2,Ductal/tumor epithelial,6977.717274197703,0.2097833336133088,14.394993494341378,2.1187817133246427,0.2513957839715399,24.543824975869835,True,14.367160501262429,0.1981565470201691,True,False,True
Exocrine epithelial,Ductal/tumor epithelial,FXYD2,Endocrine,15526.70701766808,0.234342533898458,25.757085720041104,2.1748292642052074,0.0997197040873373,182.33939229710555,True,29.036406431670187,0.24889201023732407,True,False,True
Exocrine epithelial,Endocrine,FXYD2,Endocrine,15526.70701766808,0.1410340841385275,6.330170346219603,2.1748292642052074,0.0997197040873373,92.34828496042216,True,6.698964975686666,0.1337506827508028,True,False,True
Exocrine epithelial,Fibroblast / CAF,FXYD2,Endocrine,15526.70701766808,0.1573490970485468,13.11566727013226,2.1748292642052074,0.0997197040873373,33.14481907833622,True,11.251624348398225,0.12540009706797106,True,False,True
Exocrine epithelial,Ductal/tumor epithelial,CXCL6,Ductal/tumor epithelial,2230.9176911505065,0.2388817292639607,11.460088036114795,1.6556080191791989,0.6770043868961162,257.11969840669934,True,33.65726514625982,0.5911568287285932,True,False,True
Exocrine epithelial,Fibroblast / CAF,CXCL6,Ductal/tumor epithelial,2230.9176911505065,0.2722703080227146,11.252096308469774,1.6556080191791989,0.6770043868961162,46.6702833659084,True,16.25581562801047,0.27509794468377424,True,False,True
Exocrine epithelial,Immune,CXCL6,Ductal/tumor epithelial,2230.9176911505065,0.3107419954868448,14.341235637632495,1.6556080191791989,0.6770043868961162,55.33851174334697,True,19.279822128415674,0.30163459212422367,True,False,True
Exocrine epithelial,Ductal/tumor epithelial,TM4SF4,Endocrine,1159.5828899714463,0.1963279129006695,7.512524466391868,1.3657464464919993,0.3767675476167155,32.68370022272456,True,14.293452534009417,0.33549787815073295,True,False,True
Exocrine epithelial,Ductal/tumor epithelial,GPC3,Exocrine epithelial,7085.0,-0.070133414946522,-7.200837113436919,1.2134285258794095,0.0,0.0,True,-10.165696198982875,-0.09762825805584283,True,True,True
Exocrine epithelial,Ductal/tumor epithelial,HAMP,Exocrine epithelial,2654.0,0.1240646222238121,6.277100891738705,1.839047237352707,0.0,0.0,True,4.7336078885930215,0.0915952014671197,False,True,True
Exocrine epithelial,Immune,HAMP,Exocrine epithelial,2654.0,0.2311274746109457,10.491970856390315,1.839047237352707,0.0,0.0,True,9.148157760396115,0.19843071853222585,True,True,True
Exocrine epithelial,Ductal/tumor epithelial,PROX1,Exocrine epithelial,20117.0,0.1853760208026581,26.60495131552431,1.6900523786907689,0.0,0.0,True,23.15782589155066,0.15704305688218348,True,True,True
Exocrine epithelial,Fibroblast / CAF,PROX1,Exocrine epithelial,20117.0,0.0695333510523826,6.988510819691052,1.6900523786907689,0.0,0.0,True,3.853102084051276,0.037287497404383384,False,True,True
Exocrine epithelial,Ductal/tumor epithelial,AQP8,Exocrine epithelial,86510.0,-0.084851344447187,-28.331564491399075,1.4024301531823704,0.0,0.0,True,-36.97582660418329,-0.11206686182512476,True,True,True
Exocrine epithelial,Ductal/tumor epithelial,SPIB,Immune,946.9727026615076,0.23788126648735,7.764838190878189,1.5090236008552411,0.2425129499565844,16.662744622639938,True,10.274159062628119,0.28867809784229304,True,False,True
Fibroblast / CAF,Ductal/tumor epithelial,FBLN1,Fibroblast / CAF,20695.0,-0.1129377017332097,-18.395961502662864,1.4035733161544557,0.0,0.0,True,-20.89636794801639,-0.12829215216382697,True,True,True
Fibroblast / CAF,Endothelial,FBLN1,Fibroblast / CAF,20695.0,0.067437657994035,9.769077932992683,1.4035733161544557,0.0,0.0,True,7.408654960707413,0.051185434846410124,True,True,True
Fibroblast / CAF,Exocrine epithelial,FBLN1,Fibroblast / CAF,20695.0,0.1848409948155366,29.91500864673769,1.4035733161544557,0.0,0.0,True,13.314253057416503,0.0814468911060968,True,True,True
Fibroblast / CAF,Immune,FBLN1,Fibroblast / CAF,20695.0,0.0659392003995329,10.594863035802918,1.4035733161544557,0.0,0.0,True,2.4733641542096474,0.015372005538405852,False,True,True
Fibroblast / CAF,Ductal/tumor epithelial,PDGFRB,Mural / pericyte,19166.681960601527,0.1106773230671173,20.965081373286843,1.2497481201428158,0.0434515382970205,14.8516038533243,True,17.475607039690637,0.09363778026789993,True,True,True
Fibroblast / CAF,Endothelial,PDGFRB,Mural / pericyte,19166.681960601527,0.1244669611640085,18.448748481767176,1.2497481201428158,0.0434515382970205,130.63770236767516,True,17.873538101980078,0.12016865820242681,True,False,True
Fibroblast / CAF,Ductal/tumor epithelial,APCDD1,Fibroblast / CAF,7581.0,0.1178198048375574,13.821900916610955,1.369752288466329,0.0,0.0,True,11.349832626529743,0.0966420311884384,True,True,True
Fibroblast / CAF,Exocrine epithelial,APCDD1,Fibroblast / CAF,7581.0,-0.2403994889602609,-15.41465116323652,1.369752288466329,0.0,0.0,True,-22.034721668064204,-0.33595990732400083,True,True,True
Fibroblast / CAF,Immune,APCDD1,Fibroblast / CAF,7581.0,-0.0850079233301999,-8.426373916200506,1.369752288466329,0.0,0.0,True,-13.388368031503264,-0.13427690311190624,True,True,True
Fibroblast / CAF,Endothelial,VCAN,Fibroblast / CAF,80229.0,-0.0757413468857907,-17.813359020324466,1.513929217084984,0.0,0.0,True,-19.769985293847057,-0.091226230554881,True,True,True
Fibroblast / CAF,Exocrine epithelial,VCAN,Fibroblast / CAF,80229.0,-0.0982077753863073,-22.76368338929672,1.513929217084984,0.0,0.0,True,-43.09083754397455,-0.19899236969687423,True,True,True
Fibroblast / CAF,Exocrine epithelial,FGL2,Immune,1140.860912379518,0.2313700784010372,11.552075950371089,1.0,0.6294370408551835,10.285918160528643,True,12.925544441460545,0.18920948611876015,True,False,True
Fibroblast / CAF,Immune,FGL2,Immune,1140.860912379518,-0.1782037555611169,-8.079552365375523,1.0,0.6294370408551835,101.85905202813896,True,10.741777168325827,0.17964926608641515,True,False,False
Fibroblast / CAF,Ductal/tumor epithelial,PDPN,Fibroblast / CAF,11510.0,0.1207615466538019,16.742928997200288,1.4373078564706208,0.0,0.0,True,14.162407246491298,0.10130183939610654,True,True,True
Fibroblast / CAF,Immune,PDPN,Fibroblast / CAF,11510.0,0.0722108086431625,8.536244136474355,1.4373078564706208,0.0,0.0,True,2.5461501376588114,0.021271750038389516,False,True,True
Fibroblast / CAF,Ductal/tumor epithelial,TNC,Mural / pericyte,3672.7380738463216,0.2054863550580591,13.604932085215976,2.133993639031539,0.200445422148522,62.52360370945407,True,16.358520589951596,0.2376246512130845,True,False,True
Fibroblast / CAF,Exocrine epithelial,TNC,Mural / pericyte,3672.7380738463216,-0.315648308275736,-10.033683287702551,2.133993639031539,0.200445422148522,3.188255075588214,True,-13.655651786677966,-0.40770466108946407,True,False,True
Fibroblast / CAF,Ductal/tumor epithelial,SFRP2,Fibroblast / CAF,64375.0,-0.160956045123826,-39.3991660084365,1.9203857060358236,0.0,0.0,True,-44.21671107059684,-0.18042557384919494,True,True,True
Fibroblast / CAF,Exocrine epithelial,SFRP2,Fibroblast / CAF,64375.0,-0.0738670275415495,-13.08931610472799,1.9203857060358236,0.0,0.0,True,-29.601588844344388,-0.16064095434812942,True,True,True
Fibroblast / CAF,Mural / pericyte,SFRP2,Fibroblast / CAF,64375.0,-0.0838658686880859,-9.487029948824366,1.9203857060358236,0.0,0.0,True,-11.842894354401704,-0.10281271859892632,True,True,True
Fibroblast / CAF,Exocrine epithelial,MS4A6A,Immune,1693.4688548527258,0.1547154445120324,8.987834666339317,1.0,0.7193183473840561,17.484795692313142,True,10.499815637923435,0.12915591214813793,True,False,True
Fibroblast / CAF,Immune,MS4A6A,Immune,1693.4688548527258,-0.2274714424924217,-12.456607159921113,1.0,0.7193183473840561,239.9316418612221,True,16.997489063804366,0.22976956277752097,True,False,False
Fibroblast / CAF,Endocrine,THBS2,Fibroblast / CAF,31526.0,-0.163821187436177,-7.951407580281325,1.217546435502609,0.0,0.0,True,-9.461359144715788,-0.20277762179062617,True,True,True
Fibroblast / CAF,Endothelial,THBS2,Fibroblast / CAF,31526.0,-0.1025390304224379,-16.54110673839037,1.217546435502609,0.0,0.0,True,-18.156613525531593,-0.11764927076112988,True,True,True
Fibroblast / CAF,Exocrine epithelial,THBS2,Fibroblast / CAF,31526.0,-0.1468345401857189,-21.90615160982274,1.217546435502609,0.0,0.0,True,-35.956478177135544,-0.24933726627572012,True,True,True
Fibroblast / CAF,Ductal/tumor epithelial,SEMA3C,Fibroblast / CAF,10559.0,-0.1178935586370203,-14.510372238252588,1.3212993800136237,0.0,0.0,True,-16.882173473768304,-0.13832070930995122,True,True,True
Fibroblast / CAF,Endothelial,SEMA3C,Fibroblast / CAF,10559.0,-0.1048015335203764,-9.714891152918602,1.3212993800136237,0.0,0.0,True,-11.229031992454566,-0.12223976795671548,True,True,True
Fibroblast / CAF,Exocrine epithelial,SEMA3C,Fibroblast / CAF,10559.0,-0.0828639797646379,-7.014600844172125,1.3212993800136237,0.0,0.0,True,-15.782674450036787,-0.18528778424221035,True,True,True
Fibroblast / CAF,Exocrine epithelial,CTSK,Fibroblast / CAF,22757.0,-0.2074937816022497,-22.405062935217828,1.3974201216638953,0.0,0.0,True,-33.456302756941156,-0.3049293489916591,True,True,True
Fibroblast / CAF,Ductal/tumor epithelial,CAVIN1,Mural / pericyte,16997.50468786352,0.0804471022692688,15.518734047076824,1.0904271214587709,0.0759367053967143,67.60402117290204,True,13.590981877006767,0.07040996818304272,True,False,True
Fibroblast / CAF,Exocrine epithelial,CAVIN1,Mural / pericyte,16997.50468786352,-0.1124367275480904,-13.917996424932554,1.0904271214587709,0.0759367053967143,19.0030123949742,True,-25.567382902339887,-0.20038752552520198,True,True,True
Fibroblast / CAF,Ductal/tumor epithelial,CXCR4,Immune,2117.4764013031418,-0.1685142699788015,-10.571002224026907,1.0,0.7090921117063426,23.99335799109204,True,-13.883939495009528,-0.18434912117076835,True,False,True
Fibroblast / CAF,Immune,CXCR4,Immune,2117.4764013031418,-0.1523106099253565,-9.507486395815292,1.0,0.7090921117063426,245.49252219831092,True,20.38656223895057,0.2705902339685149,True,False,False
Fibroblast / CAF,Ductal/tumor epithelial,GPC1,Ductal/tumor epithelial,2813.703089568755,0.1006518078324613,8.252149679692668,1.0166414182508277,0.1393611853082126,48.97582380692616,True,12.336310931927349,0.14527105475522117,True,False,True
Fibroblast / CAF,Exocrine epithelial,GPC1,Ductal/tumor epithelial,2813.703089568755,-0.1569642707774059,-7.767167292296163,1.0166414182508277,0.1393611853082126,14.08145991718128,True,-12.324451019919668,-0.2263957535090443,True,False,True
Fibroblast / CAF,Endothelial,PDGFRA,Fibroblast / CAF,11664.0,0.0552892470954737,6.302811076865473,1.2008501990430465,0.0,0.0,True,4.40077135337718,0.038719963597315485,False,True,True
Fibroblast / CAF,Exocrine epithelial,PDGFRA,Fibroblast / CAF,11664.0,0.2040566085682529,28.17971476486785,1.2008501990430465,0.0,0.0,True,14.139280820406546,0.10158620316069769,True,True,True
Fibroblast / CAF,Immune,PDGFRA,Fibroblast / CAF,11664.0,0.0832012737834324,10.828323190113093,1.2008501990430465,0.0,0.0,True,4.522101577042375,0.0347777653727623,False,True,True
Fibroblast / CAF,Immune,CD14,Immune,703.8718323406581,-0.2727164624991425,-9.51117928730216,1.0,0.6977960233628959,103.53183717019007,True,8.864002330099531,0.1732598499128717,True,False,False
Fibroblast / CAF,Ductal/tumor epithelial,LTBP2,Fibroblast / CAF,23997.0,0.0688472833013595,13.42438223695561,1.4188025869941292,0.0,0.0,True,10.075230223187745,0.05286903028699103,True,True,True
Fibroblast / CAF,Exocrine epithelial,LTBP2,Fibroblast / CAF,23997.0,0.0716681960446784,11.461368346308433,1.4188025869941292,0.0,0.0,True,-4.691064705938976,-0.029660351536607253,False,True,False
Fibroblast / CAF,Immune,LTBP2,Fibroblast / CAF,23997.0,0.0731970601780169,12.573857661330464,1.4188025869941292,0.0,0.0,True,3.884083075013021,0.023077679205672906,False,True,True
Fibroblast / CAF,Mural / pericyte,LTBP2,Fibroblast / CAF,23997.0,0.1253557912161192,11.525527263899296,1.4188025869941292,0.0,0.0,True,9.342357850772029,0.10243627898267865,True,True,True
Fibroblast / CAF,Ductal/tumor epithelial,SLAMF7,Immune,755.9808319738445,-0.2606463320757125,-8.31019295588097,1.0988881169245053,0.5114748743548783,1.8283508275535465,True,-9.521664428263847,-0.2806537008546368,True,False,True
Fibroblast / CAF,Ductal/tumor epithelial,CD3D,Immune,608.5147525950922,-0.2386115027267737,-7.247494702636717,1.017819921185111,0.5289330734908724,1.483661737113124,True,-8.81018142046475,-0.2713815555250908,True,False,True
Fibroblast / CAF,Endocrine,ASPN,Fibroblast / CAF,17059.0,0.1741202489859188,10.289065856657595,1.5267914764249757,0.0,0.0,True,8.364443526154572,0.13942047846600314,True,True,True
Fibroblast / CAF,Endothelial,ASPN,Fibroblast / CAF,17059.0,0.1212759210409765,15.550854540874727,1.5267914764249757,0.0,0.0,True,13.552453847996276,0.1047644358347613,True,True,True
Fibroblast / CAF,Exocrine epithelial,ASPN,Fibroblast / CAF,17059.0,0.1423397396996599,19.99003408349656,1.5267914764249757,0.0,0.0,True,5.813086897942397,0.04060592257192927,False,True,True
Fibroblast / CAF,Immune,ASPN,Fibroblast / CAF,17059.0,0.0792175035592967,11.042095745203966,1.5267914764249757,0.0,0.0,True,4.448490722143781,0.03157264159734772,False,True,True
Fibroblast / CAF,Mural / pericyte,ASPN,Fibroblast / CAF,17059.0,0.0888034570283606,6.425122735139225,1.5267914764249757,0.0,0.0,True,4.985180277474258,0.06722000460402323,False,True,True
Fibroblast / CAF,Immune,FCGR1A,Immune,930.6962721102788,-0.1810544577847963,-7.357712783930598,1.0,0.6029313397547573,77.40022062679711,True,8.236623159054616,0.15344195518873077,True,False,False
Fibroblast / CAF,Exocrine epithelial,INMT,Fibroblast / CAF,6205.0,0.1374201739368729,12.763956779378894,1.2526171298889794,0.0,0.0,True,3.5404590712983373,0.03748453863640941,False,True,True
Fibroblast / CAF,Immune,INMT,Fibroblast / CAF,6205.0,0.0758552744193011,7.055737129457064,1.2526171298889794,0.0,0.0,True,2.6241889764320017,0.028051736327533727,False,True,True
Fibroblast / CAF,Exocrine epithelial,SRPX,Fibroblast / CAF,5737.0,0.2269908827274099,21.37981598046972,1.2991072352972934,0.0,0.0,True,12.052436592170677,0.12481443251594758,True,True,True
Fibroblast / CAF,Immune,SRPX,Fibroblast / CAF,5737.0,0.076089493271627,6.685318665492486,1.2991072352972934,0.0,0.0,True,2.6539527576215804,0.029714577121539746,False,True,True
Fibroblast / CAF,Ductal/tumor epithelial,TCF4,Endothelial,4899.2560297930495,0.0956298773242542,10.091257001773148,1.0629516400523784,0.0890175871586911,6.639011611526404,True,8.054587443443411,0.07619775826880724,True,True,True
Fibroblast / CAF,Ductal/tumor epithelial,MEDAG,Mural / pericyte,2099.159832744647,-0.2739169991542848,-13.485620958219808,1.1492965772209451,0.1488291588173832,2.412823633082959,True,-14.283132715371044,-0.2978504838485282,True,False,True
Fibroblast / CAF,Endothelial,ACTA2,Mural / pericyte,20564.45534524587,-0.0896864097607585,-10.976110701616344,1.3927944958482512,0.0528792633440792,114.93844612881917,True,-11.471388604049537,-0.09190965955300599,True,False,True
Fibroblast / CAF,Exocrine epithelial,ACTA2,Mural / pericyte,20564.45534524587,-0.1384386282219423,-15.920668190786817,1.3927944958482512,0.0528792633440792,13.11992267216261,True,-26.88557225258255,-0.2320627569053049,True,True,True
Fibroblast / CAF,Exocrine epithelial,VSIG4,Immune,483.7771788026297,0.2043795731892085,6.9503602577459125,1.0,0.7337560743832061,5.427624712013269,True,5.737904799848639,0.1156243492293142,False,False,True
Fibroblast / CAF,Immune,VSIG4,Immune,483.7771788026297,-0.3374741732413633,-9.47835496418359,1.0,0.7337560743832061,85.67372551856339,True,9.44966894412287,0.2084311696780966,True,False,False
Fibroblast / CAF,Immune,PLA2G7,Immune,531.5039158008834,-0.2027930182359632,-6.229169785755537,1.0,0.7167238869992753,82.01168236974881,True,11.573383905793941,0.26561375914544344,True,False,False
Fibroblast / CAF,Exocrine epithelial,CD34,Endothelial,2358.0869505253686,0.2609394784251975,17.792245243835065,1.0662327129429028,0.2753395274263818,11.298062628969346,True,12.150531297563377,0.16255227365040134,True,False,True
Fibroblast / CAF,Immune,CD34,Endothelial,2358.0869505253686,0.1017097055704308,6.29839778900121,1.0662327129429028,0.2753395274263818,21.836627665153625,True,4.44219170270536,0.06694425365811363,False,False,True
Fibroblast / CAF,Ductal/tumor epithelial,PTPRC,Immune,3464.612167789736,-0.14547000054437,-10.409850858506736,1.2379073327514551,0.5273703421857303,9.02186228022324,True,-13.816027007127746,-0.1800377527156535,True,False,True
Fibroblast / CAF,Ductal/tumor epithelial,MFAP5,Fibroblast / CAF,5514.0,-0.1713037463080583,-14.08999353045026,1.4203681592792403,0.0,0.0,True,-15.688144794588222,-0.19144898444663982,True,True,True
Fibroblast / CAF,Endothelial,MFAP5,Fibroblast / CAF,5514.0,-0.2642111346909043,-14.632231292308786,1.4203681592792403,0.0,0.0,True,-15.357946435759688,-0.27650805790241934,True,True,True
Fibroblast / CAF,Exocrine epithelial,MFAP5,Fibroblast / CAF,5514.0,-0.1343005422771505,-7.017088250005872,1.4203681592792403,0.0,0.0,True,-12.303771031469221,-0.23095006677578275,True,True,True
Fibroblast / CAF,Ductal/tumor epithelial,BASP1,Fibroblast / CAF,15729.0,0.0848723668772006,14.29749833040225,1.318235719148702,0.0,0.0,True,10.984862571194535,0.06429242428769771,True,True,True
Fibroblast / CAF,Exocrine epithelial,BASP1,Fibroblast / CAF,15729.0,-0.203050054336681,-19.180474784876484,1.318235719148702,0.0,0.0,True,-29.085624275018684,-0.29686247287381035,True,True,True
Fibroblast / CAF,Immune,FCGR3A,Immune,1141.464095767796,-0.2380439977029358,-10.602606003252117,1.0,0.6499229869445655,138.8411667902418,True,8.848648202746716,0.14903743674330205,True,False,False
Fibroblast / CAF,Ductal/tumor epithelial,PTGDS,Fibroblast / CAF,5368.0,-0.1165447695211374,-7.9380548418433,1.9102262365212643,0.0,0.0,True,-9.14223606229672,-0.13258826886180264,True,True,True
Fibroblast / CAF,Endocrine,PTGDS,Fibroblast / CAF,5368.0,0.2220346717814557,6.880030375949901,1.9102262365212643,0.0,0.0,True,5.985040701496702,0.18867224443255984,False,True,True
Fibroblast / CAF,Endothelial,PTGDS,Fibroblast / CAF,5368.0,0.1081885485312473,7.017245636572187,1.9102262365212643,0.0,0.0,True,6.0723133070424336,0.09237287648396869,True,True,True
Fibroblast / CAF,Exocrine epithelial,PTGDS,Fibroblast / CAF,5368.0,0.1233626889334305,7.924497289577962,1.9102262365212643,0.0,0.0,True,1.7506228703798876,0.026513675892361,False,True,True
Fibroblast / CAF,Immune,PTGDS,Fibroblast / CAF,5368.0,0.1955088135173472,13.17499008929465,1.9102262365212643,0.0,0.0,True,9.730677338526393,0.14227389015555775,True,True,True
Fibroblast / CAF,Exocrine epithelial,CFHR3,Endothelial,1473.260098438042,0.1249159072931774,6.1205307166713565,1.0,0.1438257944100563,3.795541756652636,True,2.8561638121229738,0.05284447893986565,False,False,True
Fibroblast / CAF,Immune,MRC1,Immune,905.6755087780808,-0.2601703706543884,-10.37303438457068,1.0,0.6676484047359781,105.74714722317668,True,8.715397814155978,0.16382055970658252,True,False,False
Fibroblast / CAF,Exocrine epithelial,MS4A4A,Immune,1051.5631798455138,0.1367230533965623,6.056848828387471,1.0,0.6827703639448388,6.869930579541271,True,5.05807347009284,0.08551191181353772,False,False,True
Fibroblast / CAF,Immune,MS4A4A,Immune,1051.5631798455138,-0.1815484788070298,-7.904367103107861,1.0,0.6827703639448388,115.64822684774944,True,13.161894345254344,0.23272130677595929,True,False,False
Fibroblast / CAF,Endothelial,TCIM,Endothelial,3976.357386900514,-0.1009964114246792,-6.262783585075653,1.0546590896310115,0.3170129664682637,227.95888357687303,True,0.11195056195275563,0.0015837144188112406,False,False,False
Fibroblast / CAF,Ductal/tumor epithelial,CYTIP,Immune,1459.854449890997,-0.1994322552535857,-9.98454048664669,1.0,0.5876525333109672,5.814755090908001,True,-12.71210685167863,-0.2269034485230939,True,False,True
Fibroblast / CAF,Immune,GPR183,Immune,542.1226640984005,-0.2495904995289597,-7.71237690804772,1.0,0.7444313575505501,84.7695173336709,True,11.960580308939091,0.2602513900379888,True,False,False
Fibroblast / CAF,Exocrine epithelial,CD93,Endothelial,801.4502036141803,0.1546188833580608,6.143168268007095,1.0,0.7297015716611857,16.637124699994054,True,7.343363424921749,0.1114321611282232,True,False,True
Fibroblast / CAF,Immune,CD93,Endothelial,801.4502036141803,-0.1708884276917482,-6.455589139914921,1.0,0.7297015716611857,92.27444526827855,True,5.829438230116819,0.09544293743536392,False,False,False
Fibroblast / CAF,Ductal/tumor epithelial,IGF1,Fibroblast / CAF,4788.0,-0.2939717123072299,-18.57035442254555,1.5278679139504847,0.0,0.0,True,-20.283047603885976,-0.3092963518988438,True,True,True
Fibroblast / CAF,Exocrine epithelial,IGF1,Fibroblast / CAF,4788.0,0.2486466996242044,18.452560444713395,1.5278679139504847,0.0,0.0,True,11.653352401122941,0.14933407086105469,True,True,True
Fibroblast / CAF,Immune,IGF1,Fibroblast / CAF,4788.0,0.1576520531041625,11.354361739377744,1.5278679139504847,0.0,0.0,True,8.246136974869113,0.11014292855597585,True,True,True
Fibroblast / CAF,Ductal/tumor epithelial,MYLK,Mural / pericyte,21012.013941069148,0.1298445318463483,25.59530800596519,1.3593915998480968,0.0523821108560647,44.389960255849225,True,22.493508076239543,0.11440516942443281,True,False,True
Fibroblast / CAF,Endothelial,MYLK,Mural / pericyte,21012.013941069148,-0.0514925903769745,-6.519548586581477,1.3593915998480968,0.0523821108560647,113.94392310916312,True,-7.114838999917091,-0.05505252006564356,True,False,True
Fibroblast / CAF,Exocrine epithelial,MYLK,Mural / pericyte,21012.013941069148,-0.1580858984900232,-18.807332479706517,1.3593915998480968,0.0523821108560647,18.64876183101995,True,-30.365802586458127,-0.2510819588331019,True,True,True
Fibroblast / CAF,Ductal/tumor epithelial,PCOLCE,Fibroblast / CAF,4602.0,0.0720429785092309,6.825514325803788,1.170497529813813,0.0,0.0,True,5.053304862439675,0.05258926462146902,False,True,True
Fibroblast / CAF,Ductal/tumor epithelial,ACTG2,Mural / pericyte,7375.822414378485,0.1168262716682757,14.49452035270872,1.2145237320241618,0.2291144561952888,183.4345420430772,True,21.086965056401134,0.16194621213362095,True,False,True
Fibroblast / CAF,Endothelial,ACTG2,Mural / pericyte,7375.822414378485,-0.1195758285790243,-8.912001219839158,1.2145237320241618,0.2291144561952888,59.81345589645594,True,-10.206315685181886,-0.1318062914538683,True,False,True
Fibroblast / CAF,Exocrine epithelial,ACTG2,Mural / pericyte,7375.822414378485,-0.2576265411230459,-16.399775802390707,1.2145237320241618,0.2291144561952888,26.79652480196761,True,-22.85630329932019,-0.31953282994461135,True,False,True
Fibroblast / CAF,Immune,ACTG2,Mural / pericyte,7375.822414378485,-0.0675430076910611,-7.021325229021129,1.2145237320241618,0.2291144561952888,86.6231441127005,True,-8.063856585263144,-0.07431053865147252,True,False,True
Fibroblast / CAF,Ductal/tumor epithelial,CD3E,Immune,1170.442715043076,-0.2461426329378346,-10.465196180582709,1.0,0.5752844942110453,2.937350509840124,True,-12.88698296500559,-0.2850340835464435,True,False,True
Fibroblast / CAF,Ductal/tumor epithelial,CTLA4,Immune,1125.9195166344357,-0.2540871321178028,-6.05896533227382,2.5000213232946336,0.1267435669503407,1.2139050576380106,True,-7.562334834512077,-0.27160252360932846,True,False,True
Fibroblast / CAF,Exocrine epithelial,CRISPLD2,Mural / pericyte,14013.556618674058,0.1801040257568538,26.5363602378129,1.1753154635645564,0.0550766051203499,10.791990394748993,True,11.564569884824035,0.07867787288883613,True,True,True
Fibroblast / CAF,Immune,CRISPLD2,Mural / pericyte,14013.556618674058,0.090059143970555,12.960134155252035,1.1753154635645564,0.0550766051203499,57.23637810369459,True,7.70414316848246,0.053742429748975626,True,False,True
Fibroblast / CAF,Ductal/tumor epithelial,SFRP4,Fibroblast / CAF,21924.0,-0.1626941838180849,-23.260972220156702,1.7845289953261838,0.0,0.0,True,-24.942303594228413,-0.17524014866980642,True,True,True
Fibroblast / CAF,Endocrine,SFRP4,Fibroblast / CAF,21924.0,0.1148334565932109,6.672810709913676,1.7845289953261838,0.0,0.0,True,4.673716933651553,0.0807703805513592,False,True,True
Fibroblast / CAF,Exocrine epithelial,SFRP4,Fibroblast / CAF,21924.0,0.2291025736962334,34.505083156134184,1.7845289953261838,0.0,0.0,True,19.129091857417627,0.12647381481786227,True,True,True
Fibroblast / CAF,Immune,SFRP4,Fibroblast / CAF,21924.0,0.1037105810229489,15.084525428002037,1.7845289953261838,0.0,0.0,True,8.141173662089967,0.056239750939431066,True,True,True
Fibroblast / CAF,Ductal/tumor epithelial,COL5A2,Fibroblast / CAF,40284.0,0.0885576532029023,25.02586496224362,1.2281524554268872,0.0,0.0,True,17.875590465237998,0.0664226006595598,True,True,True
Fibroblast / CAF,Endocrine,COL5A2,Fibroblast / CAF,40284.0,-0.1249523987845235,-7.22457459983754,1.2281524554268872,0.0,0.0,True,-9.097942475349393,-0.163161376117448,True,True,True
Fibroblast / CAF,Exocrine epithelial,COL5A2,Fibroblast / CAF,40284.0,-0.1894263012823195,-30.702231163729657,1.2281524554268872,0.0,0.0,True,-45.28749135833278,-0.2881880987686387,True,True,True
Fibroblast / CAF,Exocrine epithelial,MDM2,Ductal/tumor epithelial,9709.178091960166,-0.1154692733806873,-10.333785517587236,1.101066894285135,0.267234200964761,74.12693050742597,True,-17.32047353772844,-0.16466042241940054,True,False,True
Fibroblast / CAF,Exocrine epithelial,AIF1,Immune,1771.8072632406413,0.1511051393972183,9.04722445421358,1.0,0.708777530160272,23.63357333809041,True,12.945184101900448,0.14454733341893683,True,False,True
Fibroblast / CAF,Immune,AIF1,Immune,1771.8072632406413,-0.218981989189724,-12.221768744050426,1.0,0.708777530160272,253.9016583178111,True,17.701922776816318,0.2225868769970435,True,False,False
Fibroblast / CAF,Immune,CD4,Immune,914.4085768661524,-0.1590551294577589,-6.393951710889937,1.0,0.6227721768871113,82.41857605295043,True,10.71054384552746,0.1982302223656474,True,False,False
Fibroblast / CAF,Ductal/tumor epithelial,IL7R,Immune,3318.229466028753,-0.2841022929264271,-14.517824470295894,1.7646270251795475,0.5362954236698678,5.799768608714939,True,-17.708842138892734,-0.33650693482108873,True,False,True
Fibroblast / CAF,Immune,CD68,Immune,895.9779903372234,-0.2146245544728646,-8.508206305416035,1.0,0.6551068909675029,100.6383709785341,True,10.38280470655789,0.1828768454300298,True,False,False
Fibroblast / CAF,Ductal/tumor epithelial,CNN1,Mural / pericyte,2830.096665171749,0.0880196200930667,6.669361637636704,1.2253254409320238,0.0978973596346581,7.088606077318259,True,4.926889009985306,0.06477007125112635,False,True,True
Fibroblast / CAF,Endothelial,CNN1,Mural / pericyte,2830.096665171749,-0.1332034243149173,-6.0938420721498,1.2253254409320238,0.0978973596346581,15.628218880309156,True,-6.287335263471054,-0.12951649655606226,True,True,True
Fibroblast / CAF,Exocrine epithelial,CNN1,Mural / pericyte,2830.096665171749,-0.2177311457236984,-8.942753260531061,1.2253254409320238,0.0978973596346581,2.3405840832691256,True,-12.989488656714869,-0.3130645126534966,True,True,True
Fibroblast / CAF,Exocrine epithelial,PTN,Mural / pericyte,1533.8328725097274,0.1679509757313223,8.554187396961423,1.1790921512278405,0.1122380525348845,3.770238144941618,True,4.710276880479049,0.08859798916279066,False,False,True
Fibroblast / CAF,Endocrine,ALDH1A3,Fibroblast / CAF,1855.0,0.239358055040832,6.176934776701473,1.2796979152852244,0.0,0.0,True,5.898629264004754,0.21981218109454181,False,True,True
Fibroblast / CAF,Endothelial,ALDH1A3,Fibroblast / CAF,1855.0,0.1514642435141203,7.010490890946226,1.2796979152852244,0.0,0.0,True,6.475288287312677,0.13641453414057295,True,True,True
Fibroblast / CAF,Exocrine epithelial,ALDH1A3,Fibroblast / CAF,1855.0,0.4003342858315017,24.96795645106497,1.2796979152852244,0.0,0.0,True,18.922718359370567,0.2943673141800633,True,True,True
Fibroblast / CAF,Immune,ALDH1A3,Fibroblast / CAF,1855.0,0.1232413469128171,6.166999804954058,1.2796979152852244,0.0,0.0,True,4.293622763127905,0.08364782556826894,False,True,True
Fibroblast / CAF,Exocrine epithelial,CD163,Immune,1072.382613448315,0.2072034524395945,10.14188048049488,1.0,0.7266987053754803,9.349684527220992,True,8.824686858267727,0.13456775789787861,True,False,True
Fibroblast / CAF,Immune,CD163,Immune,1072.382613448315,-0.2784888303657777,-12.00750304926871,1.0,0.7266987053754803,162.1245275512234,True,13.550166453797186,0.2259868821944944,True,False,False
Fibroblast / CAF,Endothelial,GEM,Fibroblast / CAF,12494.0,0.0770617665317249,8.263271766775269,1.5490902362247845,0.0,0.0,True,6.496066697550993,0.06060282522176113,True,True,True
Fibroblast / CAF,Mural / pericyte,GEM,Fibroblast / CAF,12494.0,0.1125086822000794,7.379510356415376,1.5490902362247845,0.0,0.0,True,5.855321244395019,0.08802692082087815,False,True,True
Fibroblast / CAF,Ductal/tumor epithelial,C5orf46,Ductal/tumor epithelial,1528.5198211677837,0.2041461360253948,10.646383210320725,1.4805033494244173,0.0718434751131823,22.52468273617197,True,11.000286365420804,0.20655394577230746,True,False,True
Fibroblast / CAF,Exocrine epithelial,C5orf46,Ductal/tumor epithelial,1528.5198211677837,-0.5393988013966758,-9.43640575460032,1.4805033494244173,0.0718434751131823,2.656879229656845,True,-11.576413412107177,-0.6149537498582599,True,True,True
Fibroblast / CAF,Endothelial,MAMDC2,Mural / pericyte,857.7978966900425,0.2022267051414572,7.525321083887765,1.0,0.2323538502541252,7.103735854685979,True,7.01775842481457,0.18031183855756933,True,False,True
Fibroblast / CAF,Exocrine epithelial,MAMDC2,Mural / pericyte,857.7978966900425,0.2852378185553834,12.50123855214878,1.0,0.2323538502541252,3.0996924345996524,True,9.904021916128864,0.21499812758451603,True,False,True
Fibroblast / CAF,Endothelial,STEAP4,Endothelial,894.4492528223684,0.4768552916628913,18.986665818318084,1.1347565940743678,0.3232767447833474,59.74241853790909,True,13.208492747348522,0.3247355828248644,True,False,True
Fibroblast / CAF,Exocrine epithelial,STEAP4,Endothelial,894.4492528223684,0.4873832051906574,22.648981440540783,1.1347565940743678,0.3232767447833474,8.413450893913343,True,20.559859645793626,0.4032958755120011,True,False,True
Fibroblast / CAF,Endothelial,RGS16,Fibroblast / CAF,3946.0,-0.2844664653103693,-11.74264343954624,1.6125429724592764,0.0,0.0,True,-12.307367470358598,-0.2984128969918471,True,True,True
Fibroblast / CAF,Exocrine epithelial,RGS16,Fibroblast / CAF,3946.0,-0.2650228404165636,-9.869111962188612,1.6125429724592764,0.0,0.0,True,-13.567678985659935,-0.3573966932057559,True,True,True
Fibroblast / CAF,Ductal/tumor epithelial,TBX3,Mural / pericyte,1863.4620917089944,0.1746532627667367,11.570775935787456,1.0524226111067432,0.0927167907845216,8.722132636362002,True,11.628086483127824,0.17275561890089888,True,True,True
Fibroblast / CAF,Immune,MPEG1,Immune,806.0679790250165,-0.2005311512728629,-7.620011886293745,1.0,0.6773203178995908,91.18939544640756,True,10.782282440252292,0.2064167650173582,True,False,False
Fibroblast / CAF,Exocrine epithelial,RTKN2,Ductal/tumor epithelial,1151.429503921276,-0.2453186566513299,-6.250590048042315,1.1659091660745282,0.1839738234006205,1.6826901787826685,True,-8.96422105885791,-0.313216129917997,True,False,True
Fibroblast / CAF,Ductal/tumor epithelial,CD69,Immune,628.8024511252347,-0.227340100668529,-7.036981048653573,1.0,0.5553196260531243,1.7384319343951755,True,-9.283875663705297,-0.26827453535141527,True,False,True
Fibroblast / CAF,Exocrine epithelial,C1orf162,Immune,1266.4315558950666,0.1391201010066857,6.850080132784863,1.0,0.6771544368731021,15.991882601363104,True,8.267710189546293,0.11748389989929596,True,False,True
Fibroblast / CAF,Immune,C1orf162,Immune,1266.4315558950666,-0.1919285325036197,-9.12663706238536,1.0,0.6771544368731021,144.08557426261822,True,13.331706221353214,0.20645483719452026,True,False,False
Fibroblast / CAF,Ductal/tumor epithelial,LIF,Ductal/tumor epithelial,2218.815674946437,-0.1607509066300521,-8.320223356530304,1.3115485344327342,0.1103751903522093,51.67339060167728,True,-4.759959112654463,-0.08500475696842179,False,False,True
Fibroblast / CAF,Mural / pericyte,LIF,Ductal/tumor epithelial,2218.815674946437,0.248258896628996,9.008537515501873,1.3115485344327342,0.1103751903522093,10.128527521654092,True,7.638600777209541,0.21535376375821444,True,False,True
Fibroblast / CAF,Ductal/tumor epithelial,DPT,Fibroblast / CAF,2083.0,-0.241349910822368,-11.734049483661304,1.308801658077252,0.0,0.0,True,-12.773329334247753,-0.25365995896482463,True,True,True
Fibroblast / CAF,Exocrine epithelial,DPT,Fibroblast / CAF,2083.0,0.4110782123130512,25.7219208124866,1.308801658077252,0.0,0.0,True,20.027550737593177,0.30717089155984373,True,True,True
Fibroblast / CAF,Immune,DPT,Fibroblast / CAF,2083.0,0.1446791576779224,7.539470818181968,1.308801658077252,0.0,0.0,True,5.598720057936432,0.10359701550698021,False,True,True
Fibroblast / CAF,Exocrine epithelial,TIMP4,Mural / pericyte,958.8729594637208,0.2576898845336249,11.010027884279827,1.1864500844992787,0.1574963938235344,1.9104226841818264,True,7.496297210557953,0.17221994209861752,True,False,True
Fibroblast / CAF,Ductal/tumor epithelial,CCL5,Immune,1473.5201237498218,-0.2150149271038209,-9.800700109431885,1.1597370832312286,0.5973660801084223,3.941444816775269,True,-13.523727490122806,-0.29317485978560276,True,False,True
Fibroblast / CAF,Ductal/tumor epithelial,TENT5C,Endocrine,1104.5072937506552,-0.2712436745213156,-9.039455989621263,1.391150005471161,0.3578732419760646,8.347470581535456,True,-9.93378465263118,-0.26198748787104836,True,False,True
Fibroblast / CAF,Ductal/tumor epithelial,ADAMTS1,Mural / pericyte,2852.725791572633,-0.1012680989482691,-6.631679559741859,1.1945007392157174,0.2700521843982184,12.513712631206651,True,-7.997253530896365,-0.11922974159664881,True,False,True
Fibroblast / CAF,Endothelial,ADAMTS1,Mural / pericyte,2852.725791572633,0.1367322860572893,8.199681846027602,1.1945007392157174,0.2700521843982184,155.5007778590761,True,13.47503037897811,0.19304573575331754,True,False,True
Fibroblast / CAF,Exocrine epithelial,ADAMTS1,Mural / pericyte,2852.725791572633,0.389761451123613,30.316541329110173,1.1945007392157174,0.2700521843982184,10.931160259159592,True,23.047200262390998,0.29114121345148486,True,False,True
Fibroblast / CAF,Immune,ADAMTS1,Mural / pericyte,2852.725791572633,0.1419236864167257,9.076837216075798,1.1945007392157174,0.2700521843982184,26.53851022659457,True,5.859383871359986,0.08523987673789417,False,False,True
Fibroblast / CAF,Ductal/tumor epithelial,CD79A,Immune,708.3830171644955,-0.260962509331738,-7.28882077883059,1.2999835484378188,0.4404846575252937,0.9291618959698352,True,-8.489036171254982,-0.30092495855053636,True,False,True
Fibroblast / CAF,Endothelial,TFPI,Endothelial,2676.7644984432727,0.1129950768015819,7.077772735543982,1.000688245101693,0.3112659817011801,89.15188497630905,True,11.216705901552434,0.16331405161377882,True,False,True
Fibroblast / CAF,Exocrine epithelial,TFPI,Endothelial,2676.7644984432727,0.10316438914603,6.683270612133139,1.000688245101693,0.3112659817011801,32.31271215496944,True,6.890946314204243,0.0882291982931716,True,False,True
Fibroblast / CAF,Immune,TFPI,Endothelial,2676.7644984432727,0.1081603045639934,7.331095207179894,1.000688245101693,0.3112659817011801,30.426605421632274,True,6.096314532543017,0.08432130243660924,True,False,True
Fibroblast / CAF,Ductal/tumor epithelial,CD8A,Immune,1067.794795573558,-0.2941181212269134,-9.624534077938494,1.370394965594673,0.6028198106797722,2.427810115276021,True,-11.933362302162756,-0.3369546117057934,True,False,True
Fibroblast / CAF,Ductal/tumor epithelial,MZB1,Immune,1171.3618387866577,-0.3878495896597906,-10.424528862991204,1.7219428769525904,0.3617420941701209,1.4387022905339384,True,-11.475765472573823,-0.40835493183079136,True,False,True
Fibroblast / CAF,Exocrine epithelial,DES,Mural / pericyte,754.8104564814278,-0.3434213009280942,-6.3352879020622925,1.196949108298845,0.1294745158872623,2.5177093652462483,True,-7.939372538816075,-0.40277140546371193,True,False,True
Fibroblast / CAF,Immune,DES,Mural / pericyte,754.8104564814278,-0.2015217373610483,-6.652113878196125,1.196949108298845,0.1294745158872623,5.108776244642566,True,-7.058882415374361,-0.20737727872177622,True,False,True
Fibroblast / CAF,Ductal/tumor epithelial,C7,Fibroblast / CAF,9276.0,-0.1653336337450096,-17.106625129768275,1.430420459829811,0.0,0.0,True,-18.197641824832548,-0.17282156122516723,True,True,True
Fibroblast / CAF,Endocrine,C7,Fibroblast / CAF,9276.0,0.2535119107106427,14.95582764220903,1.430420459829811,0.0,0.0,True,13.883113003011617,0.23011671657454988,True,True,True
Fibroblast / CAF,Endothelial,C7,Fibroblast / CAF,9276.0,0.1721529000233038,17.58128783512351,1.430420459829811,0.0,0.0,True,16.268785142803132,0.1566789687886132,True,True,True
Fibroblast / CAF,Exocrine epithelial,C7,Fibroblast / CAF,9276.0,0.480902098572998,63.59558898312625,1.430420459829811,0.0,0.0,True,50.45365846089454,0.37418107989825894,True,True,True
Fibroblast / CAF,Immune,C7,Fibroblast / CAF,9276.0,0.0957329720814153,10.164251077188206,1.430420459829811,0.0,0.0,True,6.002610515329368,0.055611424026018645,True,True,True
Fibroblast / CAF,Mural / pericyte,C7,Fibroblast / CAF,9276.0,0.1249493996574454,6.769121468130411,1.430420459829811,0.0,0.0,True,5.954039414331483,0.10647404594887719,False,True,True
Fibroblast / CAF,Ductal/tumor epithelial,CD2,Immune,995.8597160128804,-0.2785213131868707,-10.35332511727693,1.0517036454289543,0.5635936456263075,1.9782156494841652,True,-12.601266711397674,-0.3227853894373383,True,False,True
Fibroblast / CAF,Ductal/tumor epithelial,OGN,Mural / pericyte,2313.8707493839865,-0.2069573984565806,-11.724777529213668,1.1049481293127803,0.1317328110678205,2.607647901592763,True,-12.571529579102892,-0.21920299722029532,True,False,True
Fibroblast / CAF,Exocrine epithelial,OGN,Mural / pericyte,2313.8707493839865,0.3424344089390678,23.409306109125843,1.1049481293127803,0.1317328110678205,4.516694690416637,True,17.680654707407836,0.25194282457538014,True,False,True
Fibroblast / CAF,Immune,OGN,Mural / pericyte,2313.8707493839865,0.1064523628957111,6.400113031388738,1.1049481293127803,0.1317328110678205,16.999113875978807,True,6.19443680969617,0.10134924494535744,True,False,True
Fibroblast / CAF,Ductal/tumor epithelial,ANGPT2,Endothelial,489.35026480095166,0.2882737943029756,9.69031829073128,1.1098930420479198,0.2868570675188723,2.5626884550135776,True,9.570688071643875,0.264748433387722,True,False,True
Fibroblast / CAF,Exocrine epithelial,PRG4,Endocrine,590.4770880728414,0.3724257534709231,9.798038595656116,2.110743476580428,0.1100421221322264,0.9615372450186676,True,7.945766061512411,0.28477181196596046,True,False,True
Fibroblast / CAF,Exocrine epithelial,TNFRSF17,Immune,621.532324832827,0.2277108782394279,6.154804894478942,1.5608771102965415,0.3076767378713062,1.5688239260830894,True,4.368907461048406,0.14700350425817202,False,False,True
Fibroblast / CAF,Endothelial,GPC3,Exocrine epithelial,2902.451860414364,0.19436530644387,11.831245643172728,1.247259906115445,0.1032571750773218,22.874029452088852,True,10.991189674812873,0.1753209708213867,True,False,True
Fibroblast / CAF,Exocrine epithelial,GPC3,Exocrine epithelial,2902.451860414364,0.3355538004716961,25.037952676838188,1.247259906115445,0.1032571750773218,40.30865345565099,True,20.4612414615277,0.25975654043654073,True,False,True
Fibroblast / CAF,Immune,GPC3,Exocrine epithelial,2902.451860414364,0.160002220991493,10.050808391680665,1.247259906115445,0.1032571750773218,23.14772953324773,True,8.846391238359868,0.13637387285774036,True,False,True
Fibroblast / CAF,Mural / pericyte,GPC3,Exocrine epithelial,2902.451860414364,0.2136788192486486,7.604320013131682,1.247259906115445,0.1032571750773218,27.5915060072646,True,7.940206245759402,0.2109723329358828,True,False,True
Fibroblast / CAF,Endothelial,EDNRB,Endothelial,1255.4104713510828,0.3378783411820401,16.64228811329935,1.0,0.2218041406286162,62.15768872850232,True,13.869226126718445,0.27073243114769074,True,False,True
Fibroblast / CAF,Exocrine epithelial,EDNRB,Endothelial,1255.4104713510828,0.3315452382898297,18.036106638465583,1.0,0.2218041406286162,4.402828437717058,True,14.270242726965874,0.2444962537535468,True,False,True
Fibroblast / CAF,Ductal/tumor epithelial,GZMK,Immune,648.4483708468308,-0.3002709276645275,-9.010971660993478,1.0,0.559046917532219,0.9891078247420828,True,-10.70423047322245,-0.35536227136308723,True,False,True
Fibroblast / CAF,Ductal/tumor epithelial,KLRB1,Immune,900.0313166254872,-0.2718809887968417,-9.4064029161123,1.1135224619893014,0.6060256871564778,2.637620865978887,True,-10.887226745872589,-0.29939152382156053,True,False,True
Fibroblast / CAF,Ductal/tumor epithelial,CCL19,Mural / pericyte,282.46028044695777,-0.4242653680886719,-6.297375404018704,1.065111728350796,0.4501181502682307,0.3446890904404227,True,-6.996230234874321,-0.4555861846908625,True,False,True
Fibroblast / CAF,Endothelial,CCL19,Mural / pericyte,282.46028044695777,0.4404203242602663,10.965197476418648,1.065111728350796,0.4501181502682307,12.218425670059885,True,12.786972361813056,0.44951100048754994,True,False,True
Fibroblast / CAF,Exocrine epithelial,IL1RL1,Mural / pericyte,707.4687520965897,0.4129079711123686,14.749154290553422,1.4921528986600583,0.2723377135498251,2.4544503359687044,True,12.972081780826148,0.3396739923869716,True,False,True
Immune,Fibroblast / CAF,PDGFRB,Mural / pericyte,733.6749120239958,-0.1686582728432699,-6.385202368589965,1.0,0.6851028233759553,188.74066258467516,True,5.051639760655051,0.09863691703721349,False,False,False
Immune,Fibroblast / CAF,VCAN,Fibroblast / CAF,2044.5615916421611,-0.1119717217008126,-6.945077749465015,1.0,0.7608923815821477,795.3522915836518,True,19.860836934569896,0.24033336527675347,True,False,False
Immune,Exocrine epithelial,FGL2,Immune,4442.0,0.1681337439416309,13.452783858293897,1.276673574516462,0.0,0.0,True,7.10958030381467,0.0867914961389433,True,True,True
Immune,Exocrine epithelial,PDPN,Fibroblast / CAF,1588.0530430973567,-0.1244058786249945,-6.279676722771952,1.0,0.3633947640843548,6.275888038157399,True,-10.85693301453645,-0.1980182755584505,True,False,True
Immune,Exocrine epithelial,TNC,Mural / pericyte,433.7095379215994,-0.3099471833315184,-7.158244657758737,1.0,0.5427091320741986,2.865988870758545,True,-10.532825550324445,-0.43318057416453487,True,False,True
Immune,Exocrine epithelial,MS4A6A,Immune,11213.0,0.1085577873191733,13.38794401646453,1.2851280942902676,0.0,0.0,True,3.6775457474281317,0.02935093073550489,False,True,True
Immune,Fibroblast / CAF,MS4A6A,Immune,11213.0,0.1091042429088881,12.507741002629526,1.2851280942902676,0.0,0.0,True,10.677408100854299,0.09343877446499137,True,True,True
Immune,Exocrine epithelial,CTSK,Fibroblast / CAF,1445.3154274811352,-0.2211754735378473,-9.326795595882045,1.0,0.5702596233512385,7.4892263922011635,True,-13.599286091576875,-0.25189507082676477,True,False,True
Immune,Ductal/tumor epithelial,CXCR4,Immune,11329.0,-0.078763548481599,-9.505210163980902,1.3460760483667502,0.0,0.0,True,-14.890742740849879,-0.12068576184126764,True,True,True
Immune,Exocrine epithelial,CXCR4,Immune,11329.0,0.0520050013735391,6.32073939131549,1.3460760483667502,0.0,0.0,True,-4.92540524962872,-0.04022247095124609,False,True,False
Immune,Ductal/tumor epithelial,CD14,Immune,4267.0,0.0986380121209437,8.383782292112818,1.2668054433525906,0.0,0.0,True,4.1781372923587625,0.047212784657798615,False,True,True
Immune,Mural / pericyte,CD14,Immune,4267.0,0.1678045524815143,7.152709444434964,1.2668054433525906,0.0,0.0,True,5.818094280555585,0.1291087147537176,False,True,True
Immune,Ductal/tumor epithelial,CD3D,Immune,1497.0,-0.1503456988177036,-6.079386440621171,1.3677610861424998,0.0,0.0,True,-8.37022456886435,-0.19774372465069706,True,True,True
Immune,Ductal/tumor epithelial,PRDM1,Immune,3079.0,-0.129401206890409,-7.612754714336976,1.3483853079988757,0.0,0.0,True,-9.569588904491429,-0.15112833546375723,True,True,True
Immune,Exocrine epithelial,GLIPR1,Immune,3783.0,0.0783102645702332,6.001631264976504,1.1334453415720591,0.0,0.0,True,-0.9038452762743231,-0.011472732219793284,False,True,False
Immune,Exocrine epithelial,FCGR1A,Immune,3659.0,0.0987896313801232,7.399157058846487,1.2359085238046337,0.0,0.0,True,0.5913150369214595,0.007601153351431194,False,True,True
Immune,Ductal/tumor epithelial,VSIG4,Immune,3682.0,0.135257397186889,11.522246865866071,1.1336981489675373,0.0,0.0,True,7.324373405438547,0.08331151936572449,True,True,True
Immune,Mural / pericyte,VSIG4,Immune,3682.0,0.1690197527629694,6.89649951843248,1.1336981489675373,0.0,0.0,True,5.1268403924070345,0.12154852804608303,False,True,True
Immune,Ductal/tumor epithelial,PMP22,Fibroblast / CAF,4847.191500841256,0.1010883570079625,9.128562896683205,1.282032856857504,0.1611165066477465,22.72352434532427,True,4.454316559357333,0.043792398283916435,False,False,True
Immune,Exocrine epithelial,PMP22,Fibroblast / CAF,4847.191500841256,-0.1492988788547524,-10.230384607248256,1.282032856857504,0.1611165066477465,13.503619095435338,True,-13.526851398850317,-0.16769653730895057,True,False,True
Immune,Fibroblast / CAF,PMP22,Fibroblast / CAF,4847.191500841256,0.1248934096459507,9.175786069501628,1.282032856857504,0.1611165066477465,140.47513483480282,True,10.427398304662367,0.1293348485157025,True,False,True
Immune,Ductal/tumor epithelial,PLA2G7,Immune,3327.0,0.136773128555418,9.766186245725509,1.4680408716614484,0.0,0.0,True,5.871144457576459,0.07898759747748556,False,True,True
Immune,Exocrine epithelial,PLA2G7,Immune,3327.0,-0.1444163093575687,-7.845632679630723,1.4680408716614484,0.0,0.0,True,-12.455023973770118,-0.21928056577527588,True,True,True
Immune,Fibroblast / CAF,PLA2G7,Immune,3327.0,0.1197992962794907,6.850937529460397,1.4680408716614484,0.0,0.0,True,5.9439175185615625,0.10180644494988311,False,True,True
Immune,Ductal/tumor epithelial,BASP1,Fibroblast / CAF,3827.806972945888,0.0706384705445591,6.367738371675967,1.0,0.25735704057164,33.38558855427407,True,4.248705978959022,0.04261388987917076,False,False,True
Immune,Exocrine epithelial,BASP1,Fibroblast / CAF,3827.806972945888,-0.1107140826774928,-8.555412061720888,1.0,0.25735704057164,8.78624325342036,True,-15.2884784954096,-0.18914260102608063,True,False,True
Immune,Ductal/tumor epithelial,FCGR3A,Immune,5479.0,0.1509152535730678,15.209593359152224,1.2381347319606102,0.0,0.0,True,9.98699097698409,0.09530920546136855,True,True,True
Immune,Fibroblast / CAF,FCGR3A,Immune,5479.0,0.0748607805032416,6.281106851812124,1.2381347319606102,0.0,0.0,True,5.2015630648007365,0.06077670676592228,False,True,True
Immune,Mural / pericyte,FCGR3A,Immune,5479.0,0.1312407101958773,6.057380353705802,1.2381347319606102,0.0,0.0,True,4.551860533923563,0.09370225178532313,False,True,True
Immune,Ductal/tumor epithelial,LILRB2,Immune,1525.0,0.1199077259101583,6.844738383096845,1.0447654808656803,0.0,0.0,True,3.692692800292653,0.06313427243171324,False,True,True
Immune,Ductal/tumor epithelial,MNDA,Immune,2064.0,0.1208311431849317,7.24575950100034,1.27152954838577,0.0,0.0,True,4.39950099206737,0.07059177689805086,False,True,True
Immune,Ductal/tumor epithelial,CD28,Immune,1170.0,-0.1870027535406167,-6.627177347184258,1.2538548823523747,0.0,0.0,True,-9.039958910199342,-0.24585032287383707,True,True,True
Immune,Exocrine epithelial,CD28,Immune,1170.0,-0.2133532070869103,-7.344610058331488,1.2538548823523747,0.0,0.0,True,-10.681842829907241,-0.29650159060409226,True,True,True
Immune,Fibroblast / CAF,CD28,Immune,1170.0,-0.1802514873179016,-7.946126070723469,1.2538548823523747,0.0,0.0,True,-8.88429146296306,-0.20130524342897257,True,True,True
Immune,Fibroblast / CAF,MRC1,Immune,4393.0,0.1379703128084964,9.53272339535476,1.325323192321722,0.0,0.0,True,8.334415273802485,0.1200459553710601,True,True,True
Immune,Fibroblast / CAF,MS4A4A,Immune,5540.0,0.1370898565771902,10.556226249871074,1.3182644347086108,0.0,0.0,True,9.247119620269686,0.11963518852795536,True,True,True
Immune,Endothelial,C15orf48,Ductal/tumor epithelial,1077.0881366396516,-0.3154170769056376,-7.591713652750752,1.3546654655761554,0.2279180715029487,7.665024493237358,True,-8.613673367322678,-0.32847315358880547,True,False,True
Immune,Exocrine epithelial,C15orf48,Ductal/tumor epithelial,1077.0881366396516,-0.304330706322947,-11.122078938848803,1.3546654655761554,0.2279180715029487,19.089159449395424,True,-16.787079231057337,-0.38267393775525044,True,False,True
Immune,Fibroblast / CAF,C15orf48,Ductal/tumor epithelial,1077.0881366396516,-0.336421397046519,-14.64127480662857,1.3546654655761554,0.2279180715029487,14.3299977737993,True,-15.697423205028635,-0.32563269013702145,True,False,True
Immune,Exocrine epithelial,GPR183,Immune,3764.0,0.0875057381168148,6.570581602076069,1.2236895947498343,0.0,0.0,True,-0.05190152968080798,-0.0006747339489185016,False,True,False
Immune,Fibroblast / CAF,FBN1,Fibroblast / CAF,1087.8138449972776,-0.1324077602090527,-6.047462548397877,1.0,0.7519780277315025,456.8014172854195,True,14.360713669974634,0.23049700990076738,True,False,False
Immune,Exocrine epithelial,CD93,Endothelial,3392.4452138406778,0.1611096702525849,12.345252634542575,1.0799264931673338,0.1440829497313638,17.175013597757417,True,6.132704149013771,0.07626174015695343,True,False,True
Immune,Mural / pericyte,CD93,Endothelial,3392.4452138406778,0.1619915474376712,6.3211161352192775,1.0799264931673338,0.1440829497313638,60.42190556021235,True,6.032934785684703,0.13922907485959563,True,False,True
Immune,Ductal/tumor epithelial,IGF1,Fibroblast / CAF,877.6290291943424,-0.2427705570536399,-8.198591344975341,1.0,0.3457447081334154,3.731722473132432,True,-10.375387780724132,-0.264405918973669,True,False,True
Immune,Ductal/tumor epithelial,PECAM1,Endothelial,4585.704047469321,0.0904324397783939,8.49274414163986,1.1055978709301024,0.1700991408746242,16.54285899919868,True,3.2698313833892776,0.033524861239124494,False,False,True
Immune,Fibroblast / CAF,PECAM1,Endothelial,4585.704047469321,0.1237445458654188,9.66886948947363,1.1055978709301024,0.1700991408746242,58.06829385100917,True,8.449411299824792,0.10474987629296785,True,False,True
Immune,Fibroblast / CAF,KCNMA1,Endocrine,2832.009335754678,0.1198428250122493,6.8309271312994335,1.2563044921925213,0.0636795386950522,15.452451907517265,True,5.72232340183458,0.09710224335565577,False,True,True
Immune,Ductal/tumor epithelial,CD3E,Immune,3174.0,-0.2173684068273626,-11.331884411447524,1.5608704151693031,0.0,0.0,True,-14.247778414799372,-0.2605535683944252,True,True,True
Immune,Ductal/tumor epithelial,CTLA4,Immune,1584.0,-0.2252962681948833,-7.445848480612088,1.8130628506371087,0.0,0.0,True,-9.033128852156135,-0.26093427339399167,True,True,True
Immune,Exocrine epithelial,SFRP4,Fibroblast / CAF,1805.430230384416,0.1810161269174398,10.424027460945489,1.0,0.5542364645233171,16.934437889628047,True,10.58085360482964,0.1502698812888093,True,False,True
Immune,Fibroblast / CAF,SFRP4,Fibroblast / CAF,1805.430230384416,0.1359138950219233,7.021357701482313,1.0,0.5542364645233171,234.33100798251965,True,19.787866430009483,0.35235491610240455,True,False,True
Immune,Fibroblast / CAF,COL5A2,Fibroblast / CAF,489.5364547940659,-0.205758961427143,-6.489843065608665,1.0,0.8434575021683568,398.11577366086544,True,15.073599184381125,0.2786203270530947,True,False,False
Immune,Ductal/tumor epithelial,AIF1,Immune,9426.0,0.0639075507508495,7.892855802722715,1.2873751380513865,0.0,0.0,True,2.3348591996088954,0.018087426922606894,False,True,True
Immune,Exocrine epithelial,AIF1,Immune,9426.0,0.0834367205548944,9.718154091836752,1.2873751380513865,0.0,0.0,True,0.3773008293301826,0.003124323213925065,False,True,True
Immune,Ductal/tumor epithelial,IL7R,Immune,7911.0,-0.2360779096425577,-14.692817397112934,2.569916110619796,0.0,0.0,True,-18.520257144367207,-0.28309102572582373,True,True,True
Immune,Ductal/tumor epithelial,CD68,Immune,3746.0,0.1049314204421993,9.075190526548372,1.102508560590215,0.0,0.0,True,4.485624010114331,0.049835342466202456,False,True,True
Immune,Exocrine epithelial,MYC,Exocrine epithelial,808.5553417562887,-0.2630379294108367,-8.972923229589853,1.0,0.416822738977045,120.95728212208694,True,-4.559773571188887,-0.08971759156005552,False,False,True
Immune,Fibroblast / CAF,MYC,Exocrine epithelial,808.5553417562887,-0.2303722717174247,-9.722970005622216,1.0,0.416822738977045,34.21614350950251,True,-9.529225676288128,-0.1949184961171697,True,False,True
Immune,Ductal/tumor epithelial,TREM2,Immune,1620.0,0.1757615523506429,10.314655834219597,1.1061150162226052,0.0,0.0,True,6.753128108464755,0.1113702784519749,True,True,True
Immune,Ductal/tumor epithelial,HAVCR2,Immune,2728.0,0.1122329337478025,8.119940188390402,1.1560325949080967,0.0,0.0,True,4.146164148374941,0.05526658237499748,False,True,True
Immune,Exocrine epithelial,IL2RA,Immune,2197.0,-0.2512998309562569,-9.204700210705756,1.519098919048636,0.0,0.0,True,-12.81991883558839,-0.338578116446744,True,True,True
Immune,Fibroblast / CAF,IL2RA,Immune,2197.0,0.1600142754872933,6.911744205477007,1.519098919048636,0.0,0.0,True,5.747186003198564,0.13093628951430736,False,True,True
Immune,Ductal/tumor epithelial,MS4A1,Immune,789.0,-0.4207232849215171,-7.2740453462312225,2.110483365198583,0.0,0.0,True,-8.495735928354723,-0.4499562444660261,True,True,True
Immune,Exocrine epithelial,CD163,Immune,7655.0,0.1096985170311482,11.315785840718837,1.267318144418773,0.0,0.0,True,3.6668556568688215,0.034749150381645943,False,True,True
Immune,Fibroblast / CAF,CD163,Immune,7655.0,0.1048109365383061,10.060603787680876,1.267318144418773,0.0,0.0,True,8.813365269223794,0.09161019318403027,True,True,True
Immune,Ductal/tumor epithelial,ANPEP,Exocrine epithelial,742.4945301063426,0.2049887694937253,8.919596214305958,1.0,0.62588137194926,106.48736628688616,True,5.785121106408878,0.09007244525894109,False,False,True
Immune,Exocrine epithelial,ANPEP,Exocrine epithelial,742.4945301063426,-0.2669289490916228,-8.604980283940371,1.0,0.62588137194926,279.80000836785075,True,13.811268503003465,0.22690158132098476,True,False,False
Immune,Endothelial,KIT,Immune,899.0,0.2928231320325875,7.903500538294039,2.4528168289011703,0.0,0.0,True,7.447199370133295,0.25973757452179363,True,True,True
Immune,Fibroblast / CAF,MPEG1,Immune,3772.0,0.0887470786798512,6.143099464253406,1.2008460831413903,0.0,0.0,True,4.652075566022838,0.06675864985951849,False,True,True
Immune,Ductal/tumor epithelial,CD69,Immune,1779.0,-0.2125339918499849,-9.00220662065884,1.4088840505014266,0.0,0.0,True,-10.891958089799635,-0.24337298481844757,True,True,True
Immune,Ductal/tumor epithelial,C1orf162,Immune,6286.0,0.0730890578995136,7.628573392212232,1.2134142729224155,0.0,0.0,True,2.846591585238466,0.026340459660672208,False,True,True
Immune,Exocrine epithelial,C1orf162,Immune,6286.0,0.0960122025243186,9.41620701467112,1.2134142729224155,0.0,0.0,True,1.0670169271654062,0.010596343699756426,False,True,True
Immune,Ductal/tumor epithelial,IGSF6,Immune,2888.0,0.103239090594951,7.729550119151194,1.1222674193526978,0.0,0.0,True,4.271928178734142,0.0551032362054563,False,True,True
Immune,Ductal/tumor epithelial,TRAC,Immune,4473.0,-0.172928973672484,-10.083781212873394,1.855390630984038,0.0,0.0,True,-13.287752979115202,-0.21770211134359624,True,True,True
Immune,Ductal/tumor epithelial,AQP9,Immune,488.0,0.3077446542589664,9.972409556427452,1.272506045288493,0.0,0.0,True,7.978884079119271,0.23736769904116523,True,True,True
Immune,Exocrine epithelial,AQP9,Immune,488.0,-0.2580527614298556,-6.187323755889265,1.272506045288493,0.0,0.0,True,-8.168670170205528,-0.31951190068157653,True,True,True
Immune,Ductal/tumor epithelial,CD247,Immune,788.0,-0.2159272419875671,-6.049541341567277,1.2852358194188611,0.0,0.0,True,-7.640162420374032,-0.26212650485302885,True,True,True
Immune,Ductal/tumor epithelial,CCL5,Immune,4131.0,-0.2296038623919734,-12.322881036404423,1.9224263173285725,0.0,0.0,True,-15.528352510587364,-0.2760456278601559,True,True,True
Immune,Exocrine epithelial,CXCL9,Immune,1127.0,-0.3659403002592931,-8.120244882187066,2.342599582691537,0.0,0.0,True,-10.954819547183861,-0.4613301918765219,True,True,True
Immune,Fibroblast / CAF,CXCL9,Immune,1127.0,-0.2252446804336684,-7.333961287221227,2.342599582691537,0.0,0.0,True,-8.606623513256562,-0.25814651783439757,True,True,True
Immune,Ductal/tumor epithelial,TENT5C,Endocrine,806.271806682387,-0.2234397598243301,-6.057044170974384,1.3313407858825306,0.2220730900359013,10.911956338847066,True,-7.790780228148746,-0.24036519717107205,True,False,True
Immune,Ductal/tumor epithelial,CD79A,Immune,856.0,-0.3415383132762116,-7.449319158782435,1.60860778646641,0.0,0.0,True,-9.01479262013891,-0.39177187685540354,True,True,True
Immune,Ductal/tumor epithelial,CD8A,Immune,3436.0,-0.2179829215104841,-10.592388582095667,2.1038764623844526,0.0,0.0,True,-13.315863247994152,-0.2632080788307943,True,True,True
Immune,Exocrine epithelial,CD8A,Immune,3436.0,0.1555327501507056,8.671623364007365,2.1038764623844526,0.0,0.0,True,3.234634896546531,0.056597625200959026,False,True,True
Immune,Ductal/tumor epithelial,SPI1,Immune,1371.0,0.1116206883216718,6.039707335927101,1.0348687390203617,0.0,0.0,True,3.522346746234693,0.0626411402437593,False,True,True
Immune,Ductal/tumor epithelial,MZB1,Immune,948.0,-0.3189929967251036,-6.934203164810284,1.8847266578143829,0.0,0.0,True,-8.155190574029055,-0.35017027185601673,True,True,True
Immune,Fibroblast / CAF,MZB1,Immune,948.0,0.2909664245488739,6.786083664568677,1.8847266578143829,0.0,0.0,True,6.152136213340895,0.2559595324800947,True,True,True
Immune,Endothelial,CPA3,Exocrine epithelial,858.2941380028507,0.2956839880713037,7.937573123757746,2.388930223179595,0.1660061428558925,11.8459469440941,True,8.009430768100678,0.2720312838192593,True,False,True
Immune,Ductal/tumor epithelial,C7,Fibroblast / CAF,806.1236256477634,-0.1793148509782129,-6.245906660235547,1.0,0.5337663844578975,8.129823959324225,True,-9.786645358532997,-0.20798821111145868,True,False,True
Immune,Exocrine epithelial,C7,Fibroblast / CAF,806.1236256477634,0.2467895157488495,9.776281805278582,1.0,0.5337663844578975,16.265009832224592,True,13.12422645588983,0.24537304537354124,True,False,True
Immune,Ductal/tumor epithelial,CD27,Immune,441.0,-0.3240627692929906,-6.047980105382818,1.2386804761724524,0.0,0.0,True,-7.169746771733411,-0.3655350113667774,True,True,True
Immune,Ductal/tumor epithelial,CD2,Immune,2726.0,-0.147891199246213,-7.607745136277527,1.545053836518462,0.0,0.0,True,-10.590565094565456,-0.19743180295059168,True,True,True
Immune,Ductal/tumor epithelial,GZMA,Immune,1056.0,-0.201869553719124,-6.31767212959192,1.456364500462454,0.0,0.0,True,-8.053770980305533,-0.24746639040902585,True,True,True
Immune,Ductal/tumor epithelial,CXCL6,Ductal/tumor epithelial,461.64314658313,0.1908913846679396,6.379597987399977,1.0,0.7033070081479931,230.55047904321304,True,28.977878765993037,0.6101389419069034,True,False,True
Immune,Ductal/tumor epithelial,LPL,Immune,471.0,0.2323197611920884,7.687909230648372,1.0675950732682054,0.0,0.0,True,6.095938692942553,0.17725686210033575,True,True,True
Immune,Ductal/tumor epithelial,LYVE1,Endothelial,539.4751958103963,-0.2588750731841485,-6.1261741502843785,1.232975180288966,0.060127759426277,1.232801174159821,True,-7.1791488070083815,-0.28547098813168414,True,True,True
Immune,Ductal/tumor epithelial,GZMK,Immune,1560.0,-0.3980238852254837,-11.36827567890841,1.7044036725528189,0.0,0.0,True,-13.097811402324929,-0.4417418516751466,True,True,True
Immune,Ductal/tumor epithelial,KLRB1,Immune,2763.0,-0.2175827634294104,-9.340199524220008,2.014752340166769,0.0,0.0,True,-11.965193048744789,-0.2644557354757041,True,True,True
Immune,Ductal/tumor epithelial,MCEMP1,Immune,418.0,0.2631329443852969,7.459258255460239,1.3723783019655114,0.0,0.0,True,6.101805146035425,0.20246423239225353,True,True,True
Immune,Endothelial,CCL19,Mural / pericyte,295.8799044071667,0.3433137074654875,7.700829099764837,1.3549083812272396,0.0939698509925048,11.497536739856038,True,8.480933302288005,0.36113213923281184,True,True,True
Immune,Fibroblast / CAF,CCL19,Mural / pericyte,295.8799044071667,-0.34473276016559,-7.91633430801471,1.3549083812272396,0.0939698509925048,5.032336032835525,True,-8.252982155793084,-0.35617205234465155,True,True,True
Immune,Ductal/tumor epithelial,DUSP2,Immune,697.0,-0.2741626614212183,-6.751846133675379,1.4342588832417544,0.0,0.0,True,-8.083018851800663,-0.31178563396345366,True,True,True
Immune,Fibroblast / CAF,CYP1A1,Mural / pericyte,141.6458353970478,-0.3510163057391693,-6.070815870620353,1.082347954422216,0.046574130903926,0.8231330313931714,True,-6.676211641649366,-0.36689427208705744,True,True,True
Immune,Ductal/tumor epithelial,MARCO,Immune,145.0,0.5575323315171712,9.920228016443662,1.3080007343192153,0.0,0.0,True,9.05683594165584,0.4976676919212799,True,True,True
Mural / pericyte,Endothelial,TNC,Mural / pericyte,1204.0,-0.2293435709355481,-7.333460514104165,1.9850743621712288,0.0,0.0,True,-7.6170928469913095,-0.22490385025726986,True,True,True
Mural / pericyte,Fibroblast / CAF,THY1,Fibroblast / CAF,158.0328240006153,0.4189345045219348,7.198178952211965,1.0,0.2661219864873628,168.8683616806314,True,8.074566485470848,0.3713995850651476,True,False,True
Mural / pericyte,Endothelial,MEDAG,Mural / pericyte,809.0,-0.2421639368798286,-6.989556879426356,1.4418794154428085,0.0,0.0,True,-7.390089622897706,-0.25044950306790004,True,True,True
Mural / pericyte,Fibroblast / CAF,MEDAG,Mural / pericyte,809.0,-0.2121239036870138,-6.52876572112117,1.4418794154428085,0.0,0.0,True,-9.438966386242788,-0.29269201214309815,True,True,True
Mural / pericyte,Endothelial,APOLD1,Endothelial,922.2764049802224,0.1689335493796216,6.8869252581096605,1.4289250676916343,0.0341950217927145,212.0711284573568,True,8.402280027152996,0.19369279336929626,True,False,True
Mural / pericyte,Ductal/tumor epithelial,COL5A2,Fibroblast / CAF,301.4285409880458,0.3184305444368501,6.54050698121516,1.0,0.5059188886949165,39.48733393568249,True,8.729417759537698,0.2462745119126538,True,False,True
Mural / pericyte,Ductal/tumor epithelial,MYH11,Mural / pericyte,3225.0,-0.2610795813846042,-6.330767373208937,1.3709928559506623,0.0,0.0,True,-11.012680756620487,-0.41289095423324984,True,True,True
Mural / pericyte,Immune,MYH11,Mural / pericyte,3225.0,-0.1104401883333814,-7.337345458929023,1.3709928559506623,0.0,0.0,True,-12.637030491767282,-0.19301636732716212,True,True,True
Mural / pericyte,Exocrine epithelial,STEAP4,Endothelial,130.79926259252764,0.6427906887434831,11.097500298612236,1.1090850274166917,0.2789566772747662,8.727878185675538,True,11.822675843296505,0.5898245466115734,True,False,True
Mural / pericyte,Immune,ADAMTS1,Mural / pericyte,3277.0,-0.1144915833547696,-7.502958921761779,1.445839877095202,0.0,0.0,True,-12.367186431423631,-0.1950463114004246,True,True,True
Mural / pericyte,Endothelial,EDNRB,Endothelial,272.68210774888536,0.2821676259175039,6.437162397479382,1.255028937376071,0.0618215503571069,60.534857324916864,True,7.538398216820056,0.2961034204131916,True,False,True
Mural / pericyte,Exocrine epithelial,EDNRB,Endothelial,272.68210774888536,0.3214160689871604,6.075379412623435,1.255028937376071,0.0618215503571069,4.028251470311787,True,6.169500605035348,0.28632572745789153,True,True,True
