target,source,gene,retained_molecules,log_fold_per_neighbor,z,dispersion,owner
Ductal/tumor epithelial,Endocrine,LAMP3,2459.0,-0.06721049627748787,-0.6236440503201178,1.2521928590645586,Ductal/tumor epithelial
Ductal/tumor epithelial,Endothelial,LAMP3,2459.0,0.004263756150576447,0.11310847203397728,1.2521928590645586,Ductal/tumor epithelial
Ductal/tumor epithelial,Exocrine epithelial,LAMP3,2459.0,0.0061126415040452286,0.3890385389940425,1.2521928590645586,Ductal/tumor epithelial
Ductal/tumor epithelial,Fibroblast / CAF,LAMP3,2459.0,-0.04260351600197929,-2.5546324300406784,1.2521928590645586,Ductal/tumor epithelial
Ductal/tumor epithelial,Immune,LAMP3,2459.0,0.038199454703801004,1.840636569048277,1.2521928590645586,Ductal/tumor epithelial
Ductal/tumor epithelial,Mural / pericyte,LAMP3,2459.0,-0.023763765435752822,-0.2758989293414768,1.2521928590645586,Ductal/tumor epithelial
Ductal/tumor epithelial,Endocrine,HES4,736.3537575433882,-0.07413747263965792,-0.38239005979169616,1.0,Mural / pericyte
Ductal/tumor epithelial,Endothelial,HES4,736.3537575433882,-0.04836955763786858,-0.7232334592980703,1.0,Mural / pericyte
Ductal/tumor epithelial,Exocrine epithelial,HES4,736.3537575433882,-0.07615362235586381,-2.6058665146029307,1.0,Mural / pericyte
Ductal/tumor epithelial,Fibroblast / CAF,HES4,736.3537575433882,0.1063477623493788,4.231553531304957,1.0,Mural / pericyte
Ductal/tumor epithelial,Immune,HES4,736.3537575433882,0.029994952998918443,0.8938477421967542,1.0,Mural / pericyte
Ductal/tumor epithelial,Mural / pericyte,HES4,736.3537575433882,0.172286216760015,1.4585628389073537,1.0,Mural / pericyte
Ductal/tumor epithelial,Endocrine,FBLN1,2400.4107716273616,-0.10924420645358109,-0.82505404296394,1.0,Fibroblast / CAF
Ductal/tumor epithelial,Endothelial,FBLN1,2400.4107716273616,0.009835775022095549,0.23931184378624973,1.0,Fibroblast / CAF
Ductal/tumor epithelial,Exocrine epithelial,FBLN1,2400.4107716273616,-0.2387646344663432,-12.750260447105953,1.0,Fibroblast / CAF
Ductal/tumor epithelial,Fibroblast / CAF,FBLN1,2400.4107716273616,-0.19208616938086134,-11.795523425506317,1.0,Fibroblast / CAF
Ductal/tumor epithelial,Immune,FBLN1,2400.4107716273616,-0.043159088439407085,-2.0426884121841606,1.0,Fibroblast / CAF
Ductal/tumor epithelial,Mural / pericyte,FBLN1,2400.4107716273616,-0.04552514963992967,-0.5405480201039102,1.0,Fibroblast / CAF
Ductal/tumor epithelial,Endocrine,SOX2,659.0893028252132,-1.03937576410249,-1.505344863485955,1.0535605462958895,Immune
Ductal/tumor epithelial,Endothelial,SOX2,659.0893028252132,-0.05063541430575577,-0.6318442363308588,1.0535605462958895,Immune
Ductal/tumor epithelial,Exocrine epithelial,SOX2,659.0893028252132,-0.16100963312039895,-4.715032618400068,1.0535605462958895,Immune
Ductal/tumor epithelial,Fibroblast / CAF,SOX2,659.0893028252132,-0.0867049802802391,-2.9156934548506572,1.0535605462958895,Immune
Ductal/tumor epithelial,Immune,SOX2,659.0893028252132,-0.03947283702991782,-0.9851133750054147,1.0535605462958895,Immune
Ductal/tumor epithelial,Mural / pericyte,SOX2,659.0893028252132,0.24134674326987046,1.7936128358323347,1.0535605462958895,Immune
Ductal/tumor epithelial,Endocrine,PGR,341.93902958213243,-0.02166618258318571,-0.08526608403899372,1.0,Endocrine
Ductal/tumor epithelial,Endothelial,PGR,341.93902958213243,-0.0840969293430721,-0.8344909227143619,1.0,Endocrine
Ductal/tumor epithelial,Exocrine epithelial,PGR,341.93902958213243,-0.03471643447778831,-0.8712809378380657,1.0,Endocrine
Ductal/tumor epithelial,Fibroblast / CAF,PGR,341.93902958213243,-0.014106712599521953,-0.36147936272394465,1.0,Endocrine
Ductal/tumor epithelial,Immune,PGR,341.93902958213243,0.037313367616581404,0.7479595366575541,1.0,Endocrine
Ductal/tumor epithelial,Mural / pericyte,PGR,341.93902958213243,0.05478669026601452,0.28086355114648015,1.0,Endocrine
Ductal/tumor epithelial,Endocrine,CLEC10A,360.66603031882323,-0.03594491906628814,-0.15469616434048525,1.0,Immune
Ductal/tumor epithelial,Endothelial,CLEC10A,360.66603031882323,0.08183430526167039,1.0307915566094898,1.0,Immune
Ductal/tumor epithelial,Exocrine epithelial,CLEC10A,360.66603031882323,0.0417362534710012,1.162487583587059,1.0,Immune
Ductal/tumor epithelial,Fibroblast / CAF,CLEC10A,360.66603031882323,0.05152200251041444,1.3765228617479692,1.0,Immune
Ductal/tumor epithelial,Immune,CLEC10A,360.66603031882323,0.013773935328827154,0.2847096693607752,1.0,Immune
Ductal/tumor epithelial,Mural / pericyte,CLEC10A,360.66603031882323,-0.06358390180095241,-0.31809568299111396,1.0,Immune
Ductal/tumor epithelial,Endocrine,APCDD1,5324.026296299718,0.15289724260267487,3.122835541496303,1.5403935976764669,Fibroblast / CAF
Ductal/tumor epithelial,Endothelial,APCDD1,5324.026296299718,0.2309488261349962,11.70451049774559,1.5403935976764669,Fibroblast / CAF
Ductal/tumor epithelial,Exocrine epithelial,APCDD1,5324.026296299718,0.20967753833582606,19.896740390199845,1.5403935976764669,Fibroblast / CAF
Ductal/tumor epithelial,Fibroblast / CAF,APCDD1,5324.026296299718,0.15573300901910092,12.86408717827436,1.5403935976764669,Fibroblast / CAF
Ductal/tumor epithelial,Immune,APCDD1,5324.026296299718,0.1872220105330293,13.849175731730663,1.5403935976764669,Fibroblast / CAF
Ductal/tumor epithelial,Mural / pericyte,APCDD1,5324.026296299718,0.36095992808748184,7.616778557249802,1.5403935976764669,Fibroblast / CAF
Ductal/tumor epithelial,Endocrine,MCF2L,2979.0624970157587,0.07214646862687313,1.1290644853363954,1.0652799700579734,Endothelial
Ductal/tumor epithelial,Endothelial,MCF2L,2979.0624970157587,0.05640610282668893,2.0798547774353455,1.0652799700579734,Endothelial
Ductal/tumor epithelial,Exocrine epithelial,MCF2L,2979.0624970157587,0.16199756838204135,13.777473422340146,1.0652799700579734,Endothelial
Ductal/tumor epithelial,Fibroblast / CAF,MCF2L,2979.0624970157587,0.031374412927877966,2.2574502823151206,1.0652799700579734,Endothelial
Ductal/tumor epithelial,Immune,MCF2L,2979.0624970157587,0.0352416297950924,2.078474107734448,1.0652799700579734,Endothelial
Ductal/tumor epithelial,Mural / pericyte,MCF2L,2979.0624970157587,-0.004363228546321685,-0.06138718651162937,1.0652799700579734,Endothelial
Ductal/tumor epithelial,Endocrine,MMRN2,2802.4650527569947,-0.1561247637037728,-1.318181704564546,1.0,Endothelial
Ductal/tumor epithelial,Endothelial,MMRN2,2802.4650527569947,-0.128449496853422,-3.2502352737260773,1.0,Endothelial
Ductal/tumor epithelial,Exocrine epithelial,MMRN2,2802.4650527569947,-0.11741308816993357,-7.585306572920455,1.0,Endothelial
Ductal/tumor epithelial,Fibroblast / CAF,MMRN2,2802.4650527569947,-0.028606553925405603,-2.0967351688378035,1.0,Endothelial
Ductal/tumor epithelial,Immune,MMRN2,2802.4650527569947,-0.02607089515046294,-1.4029560639896326,1.0,Endothelial
Ductal/tumor epithelial,Mural / pericyte,MMRN2,2802.4650527569947,0.013216267310534649,0.18543043823740335,1.0,Endothelial
Ductal/tumor epithelial,Endocrine,VCAN,28108.11014649531,-0.6782970223675291,-4.589034055807817,1.7979623989928228,Fibroblast / CAF
Ductal/tumor epithelial,Endothelial,VCAN,28108.11014649531,-0.2526202569792909,-10.266949797705506,1.7979623989928228,Fibroblast / CAF
Ductal/tumor epithelial,Exocrine epithelial,VCAN,28108.11014649531,-0.7033581625460295,-41.90673544339467,1.7979623989928228,Fibroblast / CAF
Ductal/tumor epithelial,Fibroblast / CAF,VCAN,28108.11014649531,0.0008792391074093793,0.15736763677276372,1.7979623989928228,Fibroblast / CAF
Ductal/tumor epithelial,Immune,VCAN,28108.11014649531,-0.10713875920633567,-12.21977096136524,1.7979623989928228,Fibroblast / CAF
Ductal/tumor epithelial,Mural / pericyte,VCAN,28108.11014649531,-0.0165400400000217,-0.5340530334770955,1.7979623989928228,Fibroblast / CAF
Ductal/tumor epithelial,Endocrine,FGL2,696.7761277431339,0.09498249349112697,0.8776645278979582,1.0,Immune
Ductal/tumor epithelial,Endothelial,FGL2,696.7761277431339,0.1464459877297554,3.2201337900312437,1.0,Immune
Ductal/tumor epithelial,Exocrine epithelial,FGL2,696.7761277431339,0.3402506902225342,15.184489606761993,1.0,Immune
Ductal/tumor epithelial,Fibroblast / CAF,FGL2,696.7761277431339,0.08098772298675037,2.8254914774969757,1.0,Immune
Ductal/tumor epithelial,Immune,FGL2,696.7761277431339,0.0027520376148858047,0.08125413096474576,1.0,Immune
Ductal/tumor epithelial,Mural / pericyte,FGL2,696.7761277431339,0.28930903400055735,2.3524390855854005,1.0,Immune
Ductal/tumor epithelial,Endocrine,PDPN,1629.704053071755,0.13505347057181175,1.6211314486686543,1.0,Fibroblast / CAF
Ductal/tumor epithelial,Endothelial,PDPN,1629.704053071755,0.0921151255465329,2.5260230879153274,1.0,Fibroblast / CAF
Ductal/tumor epithelial,Exocrine epithelial,PDPN,1629.704053071755,0.04053295809982817,2.4334906102121163,1.0,Fibroblast / CAF
Ductal/tumor epithelial,Fibroblast / CAF,PDPN,1629.704053071755,-0.004181280450522578,-0.23191306555843857,1.0,Fibroblast / CAF
Ductal/tumor epithelial,Immune,PDPN,1629.704053071755,0.07867433562703466,3.6168827985844403,1.0,Fibroblast / CAF
Ductal/tumor epithelial,Mural / pericyte,PDPN,1629.704053071755,0.17966527964999496,2.2039050906396804,1.0,Fibroblast / CAF
Ductal/tumor epithelial,Endocrine,CSF2RA,752.9528248164336,-0.03917430772392784,-0.25530441180373825,1.0195342197928596,Immune
Ductal/tumor epithelial,Endothelial,CSF2RA,752.9528248164336,-0.045361322772401444,-0.7571731625859942,1.0195342197928596,Immune
Ductal/tumor epithelial,Exocrine epithelial,CSF2RA,752.9528248164336,0.12369667707664148,5.252163525607553,1.0195342197928596,Immune
Ductal/tumor epithelial,Fibroblast / CAF,CSF2RA,752.9528248164336,0.008582226073313704,0.3173271637462572,1.0195342197928596,Immune
Ductal/tumor epithelial,Immune,CSF2RA,752.9528248164336,-0.0035103699248055236,-0.10257984302477817,1.0195342197928596,Immune
Ductal/tumor epithelial,Mural / pericyte,CSF2RA,752.9528248164336,0.13751841191250258,1.0634673560436398,1.0195342197928596,Immune
Ductal/tumor epithelial,Endocrine,TNC,8477.082428958816,-0.3985850977518445,-2.4177744545305657,2.4160208403655044,Mural / pericyte
Ductal/tumor epithelial,Endothelial,TNC,8477.082428958816,0.048651973012677215,1.640951097844635,2.4160208403655044,Mural / pericyte
Ductal/tumor epithelial,Exocrine epithelial,TNC,8477.082428958816,-0.41582785105526143,-18.355218210198775,2.4160208403655044,Mural / pericyte
Ductal/tumor epithelial,Fibroblast / CAF,TNC,8477.082428958816,0.339039158718916,30.458205000705835,2.4160208403655044,Mural / pericyte
Ductal/tumor epithelial,Immune,TNC,8477.082428958816,0.0996055594196039,6.942050309813484,2.4160208403655044,Mural / pericyte
Ductal/tumor epithelial,Mural / pericyte,TNC,8477.082428958816,0.17103084770485927,3.5558336097406995,2.4160208403655044,Mural / pericyte
Ductal/tumor epithelial,Endocrine,CFHR1,326.062703960964,0.13113452516886065,0.7402903909332962,1.0969588424451955,Endothelial
Ductal/tumor epithelial,Endothelial,CFHR1,326.062703960964,0.15530424481567082,2.1195780134564224,1.0969588424451955,Endothelial
Ductal/tumor epithelial,Exocrine epithelial,CFHR1,326.062703960964,0.16348633424316156,4.520237079871656,1.0969588424451955,Endothelial
Ductal/tumor epithelial,Fibroblast / CAF,CFHR1,326.062703960964,0.08156669432274745,1.9579005314382254,1.0969588424451955,Endothelial
Ductal/tumor epithelial,Immune,CFHR1,326.062703960964,0.25087929560165656,5.5815339865050335,1.0969588424451955,Endothelial
Ductal/tumor epithelial,Mural / pericyte,CFHR1,326.062703960964,0.22210895955082713,1.2676694371761543,1.0969588424451955,Endothelial
Ductal/tumor epithelial,Endocrine,VWA5A,2800.9795501352546,-0.0019465638520210795,-0.024775328989517384,1.048806101003937,Endocrine
Ductal/tumor epithelial,Endothelial,VWA5A,2800.9795501352546,0.059310371123210845,2.026684368329163,1.048806101003937,Endocrine
Ductal/tumor epithelial,Exocrine epithelial,VWA5A,2800.9795501352546,0.06885758478794131,5.4312850904229615,1.048806101003937,Endocrine
Ductal/tumor epithelial,Fibroblast / CAF,VWA5A,2800.9795501352546,-0.0301593463746748,-2.098236018009014,1.048806101003937,Endocrine
Ductal/tumor epithelial,Immune,VWA5A,2800.9795501352546,0.06595150660405527,3.820234380764257,1.048806101003937,Endocrine
Ductal/tumor epithelial,Mural / pericyte,VWA5A,2800.9795501352546,-0.09199976159566428,-1.2058379990606582,1.048806101003937,Endocrine
Ductal/tumor epithelial,Endocrine,SEMA3C,17304.86622877203,-0.28038650224996975,-2.6708489692927726,1.7881093180252763,Fibroblast / CAF
Ductal/tumor epithelial,Endothelial,SEMA3C,17304.86622877203,-0.20098593998344658,-7.431905547717385,1.7881093180252763,Fibroblast / CAF
Ductal/tumor epithelial,Exocrine epithelial,SEMA3C,17304.86622877203,-0.6132495411793892,-33.38962004544261,1.7881093180252763,Fibroblast / CAF
Ductal/tumor epithelial,Fibroblast / CAF,SEMA3C,17304.86622877203,0.11039381385665988,16.32590232888491,1.7881093180252763,Fibroblast / CAF
Ductal/tumor epithelial,Immune,SEMA3C,17304.86622877203,-0.03054597342316486,-3.0241866129812878,1.7881093180252763,Fibroblast / CAF
Ductal/tumor epithelial,Mural / pericyte,SEMA3C,17304.86622877203,0.017521272109767786,0.48743564903206704,1.7881093180252763,Fibroblast / CAF
Ductal/tumor epithelial,Endocrine,CTSK,3921.9852998526794,0.014710865055051564,0.18949385652383305,1.0,Fibroblast / CAF
Ductal/tumor epithelial,Endothelial,CTSK,3921.9852998526794,-0.008587872090076231,-0.29418465588354265,1.0,Fibroblast / CAF
Ductal/tumor epithelial,Exocrine epithelial,CTSK,3921.9852998526794,-0.14634734499537388,-10.93135368047144,1.0,Fibroblast / CAF
Ductal/tumor epithelial,Fibroblast / CAF,CTSK,3921.9852998526794,0.02197234135393232,1.9643372848329836,1.0,Fibroblast / CAF
Ductal/tumor epithelial,Immune,CTSK,3921.9852998526794,0.03437377118704312,2.325501073501941,1.0,Fibroblast / CAF
Ductal/tumor epithelial,Mural / pericyte,CTSK,3921.9852998526794,0.06123359511414584,1.0966826352413355,1.0,Fibroblast / CAF
Ductal/tumor epithelial,Endocrine,CAVIN1,7133.739527962256,-0.026002649804294942,-0.43513717006252856,1.0,Mural / pericyte
Ductal/tumor epithelial,Endothelial,CAVIN1,7133.739527962256,-0.035592295668693825,-1.670167138668421,1.0,Mural / pericyte
Ductal/tumor epithelial,Exocrine epithelial,CAVIN1,7133.739527962256,-0.1242095425901391,-12.43928381573742,1.0,Mural / pericyte
Ductal/tumor epithelial,Fibroblast / CAF,CAVIN1,7133.739527962256,0.1431428488385393,18.002801873597523,1.0,Mural / pericyte
Ductal/tumor epithelial,Immune,CAVIN1,7133.739527962256,0.08913765160018046,8.655611093068194,1.0,Mural / pericyte
Ductal/tumor epithelial,Mural / pericyte,CAVIN1,7133.739527962256,0.20746155814449024,5.781981467531874,1.0,Mural / pericyte
Ductal/tumor epithelial,Endocrine,CXCR4,4031.5469721239797,-0.2222460435498721,-1.6362296542814152,1.1425837824519753,Immune
Ductal/tumor epithelial,Endothelial,CXCR4,4031.5469721239797,-0.1135392417049899,-2.8173159136635424,1.1425837824519753,Immune
Ductal/tumor epithelial,Exocrine epithelial,CXCR4,4031.5469721239797,-0.2336365814995584,-14.359031166701051,1.1425837824519753,Immune
Ductal/tumor epithelial,Fibroblast / CAF,CXCR4,4031.5469721239797,-0.1271077540397009,-9.754101634165641,1.1425837824519753,Immune
Ductal/tumor epithelial,Immune,CXCR4,4031.5469721239797,-0.24986548080872245,-12.030429881733484,1.1425837824519753,Immune
Ductal/tumor epithelial,Mural / pericyte,CXCR4,4031.5469721239797,-0.055740161171176535,-0.7651903524066204,1.1425837824519753,Immune
Ductal/tumor epithelial,Endocrine,GPC1,8278.0,-0.06233885553023126,-1.1403673475061438,1.221027801149385,Ductal/tumor epithelial
Ductal/tumor epithelial,Endothelial,GPC1,8278.0,-0.041898633502708435,-2.1107885260163632,1.221027801149385,Ductal/tumor epithelial
Ductal/tumor epithelial,Exocrine epithelial,GPC1,8278.0,0.08725522501660689,10.630339909402991,1.221027801149385,Ductal/tumor epithelial
Ductal/tumor epithelial,Fibroblast / CAF,GPC1,8278.0,0.14589083252203963,17.441487916044426,1.221027801149385,Ductal/tumor epithelial
Ductal/tumor epithelial,Immune,GPC1,8278.0,0.06191291671249947,5.826010154363772,1.221027801149385,Ductal/tumor epithelial
Ductal/tumor epithelial,Mural / pericyte,GPC1,8278.0,0.09070684611464423,2.227503748913323,1.221027801149385,Ductal/tumor epithelial
Ductal/tumor epithelial,Endocrine,CD14,995.4000605233205,0.051390962983218894,0.4971894020276647,1.0,Immune
Ductal/tumor epithelial,Endothelial,CD14,995.4000605233205,0.06852830267374645,1.6096295379928212,1.0,Immune
Ductal/tumor epithelial,Exocrine epithelial,CD14,995.4000605233205,0.24824027729526818,13.044237169723688,1.0,Immune
Ductal/tumor epithelial,Fibroblast / CAF,CD14,995.4000605233205,0.06267702740271963,2.673797715293119,1.0,Immune
Ductal/tumor epithelial,Immune,CD14,995.4000605233205,0.0606514921642679,2.2008236575989,1.0,Immune
Ductal/tumor epithelial,Mural / pericyte,CD14,995.4000605233205,0.15324904352561744,1.4104997552178793,1.0,Immune
Ductal/tumor epithelial,Endocrine,PCNA,6647.0,0.028519408272778456,0.5274455611779357,1.289953981957354,Ductal/tumor epithelial
Ductal/tumor epithelial,Endothelial,PCNA,6647.0,0.053162885269825905,2.493552425724095,1.289953981957354,Ductal/tumor epithelial
Ductal/tumor epithelial,Exocrine epithelial,PCNA,6647.0,0.0761136845621978,8.327669845965225,1.289953981957354,Ductal/tumor epithelial
Ductal/tumor epithelial,Fibroblast / CAF,PCNA,6647.0,-0.022422835348463746,-2.167003450599468,1.289953981957354,Ductal/tumor epithelial
Ductal/tumor epithelial,Immune,PCNA,6647.0,-0.01108453276238531,-0.8449559016022589,1.289953981957354,Ductal/tumor epithelial
Ductal/tumor epithelial,Mural / pericyte,PCNA,6647.0,0.05291075733418707,1.027295790554204,1.289953981957354,Ductal/tumor epithelial
Ductal/tumor epithelial,Endocrine,LTBP2,3652.01227362745,0.12738927754583376,2.122868359052425,1.1218319918304207,Fibroblast / CAF
Ductal/tumor epithelial,Endothelial,LTBP2,3652.01227362745,0.13193149469364862,5.462302897632724,1.1218319918304207,Fibroblast / CAF
Ductal/tumor epithelial,Exocrine epithelial,LTBP2,3652.01227362745,0.042103461924246674,3.4655047097318556,1.1218319918304207,Fibroblast / CAF
Ductal/tumor epithelial,Fibroblast / CAF,LTBP2,3652.01227362745,0.16844278053685233,14.046698727685508,1.1218319918304207,Fibroblast / CAF
Ductal/tumor epithelial,Immune,LTBP2,3652.01227362745,0.17372721192588905,12.247522382353639,1.1218319918304207,Fibroblast / CAF
Ductal/tumor epithelial,Mural / pericyte,LTBP2,3652.01227362745,0.17139028953505034,3.2342853161959035,1.1218319918304207,Fibroblast / CAF
Ductal/tumor epithelial,Endocrine,BANK1,867.1834487081898,-0.04813285154988261,-0.23719640472911077,1.18929697180431,Immune
Ductal/tumor epithelial,Endothelial,BANK1,867.1834487081898,-0.10420805206572338,-1.3756529091137182,1.18929697180431,Immune
Ductal/tumor epithelial,Exocrine epithelial,BANK1,867.1834487081898,-0.1621143687253063,-5.109480287819441,1.18929697180431,Immune
Ductal/tumor epithelial,Fibroblast / CAF,BANK1,867.1834487081898,-0.023780624940750332,-0.899407996865517,1.18929697180431,Immune
Ductal/tumor epithelial,Immune,BANK1,867.1834487081898,0.05325047478335161,1.555020554794791,1.18929697180431,Immune
Ductal/tumor epithelial,Mural / pericyte,BANK1,867.1834487081898,0.04603635658187809,0.3465627870325782,1.18929697180431,Immune
Ductal/tumor epithelial,Endocrine,AHSP,303.2675351510147,0.2006628136953065,1.2106099581690473,1.0458205499542481,Mural / pericyte
Ductal/tumor epithelial,Endothelial,AHSP,303.2675351510147,-0.06205587556114595,-0.6370813741794559,1.0458205499542481,Mural / pericyte
Ductal/tumor epithelial,Exocrine epithelial,AHSP,303.2675351510147,0.14392599226762445,3.936916677970094,1.0458205499542481,Mural / pericyte
Ductal/tumor epithelial,Fibroblast / CAF,AHSP,303.2675351510147,-0.11839405512756128,-2.5104817126095016,1.0458205499542481,Mural / pericyte
Ductal/tumor epithelial,Immune,AHSP,303.2675351510147,-0.10409199190184541,-1.7406013947039691,1.0458205499542481,Mural / pericyte
Ductal/tumor epithelial,Mural / pericyte,AHSP,303.2675351510147,0.27213914153264995,1.3253254994138841,1.0458205499542481,Mural / pericyte
Ductal/tumor epithelial,Endocrine,SLAMF7,360.87924872530107,0.00965969895542837,0.04581672021402806,1.0,Immune
Ductal/tumor epithelial,Endothelial,SLAMF7,360.87924872530107,0.14788239260677588,1.9899217170644712,1.0,Immune
Ductal/tumor epithelial,Exocrine epithelial,SLAMF7,360.87924872530107,0.04989010136302519,1.441855477630227,1.0,Immune
Ductal/tumor epithelial,Fibroblast / CAF,SLAMF7,360.87924872530107,-0.07172916550810084,-1.7903705409007926,1.0,Immune
Ductal/tumor epithelial,Immune,SLAMF7,360.87924872530107,0.03644557379375945,0.7571675622382772,1.0,Immune
Ductal/tumor epithelial,Mural / pericyte,SLAMF7,360.87924872530107,-0.07008501223642509,-0.3368394794703825,1.0,Immune
Ductal/tumor epithelial,Endocrine,NTN4,19179.0,0.05756514129970142,2.0242992109630262,1.4281527602587962,Ductal/tumor epithelial
Ductal/tumor epithelial,Endothelial,NTN4,19179.0,0.11284110177308515,9.97995847028092,1.4281527602587962,Ductal/tumor epithelial
Ductal/tumor epithelial,Exocrine epithelial,NTN4,19179.0,0.20866042574499433,39.927547938938545,1.4281527602587962,Ductal/tumor epithelial
Ductal/tumor epithelial,Fibroblast / CAF,NTN4,19179.0,0.027115356089479504,4.218485798537883,1.4281527602587962,Ductal/tumor epithelial
Ductal/tumor epithelial,Immune,NTN4,19179.0,0.11510535347997403,15.81458155403665,1.4281527602587962,Ductal/tumor epithelial
Ductal/tumor epithelial,Mural / pericyte,NTN4,19179.0,0.07894369827952619,2.5883358055520347,1.4281527602587962,Ductal/tumor epithelial
Ductal/tumor epithelial,Endocrine,CD3D,576.1463085077853,0.22900763461621895,1.7492084664130023,1.014594247473726,Immune
Ductal/tumor epithelial,Endothelial,CD3D,576.1463085077853,-0.1352690564820614,-1.6795136575477303,1.014594247473726,Immune
Ductal/tumor epithelial,Exocrine epithelial,CD3D,576.1463085077853,-0.010451411985758512,-0.3521769749406229,1.014594247473726,Immune
Ductal/tumor epithelial,Fibroblast / CAF,CD3D,576.1463085077853,-0.08453952356989111,-2.6767274951195525,1.014594247473726,Immune
Ductal/tumor epithelial,Immune,CD3D,576.1463085077853,0.0795463414076924,2.101504833377469,1.014594247473726,Immune
Ductal/tumor epithelial,Mural / pericyte,CD3D,576.1463085077853,-0.01534670160773058,-0.0956217705013679,1.014594247473726,Immune
Ductal/tumor epithelial,Endocrine,NPDC1,5540.999723148659,-0.05797979293321764,-0.6444518158287025,1.0479143787777103,Endothelial
Ductal/tumor epithelial,Endothelial,NPDC1,5540.999723148659,-0.08868973398647244,-2.868474738379553,1.0479143787777103,Endothelial
Ductal/tumor epithelial,Exocrine epithelial,NPDC1,5540.999723148659,-0.3455353970466571,-22.370722413338868,1.0479143787777103,Endothelial
Ductal/tumor epithelial,Fibroblast / CAF,NPDC1,5540.999723148659,-0.01100196026979106,-1.1352891978500848,1.0479143787777103,Endothelial
Ductal/tumor epithelial,Immune,NPDC1,5540.999723148659,-0.03621013578444367,-2.617904734993713,1.0479143787777103,Endothelial
Ductal/tumor epithelial,Mural / pericyte,NPDC1,5540.999723148659,0.03446354188985552,0.6835902744116068,1.0479143787777103,Endothelial
Ductal/tumor epithelial,Endocrine,GNG11,1972.5943845484237,-0.03522763922031967,-0.4773617246715495,1.0448936717003305,Endothelial
Ductal/tumor epithelial,Endothelial,GNG11,1972.5943845484237,0.28023554598991,12.08727352270612,1.0448936717003305,Endothelial
Ductal/tumor epithelial,Exocrine epithelial,GNG11,1972.5943845484237,0.49932491583142624,34.812099271252734,1.0448936717003305,Endothelial
Ductal/tumor epithelial,Fibroblast / CAF,GNG11,1972.5943845484237,0.13887437884478418,7.749710391321687,1.0448936717003305,Endothelial
Ductal/tumor epithelial,Immune,GNG11,1972.5943845484237,0.17318868898384587,9.394233155439968,1.0448936717003305,Endothelial
Ductal/tumor epithelial,Mural / pericyte,GNG11,1972.5943845484237,0.190411337824281,2.4095955616351348,1.0448936717003305,Endothelial
Ductal/tumor epithelial,Endocrine,STC2,2233.588123376967,-0.592725949537173,-1.83242760193047,1.0030406189913512,Endothelial
Ductal/tumor epithelial,Endothelial,STC2,2233.588123376967,-0.24039290979815814,-3.9662121580476484,1.0030406189913512,Endothelial
Ductal/tumor epithelial,Exocrine epithelial,STC2,2233.588123376967,-0.5569243115867811,-16.2810600066347,1.0030406189913512,Endothelial
Ductal/tumor epithelial,Fibroblast / CAF,STC2,2233.588123376967,-0.007104668760747043,-0.4795847530157957,1.0030406189913512,Endothelial
Ductal/tumor epithelial,Immune,STC2,2233.588123376967,-0.017414318444941124,-0.8110916146825288,1.0030406189913512,Endothelial
Ductal/tumor epithelial,Mural / pericyte,STC2,2233.588123376967,-0.10859230407612115,-1.2863694228267515,1.0030406189913512,Endothelial
Ductal/tumor epithelial,Endocrine,IRF8,1454.2666123741205,0.09297726777166321,0.8068498179437856,1.0,Immune
Ductal/tumor epithelial,Endothelial,IRF8,1454.2666123741205,-0.09153013837764332,-1.7153071101550406,1.0,Immune
Ductal/tumor epithelial,Exocrine epithelial,IRF8,1454.2666123741205,-0.13764358595428036,-6.310518022306763,1.0,Immune
Ductal/tumor epithelial,Fibroblast / CAF,IRF8,1454.2666123741205,-0.029293687328207713,-1.5477545820782734,1.0,Immune
Ductal/tumor epithelial,Immune,IRF8,1454.2666123741205,-0.013507317758449905,-0.5272034543814399,1.0,Immune
Ductal/tumor epithelial,Mural / pericyte,IRF8,1454.2666123741205,-0.18590763599633972,-1.688708527223563,1.0,Immune
Ductal/tumor epithelial,Endocrine,PRDM1,5564.851751424846,-0.41702709518888875,-2.1660310263570275,1.2211327554559845,Immune
Ductal/tumor epithelial,Endothelial,PRDM1,5564.851751424846,-0.28906583169406275,-6.378779897792743,1.2211327554559845,Immune
Ductal/tumor epithelial,Exocrine epithelial,PRDM1,5564.851751424846,-0.6042147556441284,-22.752830961458233,1.2211327554559845,Immune
Ductal/tumor epithelial,Fibroblast / CAF,PRDM1,5564.851751424846,0.03904094413047599,3.8458988520196513,1.2211327554559845,Immune
Ductal/tumor epithelial,Immune,PRDM1,5564.851751424846,-0.07537548089938727,-4.818173451362613,1.2211327554559845,Immune
Ductal/tumor epithelial,Mural / pericyte,PRDM1,5564.851751424846,-0.1350942111972616,-2.2554326609272892,1.2211327554559845,Immune
Ductal/tumor epithelial,Endocrine,GLIPR1,2025.17204508464,-0.04244275213353157,-0.45178316669738544,1.1780612028482724,Immune
Ductal/tumor epithelial,Endothelial,GLIPR1,2025.17204508464,0.1264631240781846,4.1209297356426005,1.1780612028482724,Immune
Ductal/tumor epithelial,Exocrine epithelial,GLIPR1,2025.17204508464,0.20649274704041778,13.741681946865477,1.1780612028482724,Immune
Ductal/tumor epithelial,Fibroblast / CAF,GLIPR1,2025.17204508464,0.17353235030012848,10.211666635032648,1.1780612028482724,Immune
Ductal/tumor epithelial,Immune,GLIPR1,2025.17204508464,0.2747706354393248,14.957001805175413,1.1780612028482724,Immune
Ductal/tumor epithelial,Mural / pericyte,GLIPR1,2025.17204508464,0.18804066279790504,2.5889219428899093,1.1780612028482724,Immune
Ductal/tumor epithelial,Endocrine,FHL2,36812.0,-0.42622302693269254,-4.837186974840008,1.5321799919221657,Ductal/tumor epithelial
Ductal/tumor epithelial,Endothelial,FHL2,36812.0,-0.15484075879891143,-8.774983817440196,1.5321799919221657,Ductal/tumor epithelial
Ductal/tumor epithelial,Exocrine epithelial,FHL2,36812.0,-0.7745869652489467,-52.665432695556404,1.5321799919221657,Ductal/tumor epithelial
Ductal/tumor epithelial,Fibroblast / CAF,FHL2,36812.0,0.002303866265623195,0.5137067487624662,1.5321799919221657,Ductal/tumor epithelial
Ductal/tumor epithelial,Immune,FHL2,36812.0,-0.0445003085355575,-6.64810001600391,1.5321799919221657,Ductal/tumor epithelial
Ductal/tumor epithelial,Mural / pericyte,FHL2,36812.0,-0.04623672731334705,-1.864115183793386,1.5321799919221657,Ductal/tumor epithelial
Ductal/tumor epithelial,Endocrine,SLC26A2,7448.0,-0.01683068648221248,-0.24585890019251708,1.3644313529160306,Ductal/tumor epithelial
Ductal/tumor epithelial,Endothelial,SLC26A2,7448.0,-0.08274103205599656,-3.1273861442755986,1.3644313529160306,Ductal/tumor epithelial
Ductal/tumor epithelial,Exocrine epithelial,SLC26A2,7448.0,-0.1053466011916717,-9.404672598423733,1.3644313529160306,Ductal/tumor epithelial
Ductal/tumor epithelial,Fibroblast / CAF,SLC26A2,7448.0,0.09870416500698988,10.680193330644485,1.3644313529160306,Ductal/tumor epithelial
Ductal/tumor epithelial,Immune,SLC26A2,7448.0,-0.05463304420702202,-4.119399506706504,1.3644313529160306,Ductal/tumor epithelial
Ductal/tumor epithelial,Mural / pericyte,SLC26A2,7448.0,0.006654109511422905,0.13575738276542945,1.3644313529160306,Ductal/tumor epithelial
Ductal/tumor epithelial,Endocrine,SFTA2,472.0,0.013903728034016679,0.07762401832087096,1.0744000515588703,Ductal/tumor epithelial
Ductal/tumor epithelial,Endothelial,SFTA2,472.0,0.09919169395524849,1.4851313581472072,1.0744000515588703,Ductal/tumor epithelial
Ductal/tumor epithelial,Exocrine epithelial,SFTA2,472.0,0.1078438250553075,3.609931004871957,1.0744000515588703,Ductal/tumor epithelial
Ductal/tumor epithelial,Fibroblast / CAF,SFTA2,472.0,-0.11819703787769927,-3.1567895135722024,1.0744000515588703,Ductal/tumor epithelial
Ductal/tumor epithelial,Immune,SFTA2,472.0,0.14084423368463617,3.501432070369523,1.0744000515588703,Ductal/tumor epithelial
Ductal/tumor epithelial,Mural / pericyte,SFTA2,472.0,0.32394926633859683,2.1865859717587712,1.0744000515588703,Ductal/tumor epithelial
Ductal/tumor epithelial,Endocrine,CD86,537.9443736443211,-0.40765138145112256,-1.4892121005779302,1.0,Immune
Ductal/tumor epithelial,Endothelial,CD86,537.9443736443211,0.19178766383637627,3.5686850943866246,1.0,Immune
Ductal/tumor epithelial,Exocrine epithelial,CD86,537.9443736443211,0.17611135566170064,6.686517370678076,1.0,Immune
Ductal/tumor epithelial,Fibroblast / CAF,CD86,537.9443736443211,-0.004507892292641904,-0.13895139094460468,1.0,Immune
Ductal/tumor epithelial,Immune,CD86,537.9443736443211,0.08852760519089924,2.3855822174482837,1.0,Immune
Ductal/tumor epithelial,Mural / pericyte,CD86,537.9443736443211,0.09390297140794931,0.6176051073944668,1.0,Immune
Ductal/tumor epithelial,Endocrine,SNAI1,835.5600645701027,0.010241952987387485,0.05320823648979072,1.0,Endothelial
Ductal/tumor epithelial,Endothelial,SNAI1,835.5600645701027,-0.23248829303826285,-2.6996957334071636,1.0,Endothelial
Ductal/tumor epithelial,Exocrine epithelial,SNAI1,835.5600645701027,-0.24538719797664477,-7.290213347269397,1.0,Endothelial
Ductal/tumor epithelial,Fibroblast / CAF,SNAI1,835.5600645701027,-0.05752570702724058,-2.294597869255999,1.0,Endothelial
Ductal/tumor epithelial,Immune,SNAI1,835.5600645701027,0.014876612139187985,0.44187769411833183,1.0,Endothelial
Ductal/tumor epithelial,Mural / pericyte,SNAI1,835.5600645701027,-0.05920414571239193,-0.4362902626829996,1.0,Endothelial
Ductal/tumor epithelial,Endocrine,SELL,272.0836223904179,0.038094281599563386,0.17189381423738767,1.0,Immune
Ductal/tumor epithelial,Endothelial,SELL,272.0836223904179,0.10497717806005098,1.2546472263012043,1.0,Immune
Ductal/tumor epithelial,Exocrine epithelial,SELL,272.0836223904179,0.11613433369228526,3.00252408123494,1.0,Immune
Ductal/tumor epithelial,Fibroblast / CAF,SELL,272.0836223904179,0.03847054949048976,0.8777227541518016,1.0,Immune
Ductal/tumor epithelial,Immune,SELL,272.0836223904179,0.14011233200703774,2.773123431008972,1.0,Immune
Ductal/tumor epithelial,Mural / pericyte,SELL,272.0836223904179,0.15683653485561289,0.7915636402480285,1.0,Immune
Ductal/tumor epithelial,Endocrine,FCGR1A,2649.453399011897,0.011688255640100677,0.13943514941693988,1.0047020919333831,Immune
Ductal/tumor epithelial,Endothelial,FCGR1A,2649.453399011897,-0.025899264660430032,-0.7680927053514461,1.0047020919333831,Immune
Ductal/tumor epithelial,Exocrine epithelial,FCGR1A,2649.453399011897,0.00236679505970169,0.17182893920996592,1.0047020919333831,Immune
Ductal/tumor epithelial,Fibroblast / CAF,FCGR1A,2649.453399011897,-0.017926233375574214,-1.262183876449441,1.0047020919333831,Immune
Ductal/tumor epithelial,Immune,FCGR1A,2649.453399011897,-0.010412699979089673,-0.5627631276959719,1.0047020919333831,Immune
Ductal/tumor epithelial,Mural / pericyte,FCGR1A,2649.453399011897,0.12930210966482353,1.8924721585499142,1.0047020919333831,Immune
Ductal/tumor epithelial,Endocrine,INMT,624.6782213097449,0.1678455876862042,1.39236443530301,1.0,Fibroblast / CAF
Ductal/tumor epithelial,Endothelial,INMT,624.6782213097449,0.16405346176651875,3.106651761549482,1.0,Fibroblast / CAF
Ductal/tumor epithelial,Exocrine epithelial,INMT,624.6782213097449,0.1051850017928947,4.103250826298946,1.0,Fibroblast / CAF
Ductal/tumor epithelial,Fibroblast / CAF,INMT,624.6782213097449,0.0411558137945709,1.421401968529366,1.0,Fibroblast / CAF
Ductal/tumor epithelial,Immune,INMT,624.6782213097449,0.09457938313145962,2.750933147043861,1.0,Fibroblast / CAF
Ductal/tumor epithelial,Mural / pericyte,INMT,624.6782213097449,0.04140152896061313,0.2936720706572224,1.0,Fibroblast / CAF
Ductal/tumor epithelial,Endocrine,SRPX,728.430716755061,-0.10817661824165534,-0.5424943481579574,1.0,Fibroblast / CAF
Ductal/tumor epithelial,Endothelial,SRPX,728.430716755061,-0.029044585350671455,-0.43581604698890103,1.0,Fibroblast / CAF
Ductal/tumor epithelial,Exocrine epithelial,SRPX,728.430716755061,-0.05793282804194819,-2.1000111823528407,1.0,Fibroblast / CAF
Ductal/tumor epithelial,Fibroblast / CAF,SRPX,728.430716755061,-0.0789012455631194,-2.8544424184564354,1.0,Fibroblast / CAF
Ductal/tumor epithelial,Immune,SRPX,728.430716755061,0.02586446900330715,0.7458556046146659,1.0,Fibroblast / CAF
Ductal/tumor epithelial,Mural / pericyte,SRPX,728.430716755061,0.2467138157434503,2.0237352927655303,1.0,Fibroblast / CAF
Ductal/tumor epithelial,Endocrine,TCF4,626.0242096893965,-0.025805254092399636,-0.156974677549953,1.0,Endothelial
Ductal/tumor epithelial,Endothelial,TCF4,626.0242096893965,0.1039578569461909,1.8316231137084462,1.0,Endothelial
Ductal/tumor epithelial,Exocrine epithelial,TCF4,626.0242096893965,0.08441397591268494,3.2690561845857986,1.0,Endothelial
Ductal/tumor epithelial,Fibroblast / CAF,TCF4,626.0242096893965,-0.01484860931366795,-0.5034356976499219,1.0,Endothelial
Ductal/tumor epithelial,Immune,TCF4,626.0242096893965,0.10885445452363894,3.1686572273028455,1.0,Endothelial
Ductal/tumor epithelial,Mural / pericyte,TCF4,626.0242096893965,0.01991752234881671,0.13746994197159423,1.0,Endothelial
Ductal/tumor epithelial,Endocrine,HPGDS,302.72585217068075,0.12618127482345004,0.6023070002671204,1.171411236445341,Immune
Ductal/tumor epithelial,Endothelial,HPGDS,302.72585217068075,0.22945248630872853,2.8485013707138274,1.171411236445341,Immune
Ductal/tumor epithelial,Exocrine epithelial,HPGDS,302.72585217068075,0.028116735431647426,0.6784919580683745,1.171411236445341,Immune
Ductal/tumor epithelial,Fibroblast / CAF,HPGDS,302.72585217068075,-0.03898998104336163,-0.8442420540448803,1.171411236445341,Immune
Ductal/tumor epithelial,Immune,HPGDS,302.72585217068075,0.07684157052638975,1.4062399735862927,1.171411236445341,Immune
Ductal/tumor epithelial,Mural / pericyte,HPGDS,302.72585217068075,0.17245904508137835,0.8378757169550785,1.171411236445341,Immune
Ductal/tumor epithelial,Endocrine,PMP22,2482.380167344595,0.037869371475755996,0.4999293485299631,1.0130588170167685,Fibroblast / CAF
Ductal/tumor epithelial,Endothelial,PMP22,2482.380167344595,0.07998914837778243,2.7410228416697993,1.0130588170167685,Fibroblast / CAF
Ductal/tumor epithelial,Exocrine epithelial,PMP22,2482.380167344595,0.08228281273806567,6.295953842869494,1.0130588170167685,Fibroblast / CAF
Ductal/tumor epithelial,Fibroblast / CAF,PMP22,2482.380167344595,-0.014647244529649215,-0.9853958343197841,1.0130588170167685,Fibroblast / CAF
Ductal/tumor epithelial,Immune,PMP22,2482.380167344595,0.146393593472755,8.645047462338708,1.0130588170167685,Fibroblast / CAF
Ductal/tumor epithelial,Mural / pericyte,PMP22,2482.380167344595,0.05020953682340435,0.7056116300434662,1.0130588170167685,Fibroblast / CAF
Ductal/tumor epithelial,Endocrine,PLA2G7,793.4205567969158,0.032748772049981355,0.20378351932873368,1.0,Immune
Ductal/tumor epithelial,Endothelial,PLA2G7,793.4205567969158,-0.11622656644895182,-1.618053738039377,1.0,Immune
Ductal/tumor epithelial,Exocrine epithelial,PLA2G7,793.4205567969158,-0.04892389513643369,-1.803793354278575,1.0,Immune
Ductal/tumor epithelial,Fibroblast / CAF,PLA2G7,793.4205567969158,-0.006859256844133945,-0.26678346370928596,1.0,Immune
Ductal/tumor epithelial,Immune,PLA2G7,793.4205567969158,-0.14540749526235783,-3.8151153389125407,1.0,Immune
Ductal/tumor epithelial,Mural / pericyte,PLA2G7,793.4205567969158,-0.07360844337777672,-0.5081476775188323,1.0,Immune
Ductal/tumor epithelial,Endocrine,BASP1,4504.181897293758,-0.11331200809079278,-0.9192120596909722,1.9511342156336027,Fibroblast / CAF
Ductal/tumor epithelial,Endothelial,BASP1,4504.181897293758,-0.061033691553342484,-1.5891212425865389,1.9511342156336027,Fibroblast / CAF
Ductal/tumor epithelial,Exocrine epithelial,BASP1,4504.181897293758,-0.16642842192386417,-8.571545276865836,1.9511342156336027,Fibroblast / CAF
Ductal/tumor epithelial,Fibroblast / CAF,BASP1,4504.181897293758,0.2811603115800256,20.465845891835784,1.9511342156336027,Fibroblast / CAF
Ductal/tumor epithelial,Immune,BASP1,4504.181897293758,0.12268714354862768,7.024906288843131,1.9511342156336027,Fibroblast / CAF
Ductal/tumor epithelial,Mural / pericyte,BASP1,4504.181897293758,0.1161349263342941,1.8480662387136446,1.9511342156336027,Fibroblast / CAF
Ductal/tumor epithelial,Endocrine,SLC22A8,290.47572724358076,0.370275606343895,2.5348838663792717,1.063588637594847,Mural / pericyte
Ductal/tumor epithelial,Endothelial,SLC22A8,290.47572724358076,-0.061795746213118966,-0.5796427353822426,1.063588637594847,Mural / pericyte
Ductal/tumor epithelial,Exocrine epithelial,SLC22A8,290.47572724358076,0.017956924019643373,0.4310170626228473,1.063588637594847,Mural / pericyte
Ductal/tumor epithelial,Fibroblast / CAF,SLC22A8,290.47572724358076,-0.0587042169245612,-1.2960533696497596,1.063588637594847,Mural / pericyte
Ductal/tumor epithelial,Immune,SLC22A8,290.47572724358076,0.027052093233860756,0.4808639589856122,1.063588637594847,Mural / pericyte
Ductal/tumor epithelial,Mural / pericyte,SLC22A8,290.47572724358076,-0.006294336407860756,-0.027186455213539237,1.063588637594847,Mural / pericyte
Ductal/tumor epithelial,Endocrine,CFB,63622.0,0.054201673930004406,2.736678330283498,2.214371767526671,Ductal/tumor epithelial
Ductal/tumor epithelial,Endothelial,CFB,63622.0,0.1024674548472064,12.921439738020833,2.214371767526671,Ductal/tumor epithelial
Ductal/tumor epithelial,Exocrine epithelial,CFB,63622.0,0.18499713081052835,51.620928059940844,2.214371767526671,Ductal/tumor epithelial
Ductal/tumor epithelial,Fibroblast / CAF,CFB,63622.0,-0.023154377878973405,-5.162611908682103,2.214371767526671,Ductal/tumor epithelial
Ductal/tumor epithelial,Immune,CFB,63622.0,0.10370536234882788,20.536566517614112,2.214371767526671,Ductal/tumor epithelial
Ductal/tumor epithelial,Mural / pericyte,CFB,63622.0,0.035225342889802384,1.620530436140929,2.214371767526671,Ductal/tumor epithelial
Ductal/tumor epithelial,Endocrine,PTGDS,430.41541072363884,0.07244849899650867,0.3681447206433871,1.0,Fibroblast / CAF
Ductal/tumor epithelial,Endothelial,PTGDS,430.41541072363884,0.062337231542462644,0.7868478812350789,1.0,Fibroblast / CAF
Ductal/tumor epithelial,Exocrine epithelial,PTGDS,430.41541072363884,-0.06406600466854752,-1.8075918748814133,1.0,Fibroblast / CAF
Ductal/tumor epithelial,Fibroblast / CAF,PTGDS,430.41541072363884,-0.09297091439527896,-2.5598309134322577,1.0,Fibroblast / CAF
Ductal/tumor epithelial,Immune,PTGDS,430.41541072363884,0.047883316160368845,1.076842195718385,1.0,Fibroblast / CAF
Ductal/tumor epithelial,Mural / pericyte,PTGDS,430.41541072363884,0.014425917244095783,0.07990441076605775,1.0,Fibroblast / CAF
Ductal/tumor epithelial,Endocrine,PLD4,826.0255589585092,0.03376241978008989,0.2247141697795349,1.034055128046575,Immune
Ductal/tumor epithelial,Endothelial,PLD4,826.0255589585092,-0.006520811178771221,-0.10676097450048565,1.034055128046575,Immune
Ductal/tumor epithelial,Exocrine epithelial,PLD4,826.0255589585092,-0.019753788641925358,-0.7774898659420261,1.034055128046575,Immune
Ductal/tumor epithelial,Fibroblast / CAF,PLD4,826.0255589585092,-0.020207221791507097,-0.783808080454696,1.034055128046575,Immune
Ductal/tumor epithelial,Immune,PLD4,826.0255589585092,0.014125735269163693,0.42461681424137365,1.034055128046575,Immune
Ductal/tumor epithelial,Mural / pericyte,PLD4,826.0255589585092,-0.2644189737664697,-1.711921945840177,1.034055128046575,Immune
Ductal/tumor epithelial,Endocrine,LILRB2,755.9175776382972,-0.05130624303832582,-0.32724433328355484,1.0,Immune
Ductal/tumor epithelial,Endothelial,LILRB2,755.9175776382972,0.11669624975947714,2.244101078259136,1.0,Immune
Ductal/tumor epithelial,Exocrine epithelial,LILRB2,755.9175776382972,0.07784577181091448,3.30458761299432,1.0,Immune
Ductal/tumor epithelial,Fibroblast / CAF,LILRB2,755.9175776382972,-0.027545091598313393,-1.0157808514182947,1.0,Immune
Ductal/tumor epithelial,Immune,LILRB2,755.9175776382972,0.05576154618479321,1.7058549619557355,1.0,Immune
Ductal/tumor epithelial,Mural / pericyte,LILRB2,755.9175776382972,-0.37009371687514525,-2.200311289282275,1.0,Immune
Ductal/tumor epithelial,Endocrine,CFHR3,880.8905129486483,0.2895776216245262,3.4849252672082773,1.1207103638449083,Endothelial
Ductal/tumor epithelial,Endothelial,CFHR3,880.8905129486483,0.2249099679861285,5.430834344952555,1.1207103638449083,Endothelial
Ductal/tumor epithelial,Exocrine epithelial,CFHR3,880.8905129486483,0.18236807464362922,8.335488790286579,1.1207103638449083,Endothelial
Ductal/tumor epithelial,Fibroblast / CAF,CFHR3,880.8905129486483,0.031486966996704516,1.1972120633689334,1.1207103638449083,Endothelial
Ductal/tumor epithelial,Immune,CFHR3,880.8905129486483,0.33781542833768957,12.745699186643332,1.1207103638449083,Endothelial
Ductal/tumor epithelial,Mural / pericyte,CFHR3,880.8905129486483,0.39749961630878083,4.1482675943536185,1.1207103638449083,Endothelial
Ductal/tumor epithelial,Endocrine,LY86,307.3011343124052,0.06563221606742503,0.3615201175723057,1.0,Immune
Ductal/tumor epithelial,Endothelial,LY86,307.3011343124052,0.13152504761883185,1.8030780210879649,1.0,Immune
Ductal/tumor epithelial,Exocrine epithelial,LY86,307.3011343124052,0.24228668728218097,7.085833810616098,1.0,Immune
Ductal/tumor epithelial,Fibroblast / CAF,LY86,307.3011343124052,0.04659234067711586,1.0927957313784928,1.0,Immune
Ductal/tumor epithelial,Immune,LY86,307.3011343124052,0.033495547529360827,0.6605169189739529,1.0,Immune
Ductal/tumor epithelial,Mural / pericyte,LY86,307.3011343124052,-0.07158364032203501,-0.3177374321575338,1.0,Immune
Ductal/tumor epithelial,Endocrine,MNDA,569.901198494672,0.2030173602933765,1.6561004524312608,1.0,Immune
Ductal/tumor epithelial,Endothelial,MNDA,569.901198494672,0.17092017010308436,3.0632653979204134,1.0,Immune
Ductal/tumor epithelial,Exocrine epithelial,MNDA,569.901198494672,0.06812260749065686,2.48344595486672,1.0,Immune
Ductal/tumor epithelial,Fibroblast / CAF,MNDA,569.901198494672,0.020858038639979582,0.6874225527664783,1.0,Immune
Ductal/tumor epithelial,Immune,MNDA,569.901198494672,0.10875075996234346,3.041206975580436,1.0,Immune
Ductal/tumor epithelial,Mural / pericyte,MNDA,569.901198494672,0.1324305714367878,0.9512865369620562,1.0,Immune
Ductal/tumor epithelial,Endocrine,CD28,646.0721981880208,-0.38794292325977153,-1.312563211990826,1.0,Immune
Ductal/tumor epithelial,Endothelial,CD28,646.0721981880208,0.12769939310717981,2.145035564778051,1.0,Immune
Ductal/tumor epithelial,Exocrine epithelial,CD28,646.0721981880208,-0.04626289524431208,-1.6392636914453609,1.0,Immune
Ductal/tumor epithelial,Fibroblast / CAF,CD28,646.0721981880208,-0.08499128704504337,-2.880506218062176,1.0,Immune
Ductal/tumor epithelial,Immune,CD28,646.0721981880208,0.07669029105561055,2.1749095141166155,1.0,Immune
Ductal/tumor epithelial,Mural / pericyte,CD28,646.0721981880208,0.09998859512157879,0.7238612293808852,1.0,Immune
Ductal/tumor epithelial,Endocrine,CYP2F1,663.5866549298535,0.0005690341896412559,0.0034308583798529145,1.0666799106423084,Mural / pericyte
Ductal/tumor epithelial,Endothelial,CYP2F1,663.5866549298535,-0.06551837128375182,-0.9406220171523829,1.0666799106423084,Mural / pericyte
Ductal/tumor epithelial,Exocrine epithelial,CYP2F1,663.5866549298535,0.06073314451537675,2.2831137085231257,1.0666799106423084,Mural / pericyte
Ductal/tumor epithelial,Fibroblast / CAF,CYP2F1,663.5866549298535,-0.08980215440335906,-2.917366234648284,1.0666799106423084,Mural / pericyte
Ductal/tumor epithelial,Immune,CYP2F1,663.5866549298535,-0.0007455713266919593,-0.019649535824754028,1.0666799106423084,Mural / pericyte
Ductal/tumor epithelial,Mural / pericyte,CYP2F1,663.5866549298535,0.21007479259071418,1.5159590196345554,1.0666799106423084,Mural / pericyte
Ductal/tumor epithelial,Endocrine,CXCL10,800.5122580339951,-0.7232889585596212,-1.484001494445638,1.9306305237831811,Immune
Ductal/tumor epithelial,Endothelial,CXCL10,800.5122580339951,0.04844525818752925,0.6649194438495896,1.9306305237831811,Immune
Ductal/tumor epithelial,Exocrine epithelial,CXCL10,800.5122580339951,0.07125011187676206,2.1784687914366345,1.9306305237831811,Immune
Ductal/tumor epithelial,Fibroblast / CAF,CXCL10,800.5122580339951,0.05689680608193882,1.6380509438786692,1.9306305237831811,Immune
Ductal/tumor epithelial,Immune,CXCL10,800.5122580339951,0.1848948337310139,4.6449345422737265,1.9306305237831811,Immune
Ductal/tumor epithelial,Mural / pericyte,CXCL10,800.5122580339951,0.3289374759220588,2.330989533375455,1.9306305237831811,Immune
Ductal/tumor epithelial,Endocrine,TCIM,30910.009948112092,-0.06331618042157562,-1.7991018974022663,1.5453332864338762,Endothelial
Ductal/tumor epithelial,Endothelial,TCIM,30910.009948112092,-0.005160547351921904,-0.42561743443253003,1.5453332864338762,Endothelial
Ductal/tumor epithelial,Exocrine epithelial,TCIM,30910.009948112092,-0.03607033130508247,-6.848125999159862,1.5453332864338762,Endothelial
Ductal/tumor epithelial,Fibroblast / CAF,TCIM,30910.009948112092,0.06369989736322981,12.926074181471792,1.5453332864338762,Endothelial
Ductal/tumor epithelial,Immune,TCIM,30910.009948112092,0.024774140835222884,3.814824527659901,1.5453332864338762,Endothelial
Ductal/tumor epithelial,Mural / pericyte,TCIM,30910.009948112092,0.01025580838709915,0.40387712018510163,1.5453332864338762,Endothelial
Ductal/tumor epithelial,Endocrine,C15orf48,21969.0,-0.3988175489204813,-3.950916434957682,2.2891784382966067,Ductal/tumor epithelial
Ductal/tumor epithelial,Endothelial,C15orf48,21969.0,-0.17314492504242893,-7.294649230549363,2.2891784382966067,Ductal/tumor epithelial
Ductal/tumor epithelial,Exocrine epithelial,C15orf48,21969.0,-0.2946827688142515,-27.1014779748733,2.2891784382966067,Ductal/tumor epithelial
Ductal/tumor epithelial,Fibroblast / CAF,C15orf48,21969.0,0.05645033862845765,8.108861571101071,2.2891784382966067,Ductal/tumor epithelial
Ductal/tumor epithelial,Immune,C15orf48,21969.0,0.043287928528926045,4.548705376505518,2.2891784382966067,Ductal/tumor epithelial
Ductal/tumor epithelial,Mural / pericyte,C15orf48,21969.0,0.020663784565518154,0.5725429789598615,2.2891784382966067,Ductal/tumor epithelial
Ductal/tumor epithelial,Endocrine,BCL2L11,6358.244831138076,0.06330285206909575,1.2322063713324303,1.1573665339413859,Immune
Ductal/tumor epithelial,Endothelial,BCL2L11,6358.244831138076,0.010515831301471993,0.4810083490662005,1.1573665339413859,Immune
Ductal/tumor epithelial,Exocrine epithelial,BCL2L11,6358.244831138076,0.04860988138496288,5.315965819145254,1.1573665339413859,Immune
Ductal/tumor epithelial,Fibroblast / CAF,BCL2L11,6358.244831138076,0.007418064131822084,0.7569886161689348,1.1573665339413859,Immune
Ductal/tumor epithelial,Immune,BCL2L11,6358.244831138076,-0.016252591278842526,-1.2741844924541113,1.1573665339413859,Immune
Ductal/tumor epithelial,Mural / pericyte,BCL2L11,6358.244831138076,0.08560410177309846,1.769864734291851,1.1573665339413859,Immune
Ductal/tumor epithelial,Endocrine,THAP2,3596.0,-0.17345038422939488,-1.5637264979216239,1.1666425712239452,Ductal/tumor epithelial
Ductal/tumor epithelial,Endothelial,THAP2,3596.0,-0.06543096658191157,-1.9022440288518003,1.1666425712239452,Ductal/tumor epithelial
Ductal/tumor epithelial,Exocrine epithelial,THAP2,3596.0,-0.0770744556461753,-5.452085970066185,1.1666425712239452,Ductal/tumor epithelial
Ductal/tumor epithelial,Fibroblast / CAF,THAP2,3596.0,0.025105207040712757,1.9724905690299643,1.1666425712239452,Ductal/tumor epithelial
Ductal/tumor epithelial,Immune,THAP2,3596.0,-0.04874177705890913,-2.745651421312765,1.1666425712239452,Ductal/tumor epithelial
Ductal/tumor epithelial,Mural / pericyte,THAP2,3596.0,0.006013553987722586,0.08947583353570585,1.1666425712239452,Ductal/tumor epithelial
Ductal/tumor epithelial,Endocrine,CYTIP,648.7473234790008,0.03447713226769587,0.20877546989437715,1.0,Immune
Ductal/tumor epithelial,Endothelial,CYTIP,648.7473234790008,-0.044978495838397296,-0.6500187049118309,1.0,Immune
Ductal/tumor epithelial,Exocrine epithelial,CYTIP,648.7473234790008,-0.007937537211263421,-0.2803387715876063,1.0,Immune
Ductal/tumor epithelial,Fibroblast / CAF,CYTIP,648.7473234790008,0.010208157596220872,0.3629038083315538,1.0,Immune
Ductal/tumor epithelial,Immune,CYTIP,648.7473234790008,-0.008784543946990624,-0.23737659725217855,1.0,Immune
Ductal/tumor epithelial,Mural / pericyte,CYTIP,648.7473234790008,0.3035088600336983,2.473557441661559,1.0,Immune
Ductal/tumor epithelial,Endocrine,GPR183,600.6626791670685,-0.006280903831302113,-0.041954437334964984,1.0,Immune
Ductal/tumor epithelial,Endothelial,GPR183,600.6626791670685,0.09392574535677102,1.6858016734793022,1.0,Immune
Ductal/tumor epithelial,Exocrine epithelial,GPR183,600.6626791670685,0.20186206049429195,8.137799648238364,1.0,Immune
Ductal/tumor epithelial,Fibroblast / CAF,GPR183,600.6626791670685,0.020673160387465094,0.676527362211522,1.0,Immune
Ductal/tumor epithelial,Immune,GPR183,600.6626791670685,-0.028790725443591833,-0.7536130033635448,1.0,Immune
Ductal/tumor epithelial,Mural / pericyte,GPR183,600.6626791670685,-0.02266801420493385,-0.1423226139775657,1.0,Immune
Ductal/tumor epithelial,Endocrine,IGF1,580.6755202476631,0.1575391299278243,1.2498906765538544,1.0,Fibroblast / CAF
Ductal/tumor epithelial,Endothelial,IGF1,580.6755202476631,0.12471001732684696,2.1589656014659537,1.0,Fibroblast / CAF
Ductal/tumor epithelial,Exocrine epithelial,IGF1,580.6755202476631,0.11587645080139018,4.421278937770666,1.0,Fibroblast / CAF
Ductal/tumor epithelial,Fibroblast / CAF,IGF1,580.6755202476631,-0.04878775018311195,-1.541009312395335,1.0,Fibroblast / CAF
Ductal/tumor epithelial,Immune,IGF1,580.6755202476631,-0.016124480810958186,-0.41331395427176454,1.0,Fibroblast / CAF
Ductal/tumor epithelial,Mural / pericyte,IGF1,580.6755202476631,0.11275519656713437,0.7518399813583933,1.0,Fibroblast / CAF
Ductal/tumor epithelial,Endocrine,FAS,2659.0976351724803,0.14339433395646894,2.1878189698064614,1.0165026639782724,Mural / pericyte
Ductal/tumor epithelial,Endothelial,FAS,2659.0976351724803,0.037823492345709364,1.2162132733761735,1.0165026639782724,Mural / pericyte
Ductal/tumor epithelial,Exocrine epithelial,FAS,2659.0976351724803,0.03975063977410921,3.035380792943402,1.0165026639782724,Mural / pericyte
Ductal/tumor epithelial,Fibroblast / CAF,FAS,2659.0976351724803,-0.08019819990400731,-5.376829541051614,1.0165026639782724,Mural / pericyte
Ductal/tumor epithelial,Immune,FAS,2659.0976351724803,0.004393974635788178,0.2384678946899694,1.0165026639782724,Mural / pericyte
Ductal/tumor epithelial,Mural / pericyte,FAS,2659.0976351724803,0.03480306864542249,0.4703801376141092,1.0165026639782724,Mural / pericyte
Ductal/tumor epithelial,Endocrine,KCNMA1,1767.848664078269,-0.11480636599381791,-0.899780991813225,1.2296368042718202,Endocrine
Ductal/tumor epithelial,Endothelial,KCNMA1,1767.848664078269,0.12403978410959916,3.343630964330287,1.2296368042718202,Endocrine
Ductal/tumor epithelial,Exocrine epithelial,KCNMA1,1767.848664078269,0.03801263092233406,2.1426176154091507,1.2296368042718202,Endocrine
Ductal/tumor epithelial,Fibroblast / CAF,KCNMA1,1767.848664078269,0.028753784993058213,1.526760644691864,1.2296368042718202,Endocrine
Ductal/tumor epithelial,Immune,KCNMA1,1767.848664078269,0.17713671531423453,8.196552271831123,1.2296368042718202,Endocrine
Ductal/tumor epithelial,Mural / pericyte,KCNMA1,1767.848664078269,0.0765828611734539,0.8672184969844176,1.2296368042718202,Endocrine
Ductal/tumor epithelial,Endocrine,MYLK,4474.270612881878,0.03394596863970604,0.6090941949704006,1.0686874553823607,Mural / pericyte
Ductal/tumor epithelial,Endothelial,MYLK,4474.270612881878,0.07586881890246007,3.513446591786856,1.0686874553823607,Mural / pericyte
Ductal/tumor epithelial,Exocrine epithelial,MYLK,4474.270612881878,0.16150408360592494,16.58635960668034,1.0686874553823607,Mural / pericyte
Ductal/tumor epithelial,Fibroblast / CAF,MYLK,4474.270612881878,0.11557125085977032,10.557150714343935,1.0686874553823607,Mural / pericyte
Ductal/tumor epithelial,Immune,MYLK,4474.270612881878,0.08382576259052774,6.3128343788843315,1.0686874553823607,Mural / pericyte
Ductal/tumor epithelial,Mural / pericyte,MYLK,4474.270612881878,-0.06440156650392259,-1.1194808550657684,1.0686874553823607,Mural / pericyte
Ductal/tumor epithelial,Endocrine,FGFBP2,395.25216476854496,-0.04525889382592265,-0.17916556482625637,1.0267344024310379,Immune
Ductal/tumor epithelial,Endothelial,FGFBP2,395.25216476854496,0.06351680825421832,0.7485824290134117,1.0267344024310379,Immune
Ductal/tumor epithelial,Exocrine epithelial,FGFBP2,395.25216476854496,-0.06920330969058663,-1.800295816193061,1.0267344024310379,Immune
Ductal/tumor epithelial,Fibroblast / CAF,FGFBP2,395.25216476854496,-0.03089254669415752,-0.8312538457237206,1.0267344024310379,Immune
Ductal/tumor epithelial,Immune,FGFBP2,395.25216476854496,-0.02975309362031141,-0.6001985715328181,1.0267344024310379,Immune
Ductal/tumor epithelial,Mural / pericyte,FGFBP2,395.25216476854496,0.008411453873445808,0.043908325605846434,1.0267344024310379,Immune
Ductal/tumor epithelial,Endocrine,EDN1,9772.0,0.047882422719928576,0.9021153538124573,1.7919521239542324,Ductal/tumor epithelial
Ductal/tumor epithelial,Endothelial,EDN1,9772.0,-0.0011200426940703684,-0.05223419433814265,1.7919521239542324,Ductal/tumor epithelial
Ductal/tumor epithelial,Exocrine epithelial,EDN1,9772.0,0.051362292607463354,5.425348283706992,1.7919521239542324,Ductal/tumor epithelial
Ductal/tumor epithelial,Fibroblast / CAF,EDN1,9772.0,0.17591115200332028,19.080683266287583,1.7919521239542324,Ductal/tumor epithelial
Ductal/tumor epithelial,Immune,EDN1,9772.0,0.11289165142058896,9.888299031876626,1.7919521239542324,Ductal/tumor epithelial
Ductal/tumor epithelial,Mural / pericyte,EDN1,9772.0,0.13117259363694012,3.056042303583736,1.7919521239542324,Ductal/tumor epithelial
Ductal/tumor epithelial,Endocrine,PCOLCE,496.86991673137845,0.12145652900996486,0.8206425827897995,1.0,Fibroblast / CAF
Ductal/tumor epithelial,Endothelial,PCOLCE,496.86991673137845,0.09566748645390988,1.4842624056047948,1.0,Fibroblast / CAF
Ductal/tumor epithelial,Exocrine epithelial,PCOLCE,496.86991673137845,0.07582895629076265,2.6245870100666324,1.0,Fibroblast / CAF
Ductal/tumor epithelial,Fibroblast / CAF,PCOLCE,496.86991673137845,-0.08033636010916946,-2.345642038115696,1.0,Fibroblast / CAF
Ductal/tumor epithelial,Immune,PCOLCE,496.86991673137845,0.11079576400379751,2.8641075194646985,1.0,Fibroblast / CAF
Ductal/tumor epithelial,Mural / pericyte,PCOLCE,496.86991673137845,0.20608014636423366,1.387254887052406,1.0,Fibroblast / CAF
Ductal/tumor epithelial,Endocrine,SMYD2,4983.8360776525315,-0.028387523253754914,-0.47837466771590365,1.0,Exocrine epithelial
Ductal/tumor epithelial,Endothelial,SMYD2,4983.8360776525315,0.05743485784291923,2.7139428295500796,1.0,Exocrine epithelial
Ductal/tumor epithelial,Exocrine epithelial,SMYD2,4983.8360776525315,0.09108375632251957,9.793659231291915,1.0,Exocrine epithelial
Ductal/tumor epithelial,Fibroblast / CAF,SMYD2,4983.8360776525315,0.0628624100607533,6.225605554436057,1.0,Exocrine epithelial
Ductal/tumor epithelial,Immune,SMYD2,4983.8360776525315,0.03483000524366804,2.732992511556531,1.0,Exocrine epithelial
Ductal/tumor epithelial,Mural / pericyte,SMYD2,4983.8360776525315,-0.03421052676983586,-0.647526872166268,1.0,Exocrine epithelial
Ductal/tumor epithelial,Endocrine,CD83,1078.4778602283634,-0.02877384907600011,-0.19966186208274583,1.0283398656861453,Immune
Ductal/tumor epithelial,Endothelial,CD83,1078.4778602283634,-0.1337300243291601,-2.24989438223,1.0283398656861453,Immune
Ductal/tumor epithelial,Exocrine epithelial,CD83,1078.4778602283634,-0.010877633464331368,-0.4883336726661314,1.0283398656861453,Immune
Ductal/tumor epithelial,Fibroblast / CAF,CD83,1078.4778602283634,-0.02002192644315039,-0.893846558167955,1.0283398656861453,Immune
Ductal/tumor epithelial,Immune,CD83,1078.4778602283634,0.038798373260605375,1.3655194173995322,1.0283398656861453,Immune
Ductal/tumor epithelial,Mural / pericyte,CD83,1078.4778602283634,0.14388860740939766,1.3523217452031964,1.0283398656861453,Immune
Ductal/tumor epithelial,Endocrine,FSTL3,24141.0,-0.02938253860220833,-0.7728137846096289,2.4537464003550618,Ductal/tumor epithelial
Ductal/tumor epithelial,Endothelial,FSTL3,24141.0,0.04273031055851165,3.1077261805386014,2.4537464003550618,Ductal/tumor epithelial
Ductal/tumor epithelial,Exocrine epithelial,FSTL3,24141.0,0.24068551931003454,38.74204241173986,2.4537464003550618,Ductal/tumor epithelial
Ductal/tumor epithelial,Fibroblast / CAF,FSTL3,24141.0,0.19364008131614316,27.310292925590296,2.4537464003550618,Ductal/tumor epithelial
Ductal/tumor epithelial,Immune,FSTL3,24141.0,0.19788264476527598,24.787906319727703,2.4537464003550618,Ductal/tumor epithelial
Ductal/tumor epithelial,Mural / pericyte,FSTL3,24141.0,0.11033417086812618,3.3765512641997466,2.4537464003550618,Ductal/tumor epithelial
Ductal/tumor epithelial,Endocrine,ACTG2,26709.987551073824,-0.32574928446566154,-4.885050467010984,1.3916992925158045,Mural / pericyte
Ductal/tumor epithelial,Endothelial,ACTG2,26709.987551073824,-0.1941688993992589,-11.234684902835404,1.3916992925158045,Mural / pericyte
Ductal/tumor epithelial,Exocrine epithelial,ACTG2,26709.987551073824,-0.31654447485744763,-38.72298957317663,1.3916992925158045,Mural / pericyte
Ductal/tumor epithelial,Fibroblast / CAF,ACTG2,26709.987551073824,0.1189633925124487,24.685417255648087,1.3916992925158045,Mural / pericyte
Ductal/tumor epithelial,Immune,ACTG2,26709.987551073824,-0.012531663544175746,-1.8046244594686285,1.3916992925158045,Mural / pericyte
Ductal/tumor epithelial,Mural / pericyte,ACTG2,26709.987551073824,0.10009773772186445,4.135774431967117,1.3916992925158045,Mural / pericyte
Ductal/tumor epithelial,Endocrine,FCN1,303.61570503989276,-0.35957775656987995,-0.9194638784661475,1.0,Immune
Ductal/tumor epithelial,Endothelial,FCN1,303.61570503989276,0.04469129996252837,0.49375882666533055,1.0,Immune
Ductal/tumor epithelial,Exocrine epithelial,FCN1,303.61570503989276,0.05705809817411115,1.4948400138024462,1.0,Immune
Ductal/tumor epithelial,Fibroblast / CAF,FCN1,303.61570503989276,-0.04768243212433098,-1.1061800077313662,1.0,Immune
Ductal/tumor epithelial,Immune,FCN1,303.61570503989276,-0.019825439945766306,-0.3610089276351448,1.0,Immune
Ductal/tumor epithelial,Mural / pericyte,FCN1,303.61570503989276,-0.08236513114450568,-0.35468676358034346,1.0,Immune
Ductal/tumor epithelial,Endocrine,TMC5,35621.0,-0.05758016499160058,-1.5022552513972398,1.4660605308289374,Ductal/tumor epithelial
Ductal/tumor epithelial,Endothelial,TMC5,35621.0,0.01660501110171756,1.3318330393288005,1.4660605308289374,Ductal/tumor epithelial
Ductal/tumor epithelial,Exocrine epithelial,TMC5,35621.0,-0.25410065493807554,-42.09759348186022,1.4660605308289374,Ductal/tumor epithelial
Ductal/tumor epithelial,Fibroblast / CAF,TMC5,35621.0,-0.10460163439833686,-21.860769270464026,1.4660605308289374,Ductal/tumor epithelial
Ductal/tumor epithelial,Immune,TMC5,35621.0,0.009333055378428759,1.49222611976783,1.4660605308289374,Ductal/tumor epithelial
Ductal/tumor epithelial,Mural / pericyte,TMC5,35621.0,-0.011797183402726704,-0.4793295284243888,1.4660605308289374,Ductal/tumor epithelial
Ductal/tumor epithelial,Endocrine,CD3E,806.771910933077,0.03035760789137673,0.21311800223928587,1.0826396172700246,Immune
Ductal/tumor epithelial,Endothelial,CD3E,806.771910933077,-0.028821209730303894,-0.47303025610400756,1.0826396172700246,Immune
Ductal/tumor epithelial,Exocrine epithelial,CD3E,806.771910933077,0.09416583252224915,3.9183096997113114,1.0826396172700246,Immune
Ductal/tumor epithelial,Fibroblast / CAF,CD3E,806.771910933077,0.004900904539556109,0.1818105642059092,1.0826396172700246,Immune
Ductal/tumor epithelial,Immune,CD3E,806.771910933077,-0.09726511596672704,-2.6367771220907277,1.0826396172700246,Immune
Ductal/tumor epithelial,Mural / pericyte,CD3E,806.771910933077,-0.04260578733641449,-0.29167270848750204,1.0826396172700246,Immune
Ductal/tumor epithelial,Endocrine,CTLA4,460.51293779876255,0.20421279156706323,1.457000733032517,1.0,Immune
Ductal/tumor epithelial,Endothelial,CTLA4,460.51293779876255,-0.00844234460435037,-0.11072168626744325,1.0,Immune
Ductal/tumor epithelial,Exocrine epithelial,CTLA4,460.51293779876255,0.05917441627417506,1.922426990160868,1.0,Immune
Ductal/tumor epithelial,Fibroblast / CAF,CTLA4,460.51293779876255,-0.0749366621758819,-2.110571716003848,1.0,Immune
Ductal/tumor epithelial,Immune,CTLA4,460.51293779876255,0.022538404047484858,0.5210152779978493,1.0,Immune
Ductal/tumor epithelial,Mural / pericyte,CTLA4,460.51293779876255,0.037654698364975585,0.2143247904151745,1.0,Immune
Ductal/tumor epithelial,Endocrine,FKBP11,5132.399600571962,-0.14210685240423293,-1.2371961110107634,1.0,Exocrine epithelial
Ductal/tumor epithelial,Endothelial,FKBP11,5132.399600571962,-0.12129298595546692,-3.503073174839156,1.0,Exocrine epithelial
Ductal/tumor epithelial,Exocrine epithelial,FKBP11,5132.399600571962,-0.48340480641197453,-24.610574154114655,1.0,Exocrine epithelial
Ductal/tumor epithelial,Fibroblast / CAF,FKBP11,5132.399600571962,-0.01370313816855542,-1.3946048071524022,1.0,Exocrine epithelial
Ductal/tumor epithelial,Immune,FKBP11,5132.399600571962,-0.06638548347401771,-4.556443346295941,1.0,Exocrine epithelial
Ductal/tumor epithelial,Mural / pericyte,FKBP11,5132.399600571962,0.01216182532795848,0.23206155938245862,1.0,Exocrine epithelial
Ductal/tumor epithelial,Endocrine,MDM2,69182.0,-0.07306829754964689,-2.4734341432815827,1.8824661870445116,Ductal/tumor epithelial
Ductal/tumor epithelial,Endothelial,MDM2,69182.0,-0.10506660596029653,-9.655539331478492,1.8824661870445116,Ductal/tumor epithelial
Ductal/tumor epithelial,Exocrine epithelial,MDM2,69182.0,-0.13064365176382234,-30.102022172617335,1.8824661870445116,Ductal/tumor epithelial
Ductal/tumor epithelial,Fibroblast / CAF,MDM2,69182.0,-0.03841674115444651,-10.120785108741915,1.8824661870445116,Ductal/tumor epithelial
Ductal/tumor epithelial,Immune,MDM2,69182.0,-0.06769149180309161,-12.700388446921467,1.8824661870445116,Ductal/tumor epithelial
Ductal/tumor epithelial,Mural / pericyte,MDM2,69182.0,-0.07230373443014403,-3.4480413313219986,1.8824661870445116,Ductal/tumor epithelial
Ductal/tumor epithelial,Endocrine,AR,394.11483102802123,0.3154254285686706,2.7776779593096745,1.0720833071492462,Mural / pericyte
Ductal/tumor epithelial,Endothelial,AR,394.11483102802123,0.17965333589871327,2.860757764372038,1.0720833071492462,Mural / pericyte
Ductal/tumor epithelial,Exocrine epithelial,AR,394.11483102802123,0.23016639149590878,7.285930641863554,1.0720833071492462,Mural / pericyte
Ductal/tumor epithelial,Fibroblast / CAF,AR,394.11483102802123,0.046373106715029075,1.1963823897810988,1.0720833071492462,Mural / pericyte
Ductal/tumor epithelial,Immune,AR,394.11483102802123,0.15564840027647953,3.6734689480597527,1.0720833071492462,Mural / pericyte
Ductal/tumor epithelial,Mural / pericyte,AR,394.11483102802123,0.5649326392888875,4.1983721783036865,1.0720833071492462,Mural / pericyte
Ductal/tumor epithelial,Endocrine,AIF1,2139.4598339804156,-0.013831605554671361,-0.16972781160891853,1.0,Immune
Ductal/tumor epithelial,Endothelial,AIF1,2139.4598339804156,0.09659643478923598,3.260411506942733,1.0,Immune
Ductal/tumor epithelial,Exocrine epithelial,AIF1,2139.4598339804156,0.1736247303841839,13.090042799789027,1.0,Immune
Ductal/tumor epithelial,Fibroblast / CAF,AIF1,2139.4598339804156,-0.006428117035443684,-0.3953747991441248,1.0,Immune
Ductal/tumor epithelial,Immune,AIF1,2139.4598339804156,0.046121950098611045,2.397131877519158,1.0,Immune
Ductal/tumor epithelial,Mural / pericyte,AIF1,2139.4598339804156,0.0837744348288723,1.0740152851539635,1.0,Immune
Ductal/tumor epithelial,Endocrine,CD4,676.0220322567349,0.0241821381320145,0.15669926176668886,1.0,Immune
Ductal/tumor epithelial,Endothelial,CD4,676.0220322567349,0.09825681593004672,1.716137183529105,1.0,Immune
Ductal/tumor epithelial,Exocrine epithelial,CD4,676.0220322567349,0.04631261974089588,1.7796043661313337,1.0,Immune
Ductal/tumor epithelial,Fibroblast / CAF,CD4,676.0220322567349,0.027270643978059252,0.9838158339725004,1.0,Immune
Ductal/tumor epithelial,Immune,CD4,676.0220322567349,-0.025739325719473304,-0.7064973202702187,1.0,Immune
Ductal/tumor epithelial,Mural / pericyte,CD4,676.0220322567349,0.02157230051440173,0.1522755672269336,1.0,Immune
Ductal/tumor epithelial,Endocrine,SLC18A2,259.5428703043964,-0.06466265738886719,-0.27450865823980825,1.0,Endocrine
Ductal/tumor epithelial,Endothelial,SLC18A2,259.5428703043964,0.11008522848482394,1.3861406085180017,1.0,Endocrine
Ductal/tumor epithelial,Exocrine epithelial,SLC18A2,259.5428703043964,0.2800170243947149,7.542937094196636,1.0,Endocrine
Ductal/tumor epithelial,Fibroblast / CAF,SLC18A2,259.5428703043964,0.09577028706175898,2.096053929404735,1.0,Endocrine
Ductal/tumor epithelial,Immune,SLC18A2,259.5428703043964,-0.017429822860777534,-0.3093679092113161,1.0,Endocrine
Ductal/tumor epithelial,Mural / pericyte,SLC18A2,259.5428703043964,0.37219891159259766,1.9748753516472608,1.0,Endocrine
Ductal/tumor epithelial,Endocrine,SCGB2A1,903.1538474835834,0.25892737904362767,2.509726978983509,1.418235790115363,Endocrine
Ductal/tumor epithelial,Endothelial,SCGB2A1,903.1538474835834,0.2459090916060098,5.085531197905189,1.418235790115363,Endocrine
Ductal/tumor epithelial,Exocrine epithelial,SCGB2A1,903.1538474835834,0.0716112618829152,2.841696355753858,1.418235790115363,Endocrine
Ductal/tumor epithelial,Fibroblast / CAF,SCGB2A1,903.1538474835834,-0.08820346984854463,-2.9087701485076467,1.418235790115363,Endocrine
Ductal/tumor epithelial,Immune,SCGB2A1,903.1538474835834,0.19622508510456604,6.124616349939135,1.418235790115363,Endocrine
Ductal/tumor epithelial,Mural / pericyte,SCGB2A1,903.1538474835834,0.3548845894329165,3.0741866044563255,1.418235790115363,Endocrine
Ductal/tumor epithelial,Endocrine,CAV1,1738.0172248376211,-0.31255488060232034,-1.9882608173132883,1.0461549983260112,Mural / pericyte
Ductal/tumor epithelial,Endothelial,CAV1,1738.0172248376211,-0.07280864959963274,-1.7355993884917489,1.0461549983260112,Mural / pericyte
Ductal/tumor epithelial,Exocrine epithelial,CAV1,1738.0172248376211,0.07440319988091784,4.499462912219992,1.0461549983260112,Mural / pericyte
Ductal/tumor epithelial,Fibroblast / CAF,CAV1,1738.0172248376211,0.07804501257078784,4.525876543250953,1.0461549983260112,Mural / pericyte
Ductal/tumor epithelial,Immune,CAV1,1738.0172248376211,0.057915454396975055,2.65620894290684,1.0461549983260112,Mural / pericyte
Ductal/tumor epithelial,Mural / pericyte,CAV1,1738.0172248376211,-0.021037753054500192,-0.23348403882656027,1.0461549983260112,Mural / pericyte
Ductal/tumor epithelial,Endocrine,MEF2C,986.2512474198155,0.15830326117374305,1.470396492499244,1.0774128544127564,Mural / pericyte
Ductal/tumor epithelial,Endothelial,MEF2C,986.2512474198155,0.09606565232190462,1.9902168468178065,1.0774128544127564,Mural / pericyte
Ductal/tumor epithelial,Exocrine epithelial,MEF2C,986.2512474198155,0.037116996924904645,1.6608822414271396,1.0774128544127564,Mural / pericyte
Ductal/tumor epithelial,Fibroblast / CAF,MEF2C,986.2512474198155,0.0321892762904057,1.3626054891223192,1.0774128544127564,Mural / pericyte
Ductal/tumor epithelial,Immune,MEF2C,986.2512474198155,0.11552914178508668,4.08792692126521,1.0774128544127564,Mural / pericyte
Ductal/tumor epithelial,Mural / pericyte,MEF2C,986.2512474198155,-0.01242813831433612,-0.1045756542505919,1.0774128544127564,Mural / pericyte
Ductal/tumor epithelial,Endocrine,CLEC4E,620.4453601979001,0.2325742662888682,1.884062014894472,1.014441481004863,Immune
Ductal/tumor epithelial,Endothelial,CLEC4E,620.4453601979001,0.15515490741240773,2.7212695975176318,1.014441481004863,Immune
Ductal/tumor epithelial,Exocrine epithelial,CLEC4E,620.4453601979001,-0.04271241207871104,-1.4648494474172546,1.014441481004863,Immune
Ductal/tumor epithelial,Fibroblast / CAF,CLEC4E,620.4453601979001,0.044046273607840795,1.5526716359314299,1.014441481004863,Immune
Ductal/tumor epithelial,Immune,CLEC4E,620.4453601979001,0.18068835996017646,5.448230642663695,1.014441481004863,Immune
Ductal/tumor epithelial,Mural / pericyte,CLEC4E,620.4453601979001,0.0160749601775524,0.11711147725841546,1.014441481004863,Immune
Ductal/tumor epithelial,Endocrine,DST,26002.0,0.034480005806106266,1.3152672923933602,1.2756513492143204,Ductal/tumor epithelial
Ductal/tumor epithelial,Endothelial,DST,26002.0,0.04493432399693908,4.306289977594753,1.2756513492143204,Ductal/tumor epithelial
Ductal/tumor epithelial,Exocrine epithelial,DST,26002.0,0.11454745233251284,25.336625296762197,1.2756513492143204,Ductal/tumor epithelial
Ductal/tumor epithelial,Fibroblast / CAF,DST,26002.0,0.06080293538845833,12.113007974012119,1.2756513492143204,Ductal/tumor epithelial
Ductal/tumor epithelial,Immune,DST,26002.0,0.03471275040487623,5.520537282167433,1.2756513492143204,Ductal/tumor epithelial
Ductal/tumor epithelial,Mural / pericyte,DST,26002.0,0.01965516666879828,0.7720924689422218,1.2756513492143204,Ductal/tumor epithelial
Ductal/tumor epithelial,Endocrine,CD68,1329.5212258992453,-0.06057772008743572,-0.46401419678604955,1.0,Immune
Ductal/tumor epithelial,Endothelial,CD68,1329.5212258992453,0.1309415885066354,3.186858098884349,1.0,Immune
Ductal/tumor epithelial,Exocrine epithelial,CD68,1329.5212258992453,-0.021020480699850217,-1.0858379236000704,1.0,Immune
Ductal/tumor epithelial,Fibroblast / CAF,CD68,1329.5212258992453,-0.05563585651842503,-2.728036099460052,1.0,Immune
Ductal/tumor epithelial,Immune,CD68,1329.5212258992453,0.00883844944420074,0.3439639157156243,1.0,Immune
Ductal/tumor epithelial,Mural / pericyte,CD68,1329.5212258992453,0.10427013861314714,1.0724567605545008,1.0,Immune
Ductal/tumor epithelial,Endocrine,PPP1R1B,15983.0,0.08921790067577816,3.3396189920802835,1.620984431998963,Ductal/tumor epithelial
Ductal/tumor epithelial,Endothelial,PPP1R1B,15983.0,0.06459210458611588,5.213300134735711,1.620984431998963,Ductal/tumor epithelial
Ductal/tumor epithelial,Exocrine epithelial,PPP1R1B,15983.0,0.45447659298672693,76.56846925505207,1.620984431998963,Ductal/tumor epithelial
Ductal/tumor epithelial,Fibroblast / CAF,PPP1R1B,15983.0,-0.008428240025149495,-1.010466404665372,1.620984431998963,Ductal/tumor epithelial
Ductal/tumor epithelial,Immune,PPP1R1B,15983.0,-0.09117601985134514,-9.422812076391986,1.620984431998963,Ductal/tumor epithelial
Ductal/tumor epithelial,Mural / pericyte,PPP1R1B,15983.0,0.07684902634878928,1.8969375214047695,1.620984431998963,Ductal/tumor epithelial
Ductal/tumor epithelial,Endocrine,DPEP1,205.28861762489953,0.24879770696721826,1.0012256633135703,1.0,Exocrine epithelial
Ductal/tumor epithelial,Endothelial,DPEP1,205.28861762489953,0.05682458294536682,0.46360278695234686,1.0,Exocrine epithelial
Ductal/tumor epithelial,Exocrine epithelial,DPEP1,205.28861762489953,-0.24619202301814697,-3.8330643311582615,1.0,Exocrine epithelial
Ductal/tumor epithelial,Fibroblast / CAF,DPEP1,205.28861762489953,-0.05719051966196944,-1.1397279683552346,1.0,Exocrine epithelial
Ductal/tumor epithelial,Immune,DPEP1,205.28861762489953,0.09143832498601541,1.4654388110229732,1.0,Exocrine epithelial
Ductal/tumor epithelial,Mural / pericyte,DPEP1,205.28861762489953,0.3628787818505512,1.7820991103621984,1.0,Exocrine epithelial
Ductal/tumor epithelial,Endocrine,MYC,10721.83374708574,-0.649002824391672,-3.7475659982084135,1.0,Exocrine epithelial
Ductal/tumor epithelial,Endothelial,MYC,10721.83374708574,-0.17637633358265228,-6.425768263368637,1.0,Exocrine epithelial
Ductal/tumor epithelial,Exocrine epithelial,MYC,10721.83374708574,-0.834874831117552,-34.31268383909919,1.0,Exocrine epithelial
Ductal/tumor epithelial,Fibroblast / CAF,MYC,10721.83374708574,-0.01783551132066056,-2.630910437985676,1.0,Exocrine epithelial
Ductal/tumor epithelial,Immune,MYC,10721.83374708574,-0.039254009767235296,-3.9080157894484904,1.0,Exocrine epithelial
Ductal/tumor epithelial,Mural / pericyte,MYC,10721.83374708574,0.008786739526462832,0.2421183363818395,1.0,Exocrine epithelial
Ductal/tumor epithelial,Endocrine,GNLY,353.3988397505614,0.021454963048975605,0.09271449963428523,1.2443568504007383,Immune
Ductal/tumor epithelial,Endothelial,GNLY,353.3988397505614,-0.05193489812730488,-0.5311245821821133,1.2443568504007383,Immune
Ductal/tumor epithelial,Exocrine epithelial,GNLY,353.3988397505614,0.09468001834970319,2.4437009953940234,1.2443568504007383,Immune
Ductal/tumor epithelial,Fibroblast / CAF,GNLY,353.3988397505614,0.024504457705124136,0.5711513396817437,1.2443568504007383,Immune
Ductal/tumor epithelial,Immune,GNLY,353.3988397505614,0.07875001766492662,1.510236384504815,1.2443568504007383,Immune
Ductal/tumor epithelial,Mural / pericyte,GNLY,353.3988397505614,-0.02334945149585948,-0.1053346344824567,1.2443568504007383,Immune
Ductal/tumor epithelial,Endocrine,TREM2,458.498258499078,-0.06431019857451017,-0.350733177064451,1.0,Immune
Ductal/tumor epithelial,Endothelial,TREM2,458.498258499078,0.10967554699485049,1.7791612082273847,1.0,Immune
Ductal/tumor epithelial,Exocrine epithelial,TREM2,458.498258499078,0.22813257323660682,8.072552077596349,1.0,Immune
Ductal/tumor epithelial,Fibroblast / CAF,TREM2,458.498258499078,0.06699135381621138,1.9485536751648735,1.0,Immune
Ductal/tumor epithelial,Immune,TREM2,458.498258499078,-0.01112415398954904,-0.26035553437767006,1.0,Immune
Ductal/tumor epithelial,Mural / pericyte,TREM2,458.498258499078,0.09748993269666088,0.583548755823877,1.0,Immune
Ductal/tumor epithelial,Endocrine,HAVCR2,926.5557009066166,0.06882103682170505,0.5520043934579397,1.111896252907617,Immune
Ductal/tumor epithelial,Endothelial,HAVCR2,926.5557009066166,0.03182605098009504,0.6070448578321908,1.111896252907617,Immune
Ductal/tumor epithelial,Exocrine epithelial,HAVCR2,926.5557009066166,0.08777072793785985,3.8966201356382792,1.111896252907617,Immune
Ductal/tumor epithelial,Fibroblast / CAF,HAVCR2,926.5557009066166,0.009868619811677365,0.39159704361345676,1.111896252907617,Immune
Ductal/tumor epithelial,Immune,HAVCR2,926.5557009066166,0.119196749057238,4.0362444528125545,1.111896252907617,Immune
Ductal/tumor epithelial,Mural / pericyte,HAVCR2,926.5557009066166,0.06844002214424612,0.5651039914652899,1.111896252907617,Immune
Ductal/tumor epithelial,Endocrine,UBE2C,12017.0,-0.48572695630688323,-2.491776716270541,1.7546610290966387,Ductal/tumor epithelial
Ductal/tumor epithelial,Endothelial,UBE2C,12017.0,-0.27425000554103685,-6.776853217015164,1.7546610290966387,Ductal/tumor epithelial
Ductal/tumor epithelial,Exocrine epithelial,UBE2C,12017.0,-0.797877548091876,-27.320615992859445,1.7546610290966387,Ductal/tumor epithelial
Ductal/tumor epithelial,Fibroblast / CAF,UBE2C,12017.0,-0.09978439946238464,-11.128972281398202,1.7546610290966387,Ductal/tumor epithelial
Ductal/tumor epithelial,Immune,UBE2C,12017.0,-0.10068045398811175,-7.3986100742472285,1.7546610290966387,Ductal/tumor epithelial
Ductal/tumor epithelial,Mural / pericyte,UBE2C,12017.0,-0.12985702552450878,-2.4898718034075635,1.7546610290966387,Ductal/tumor epithelial
Ductal/tumor epithelial,Endocrine,RIDA,2809.4520119485533,-0.07561273465481833,-0.6343381655753231,1.0,Exocrine epithelial
Ductal/tumor epithelial,Endothelial,RIDA,2809.4520119485533,-0.0318172384207389,-0.8130498669612992,1.0,Exocrine epithelial
Ductal/tumor epithelial,Exocrine epithelial,RIDA,2809.4520119485533,-0.26504189342966994,-14.239081533652582,1.0,Exocrine epithelial
Ductal/tumor epithelial,Fibroblast / CAF,RIDA,2809.4520119485533,-0.03714923465935043,-2.7369746141032154,1.0,Exocrine epithelial
Ductal/tumor epithelial,Immune,RIDA,2809.4520119485533,-0.06543527644434753,-3.3721594954227156,1.0,Exocrine epithelial
Ductal/tumor epithelial,Mural / pericyte,RIDA,2809.4520119485533,-0.036039251242663134,-0.4912437931877528,1.0,Exocrine epithelial
Ductal/tumor epithelial,Endocrine,S100A1,1405.0,0.15013351653352722,1.7225448972304553,1.1690660586029396,Ductal/tumor epithelial
Ductal/tumor epithelial,Endothelial,S100A1,1405.0,-0.05249812593779726,-1.1362183184774832,1.1690660586029396,Ductal/tumor epithelial
Ductal/tumor epithelial,Exocrine epithelial,S100A1,1405.0,0.17041371006360412,9.506943938794064,1.1690660586029396,Ductal/tumor epithelial
Ductal/tumor epithelial,Fibroblast / CAF,S100A1,1405.0,0.02225954108289461,1.042569991897396,1.1690660586029396,Ductal/tumor epithelial
Ductal/tumor epithelial,Immune,S100A1,1405.0,-0.051004301553170366,-1.8392877361831246,1.1690660586029396,Ductal/tumor epithelial
Ductal/tumor epithelial,Mural / pericyte,S100A1,1405.0,-0.08697424276671314,-0.7400089910733505,1.1690660586029396,Ductal/tumor epithelial
Ductal/tumor epithelial,Endocrine,RAPGEF3,763.2318989398766,-0.11537438543362244,-0.6194841234739717,1.0,Endothelial
Ductal/tumor epithelial,Endothelial,RAPGEF3,763.2318989398766,-0.10143368980765043,-1.5331596977777526,1.0,Endothelial
Ductal/tumor epithelial,Exocrine epithelial,RAPGEF3,763.2318989398766,0.020997820139242323,0.8260150628162741,1.0,Endothelial
Ductal/tumor epithelial,Fibroblast / CAF,RAPGEF3,763.2318989398766,0.027158833701021935,1.0528452573100178,1.0,Endothelial
Ductal/tumor epithelial,Immune,RAPGEF3,763.2318989398766,0.04032549421721322,1.2215025841019096,1.0,Endothelial
Ductal/tumor epithelial,Mural / pericyte,RAPGEF3,763.2318989398766,-0.03546253784474234,-0.2599535483138859,1.0,Endothelial
Ductal/tumor epithelial,Endocrine,GPRC5A,91207.0,-0.801777616765595,-6.515925956282105,2.4014997526435096,Ductal/tumor epithelial
Ductal/tumor epithelial,Endothelial,GPRC5A,91207.0,-0.3729415584695689,-19.50380089590913,2.4014997526435096,Ductal/tumor epithelial
Ductal/tumor epithelial,Exocrine epithelial,GPRC5A,91207.0,-1.1175744709318,-52.32836168198386,2.4014997526435096,Ductal/tumor epithelial
Ductal/tumor epithelial,Fibroblast / CAF,GPRC5A,91207.0,-0.007472963051387919,-2.0745301661324644,2.4014997526435096,Ductal/tumor epithelial
Ductal/tumor epithelial,Immune,GPRC5A,91207.0,-0.11601424707595283,-20.113445992709647,2.4014997526435096,Ductal/tumor epithelial
Ductal/tumor epithelial,Mural / pericyte,GPRC5A,91207.0,-0.03732350328887296,-1.8296062596437739,2.4014997526435096,Ductal/tumor epithelial
Ductal/tumor epithelial,Endocrine,IL2RA,819.2709689764691,-0.43861777356483617,-1.5424285609933666,1.0299852390526327,Immune
Ductal/tumor epithelial,Endothelial,IL2RA,819.2709689764691,0.10697539870226336,1.9660735099027145,1.0299852390526327,Immune
Ductal/tumor epithelial,Exocrine epithelial,IL2RA,819.2709689764691,-0.020307413254248986,-0.7910385136237683,1.0299852390526327,Immune
Ductal/tumor epithelial,Fibroblast / CAF,IL2RA,819.2709689764691,0.04847759225381069,1.9386499097684402,1.0299852390526327,Immune
Ductal/tumor epithelial,Immune,IL2RA,819.2709689764691,-0.01509081057646896,-0.4508917340206295,1.0299852390526327,Immune
Ductal/tumor epithelial,Mural / pericyte,IL2RA,819.2709689764691,-0.021536019720292805,-0.16393976856082976,1.0299852390526327,Immune
Ductal/tumor epithelial,Endocrine,PLAC9,485.4225141614486,-0.029465747505379534,-0.13453955003073445,1.0512652288072806,Mural / pericyte
Ductal/tumor epithelial,Endothelial,PLAC9,485.4225141614486,-0.0935067553751054,-1.0748922978379183,1.0512652288072806,Mural / pericyte
Ductal/tumor epithelial,Exocrine epithelial,PLAC9,485.4225141614486,-0.02579468363332613,-0.7621086878448455,1.0512652288072806,Mural / pericyte
Ductal/tumor epithelial,Fibroblast / CAF,PLAC9,485.4225141614486,-0.03673056332480381,-1.0801121485127632,1.0512652288072806,Mural / pericyte
Ductal/tumor epithelial,Immune,PLAC9,485.4225141614486,0.043422122265380295,1.014947449312475,1.0512652288072806,Mural / pericyte
Ductal/tumor epithelial,Mural / pericyte,PLAC9,485.4225141614486,0.13093770382422795,0.8093544035080124,1.0512652288072806,Mural / pericyte
Ductal/tumor epithelial,Endocrine,PPARG,9473.0,-0.33034384137753314,-2.2495344378935274,1.4781409936634222,Ductal/tumor epithelial
Ductal/tumor epithelial,Endothelial,PPARG,9473.0,-0.25423456356736573,-6.634744647761517,1.4781409936634222,Ductal/tumor epithelial
Ductal/tumor epithelial,Exocrine epithelial,PPARG,9473.0,-0.5357076133435469,-27.31009590795338,1.4781409936634222,Ductal/tumor epithelial
Ductal/tumor epithelial,Fibroblast / CAF,PPARG,9473.0,-0.07359771112187236,-8.04323357640378,1.4781409936634222,Ductal/tumor epithelial
Ductal/tumor epithelial,Immune,PPARG,9473.0,-0.12808898867404753,-9.055189903914778,1.4781409936634222,Ductal/tumor epithelial
Ductal/tumor epithelial,Mural / pericyte,PPARG,9473.0,-0.16783780883754473,-3.0641473018196232,1.4781409936634222,Ductal/tumor epithelial
Ductal/tumor epithelial,Endocrine,LILRA4,298.8691409080152,-0.3566638433527598,-0.856976905253405,1.0395558084922685,Immune
Ductal/tumor epithelial,Endothelial,LILRA4,298.8691409080152,0.07540787960208332,0.8199516281902189,1.0395558084922685,Immune
Ductal/tumor epithelial,Exocrine epithelial,LILRA4,298.8691409080152,-0.0011832075082556864,-0.02880128502965001,1.0395558084922685,Immune
Ductal/tumor epithelial,Fibroblast / CAF,LILRA4,298.8691409080152,-0.0312895306047637,-0.7231459224594345,1.0395558084922685,Immune
Ductal/tumor epithelial,Immune,LILRA4,298.8691409080152,0.06293611694068615,1.1841087365639469,1.0395558084922685,Immune
Ductal/tumor epithelial,Mural / pericyte,LILRA4,298.8691409080152,-0.14403061460054462,-0.6065090582276896,1.0395558084922685,Immune
Ductal/tumor epithelial,Endocrine,MTRNR2L11,2494.0,0.1479653724611433,2.2212658651960884,1.1843845111008942,Ductal/tumor epithelial
Ductal/tumor epithelial,Endothelial,MTRNR2L11,2494.0,0.1284790919533869,4.297374653923338,1.1843845111008942,Ductal/tumor epithelial
Ductal/tumor epithelial,Exocrine epithelial,MTRNR2L11,2494.0,0.13322845164033814,9.712767653354078,1.1843845111008942,Ductal/tumor epithelial
Ductal/tumor epithelial,Fibroblast / CAF,MTRNR2L11,2494.0,0.008586348856197459,0.5309002988985202,1.1843845111008942,Ductal/tumor epithelial
Ductal/tumor epithelial,Immune,MTRNR2L11,2494.0,-0.01943954790782552,-0.9530218823812968,1.1843845111008942,Ductal/tumor epithelial
Ductal/tumor epithelial,Mural / pericyte,MTRNR2L11,2494.0,-0.014862081176963552,-0.1780231748704488,1.1843845111008942,Ductal/tumor epithelial
Ductal/tumor epithelial,Endocrine,KLRD1,368.8196368433526,0.18682510736317218,1.1885166760118222,1.0,Immune
Ductal/tumor epithelial,Endothelial,KLRD1,368.8196368433526,0.02777337904842682,0.3447617512130759,1.0,Immune
Ductal/tumor epithelial,Exocrine epithelial,KLRD1,368.8196368433526,0.0930345096689636,2.7355893948452006,1.0,Immune
Ductal/tumor epithelial,Fibroblast / CAF,KLRD1,368.8196368433526,0.016385967624665293,0.4310105661274919,1.0,Immune
Ductal/tumor epithelial,Immune,KLRD1,368.8196368433526,-0.024627499790823203,-0.5008003997819859,1.0,Immune
Ductal/tumor epithelial,Mural / pericyte,KLRD1,368.8196368433526,0.11405318928155643,0.6187242472648694,1.0,Immune
Ductal/tumor epithelial,Endocrine,MS4A1,459.07807890898204,-0.03821218237744438,-0.17522668187867368,1.098586685358906,Immune
Ductal/tumor epithelial,Endothelial,MS4A1,459.07807890898204,-0.009049001067690222,-0.11098019847013996,1.098586685358906,Immune
Ductal/tumor epithelial,Exocrine epithelial,MS4A1,459.07807890898204,0.04222651622885045,1.2777468122080136,1.098586685358906,Immune
Ductal/tumor epithelial,Fibroblast / CAF,MS4A1,459.07807890898204,-0.03456028920655109,-0.952029285206275,1.098586685358906,Immune
Ductal/tumor epithelial,Immune,MS4A1,459.07807890898204,0.00978376911858049,0.21316327923187336,1.098586685358906,Immune
Ductal/tumor epithelial,Mural / pericyte,MS4A1,459.07807890898204,-0.19279896087778037,-0.9260327453526995,1.098586685358906,Immune
Ductal/tumor epithelial,Endocrine,C1orf194,1515.0,-0.0763876638706911,-0.3933064878694088,1.377843785617253,Ductal/tumor epithelial
Ductal/tumor epithelial,Endothelial,C1orf194,1515.0,-0.17354049690526027,-2.3410162882877814,1.377843785617253,Ductal/tumor epithelial
Ductal/tumor epithelial,Exocrine epithelial,C1orf194,1515.0,-0.24693474257189946,-8.550690358895165,1.377843785617253,Ductal/tumor epithelial
Ductal/tumor epithelial,Fibroblast / CAF,C1orf194,1515.0,-0.18219091605074353,-7.626441537202671,1.377843785617253,Ductal/tumor epithelial
Ductal/tumor epithelial,Immune,C1orf194,1515.0,-0.04973517604757852,-1.5709671518963284,1.377843785617253,Ductal/tumor epithelial
Ductal/tumor epithelial,Mural / pericyte,C1orf194,1515.0,-0.02627735242553422,-0.21142070072781935,1.377843785617253,Ductal/tumor epithelial
Ductal/tumor epithelial,Endocrine,PTN,565.4754197022287,0.18238394473600547,1.5040234202026008,1.1202020635886893,Mural / pericyte
Ductal/tumor epithelial,Endothelial,PTN,565.4754197022287,0.21586218250366512,4.175549832121958,1.1202020635886893,Mural / pericyte
Ductal/tumor epithelial,Exocrine epithelial,PTN,565.4754197022287,0.22177925969056167,8.10800719323504,1.1202020635886893,Mural / pericyte
Ductal/tumor epithelial,Fibroblast / CAF,PTN,565.4754197022287,0.14905812665286,4.681505299096688,1.1202020635886893,Mural / pericyte
Ductal/tumor epithelial,Immune,PTN,565.4754197022287,0.3043864237578839,9.083562683030548,1.1202020635886893,Mural / pericyte
Ductal/tumor epithelial,Mural / pericyte,PTN,565.4754197022287,0.03238283505028419,0.2200192592633609,1.1202020635886893,Mural / pericyte
Ductal/tumor epithelial,Endocrine,EPCAM,95313.0,-0.05292545067936686,-2.9803878138667854,1.227518936205312,Ductal/tumor epithelial
Ductal/tumor epithelial,Endothelial,EPCAM,95313.0,-0.08456939305775026,-12.326777154758647,1.227518936205312,Ductal/tumor epithelial
Ductal/tumor epithelial,Exocrine epithelial,EPCAM,95313.0,-0.02319430379020103,-8.848829520519498,1.227518936205312,Ductal/tumor epithelial
Ductal/tumor epithelial,Fibroblast / CAF,EPCAM,95313.0,-0.04740048272529543,-17.801778506937282,1.227518936205312,Ductal/tumor epithelial
Ductal/tumor epithelial,Immune,EPCAM,95313.0,-0.07925382368167593,-21.65898064937195,1.227518936205312,Ductal/tumor epithelial
Ductal/tumor epithelial,Mural / pericyte,EPCAM,95313.0,-0.08933549267332737,-6.04438668952191,1.227518936205312,Ductal/tumor epithelial
Ductal/tumor epithelial,Endocrine,SNCG,337.38829507151684,0.05699149317984117,0.20866599451075218,1.0856910137381752,Mural / pericyte
Ductal/tumor epithelial,Endothelial,SNCG,337.38829507151684,-0.3122164025312167,-2.26293102747947,1.0856910137381752,Mural / pericyte
Ductal/tumor epithelial,Exocrine epithelial,SNCG,337.38829507151684,-0.17503495970790325,-3.2539002917585527,1.0856910137381752,Mural / pericyte
Ductal/tumor epithelial,Fibroblast / CAF,SNCG,337.38829507151684,0.2229102645592977,5.979412937706942,1.0856910137381752,Mural / pericyte
Ductal/tumor epithelial,Immune,SNCG,337.38829507151684,0.09765874358025599,1.9772263776024088,1.0856910137381752,Mural / pericyte
Ductal/tumor epithelial,Mural / pericyte,SNCG,337.38829507151684,-0.29911923763722215,-1.3326968036092843,1.0856910137381752,Mural / pericyte
Ductal/tumor epithelial,Endocrine,CD1C,314.2971307608474,-0.2533950771198805,-0.6894182691031451,1.0,Immune
Ductal/tumor epithelial,Endothelial,CD1C,314.2971307608474,0.1674515562103959,2.0163333645754355,1.0,Immune
Ductal/tumor epithelial,Exocrine epithelial,CD1C,314.2971307608474,-0.09782478359075762,-2.3087330676789333,1.0,Immune
Ductal/tumor epithelial,Fibroblast / CAF,CD1C,314.2971307608474,-0.06441013022446981,-1.555687814757198,1.0,Immune
Ductal/tumor epithelial,Immune,CD1C,314.2971307608474,0.1260449134946357,2.582418637430434,1.0,Immune
Ductal/tumor epithelial,Mural / pericyte,CD1C,314.2971307608474,0.024140286314647267,0.12043375741472448,1.0,Immune
Ductal/tumor epithelial,Endocrine,ALDH1A3,2711.0356650863037,-0.007526919075086057,-0.09373749093205516,1.0,Fibroblast / CAF
Ductal/tumor epithelial,Endothelial,ALDH1A3,2711.0356650863037,0.04324124648416322,1.4637750281525304,1.0,Fibroblast / CAF
Ductal/tumor epithelial,Exocrine epithelial,ALDH1A3,2711.0356650863037,0.062122912506936946,4.799684730207668,1.0,Fibroblast / CAF
Ductal/tumor epithelial,Fibroblast / CAF,ALDH1A3,2711.0356650863037,0.08336968559120535,6.177095826167739,1.0,Fibroblast / CAF
Ductal/tumor epithelial,Immune,ALDH1A3,2711.0356650863037,0.05519691977901774,3.23061029241267,1.0,Fibroblast / CAF
Ductal/tumor epithelial,Mural / pericyte,ALDH1A3,2711.0356650863037,-0.2549194746818414,-3.1911229744669862,1.0,Fibroblast / CAF
Ductal/tumor epithelial,Endocrine,GEM,3206.2689020862053,-0.046302419142804745,-0.4193187234729341,1.0871971880460813,Fibroblast / CAF
Ductal/tumor epithelial,Endothelial,GEM,3206.2689020862053,-0.09123188744498456,-2.3217317261044963,1.0871971880460813,Fibroblast / CAF
Ductal/tumor epithelial,Exocrine epithelial,GEM,3206.2689020862053,-0.27497329291077544,-14.749293655842857,1.0871971880460813,Fibroblast / CAF
Ductal/tumor epithelial,Fibroblast / CAF,GEM,3206.2689020862053,0.015531355493005557,1.2123302229838273,1.0871971880460813,Fibroblast / CAF
Ductal/tumor epithelial,Immune,GEM,3206.2689020862053,0.015820583406790805,0.9021549806789682,1.0871971880460813,Fibroblast / CAF
Ductal/tumor epithelial,Mural / pericyte,GEM,3206.2689020862053,0.11945462209708822,1.9058144366228784,1.0871971880460813,Fibroblast / CAF
Ductal/tumor epithelial,Endocrine,C5orf46,3929.0,0.019966966392348403,0.23390281176283306,1.6573378026898224,Ductal/tumor epithelial
Ductal/tumor epithelial,Endothelial,C5orf46,3929.0,0.10655685986077756,3.691203536084512,1.6573378026898224,Ductal/tumor epithelial
Ductal/tumor epithelial,Exocrine epithelial,C5orf46,3929.0,0.03714083334070744,2.440026184168353,1.6573378026898224,Ductal/tumor epithelial
Ductal/tumor epithelial,Fibroblast / CAF,C5orf46,3929.0,0.3614173362289768,25.857716054169472,1.6573378026898224,Ductal/tumor epithelial
Ductal/tumor epithelial,Immune,C5orf46,3929.0,0.2119784800613168,13.199944183416962,1.6573378026898224,Ductal/tumor epithelial
Ductal/tumor epithelial,Mural / pericyte,C5orf46,3929.0,0.12889696939706072,2.1677393632933386,1.6573378026898224,Ductal/tumor epithelial
Ductal/tumor epithelial,Endocrine,MAMDC2,387.3872258525298,0.18351556366308827,1.0577159602422077,1.0,Mural / pericyte
Ductal/tumor epithelial,Endothelial,MAMDC2,387.3872258525298,-0.0068400853836662005,-0.0781166314709125,1.0,Mural / pericyte
Ductal/tumor epithelial,Exocrine epithelial,MAMDC2,387.3872258525298,-0.03198730638459324,-0.8536968110072926,1.0,Mural / pericyte
Ductal/tumor epithelial,Fibroblast / CAF,MAMDC2,387.3872258525298,0.03882003893451963,1.0819346633365723,1.0,Mural / pericyte
Ductal/tumor epithelial,Immune,MAMDC2,387.3872258525298,-0.005836816371996889,-0.12177361610908875,1.0,Mural / pericyte
Ductal/tumor epithelial,Mural / pericyte,MAMDC2,387.3872258525298,-0.02205079936346019,-0.11650230493323091,1.0,Mural / pericyte
Ductal/tumor epithelial,Endocrine,GKN2,218.24961913927245,0.10525710360590242,0.445682423973707,1.0202189093172571,Mural / pericyte
Ductal/tumor epithelial,Endothelial,GKN2,218.24961913927245,-0.08366565793664768,-0.7230300692056807,1.0202189093172571,Mural / pericyte
Ductal/tumor epithelial,Exocrine epithelial,GKN2,218.24961913927245,0.07483297315201222,1.6658709053620913,1.0202189093172571,Mural / pericyte
Ductal/tumor epithelial,Fibroblast / CAF,GKN2,218.24961913927245,-0.06377556316786198,-1.2457904133508237,1.0202189093172571,Mural / pericyte
Ductal/tumor epithelial,Immune,GKN2,218.24961913927245,0.11146023757417961,1.901310004428496,1.0202189093172571,Mural / pericyte
Ductal/tumor epithelial,Mural / pericyte,GKN2,218.24961913927245,0.6087824531365033,3.4438440026469257,1.0202189093172571,Mural / pericyte
Ductal/tumor epithelial,Endocrine,SERPINB9,7262.247043272141,-0.3800483008352186,-2.9642559942233495,1.2084635156723031,Immune
Ductal/tumor epithelial,Endothelial,SERPINB9,7262.247043272141,-0.17282107691128995,-5.597941778201971,1.2084635156723031,Immune
Ductal/tumor epithelial,Exocrine epithelial,SERPINB9,7262.247043272141,-0.2943262324126654,-21.222635697698767,1.2084635156723031,Immune
Ductal/tumor epithelial,Fibroblast / CAF,SERPINB9,7262.247043272141,0.05683632296313941,6.438084523868022,1.2084635156723031,Immune
Ductal/tumor epithelial,Immune,SERPINB9,7262.247043272141,-0.03904299727812412,-3.0301859020965947,1.2084635156723031,Immune
Ductal/tumor epithelial,Mural / pericyte,SERPINB9,7262.247043272141,-0.15571645273992013,-3.0108803304030425,1.2084635156723031,Immune
Ductal/tumor epithelial,Endocrine,MEST,6706.73364347449,-0.025071952890121995,-0.410829087704494,1.0,Fibroblast / CAF
Ductal/tumor epithelial,Endothelial,MEST,6706.73364347449,-0.00946151078001673,-0.42218501335025865,1.0,Fibroblast / CAF
Ductal/tumor epithelial,Exocrine epithelial,MEST,6706.73364347449,-0.09568967099705578,-10.012178694724957,1.0,Fibroblast / CAF
Ductal/tumor epithelial,Fibroblast / CAF,MEST,6706.73364347449,-0.050002337613768495,-5.574116020327799,1.0,Fibroblast / CAF
Ductal/tumor epithelial,Immune,MEST,6706.73364347449,-0.03866633697348784,-3.198497196824682,1.0,Fibroblast / CAF
Ductal/tumor epithelial,Mural / pericyte,MEST,6706.73364347449,-0.0229942651769632,-0.4856239243067043,1.0,Fibroblast / CAF
Ductal/tumor epithelial,Endocrine,STEAP4,2468.99210064798,0.11297474241242218,1.4070453353834833,1.26217387331427,Endothelial
Ductal/tumor epithelial,Endothelial,STEAP4,2468.99210064798,0.12316466310164828,3.772517859749477,1.26217387331427,Endothelial
Ductal/tumor epithelial,Exocrine epithelial,STEAP4,2468.99210064798,-0.0059475674361124855,-0.385420228759159,1.26217387331427,Endothelial
Ductal/tumor epithelial,Fibroblast / CAF,STEAP4,2468.99210064798,-0.08037641428918631,-4.752287809408598,1.26217387331427,Endothelial
Ductal/tumor epithelial,Immune,STEAP4,2468.99210064798,0.1888520305371163,10.142732909218882,1.26217387331427,Endothelial
Ductal/tumor epithelial,Mural / pericyte,STEAP4,2468.99210064798,0.10757120040917054,1.410395726497776,1.26217387331427,Endothelial
Ductal/tumor epithelial,Endocrine,FGFBP1,1282.0,-0.026389312542677595,-0.13111919967758973,1.3482574449125355,Ductal/tumor epithelial
Ductal/tumor epithelial,Endothelial,FGFBP1,1282.0,-0.18704643923403322,-2.2630393073210695,1.3482574449125355,Ductal/tumor epithelial
Ductal/tumor epithelial,Exocrine epithelial,FGFBP1,1282.0,-0.2728913142011784,-8.279362132441296,1.3482574449125355,Ductal/tumor epithelial
Ductal/tumor epithelial,Fibroblast / CAF,FGFBP1,1282.0,-0.11343760974832551,-4.615355894341764,1.3482574449125355,Ductal/tumor epithelial
Ductal/tumor epithelial,Immune,FGFBP1,1282.0,-0.12117838083273516,-3.37423125078635,1.3482574449125355,Ductal/tumor epithelial
Ductal/tumor epithelial,Mural / pericyte,FGFBP1,1282.0,-0.11096375147298365,-0.7956366004845196,1.3482574449125355,Ductal/tumor epithelial
Ductal/tumor epithelial,Endocrine,TMEM52B,223.3653089720463,0.3549064360829428,2.175060798483768,1.111164312186238,Immune
Ductal/tumor epithelial,Endothelial,TMEM52B,223.3653089720463,0.10102793168168187,0.9882660723010037,1.111164312186238,Immune
Ductal/tumor epithelial,Exocrine epithelial,TMEM52B,223.3653089720463,0.08601878036281192,1.8648763016911336,1.111164312186238,Immune
Ductal/tumor epithelial,Fibroblast / CAF,TMEM52B,223.3653089720463,0.038669364771082536,0.7564016088832235,1.111164312186238,Immune
Ductal/tumor epithelial,Immune,TMEM52B,223.3653089720463,-0.03733173397708568,-0.5549221057176248,1.111164312186238,Immune
Ductal/tumor epithelial,Mural / pericyte,TMEM52B,223.3653089720463,-0.2634495759944729,-0.8575026609799956,1.111164312186238,Immune
Ductal/tumor epithelial,Endocrine,MET,19676.0,-0.23601620906142076,-3.7964467396840416,1.2896700252696534,Ductal/tumor epithelial
Ductal/tumor epithelial,Endothelial,MET,19676.0,-0.071491344247945,-4.253927589664292,1.2896700252696534,Ductal/tumor epithelial
Ductal/tumor epithelial,Exocrine epithelial,MET,19676.0,-0.24999855120631503,-31.81483856930061,1.2896700252696534,Ductal/tumor epithelial
Ductal/tumor epithelial,Fibroblast / CAF,MET,19676.0,0.0029828078642858066,0.5257423583776096,1.2896700252696534,Ductal/tumor epithelial
Ductal/tumor epithelial,Immune,MET,19676.0,0.028769693912640525,3.7610666589777826,1.2896700252696534,Ductal/tumor epithelial
Ductal/tumor epithelial,Mural / pericyte,MET,19676.0,0.027206921066009103,0.934376156471255,1.2896700252696534,Ductal/tumor epithelial
Ductal/tumor epithelial,Endocrine,RGS16,618.1882644114136,-0.1728675986814162,-0.7395562228010794,1.0,Fibroblast / CAF
Ductal/tumor epithelial,Endothelial,RGS16,618.1882644114136,-0.08471185008045715,-1.1250667275334663,1.0,Fibroblast / CAF
Ductal/tumor epithelial,Exocrine epithelial,RGS16,618.1882644114136,-0.020419713949619448,-0.696264443343292,1.0,Fibroblast / CAF
Ductal/tumor epithelial,Fibroblast / CAF,RGS16,618.1882644114136,-0.010958109724484626,-0.3764879257708428,1.0,Fibroblast / CAF
Ductal/tumor epithelial,Immune,RGS16,618.1882644114136,-0.00639845803339558,-0.16665615118083837,1.0,Fibroblast / CAF
Ductal/tumor epithelial,Mural / pericyte,RGS16,618.1882644114136,-0.03514360457936447,-0.2266447143925374,1.0,Fibroblast / CAF
Ductal/tumor epithelial,Endocrine,CCR7,573.0874125761202,0.20017719870404466,1.7944119072539175,1.086487236691514,Immune
Ductal/tumor epithelial,Endothelial,CCR7,573.0874125761202,0.02750388664325189,0.4551516178767395,1.086487236691514,Immune
Ductal/tumor epithelial,Exocrine epithelial,CCR7,573.0874125761202,0.25562992386453326,9.900122577808808,1.086487236691514,Immune
Ductal/tumor epithelial,Fibroblast / CAF,CCR7,573.0874125761202,-0.016523080639730695,-0.491409562418523,1.086487236691514,Immune
Ductal/tumor epithelial,Immune,CCR7,573.0874125761202,0.056220852904639795,1.4692870500861948,1.086487236691514,Immune
Ductal/tumor epithelial,Mural / pericyte,CCR7,573.0874125761202,0.19054063894558862,1.264110336307758,1.086487236691514,Immune
Ductal/tumor epithelial,Endocrine,EGFL7,907.9127874230167,-0.20236682848550613,-0.9025832398801809,1.1306809664259914,Endothelial
Ductal/tumor epithelial,Endothelial,EGFL7,907.9127874230167,-0.15812958716869663,-2.1527271364119684,1.1306809664259914,Endothelial
Ductal/tumor epithelial,Exocrine epithelial,EGFL7,907.9127874230167,-0.04883104367698357,-1.809844668273197,1.1306809664259914,Endothelial
Ductal/tumor epithelial,Fibroblast / CAF,EGFL7,907.9127874230167,-0.002637990452073952,-0.10392310726833841,1.1306809664259914,Endothelial
Ductal/tumor epithelial,Immune,EGFL7,907.9127874230167,-0.07400161371284796,-2.0704599294398074,1.1306809664259914,Endothelial
Ductal/tumor epithelial,Mural / pericyte,EGFL7,907.9127874230167,-0.02435655390499674,-0.17712367536619464,1.1306809664259914,Endothelial
Ductal/tumor epithelial,Endocrine,TNFRSF9,1007.353952187403,-0.27878928992872637,-1.1730495062300348,1.0,Immune
Ductal/tumor epithelial,Endothelial,TNFRSF9,1007.353952187403,-0.2692884915172135,-3.587056505353293,1.0,Immune
Ductal/tumor epithelial,Exocrine epithelial,TNFRSF9,1007.353952187403,-0.11606158360529126,-4.362841547569522,1.0,Immune
Ductal/tumor epithelial,Fibroblast / CAF,TNFRSF9,1007.353952187403,0.031622627401618114,1.435557006450942,1.0,Immune
Ductal/tumor epithelial,Immune,TNFRSF9,1007.353952187403,-0.03010108087981314,-0.9757477733027293,1.0,Immune
Ductal/tumor epithelial,Mural / pericyte,TNFRSF9,1007.353952187403,0.1299090034755444,1.1884198627234113,1.0,Immune
Ductal/tumor epithelial,Endocrine,ANPEP,2706.706940146686,0.21364583821867913,3.491493119915851,1.348159789863191,Exocrine epithelial
Ductal/tumor epithelial,Endothelial,ANPEP,2706.706940146686,0.3631601768463287,15.535970984691089,1.348159789863191,Exocrine epithelial
Ductal/tumor epithelial,Exocrine epithelial,ANPEP,2706.706940146686,0.09665347438301046,6.833341969568495,1.348159789863191,Exocrine epithelial
Ductal/tumor epithelial,Fibroblast / CAF,ANPEP,2706.706940146686,0.043950015908645716,2.727726137984074,1.348159789863191,Exocrine epithelial
Ductal/tumor epithelial,Immune,ANPEP,2706.706940146686,0.4326683164332771,27.0075130886722,1.348159789863191,Exocrine epithelial
Ductal/tumor epithelial,Mural / pericyte,ANPEP,2706.706940146686,0.26410434407720274,4.330489963091528,1.348159789863191,Exocrine epithelial
Ductal/tumor epithelial,Endocrine,KIT,1083.0203614500113,0.09087861621164758,0.9076111841251157,1.3252181035814952,Immune
Ductal/tumor epithelial,Endothelial,KIT,1083.0203614500113,0.2275301060150237,5.883772092765906,1.3252181035814952,Immune
Ductal/tumor epithelial,Exocrine epithelial,KIT,1083.0203614500113,0.3356929720692018,16.117497469520018,1.3252181035814952,Immune
Ductal/tumor epithelial,Fibroblast / CAF,KIT,1083.0203614500113,0.046001081619362186,1.7097262920853908,1.3252181035814952,Immune
Ductal/tumor epithelial,Immune,KIT,1083.0203614500113,0.2040706790316543,7.373527903350571,1.3252181035814952,Immune
Ductal/tumor epithelial,Mural / pericyte,KIT,1083.0203614500113,0.2576887890665137,2.3174006177698865,1.3252181035814952,Immune
Ductal/tumor epithelial,Endocrine,TBX3,1672.694803237127,-0.2433525757855301,-1.0064429119947493,1.1079268090116787,Mural / pericyte
Ductal/tumor epithelial,Endothelial,TBX3,1672.694803237127,-0.1293733657751528,-2.0377656473334094,1.1079268090116787,Mural / pericyte
Ductal/tumor epithelial,Exocrine epithelial,TBX3,1672.694803237127,-0.48472904481755974,-13.196969501810395,1.1079268090116787,Mural / pericyte
Ductal/tumor epithelial,Fibroblast / CAF,TBX3,1672.694803237127,0.03393803792019164,1.9184525040674942,1.1079268090116787,Mural / pericyte
Ductal/tumor epithelial,Immune,TBX3,1672.694803237127,-0.05803907143652717,-2.1960849290206332,1.1079268090116787,Mural / pericyte
Ductal/tumor epithelial,Mural / pericyte,TBX3,1672.694803237127,-0.026876257550188323,-0.27785772440445616,1.1079268090116787,Mural / pericyte
Ductal/tumor epithelial,Endocrine,MKI67,19374.0,-0.39195626005572887,-2.2520916546291367,2.479111057542803,Ductal/tumor epithelial
Ductal/tumor epithelial,Endothelial,MKI67,19374.0,-0.3118777184031638,-7.496077588734273,2.479111057542803,Ductal/tumor epithelial
Ductal/tumor epithelial,Exocrine epithelial,MKI67,19374.0,-0.8247714121157698,-28.532026933618383,2.479111057542803,Ductal/tumor epithelial
Ductal/tumor epithelial,Fibroblast / CAF,MKI67,19374.0,-0.1625078424018393,-18.41267992666575,2.479111057542803,Ductal/tumor epithelial
Ductal/tumor epithelial,Immune,MKI67,19374.0,-0.15786605909493184,-11.56134708181548,2.479111057542803,Ductal/tumor epithelial
Ductal/tumor epithelial,Mural / pericyte,MKI67,19374.0,-0.13624179655931698,-2.6546767014076798,2.479111057542803,Ductal/tumor epithelial
Ductal/tumor epithelial,Endocrine,MPEG1,820.0576396712215,0.22492535101735886,2.3962448052554004,1.0,Immune
Ductal/tumor epithelial,Endothelial,MPEG1,820.0576396712215,0.15349225275852055,3.3072358027033015,1.0,Immune
Ductal/tumor epithelial,Exocrine epithelial,MPEG1,820.0576396712215,0.14349624276708936,6.5408324634118955,1.0,Immune
Ductal/tumor epithelial,Fibroblast / CAF,MPEG1,820.0576396712215,0.030358846786440366,1.1804081165870328,1.0,Immune
Ductal/tumor epithelial,Immune,MPEG1,820.0576396712215,-0.04872167387054442,-1.4714464227324022,1.0,Immune
Ductal/tumor epithelial,Mural / pericyte,MPEG1,820.0576396712215,0.2034589509159846,1.7323214101944795,1.0,Immune
Ductal/tumor epithelial,Endocrine,CYP2A7,814.366564931394,0.12523982779721488,1.084099412078123,1.0,Exocrine epithelial
Ductal/tumor epithelial,Endothelial,CYP2A7,814.366564931394,-0.018818210847036405,-0.3305800269786274,1.0,Exocrine epithelial
Ductal/tumor epithelial,Exocrine epithelial,CYP2A7,814.366564931394,0.09541492611676913,4.24074566256079,1.0,Exocrine epithelial
Ductal/tumor epithelial,Fibroblast / CAF,CYP2A7,814.366564931394,-0.09137277669555463,-3.3579854664873077,1.0,Exocrine epithelial
Ductal/tumor epithelial,Immune,CYP2A7,814.366564931394,-0.006157006873383457,-0.18558232325843926,1.0,Exocrine epithelial
Ductal/tumor epithelial,Mural / pericyte,CYP2A7,814.366564931394,0.09352721908396164,0.7168102086984522,1.0,Exocrine epithelial
Ductal/tumor epithelial,Endocrine,CFTR,112115.30296841584,0.12018161420908978,7.354979888695853,5.408763311704326,Exocrine epithelial
Ductal/tumor epithelial,Endothelial,CFTR,112115.30296841584,0.11439272976425491,15.117559950903313,5.408763311704326,Exocrine epithelial
Ductal/tumor epithelial,Exocrine epithelial,CFTR,112115.30296841584,0.6959056549929699,145.00875974044794,5.408763311704326,Exocrine epithelial
Ductal/tumor epithelial,Fibroblast / CAF,CFTR,112115.30296841584,0.1303060632038077,22.75189352193062,5.408763311704326,Exocrine epithelial
Ductal/tumor epithelial,Immune,CFTR,112115.30296841584,0.07868909843163435,13.397538669391235,5.408763311704326,Exocrine epithelial
Ductal/tumor epithelial,Mural / pericyte,CFTR,112115.30296841584,0.15172221775631023,5.662815376581386,5.408763311704326,Exocrine epithelial
Ductal/tumor epithelial,Endocrine,CLECL1,528.8220941654718,-0.0018324009974756649,-0.01020522054803789,1.0649385854634463,Immune
Ductal/tumor epithelial,Endothelial,CLECL1,528.8220941654718,0.09762514322074421,1.507599992980816,1.0649385854634463,Immune
Ductal/tumor epithelial,Exocrine epithelial,CLECL1,528.8220941654718,0.0811877304653921,2.781612200397118,1.0649385854634463,Immune
Ductal/tumor epithelial,Fibroblast / CAF,CLECL1,528.8220941654718,-0.012536012625369195,-0.3785235187648249,1.0649385854634463,Immune
Ductal/tumor epithelial,Immune,CLECL1,528.8220941654718,0.052635496602404484,1.3122069408352708,1.0649385854634463,Immune
Ductal/tumor epithelial,Mural / pericyte,CLECL1,528.8220941654718,0.09044601325682097,0.5707152161003831,1.0649385854634463,Immune
Ductal/tumor epithelial,Endocrine,UMOD,133.85811438850777,0.13414395744393012,0.3797843609240799,1.0,Exocrine epithelial
Ductal/tumor epithelial,Endothelial,UMOD,133.85811438850777,-0.054772626209952976,-0.3252170096852689,1.0,Exocrine epithelial
Ductal/tumor epithelial,Exocrine epithelial,UMOD,133.85811438850777,-0.1363708069763749,-1.88369007119264,1.0,Exocrine epithelial
Ductal/tumor epithelial,Fibroblast / CAF,UMOD,133.85811438850777,-0.005359964549879832,-0.0869521933638069,1.0,Exocrine epithelial
Ductal/tumor epithelial,Immune,UMOD,133.85811438850777,-0.0666285749637917,-0.767717685095552,1.0,Exocrine epithelial
Ductal/tumor epithelial,Mural / pericyte,UMOD,133.85811438850777,0.23823893751749256,0.837841626303293,1.0,Exocrine epithelial
Ductal/tumor epithelial,Endocrine,GDF15,6069.0,-0.014152471295359867,-0.1875902564479662,1.4476634759712903,Ductal/tumor epithelial
Ductal/tumor epithelial,Endothelial,GDF15,6069.0,-0.11204102534095915,-3.5560188560457133,1.4476634759712903,Ductal/tumor epithelial
Ductal/tumor epithelial,Exocrine epithelial,GDF15,6069.0,-0.06714885723011485,-5.751613076222331,1.4476634759712903,Ductal/tumor epithelial
Ductal/tumor epithelial,Fibroblast / CAF,GDF15,6069.0,-0.13043490919291964,-10.853910517973942,1.4476634759712903,Ductal/tumor epithelial
Ductal/tumor epithelial,Immune,GDF15,6069.0,-0.04673208526240319,-2.9751250322089104,1.4476634759712903,Ductal/tumor epithelial
Ductal/tumor epithelial,Mural / pericyte,GDF15,6069.0,-0.2964630899686659,-4.04968210113363,1.4476634759712903,Ductal/tumor epithelial
Ductal/tumor epithelial,Endocrine,RTKN2,6678.0,-0.4510669375798729,-2.589009998440359,1.439066709085977,Ductal/tumor epithelial
Ductal/tumor epithelial,Endothelial,RTKN2,6678.0,-0.1982836933915053,-5.234231867605785,1.439066709085977,Ductal/tumor epithelial
Ductal/tumor epithelial,Exocrine epithelial,RTKN2,6678.0,-0.4125113894634169,-21.481986001510695,1.439066709085977,Ductal/tumor epithelial
Ductal/tumor epithelial,Fibroblast / CAF,RTKN2,6678.0,0.08063734374683766,8.132549887382655,1.439066709085977,Ductal/tumor epithelial
Ductal/tumor epithelial,Immune,RTKN2,6678.0,-0.06808479073890768,-4.5229202316927735,1.439066709085977,Ductal/tumor epithelial
Ductal/tumor epithelial,Mural / pericyte,RTKN2,6678.0,-0.10555414943391449,-1.8502291239283901,1.439066709085977,Ductal/tumor epithelial
Ductal/tumor epithelial,Endocrine,PRF1,278.5994766179531,-0.10271785917180279,-0.3677711644682646,1.0,Immune
Ductal/tumor epithelial,Endothelial,PRF1,278.5994766179531,0.006155182866489385,0.06511861029188142,1.0,Immune
Ductal/tumor epithelial,Exocrine epithelial,PRF1,278.5994766179531,0.10229088072933178,2.6173722745784582,1.0,Immune
Ductal/tumor epithelial,Fibroblast / CAF,PRF1,278.5994766179531,0.03882617751997523,0.8971571540047044,1.0,Immune
Ductal/tumor epithelial,Immune,PRF1,278.5994766179531,-0.024254741760970915,-0.4290948351390098,1.0,Immune
Ductal/tumor epithelial,Mural / pericyte,PRF1,278.5994766179531,0.006724108462199558,0.029915060141115515,1.0,Immune
Ductal/tumor epithelial,Endocrine,CAPN8,14644.0,-0.2590730395227078,-2.109396774526244,1.7154045464239644,Ductal/tumor epithelial
Ductal/tumor epithelial,Endothelial,CAPN8,14644.0,-0.1096688152223676,-3.683539447552165,1.7154045464239644,Ductal/tumor epithelial
Ductal/tumor epithelial,Exocrine epithelial,CAPN8,14644.0,-0.6999794204724734,-32.775329400695064,1.7154045464239644,Ductal/tumor epithelial
Ductal/tumor epithelial,Fibroblast / CAF,CAPN8,14644.0,-0.13194868857079853,-16.0966870056882,1.7154045464239644,Ductal/tumor epithelial
Ductal/tumor epithelial,Immune,CAPN8,14644.0,-0.10156756778314907,-8.37883632105644,1.7154045464239644,Ductal/tumor epithelial
Ductal/tumor epithelial,Mural / pericyte,CAPN8,14644.0,-0.024464228426714123,-0.5545088244178069,1.7154045464239644,Ductal/tumor epithelial
Ductal/tumor epithelial,Endocrine,KRT20,222.1154546856742,0.07818014578467082,0.28834254390943426,1.052752301383031,Mural / pericyte
Ductal/tumor epithelial,Endothelial,KRT20,222.1154546856742,0.07826891575512472,0.7058097122602212,1.052752301383031,Mural / pericyte
Ductal/tumor epithelial,Exocrine epithelial,KRT20,222.1154546856742,-0.02860193593965784,-0.5849561260448748,1.052752301383031,Mural / pericyte
Ductal/tumor epithelial,Fibroblast / CAF,KRT20,222.1154546856742,-0.10891827764353611,-2.055323470325034,1.052752301383031,Mural / pericyte
Ductal/tumor epithelial,Immune,KRT20,222.1154546856742,-0.02221826941292216,-0.3315573791230787,1.052752301383031,Mural / pericyte
Ductal/tumor epithelial,Mural / pericyte,KRT20,222.1154546856742,-0.012107442528525395,-0.044845711485975284,1.052752301383031,Mural / pericyte
Ductal/tumor epithelial,Endocrine,GATA2,725.1985989369681,-0.3556109393213698,-0.954985429016539,1.0,Endothelial
Ductal/tumor epithelial,Endothelial,GATA2,725.1985989369681,-0.20036802065717815,-2.112721847118005,1.0,Endothelial
Ductal/tumor epithelial,Exocrine epithelial,GATA2,725.1985989369681,-0.3210127071432528,-7.77940756972728,1.0,Endothelial
Ductal/tumor epithelial,Fibroblast / CAF,GATA2,725.1985989369681,-0.009393202362521932,-0.3580164900067402,1.0,Endothelial
Ductal/tumor epithelial,Immune,GATA2,725.1985989369681,-0.06869645086883944,-1.7769477188851706,1.0,Endothelial
Ductal/tumor epithelial,Mural / pericyte,GATA2,725.1985989369681,-0.12029413847757393,-0.7945346034472355,1.0,Endothelial
Ductal/tumor epithelial,Endocrine,ADGRE1,218.49595657130473,0.15248731409054392,0.7392386077742444,1.0,Immune
Ductal/tumor epithelial,Endothelial,ADGRE1,218.49595657130473,-0.0006335415437474285,-0.006143849179851283,1.0,Immune
Ductal/tumor epithelial,Exocrine epithelial,ADGRE1,218.49595657130473,0.1433986892785657,3.3639291429840026,1.0,Immune
Ductal/tumor epithelial,Fibroblast / CAF,ADGRE1,218.49595657130473,0.028489681151094008,0.5760300383111623,1.0,Immune
Ductal/tumor epithelial,Immune,ADGRE1,218.49595657130473,0.0523952170720487,0.8721235433008002,1.0,Immune
Ductal/tumor epithelial,Mural / pericyte,ADGRE1,218.49595657130473,0.07653988551110438,0.31722068529387454,1.0,Immune
Ductal/tumor epithelial,Endocrine,CD69,402.0653312487026,0.007876355441637067,0.03840631506218104,1.0,Immune
Ductal/tumor epithelial,Endothelial,CD69,402.0653312487026,0.16927378623462871,2.416408962498355,1.0,Immune
Ductal/tumor epithelial,Exocrine epithelial,CD69,402.0653312487026,0.02409074102435377,0.7159374022724785,1.0,Immune
Ductal/tumor epithelial,Fibroblast / CAF,CD69,402.0653312487026,-0.04719906380943615,-1.2664138092571906,1.0,Immune
Ductal/tumor epithelial,Immune,CD69,402.0653312487026,0.004746366258382683,0.10193663025405703,1.0,Immune
Ductal/tumor epithelial,Mural / pericyte,CD69,402.0653312487026,0.03264325417169158,0.17683786212233404,1.0,Immune
Ductal/tumor epithelial,Endocrine,LAG3,520.0333029579481,-0.8460032399254319,-1.5190896649829546,1.0,Immune
Ductal/tumor epithelial,Endothelial,LAG3,520.0333029579481,0.022566394402246632,0.30177129155030863,1.0,Immune
Ductal/tumor epithelial,Exocrine epithelial,LAG3,520.0333029579481,-0.018333216322763732,-0.5819170492754344,1.0,Immune
Ductal/tumor epithelial,Fibroblast / CAF,LAG3,520.0333029579481,-0.055558918657598454,-1.701002518938895,1.0,Immune
Ductal/tumor epithelial,Immune,LAG3,520.0333029579481,-0.04995932510232169,-1.1508818080603207,1.0,Immune
Ductal/tumor epithelial,Mural / pericyte,LAG3,520.0333029579481,0.045034135042122204,0.2722712383342479,1.0,Immune
Ductal/tumor epithelial,Endocrine,HLA-DQB2,1960.20595431815,-0.2964099646794264,-1.575056610978583,1.092015432788583,Immune
Ductal/tumor epithelial,Endothelial,HLA-DQB2,1960.20595431815,-0.10117764296844856,-2.0623575674439985,1.092015432788583,Immune
Ductal/tumor epithelial,Exocrine epithelial,HLA-DQB2,1960.20595431815,-0.18556611118332722,-8.720714587088407,1.092015432788583,Immune
Ductal/tumor epithelial,Fibroblast / CAF,HLA-DQB2,1960.20595431815,0.03437413169482301,2.0972420400164737,1.092015432788583,Immune
Ductal/tumor epithelial,Immune,HLA-DQB2,1960.20595431815,0.008857097381105334,0.394278042722588,1.092015432788583,Immune
Ductal/tumor epithelial,Mural / pericyte,HLA-DQB2,1960.20595431815,-0.023564713864630427,-0.2698428732047496,1.092015432788583,Immune
Ductal/tumor epithelial,Endocrine,ADAM28,4864.828452440241,0.1738242925150837,3.330310608029507,1.1987363709002294,Immune
Ductal/tumor epithelial,Endothelial,ADAM28,4864.828452440241,0.1747788987131124,7.980051615651044,1.1987363709002294,Immune
Ductal/tumor epithelial,Exocrine epithelial,ADAM28,4864.828452440241,-0.03536633149215957,-3.1576837808359524,1.1987363709002294,Immune
Ductal/tumor epithelial,Fibroblast / CAF,ADAM28,4864.828452440241,0.007149080979266001,0.6371514005580214,1.1987363709002294,Immune
Ductal/tumor epithelial,Immune,ADAM28,4864.828452440241,0.11709582320387273,8.718233452286622,1.1987363709002294,Immune
Ductal/tumor epithelial,Mural / pericyte,ADAM28,4864.828452440241,0.1825362393258561,3.6566161326706696,1.1987363709002294,Immune
Ductal/tumor epithelial,Endocrine,C1orf162,1361.8865617491033,0.07954981180022479,0.9452011594818567,1.0,Immune
Ductal/tumor epithelial,Endothelial,C1orf162,1361.8865617491033,0.136207848048975,3.9939773613117717,1.0,Immune
Ductal/tumor epithelial,Exocrine epithelial,C1orf162,1361.8865617491033,0.24765417708705795,15.225446405523176,1.0,Immune
Ductal/tumor epithelial,Fibroblast / CAF,C1orf162,1361.8865617491033,0.05901206165803994,2.9329301590470833,1.0,Immune
Ductal/tumor epithelial,Immune,C1orf162,1361.8865617491033,0.09407621593521037,4.087198845561323,1.0,Immune
Ductal/tumor epithelial,Mural / pericyte,C1orf162,1361.8865617491033,0.1449451225577025,1.5687561313253247,1.0,Immune
Ductal/tumor epithelial,Endocrine,DNAAF1,581.1944801428383,0.2125006887995349,1.5376021357297174,1.0200827450663832,Mural / pericyte
Ductal/tumor epithelial,Endothelial,DNAAF1,581.1944801428383,-0.01698563772971897,-0.2273480485752584,1.0200827450663832,Mural / pericyte
Ductal/tumor epithelial,Exocrine epithelial,DNAAF1,581.1944801428383,-0.0508895932821366,-1.648394103505657,1.0200827450663832,Mural / pericyte
Ductal/tumor epithelial,Fibroblast / CAF,DNAAF1,581.1944801428383,-0.09091472394356002,-2.8705709686902017,1.0200827450663832,Mural / pericyte
Ductal/tumor epithelial,Immune,DNAAF1,581.1944801428383,-0.020644922297061816,-0.5069870024745353,1.0200827450663832,Mural / pericyte
Ductal/tumor epithelial,Mural / pericyte,DNAAF1,581.1944801428383,0.19150339994496995,1.320368610615642,1.0200827450663832,Mural / pericyte
Ductal/tumor epithelial,Endocrine,IGSF6,639.0398851329837,0.07371548717683371,0.5729850162763511,1.0,Immune
Ductal/tumor epithelial,Endothelial,IGSF6,639.0398851329837,0.19578853145543218,4.010257421213845,1.0,Immune
Ductal/tumor epithelial,Exocrine epithelial,IGSF6,639.0398851329837,0.18150419882722316,7.515807527859393,1.0,Immune
Ductal/tumor epithelial,Fibroblast / CAF,IGSF6,639.0398851329837,0.008212156988853773,0.27690774467597157,1.0,Immune
Ductal/tumor epithelial,Immune,IGSF6,639.0398851329837,0.0847627759537343,2.4890333499275097,1.0,Immune
Ductal/tumor epithelial,Mural / pericyte,IGSF6,639.0398851329837,0.137105143359834,1.0113812953354535,1.0,Immune
Ductal/tumor epithelial,Endocrine,TRAC,984.2746841966491,-0.09876804470630837,-0.6362732204750593,1.0,Immune
Ductal/tumor epithelial,Endothelial,TRAC,984.2746841966491,0.0008917585669662382,0.017164015225995494,1.0,Immune
Ductal/tumor epithelial,Exocrine epithelial,TRAC,984.2746841966491,0.05472700182956484,2.4948398635932025,1.0,Immune
Ductal/tumor epithelial,Fibroblast / CAF,TRAC,984.2746841966491,0.08583304133154708,3.840902100034932,1.0,Immune
Ductal/tumor epithelial,Immune,TRAC,984.2746841966491,-0.05045027177594157,-1.6535078479324383,1.0,Immune
Ductal/tumor epithelial,Mural / pericyte,TRAC,984.2746841966491,0.18716885710039516,1.7729464740868046,1.0,Immune
Ductal/tumor epithelial,Endocrine,AQP9,487.0123728808459,-0.11999680706653065,-0.47335802344034195,1.0715789190687843,Immune
Ductal/tumor epithelial,Endothelial,AQP9,487.0123728808459,-0.14085407660430102,-1.5423181175830372,1.0715789190687843,Immune
Ductal/tumor epithelial,Exocrine epithelial,AQP9,487.0123728808459,-0.02338301070045548,-0.6782631627241515,1.0715789190687843,Immune
Ductal/tumor epithelial,Fibroblast / CAF,AQP9,487.0123728808459,0.018180480193997615,0.5459447964346297,1.0715789190687843,Immune
Ductal/tumor epithelial,Immune,AQP9,487.0123728808459,0.06317052584154335,1.4910504376824494,1.0715789190687843,Immune
Ductal/tumor epithelial,Mural / pericyte,AQP9,487.0123728808459,-0.05368202490220155,-0.30256532078161863,1.0715789190687843,Immune
Ductal/tumor epithelial,Endocrine,CD1E,367.9564677657181,-0.11569669809489083,-0.43384463259739325,1.0,Immune
Ductal/tumor epithelial,Endothelial,CD1E,367.9564677657181,0.025537386718403585,0.30159968290743827,1.0,Immune
Ductal/tumor epithelial,Exocrine epithelial,CD1E,367.9564677657181,-0.005233342234537931,-0.14313292080253018,1.0,Immune
Ductal/tumor epithelial,Fibroblast / CAF,CD1E,367.9564677657181,-0.043579540337427385,-1.1371339662188296,1.0,Immune
Ductal/tumor epithelial,Immune,CD1E,367.9564677657181,0.08254767848158152,1.7870513060587907,1.0,Immune
Ductal/tumor epithelial,Mural / pericyte,CD1E,367.9564677657181,0.20104318141942812,1.1735046248512286,1.0,Immune
Ductal/tumor epithelial,Endocrine,CD247,415.2592606275641,0.29037854612541486,1.9515846705441195,1.0,Immune
Ductal/tumor epithelial,Endothelial,CD247,415.2592606275641,-0.08480385810996394,-0.879801231560686,1.0,Immune
Ductal/tumor epithelial,Exocrine epithelial,CD247,415.2592606275641,-0.07078102343605949,-1.8942557782145981,1.0,Immune
Ductal/tumor epithelial,Fibroblast / CAF,CD247,415.2592606275641,-0.07638559984060765,-2.0727579572363997,1.0,Immune
Ductal/tumor epithelial,Immune,CD247,415.2592606275641,-0.05946487129662992,-1.1942026097145964,1.0,Immune
Ductal/tumor epithelial,Mural / pericyte,CD247,415.2592606275641,-0.211600799459027,-0.9763922055968433,1.0,Immune
Ductal/tumor epithelial,Endocrine,IL1R2,674.3730481872619,0.04992362224801545,0.33167842020952676,1.3278389524320837,Immune
Ductal/tumor epithelial,Endothelial,IL1R2,674.3730481872619,-0.08848985302057595,-1.2704068051646007,1.3278389524320837,Immune
Ductal/tumor epithelial,Exocrine epithelial,IL1R2,674.3730481872619,0.19331553228019685,7.219058382094204,1.3278389524320837,Immune
Ductal/tumor epithelial,Fibroblast / CAF,IL1R2,674.3730481872619,-0.055606123866605135,-1.6344929602394311,1.3278389524320837,Immune
Ductal/tumor epithelial,Immune,IL1R2,674.3730481872619,0.21216009094386226,5.957833078279557,1.3278389524320837,Immune
Ductal/tumor epithelial,Mural / pericyte,IL1R2,674.3730481872619,0.12246799884248849,0.798615156028699,1.3278389524320837,Immune
Ductal/tumor epithelial,Endocrine,CTSG,130.2150090147712,-0.5133599424783674,-0.6502921076200214,1.0,Immune
Ductal/tumor epithelial,Endothelial,CTSG,130.2150090147712,-0.04465666551111343,-0.27954975631342066,1.0,Immune
Ductal/tumor epithelial,Exocrine epithelial,CTSG,130.2150090147712,0.0042446638960972425,0.06676903662621442,1.0,Immune
Ductal/tumor epithelial,Fibroblast / CAF,CTSG,130.2150090147712,0.018815611596474924,0.29832407232745534,1.0,Immune
Ductal/tumor epithelial,Immune,CTSG,130.2150090147712,-0.2009971942529495,-2.085745834295686,1.0,Immune
Ductal/tumor epithelial,Mural / pericyte,CTSG,130.2150090147712,0.2691677932719339,0.9174768347146887,1.0,Immune
Ductal/tumor epithelial,Endocrine,LIF,17939.0,-0.6349396765594918,-3.6384725793172854,2.2443708276764234,Ductal/tumor epithelial
Ductal/tumor epithelial,Endothelial,LIF,17939.0,-0.11008901110545018,-3.9936425623929304,2.2443708276764234,Ductal/tumor epithelial
Ductal/tumor epithelial,Exocrine epithelial,LIF,17939.0,-0.5412291461957939,-30.601769945118743,2.2443708276764234,Ductal/tumor epithelial
Ductal/tumor epithelial,Fibroblast / CAF,LIF,17939.0,0.05656383437385283,7.4273236684786434,2.2443708276764234,Ductal/tumor epithelial
Ductal/tumor epithelial,Immune,LIF,17939.0,-0.09668112739112593,-8.18542483819716,2.2443708276764234,Ductal/tumor epithelial
Ductal/tumor epithelial,Mural / pericyte,LIF,17939.0,0.05029816784801662,1.2495273705933947,2.2443708276764234,Ductal/tumor epithelial
Ductal/tumor epithelial,Endocrine,MALL,45504.0,-0.3275756907293589,-4.440842091119387,1.714974343831418,Ductal/tumor epithelial
Ductal/tumor epithelial,Endothelial,MALL,45504.0,-0.20116448927539354,-11.486089642241465,1.714974343831418,Ductal/tumor epithelial
Ductal/tumor epithelial,Exocrine epithelial,MALL,45504.0,-0.7263615187701911,-54.90288216171499,1.714974343831418,Ductal/tumor epithelial
Ductal/tumor epithelial,Fibroblast / CAF,MALL,45504.0,0.038420266959909945,9.139060945658274,1.714974343831418,Ductal/tumor epithelial
Ductal/tumor epithelial,Immune,MALL,45504.0,-0.08055126579656438,-12.369758685628106,1.714974343831418,Ductal/tumor epithelial
Ductal/tumor epithelial,Mural / pericyte,MALL,45504.0,-0.08038867629946043,-3.3487086938467865,1.714974343831418,Ductal/tumor epithelial
Ductal/tumor epithelial,Endocrine,DPT,446.8791751475496,0.17939688300432244,1.3604175739454674,1.0,Fibroblast / CAF
Ductal/tumor epithelial,Endothelial,DPT,446.8791751475496,0.13211990335334606,2.1070936882898286,1.0,Fibroblast / CAF
Ductal/tumor epithelial,Exocrine epithelial,DPT,446.8791751475496,0.16325926635908747,5.6787715202464115,1.0,Fibroblast / CAF
Ductal/tumor epithelial,Fibroblast / CAF,DPT,446.8791751475496,-0.10215473674171655,-2.7200083626392355,1.0,Fibroblast / CAF
Ductal/tumor epithelial,Immune,DPT,446.8791751475496,0.08932201068279108,2.1712233127668674,1.0,Fibroblast / CAF
Ductal/tumor epithelial,Mural / pericyte,DPT,446.8791751475496,0.17678102457826805,1.077626904560684,1.0,Fibroblast / CAF
Ductal/tumor epithelial,Endocrine,CD300E,233.0295165764623,0.10859081934358678,0.4343077458964209,1.0,Immune
Ductal/tumor epithelial,Endothelial,CD300E,233.0295165764623,-0.14673925512144312,-1.1621342956399423,1.0,Immune
Ductal/tumor epithelial,Exocrine epithelial,CD300E,233.0295165764623,-0.018576648121204808,-0.38858762834913985,1.0,Immune
Ductal/tumor epithelial,Fibroblast / CAF,CD300E,233.0295165764623,0.02976990097557705,0.6439415890507162,1.0,Immune
Ductal/tumor epithelial,Immune,CD300E,233.0295165764623,0.1004453249714445,1.749565069134996,1.0,Immune
Ductal/tumor epithelial,Mural / pericyte,CD300E,233.0295165764623,-0.038242755326074636,-0.15824313213029748,1.0,Immune
Ductal/tumor epithelial,Endocrine,SNCA,1094.0221811669455,-0.37321955092993414,-1.0590775568031268,1.1942717914459031,Endocrine
Ductal/tumor epithelial,Endothelial,SNCA,1094.0221811669455,0.009306030042020878,0.12933266688872025,1.1942717914459031,Endocrine
Ductal/tumor epithelial,Exocrine epithelial,SNCA,1094.0221811669455,-0.3994839759163315,-10.30488380374057,1.1942717914459031,Endocrine
Ductal/tumor epithelial,Fibroblast / CAF,SNCA,1094.0221811669455,-0.12773240427590724,-5.1046854626491305,1.1942717914459031,Endocrine
Ductal/tumor epithelial,Immune,SNCA,1094.0221811669455,-0.049228122297461055,-1.417402318985582,1.1942717914459031,Endocrine
Ductal/tumor epithelial,Mural / pericyte,SNCA,1094.0221811669455,-0.37490926621939435,-2.3381832441338815,1.1942717914459031,Endocrine
Ductal/tumor epithelial,Endocrine,IL3RA,554.0979040697957,0.017078236277506965,0.09053742641369614,1.0421789317145793,Endothelial
Ductal/tumor epithelial,Endothelial,IL3RA,554.0979040697957,-0.11638623068080113,-1.4094391862361815,1.0421789317145793,Endothelial
Ductal/tumor epithelial,Exocrine epithelial,IL3RA,554.0979040697957,-0.0049592232246788255,-0.15968040762330032,1.0421789317145793,Endothelial
Ductal/tumor epithelial,Fibroblast / CAF,IL3RA,554.0979040697957,-0.02517519363786399,-0.7948492211316409,1.0421789317145793,Endothelial
Ductal/tumor epithelial,Immune,IL3RA,554.0979040697957,0.004947170642823712,0.12052119651568703,1.0421789317145793,Endothelial
Ductal/tumor epithelial,Mural / pericyte,IL3RA,554.0979040697957,0.013152372208814088,0.08051623343235353,1.0421789317145793,Endothelial
Ductal/tumor epithelial,Endocrine,KRT7,7785.0,-0.012395448769025041,-0.23093742411868384,1.4409468097072549,Ductal/tumor epithelial
Ductal/tumor epithelial,Endothelial,KRT7,7785.0,0.09437136547970619,5.108616925194386,1.4409468097072549,Ductal/tumor epithelial
Ductal/tumor epithelial,Exocrine epithelial,KRT7,7785.0,0.12804226923313955,14.536390648419983,1.4409468097072549,Ductal/tumor epithelial
Ductal/tumor epithelial,Fibroblast / CAF,KRT7,7785.0,0.15458091185762599,16.333368920223197,1.4409468097072549,Ductal/tumor epithelial
Ductal/tumor epithelial,Immune,KRT7,7785.0,0.2796729071578162,26.938032693457362,1.4409468097072549,Ductal/tumor epithelial
Ductal/tumor epithelial,Mural / pericyte,KRT7,7785.0,0.11884794729789033,2.823340686953097,1.4409468097072549,Ductal/tumor epithelial
Ductal/tumor epithelial,Endocrine,DERL3,975.5434915687258,-0.1238748731431603,-0.6165044039706574,1.0,Mural / pericyte
Ductal/tumor epithelial,Endothelial,DERL3,975.5434915687258,0.00020401088671701006,0.003305680189607536,1.0,Mural / pericyte
Ductal/tumor epithelial,Exocrine epithelial,DERL3,975.5434915687258,-0.1877296382636725,-6.709109205089927,1.0,Mural / pericyte
Ductal/tumor epithelial,Fibroblast / CAF,DERL3,975.5434915687258,-0.08003350205964159,-3.373827387815256,1.0,Mural / pericyte
Ductal/tumor epithelial,Immune,DERL3,975.5434915687258,-0.044484538451568384,-1.377973749958688,1.0,Mural / pericyte
Ductal/tumor epithelial,Mural / pericyte,DERL3,975.5434915687258,0.04501127958202968,0.37443069056520223,1.0,Mural / pericyte
Ductal/tumor epithelial,Endocrine,TIMP4,584.2783364960891,0.26512028974074553,2.131779268315241,1.0406482925494427,Mural / pericyte
Ductal/tumor epithelial,Endothelial,TIMP4,584.2783364960891,0.08403919255665246,1.2684645492270035,1.0406482925494427,Mural / pericyte
Ductal/tumor epithelial,Exocrine epithelial,TIMP4,584.2783364960891,-0.03426093993986124,-1.1289457667632912,1.0406482925494427,Mural / pericyte
Ductal/tumor epithelial,Fibroblast / CAF,TIMP4,584.2783364960891,-0.016535340909690336,-0.539417432286436,1.0406482925494427,Mural / pericyte
Ductal/tumor epithelial,Immune,TIMP4,584.2783364960891,0.035166483148637726,0.9055702169733542,1.0406482925494427,Mural / pericyte
Ductal/tumor epithelial,Mural / pericyte,TIMP4,584.2783364960891,-0.1748528746105656,-1.0155075699623974,1.0406482925494427,Mural / pericyte
Ductal/tumor epithelial,Endocrine,PLIN4,367.7601618152279,-0.006857147321003241,-0.03883332650619896,1.026969524155619,Mural / pericyte
Ductal/tumor epithelial,Endothelial,PLIN4,367.7601618152279,0.09306530794669648,1.4012505029834663,1.026969524155619,Mural / pericyte
Ductal/tumor epithelial,Exocrine epithelial,PLIN4,367.7601618152279,0.33740118029022154,10.81378544435645,1.026969524155619,Mural / pericyte
Ductal/tumor epithelial,Fibroblast / CAF,PLIN4,367.7601618152279,0.09231760906943515,2.3302642252459314,1.026969524155619,Mural / pericyte
Ductal/tumor epithelial,Immune,PLIN4,367.7601618152279,0.06900975659462798,1.519104601000241,1.026969524155619,Mural / pericyte
Ductal/tumor epithelial,Mural / pericyte,PLIN4,367.7601618152279,-0.07583805784257842,-0.361109394974333,1.026969524155619,Mural / pericyte
Ductal/tumor epithelial,Endocrine,CD19,363.4780356770473,0.26374337745427445,1.7090287123366852,1.0,Immune
Ductal/tumor epithelial,Endothelial,CD19,363.4780356770473,0.09933610130329945,1.2278884142839914,1.0,Immune
Ductal/tumor epithelial,Exocrine epithelial,CD19,363.4780356770473,-0.04185968245036417,-1.1213395755663065,1.0,Immune
Ductal/tumor epithelial,Fibroblast / CAF,CD19,363.4780356770473,-0.06650822191206572,-1.7044661644605976,1.0,Immune
Ductal/tumor epithelial,Immune,CD19,363.4780356770473,0.10168345273710569,2.1963476782441287,1.0,Immune
Ductal/tumor epithelial,Mural / pericyte,CD19,363.4780356770473,-0.31604082288214885,-1.3678485323326228,1.0,Immune
Ductal/tumor epithelial,Endocrine,NAT8,201.20948345251506,0.24226439167497013,1.1333119844529238,1.0638893610370246,Mural / pericyte
Ductal/tumor epithelial,Endothelial,NAT8,201.20948345251506,0.02138277250749553,0.18175777491668446,1.0638893610370246,Mural / pericyte
Ductal/tumor epithelial,Exocrine epithelial,NAT8,201.20948345251506,0.0231318828847716,0.45967932878692164,1.0638893610370246,Mural / pericyte
Ductal/tumor epithelial,Fibroblast / CAF,NAT8,201.20948345251506,0.012831000480921312,0.24459873052668304,1.0638893610370246,Mural / pericyte
Ductal/tumor epithelial,Immune,NAT8,201.20948345251506,-0.0013477280902601022,-0.019810589470947385,1.0638893610370246,Mural / pericyte
Ductal/tumor epithelial,Mural / pericyte,NAT8,201.20948345251506,0.08285337930623807,0.32081147255039016,1.0638893610370246,Mural / pericyte
Ductal/tumor epithelial,Endocrine,FOXI1,407.36074660974043,-0.15668493813966192,-0.5346809459299198,1.3368187216533018,Immune
Ductal/tumor epithelial,Endothelial,FOXI1,407.36074660974043,0.07130028986483049,0.8371519287624122,1.3368187216533018,Immune
Ductal/tumor epithelial,Exocrine epithelial,FOXI1,407.36074660974043,0.05947392135083594,1.5483898651324537,1.3368187216533018,Immune
Ductal/tumor epithelial,Fibroblast / CAF,FOXI1,407.36074660974043,0.017300704433597366,0.4188740702912981,1.3368187216533018,Immune
Ductal/tumor epithelial,Immune,FOXI1,407.36074660974043,0.0461188391174133,0.905497923062061,1.3368187216533018,Immune
Ductal/tumor epithelial,Mural / pericyte,FOXI1,407.36074660974043,0.49754612646569835,3.1858809131434116,1.3368187216533018,Immune
Ductal/tumor epithelial,Endocrine,SLC4A1,398.1611958425938,0.017873772215280137,0.07640268695041198,1.0,Mural / pericyte
Ductal/tumor epithelial,Endothelial,SLC4A1,398.1611958425938,-0.17110010885649918,-1.6083066234781462,1.0,Mural / pericyte
Ductal/tumor epithelial,Exocrine epithelial,SLC4A1,398.1611958425938,-0.06109592067132906,-1.5834528539700614,1.0,Mural / pericyte
Ductal/tumor epithelial,Fibroblast / CAF,SLC4A1,398.1611958425938,-0.024376809100015974,-0.6691527164235924,1.0,Mural / pericyte
Ductal/tumor epithelial,Immune,SLC4A1,398.1611958425938,-0.05620376325939487,-1.1150955782322116,1.0,Mural / pericyte
Ductal/tumor epithelial,Mural / pericyte,SLC4A1,398.1611958425938,-0.151050359350655,-0.7170748000341529,1.0,Mural / pericyte
Ductal/tumor epithelial,Endocrine,KLK11,290.9150546590035,0.08289297997068294,0.3693670799027096,1.0,Exocrine epithelial
Ductal/tumor epithelial,Endothelial,KLK11,290.9150546590035,0.17449569693078495,2.179448676291606,1.0,Exocrine epithelial
Ductal/tumor epithelial,Exocrine epithelial,KLK11,290.9150546590035,-0.07049141688811801,-1.6837487707872862,1.0,Exocrine epithelial
Ductal/tumor epithelial,Fibroblast / CAF,KLK11,290.9150546590035,-0.07211521897154752,-1.6873533124236526,1.0,Exocrine epithelial
Ductal/tumor epithelial,Immune,KLK11,290.9150546590035,0.3389389667549185,7.673543322725806,1.0,Exocrine epithelial
Ductal/tumor epithelial,Mural / pericyte,KLK11,290.9150546590035,0.2332861902577248,1.3663186706961734,1.0,Exocrine epithelial
Ductal/tumor epithelial,Endocrine,SOX18,415.863501575511,0.08686204574305155,0.455982555090535,1.0,Endothelial
Ductal/tumor epithelial,Endothelial,SOX18,415.863501575511,-0.16559929051758984,-1.7129078943923035,1.0,Endothelial
Ductal/tumor epithelial,Exocrine epithelial,SOX18,415.863501575511,0.013339685579531026,0.3823788131392841,1.0,Endothelial
Ductal/tumor epithelial,Fibroblast / CAF,SOX18,415.863501575511,0.013899726473647608,0.3950853871360919,1.0,Endothelial
Ductal/tumor epithelial,Immune,SOX18,415.863501575511,-0.009777905588147647,-0.20949012393955277,1.0,Endothelial
Ductal/tumor epithelial,Mural / pericyte,SOX18,415.863501575511,-0.010116529555817209,-0.054401062328620194,1.0,Endothelial
Ductal/tumor epithelial,Endocrine,CA4,1799.1130257148156,0.1327668540571303,2.219483099010085,1.2813660592601794,Exocrine epithelial
Ductal/tumor epithelial,Endothelial,CA4,1799.1130257148156,0.027705159333165974,0.8920234039421134,1.2813660592601794,Exocrine epithelial
Ductal/tumor epithelial,Exocrine epithelial,CA4,1799.1130257148156,0.7028239203789146,38.72203977128777,1.2813660592601794,Exocrine epithelial
Ductal/tumor epithelial,Fibroblast / CAF,CA4,1799.1130257148156,0.03972991623358713,1.6984413402119947,1.2813660592601794,Exocrine epithelial
Ductal/tumor epithelial,Immune,CA4,1799.1130257148156,-0.1519543284298993,-5.768884145021997,1.2813660592601794,Exocrine epithelial
Ductal/tumor epithelial,Mural / pericyte,CA4,1799.1130257148156,0.1958014993813321,1.8453330400923733,1.2813660592601794,Exocrine epithelial
Ductal/tumor epithelial,Endocrine,SERPINB2,2557.0,-0.0669576461154662,-0.33151785862716465,2.5974137339180006,Ductal/tumor epithelial
Ductal/tumor epithelial,Endothelial,SERPINB2,2557.0,-0.19980850949971957,-2.6760849041129333,2.5974137339180006,Ductal/tumor epithelial
Ductal/tumor epithelial,Exocrine epithelial,SERPINB2,2557.0,-0.3071900129404728,-8.422395466786734,2.5974137339180006,Ductal/tumor epithelial
Ductal/tumor epithelial,Fibroblast / CAF,SERPINB2,2557.0,0.20093800515745633,9.61298725293475,2.5974137339180006,Ductal/tumor epithelial
Ductal/tumor epithelial,Immune,SERPINB2,2557.0,-0.010363616061077854,-0.34516094490907495,2.5974137339180006,Ductal/tumor epithelial
Ductal/tumor epithelial,Mural / pericyte,SERPINB2,2557.0,0.17495764043227488,1.7636803773949012,2.5974137339180006,Ductal/tumor epithelial
Ductal/tumor epithelial,Endocrine,RND1,4135.0,-0.2652962600731863,-1.8143397099355472,1.4609613019423575,Ductal/tumor epithelial
Ductal/tumor epithelial,Endothelial,RND1,4135.0,-0.07135275902845062,-1.8406746698571415,1.4609613019423575,Ductal/tumor epithelial
Ductal/tumor epithelial,Exocrine epithelial,RND1,4135.0,-0.19665619568598255,-11.454531515100273,1.4609613019423575,Ductal/tumor epithelial
Ductal/tumor epithelial,Fibroblast / CAF,RND1,4135.0,0.010039304156073734,0.758865871073711,1.4609613019423575,Ductal/tumor epithelial
Ductal/tumor epithelial,Immune,RND1,4135.0,-0.05436266584758525,-2.8814400900964467,1.4609613019423575,Ductal/tumor epithelial
Ductal/tumor epithelial,Mural / pericyte,RND1,4135.0,0.06203962193636875,0.9135047183067763,1.4609613019423575,Ductal/tumor epithelial
Ductal/tumor epithelial,Endocrine,GZMB,270.1408836952123,-0.3096814106621836,-0.8767494713595084,1.0140652287676173,Immune
Ductal/tumor epithelial,Endothelial,GZMB,270.1408836952123,-0.06682901769870621,-0.6857540173355069,1.0140652287676173,Immune
Ductal/tumor epithelial,Exocrine epithelial,GZMB,270.1408836952123,0.1850040824261875,4.889928447335689,1.0140652287676173,Immune
Ductal/tumor epithelial,Fibroblast / CAF,GZMB,270.1408836952123,0.0244463175044688,0.5413646610382395,1.0140652287676173,Immune
Ductal/tumor epithelial,Immune,GZMB,270.1408836952123,0.012678788638573182,0.22774921877130985,1.0140652287676173,Immune
Ductal/tumor epithelial,Mural / pericyte,GZMB,270.1408836952123,0.3190430623643007,1.6509183503235105,1.0140652287676173,Immune
Ductal/tumor epithelial,Endocrine,CXCL9,686.7973608877612,-0.005041782643487368,-0.027864055898138805,1.4240100726994116,Immune
Ductal/tumor epithelial,Endothelial,CXCL9,686.7973608877612,0.16181003224195234,2.6961660028632837,1.4240100726994116,Immune
Ductal/tumor epithelial,Exocrine epithelial,CXCL9,686.7973608877612,0.06160968260422601,2.0971629117031343,1.4240100726994116,Immune
Ductal/tumor epithelial,Fibroblast / CAF,CXCL9,686.7973608877612,-0.04274508116943224,-1.2689443622692165,1.4240100726994116,Immune
Ductal/tumor epithelial,Immune,CXCL9,686.7973608877612,0.2876142383365698,8.20762183809481,1.4240100726994116,Immune
Ductal/tumor epithelial,Mural / pericyte,CXCL9,686.7973608877612,0.07091914685053172,0.46879058801543394,1.4240100726994116,Immune
Ductal/tumor epithelial,Endocrine,GYPA,332.94835406800905,-0.9000103244778285,-1.2420867441156338,1.0010057957263663,Mural / pericyte
Ductal/tumor epithelial,Endothelial,GYPA,332.94835406800905,-0.084519177487923,-0.8344852643771605,1.0010057957263663,Mural / pericyte
Ductal/tumor epithelial,Exocrine epithelial,GYPA,332.94835406800905,0.005083720342349119,0.12977618013980488,1.0010057957263663,Mural / pericyte
Ductal/tumor epithelial,Fibroblast / CAF,GYPA,332.94835406800905,-0.02262863731567937,-0.5653457238612999,1.0010057957263663,Mural / pericyte
Ductal/tumor epithelial,Immune,GYPA,332.94835406800905,-0.04158724738026712,-0.7795841496612892,1.0010057957263663,Mural / pericyte
Ductal/tumor epithelial,Mural / pericyte,GYPA,332.94835406800905,0.3491486012811487,2.040273526059533,1.0010057957263663,Mural / pericyte
Ductal/tumor epithelial,Endocrine,ARFGEF3,7137.0,-0.12217445246842058,-1.4814725306014456,1.1839093428480012,Ductal/tumor epithelial
Ductal/tumor epithelial,Endothelial,ARFGEF3,7137.0,-0.07721813185362326,-2.8319617548738822,1.1839093428480012,Ductal/tumor epithelial
Ductal/tumor epithelial,Exocrine epithelial,ARFGEF3,7137.0,-0.18275877867821191,-15.991339304604379,1.1839093428480012,Ductal/tumor epithelial
Ductal/tumor epithelial,Fibroblast / CAF,ARFGEF3,7137.0,-0.056944209345153804,-6.024578674880636,1.1839093428480012,Ductal/tumor epithelial
Ductal/tumor epithelial,Immune,ARFGEF3,7137.0,-0.0959377843477825,-7.054899169600412,1.1839093428480012,Ductal/tumor epithelial
Ductal/tumor epithelial,Mural / pericyte,ARFGEF3,7137.0,-0.12121202227284482,-2.250184026109843,1.1839093428480012,Ductal/tumor epithelial
Ductal/tumor epithelial,Endocrine,SMIM24,4719.0,-0.07346496850133691,-0.671328370110621,1.223719899845937,Ductal/tumor epithelial
Ductal/tumor epithelial,Endothelial,SMIM24,4719.0,-0.09457223603668774,-2.538125166644871,1.223719899845937,Ductal/tumor epithelial
Ductal/tumor epithelial,Exocrine epithelial,SMIM24,4719.0,-0.34413918677227,-19.00946144899247,1.223719899845937,Ductal/tumor epithelial
Ductal/tumor epithelial,Fibroblast / CAF,SMIM24,4719.0,-0.04697709894416987,-4.045941956259002,1.223719899845937,Ductal/tumor epithelial
Ductal/tumor epithelial,Immune,SMIM24,4719.0,-0.09431710377195851,-5.514750900558237,1.223719899845937,Ductal/tumor epithelial
Ductal/tumor epithelial,Mural / pericyte,SMIM24,4719.0,0.12634408871991804,2.186032563537692,1.223719899845937,Ductal/tumor epithelial
Ductal/tumor epithelial,Endocrine,TAC1,252.44069878010583,0.1409847948265034,0.6418028622387004,1.2120462333279107,Immune
Ductal/tumor epithelial,Endothelial,TAC1,252.44069878010583,0.36363078383997705,4.756719142963374,1.2120462333279107,Immune
Ductal/tumor epithelial,Exocrine epithelial,TAC1,252.44069878010583,0.039210532909298816,0.8750392395999277,1.2120462333279107,Immune
Ductal/tumor epithelial,Fibroblast / CAF,TAC1,252.44069878010583,-0.026788723005853513,-0.5233080115769168,1.2120462333279107,Immune
Ductal/tumor epithelial,Immune,TAC1,252.44069878010583,0.2301337759855011,4.196893863643132,1.2120462333279107,Immune
Ductal/tumor epithelial,Mural / pericyte,TAC1,252.44069878010583,-0.03501270199497134,-0.14352901322977307,1.2120462333279107,Immune
Ductal/tumor epithelial,Endocrine,TENT5C,432.78831642906374,-0.44774375989823095,-0.9239303677996767,1.0,Endocrine
Ductal/tumor epithelial,Endothelial,TENT5C,432.78831642906374,0.03382862210891445,0.36262550563083895,1.0,Endocrine
Ductal/tumor epithelial,Exocrine epithelial,TENT5C,432.78831642906374,-0.25209649225924097,-5.63383487147222,1.0,Endocrine
Ductal/tumor epithelial,Fibroblast / CAF,TENT5C,432.78831642906374,-0.157297777830847,-4.231690681966224,1.0,Endocrine
Ductal/tumor epithelial,Immune,TENT5C,432.78831642906374,0.004688030420491297,0.0986408325528399,1.0,Endocrine
Ductal/tumor epithelial,Mural / pericyte,TENT5C,432.78831642906374,-0.03937272021038471,-0.2054275823412936,1.0,Endocrine
Ductal/tumor epithelial,Endocrine,FCER1A,282.94868507057583,-0.26517556408099,-0.7096118738361444,1.0058308221136019,Immune
Ductal/tumor epithelial,Endothelial,FCER1A,282.94868507057583,0.07546220035805168,0.814015686188876,1.0058308221136019,Immune
Ductal/tumor epithelial,Exocrine epithelial,FCER1A,282.94868507057583,-0.0037785305931456693,-0.09082105317763171,1.0058308221136019,Immune
Ductal/tumor epithelial,Fibroblast / CAF,FCER1A,282.94868507057583,-0.02539661987396961,-0.5831130368552639,1.0058308221136019,Immune
Ductal/tumor epithelial,Immune,FCER1A,282.94868507057583,0.07911865684627897,1.4910323489429922,1.0058308221136019,Immune
Ductal/tumor epithelial,Mural / pericyte,FCER1A,282.94868507057583,-0.15823615641669647,-0.6588718265722708,1.0058308221136019,Immune
Ductal/tumor epithelial,Endocrine,EHF,34128.0,-0.04440207512798775,-1.5002017351870602,1.3361078078130517,Ductal/tumor epithelial
Ductal/tumor epithelial,Endothelial,EHF,34128.0,-0.029937429116810934,-2.699375744815794,1.3361078078130517,Ductal/tumor epithelial
Ductal/tumor epithelial,Exocrine epithelial,EHF,34128.0,0.0007693753097536738,0.173185496235095,1.3361078078130517,Ductal/tumor epithelial
Ductal/tumor epithelial,Fibroblast / CAF,EHF,34128.0,-0.033518564606316845,-7.253289979361277,1.3361078078130517,Ductal/tumor epithelial
Ductal/tumor epithelial,Immune,EHF,34128.0,-0.07457581568713276,-11.847041506148482,1.3361078078130517,Ductal/tumor epithelial
Ductal/tumor epithelial,Mural / pericyte,EHF,34128.0,-0.009290136640470313,-0.3805869404878632,1.3361078078130517,Ductal/tumor epithelial
Ductal/tumor epithelial,Endocrine,SERPINB3,25318.0,-0.8799874279252536,-2.170174673629489,6.0554689673955036,Ductal/tumor epithelial
Ductal/tumor epithelial,Endothelial,SERPINB3,25318.0,-0.2903442480121426,-5.488452614657033,6.0554689673955036,Ductal/tumor epithelial
Ductal/tumor epithelial,Exocrine epithelial,SERPINB3,25318.0,-1.4974030197751187,-14.072958613745307,6.0554689673955036,Ductal/tumor epithelial
Ductal/tumor epithelial,Fibroblast / CAF,SERPINB3,25318.0,0.05666043820260582,5.382543434400748,6.0554689673955036,Ductal/tumor epithelial
Ductal/tumor epithelial,Immune,SERPINB3,25318.0,-0.12457079095315197,-7.201886406314511,6.0554689673955036,Ductal/tumor epithelial
Ductal/tumor epithelial,Mural / pericyte,SERPINB3,25318.0,-0.18447830179312613,-2.833789712793853,6.0554689673955036,Ductal/tumor epithelial
Ductal/tumor epithelial,Endocrine,PLCG2,1767.0907215040645,-0.13834533701740875,-1.0232040818526118,1.0330855060541428,Endothelial
Ductal/tumor epithelial,Endothelial,PLCG2,1767.0907215040645,-0.022242073650486804,-0.5146305097480083,1.0330855060541428,Endothelial
Ductal/tumor epithelial,Exocrine epithelial,PLCG2,1767.0907215040645,-0.04016930694910097,-2.248247421938593,1.0330855060541428,Endothelial
Ductal/tumor epithelial,Fibroblast / CAF,PLCG2,1767.0907215040645,-0.03136231612373054,-1.7745344732893842,1.0330855060541428,Endothelial
Ductal/tumor epithelial,Immune,PLCG2,1767.0907215040645,-0.028504341363468425,-1.2127337101856648,1.0330855060541428,Endothelial
Ductal/tumor epithelial,Mural / pericyte,PLCG2,1767.0907215040645,0.061767344674821624,0.6952564791271328,1.0330855060541428,Endothelial
Ductal/tumor epithelial,Endocrine,CAVIN2,355.328242906785,-0.015366104998251438,-0.07619443073106706,1.0,Endothelial
Ductal/tumor epithelial,Endothelial,CAVIN2,355.328242906785,0.053984002771862064,0.7189705722389245,1.0,Endothelial
Ductal/tumor epithelial,Exocrine epithelial,CAVIN2,355.328242906785,0.17866935901930292,5.4545940991615485,1.0,Endothelial
Ductal/tumor epithelial,Fibroblast / CAF,CAVIN2,355.328242906785,0.05268487723326576,1.361959762589956,1.0,Endothelial
Ductal/tumor epithelial,Immune,CAVIN2,355.328242906785,0.08130847101843844,1.7712397058123845,1.0,Endothelial
Ductal/tumor epithelial,Mural / pericyte,CAVIN2,355.328242906785,-0.03347084821104412,-0.1677334630987418,1.0,Endothelial
Ductal/tumor epithelial,Endocrine,BAMBI,14802.0,-0.20427512943287215,-3.151960651723208,1.3679109774824676,Ductal/tumor epithelial
Ductal/tumor epithelial,Endothelial,BAMBI,14802.0,-0.10706310940377516,-5.470083423613387,1.3679109774824676,Ductal/tumor epithelial
Ductal/tumor epithelial,Exocrine epithelial,BAMBI,14802.0,-0.11531384134270888,-14.243381764798963,1.3679109774824676,Ductal/tumor epithelial
Ductal/tumor epithelial,Fibroblast / CAF,BAMBI,14802.0,0.08801734951773006,13.365894628320843,1.3679109774824676,Ductal/tumor epithelial
Ductal/tumor epithelial,Immune,BAMBI,14802.0,-0.08230002885920036,-8.508919430604035,1.3679109774824676,Ductal/tumor epithelial
Ductal/tumor epithelial,Mural / pericyte,BAMBI,14802.0,0.011203715292284129,0.3185730549829797,1.3679109774824676,Ductal/tumor epithelial
Ductal/tumor epithelial,Endocrine,TM4SF18,3017.831962078709,0.018807019296467966,0.31013260026497186,1.190203090260446,Endothelial
Ductal/tumor epithelial,Endothelial,TM4SF18,3017.831962078709,0.12934373396874022,5.480220011459499,1.190203090260446,Endothelial
Ductal/tumor epithelial,Exocrine epithelial,TM4SF18,3017.831962078709,0.3970078863623369,33.99108363426366,1.190203090260446,Endothelial
Ductal/tumor epithelial,Fibroblast / CAF,TM4SF18,3017.831962078709,0.012585783079907494,0.7915006251872944,1.190203090260446,Endothelial
Ductal/tumor epithelial,Immune,TM4SF18,3017.831962078709,0.021972525870151697,1.2435174782645007,1.190203090260446,Endothelial
Ductal/tumor epithelial,Mural / pericyte,TM4SF18,3017.831962078709,-0.1204192746376269,-1.4063158637439461,1.190203090260446,Endothelial
Ductal/tumor epithelial,Endocrine,CD79A,348.87397154636346,0.24831467668693594,1.655741559806977,1.0,Immune
Ductal/tumor epithelial,Endothelial,CD79A,348.87397154636346,0.09213047470304887,1.1422249538017775,1.0,Immune
Ductal/tumor epithelial,Exocrine epithelial,CD79A,348.87397154636346,0.06347749219287849,1.7791378734163827,1.0,Immune
Ductal/tumor epithelial,Fibroblast / CAF,CD79A,348.87397154636346,-0.02034782459441369,-0.5099100674656878,1.0,Immune
Ductal/tumor epithelial,Immune,CD79A,348.87397154636346,-0.15254692249858445,-2.721175089199136,1.0,Immune
Ductal/tumor epithelial,Mural / pericyte,CD79A,348.87397154636346,0.24613823101020577,1.35424241022014,1.0,Immune
Ductal/tumor epithelial,Endocrine,TFPI,14184.211291367843,0.06073867979092662,1.5745839636030015,1.2619653640282782,Endothelial
Ductal/tumor epithelial,Endothelial,TFPI,14184.211291367843,0.060241998029855304,3.9692794226847967,1.2619653640282782,Endothelial
Ductal/tumor epithelial,Exocrine epithelial,TFPI,14184.211291367843,-0.04142289548969376,-6.000687978063014,1.2619653640282782,Endothelial
Ductal/tumor epithelial,Fibroblast / CAF,TFPI,14184.211291367843,-0.00011934462650134436,-0.01763464928796051,1.2619653640282782,Endothelial
Ductal/tumor epithelial,Immune,TFPI,14184.211291367843,0.03860626886587128,4.478976202588553,1.2619653640282782,Endothelial
Ductal/tumor epithelial,Mural / pericyte,TFPI,14184.211291367843,0.08134858826482222,2.466417643032312,1.2619653640282782,Endothelial
Ductal/tumor epithelial,Endocrine,CLIC6,1903.0,0.0585262302581618,0.7013591760376396,1.2029463927161288,Ductal/tumor epithelial
Ductal/tumor epithelial,Endothelial,CLIC6,1903.0,0.1259243659406111,3.8035860525725815,1.2029463927161288,Ductal/tumor epithelial
Ductal/tumor epithelial,Exocrine epithelial,CLIC6,1903.0,0.18755918036985714,12.319512593629181,1.2029463927161288,Ductal/tumor epithelial
Ductal/tumor epithelial,Fibroblast / CAF,CLIC6,1903.0,-0.031051381250440515,-1.6128071028146966,1.2029463927161288,Ductal/tumor epithelial
Ductal/tumor epithelial,Immune,CLIC6,1903.0,0.09340860903895248,4.304986183295726,1.2029463927161288,Ductal/tumor epithelial
Ductal/tumor epithelial,Mural / pericyte,CLIC6,1903.0,-0.06852616885799795,-0.6922189654289636,1.2029463927161288,Ductal/tumor epithelial
Ductal/tumor epithelial,Endocrine,CCR2,413.9591566230258,0.019439052951926522,0.09542227868934335,1.1071339421359794,Immune
Ductal/tumor epithelial,Endothelial,CCR2,413.9591566230258,0.17116141522679754,2.443987549596893,1.1071339421359794,Immune
Ductal/tumor epithelial,Exocrine epithelial,CCR2,413.9591566230258,0.04750774594804935,1.3875729673624497,1.1071339421359794,Immune
Ductal/tumor epithelial,Fibroblast / CAF,CCR2,413.9591566230258,0.003079469574586358,0.08185278756581033,1.1071339421359794,Immune
Ductal/tumor epithelial,Immune,CCR2,413.9591566230258,0.11661364780314033,2.637034915986152,1.1071339421359794,Immune
Ductal/tumor epithelial,Mural / pericyte,CCR2,413.9591566230258,-0.10311433412589627,-0.5220573680168624,1.1071339421359794,Immune
Ductal/tumor epithelial,Endocrine,ELF5,818.9616206807593,-0.06196849269780628,-0.3322334927526846,1.092975220426258,Mural / pericyte
Ductal/tumor epithelial,Endothelial,ELF5,818.9616206807593,-0.01275312014705933,-0.1961219148696106,1.092975220426258,Mural / pericyte
Ductal/tumor epithelial,Exocrine epithelial,ELF5,818.9616206807593,-0.07007824564260495,-2.529164112838143,1.092975220426258,Mural / pericyte
Ductal/tumor epithelial,Fibroblast / CAF,ELF5,818.9616206807593,-0.02643448186849914,-0.9991752764332865,1.092975220426258,Mural / pericyte
Ductal/tumor epithelial,Immune,ELF5,818.9616206807593,0.030487626910175453,0.8964279087749787,1.092975220426258,Mural / pericyte
Ductal/tumor epithelial,Mural / pericyte,ELF5,818.9616206807593,-0.020134573079018163,-0.1463427117357086,1.092975220426258,Mural / pericyte
Ductal/tumor epithelial,Endocrine,SPI1,385.73159179541176,-0.023716353416118427,-0.12435189957193322,1.0,Immune
Ductal/tumor epithelial,Endothelial,SPI1,385.73159179541176,0.15193394076530103,2.3452035440348094,1.0,Immune
Ductal/tumor epithelial,Exocrine epithelial,SPI1,385.73159179541176,0.19637688503324202,6.324513175243565,1.0,Immune
Ductal/tumor epithelial,Fibroblast / CAF,SPI1,385.73159179541176,0.037953549500946045,1.0082735176662958,1.0,Immune
Ductal/tumor epithelial,Immune,SPI1,385.73159179541176,0.10563690134955052,2.4507424989030495,1.0,Immune
Ductal/tumor epithelial,Mural / pericyte,SPI1,385.73159179541176,0.16308926998705703,0.9589949381599815,1.0,Immune
Ductal/tumor epithelial,Endocrine,AGER,379.0,-0.19049645631756285,-0.5789945697091093,1.151216391032991,Ductal/tumor epithelial
Ductal/tumor epithelial,Endothelial,AGER,379.0,-0.12275736789406447,-1.145227995523533,1.151216391032991,Ductal/tumor epithelial
Ductal/tumor epithelial,Exocrine epithelial,AGER,379.0,-0.031398674913129136,-0.7866981414428523,1.151216391032991,Ductal/tumor epithelial
Ductal/tumor epithelial,Fibroblast / CAF,AGER,379.0,-0.09537959434870173,-2.2903813973657186,1.151216391032991,Ductal/tumor epithelial
Ductal/tumor epithelial,Immune,AGER,379.0,0.06484681756835818,1.2832826259253898,1.151216391032991,Ductal/tumor epithelial
Ductal/tumor epithelial,Mural / pericyte,AGER,379.0,-0.0412705280350261,-0.19133342104861484,1.151216391032991,Ductal/tumor epithelial
Ductal/tumor epithelial,Endocrine,ALAS2,283.0,-0.24316140800908576,-0.7467171651601682,1.1108908869811653,Ductal/tumor epithelial
Ductal/tumor epithelial,Endothelial,ALAS2,283.0,-0.09656796077451425,-0.9534802929177523,1.1108908869811653,Ductal/tumor epithelial
Ductal/tumor epithelial,Exocrine epithelial,ALAS2,283.0,0.20360652050131958,5.351935208053961,1.1108908869811653,Ductal/tumor epithelial
Ductal/tumor epithelial,Fibroblast / CAF,ALAS2,283.0,0.009244818108273522,0.19752317965234123,1.1108908869811653,Ductal/tumor epithelial
Ductal/tumor epithelial,Immune,ALAS2,283.0,0.048327699870160716,0.8635984433097718,1.1108908869811653,Ductal/tumor epithelial
Ductal/tumor epithelial,Mural / pericyte,ALAS2,283.0,-0.15812557701173285,-0.6010707894039234,1.1108908869811653,Ductal/tumor epithelial
Ductal/tumor epithelial,Endocrine,TOP2A,4334.0,-0.48730773052774534,-1.8428093754310628,1.4068378863777622,Ductal/tumor epithelial
Ductal/tumor epithelial,Endothelial,TOP2A,4334.0,-0.12976705188412127,-2.575544176807035,1.4068378863777622,Ductal/tumor epithelial
Ductal/tumor epithelial,Exocrine epithelial,TOP2A,4334.0,-0.5939134467055727,-19.682546236035748,1.4068378863777622,Ductal/tumor epithelial
Ductal/tumor epithelial,Fibroblast / CAF,TOP2A,4334.0,-0.14225234871849957,-10.299430014522677,1.4068378863777622,Ductal/tumor epithelial
Ductal/tumor epithelial,Immune,TOP2A,4334.0,-0.13526762948462046,-6.501402332659139,1.4068378863777622,Ductal/tumor epithelial
Ductal/tumor epithelial,Mural / pericyte,TOP2A,4334.0,-0.07855391385126137,-1.0201100231268834,1.4068378863777622,Ductal/tumor epithelial
Ductal/tumor epithelial,Endocrine,CCDC39,346.0,-1.153959816277013,-1.1807108725684643,1.257232942641363,Ductal/tumor epithelial
Ductal/tumor epithelial,Endothelial,CCDC39,346.0,-0.09803992536023151,-0.8794778367493873,1.257232942641363,Ductal/tumor epithelial
Ductal/tumor epithelial,Exocrine epithelial,CCDC39,346.0,0.03823084136990086,0.9205340366381887,1.257232942641363,Ductal/tumor epithelial
Ductal/tumor epithelial,Fibroblast / CAF,CCDC39,346.0,-0.03360511618982426,-0.7530524071441208,1.257232942641363,Ductal/tumor epithelial
Ductal/tumor epithelial,Immune,CCDC39,346.0,-0.0448345070801973,-0.7575679084157109,1.257232942641363,Ductal/tumor epithelial
Ductal/tumor epithelial,Mural / pericyte,CCDC39,346.0,0.032110107642017334,0.1396321022252599,1.257232942641363,Ductal/tumor epithelial
Ductal/tumor epithelial,Endocrine,APOA5,668.4677407251688,0.05793295348350619,0.3713015560414832,1.0179948751924124,Mural / pericyte
Ductal/tumor epithelial,Endothelial,APOA5,668.4677407251688,-0.15507391509349347,-2.0344655644032037,1.0179948751924124,Mural / pericyte
Ductal/tumor epithelial,Exocrine epithelial,APOA5,668.4677407251688,0.036655725871820866,1.3551428300663007,1.0179948751924124,Mural / pericyte
Ductal/tumor epithelial,Fibroblast / CAF,APOA5,668.4677407251688,-0.0018035826604249994,-0.0634098626020639,1.0179948751924124,Mural / pericyte
Ductal/tumor epithelial,Immune,APOA5,668.4677407251688,-0.05465320834683525,-1.4120942341447407,1.0179948751924124,Mural / pericyte
Ductal/tumor epithelial,Mural / pericyte,APOA5,668.4677407251688,-0.40823998966225583,-2.151679746449069,1.0179948751924124,Mural / pericyte
Ductal/tumor epithelial,Endocrine,MZB1,537.3883847917018,0.19508267305392854,1.4656374055652237,1.0,Immune
Ductal/tumor epithelial,Endothelial,MZB1,537.3883847917018,-0.022347417871816305,-0.3099138349580248,1.0,Immune
Ductal/tumor epithelial,Exocrine epithelial,MZB1,537.3883847917018,0.052145319312787354,1.8054615393328841,1.0,Immune
Ductal/tumor epithelial,Fibroblast / CAF,MZB1,537.3883847917018,-0.06085770905374038,-1.8693533009951875,1.0,Immune
Ductal/tumor epithelial,Immune,MZB1,537.3883847917018,-0.019042041342906626,-0.4623847956602,1.0,Immune
Ductal/tumor epithelial,Mural / pericyte,MZB1,537.3883847917018,0.22002318489860148,1.4987125713146716,1.0,Immune
Ductal/tumor epithelial,Endocrine,DES,493.2430365127309,-0.5471887590348534,-1.1691505933585828,1.0,Mural / pericyte
Ductal/tumor epithelial,Endothelial,DES,493.2430365127309,-0.07985732973183876,-0.8924394182841265,1.0,Mural / pericyte
Ductal/tumor epithelial,Exocrine epithelial,DES,493.2430365127309,-0.13991040765690527,-3.676640150150323,1.0,Mural / pericyte
Ductal/tumor epithelial,Fibroblast / CAF,DES,493.2430365127309,0.03158547526580383,1.0051581485500414,1.0,Mural / pericyte
Ductal/tumor epithelial,Immune,DES,493.2430365127309,0.02299514774643642,0.543574397999161,1.0,Mural / pericyte
Ductal/tumor epithelial,Mural / pericyte,DES,493.2430365127309,-0.13007320354939375,-0.7350154204416215,1.0,Mural / pericyte
Ductal/tumor epithelial,Endocrine,CPA3,289.83491179089845,-0.03771128962397467,-0.12260135616327622,1.0,Exocrine epithelial
Ductal/tumor epithelial,Endothelial,CPA3,289.83491179089845,0.24446470830338027,2.8669741655657686,1.0,Exocrine epithelial
Ductal/tumor epithelial,Exocrine epithelial,CPA3,289.83491179089845,-0.20281226932176594,-4.1377958803932,1.0,Exocrine epithelial
Ductal/tumor epithelial,Fibroblast / CAF,CPA3,289.83491179089845,-0.11375262019130711,-2.580525331526986,1.0,Exocrine epithelial
Ductal/tumor epithelial,Immune,CPA3,289.83491179089845,0.05918853296880791,1.096717419310767,1.0,Exocrine epithelial
Ductal/tumor epithelial,Mural / pericyte,CPA3,289.83491179089845,0.07500616405091458,0.3615725589667524,1.0,Exocrine epithelial
Ductal/tumor epithelial,Endocrine,KCNK3,396.941459870754,-0.06533338800311998,-0.2270097923742197,1.0,Exocrine epithelial
Ductal/tumor epithelial,Endothelial,KCNK3,396.941459870754,0.06472520407196355,0.7257321345489715,1.0,Exocrine epithelial
Ductal/tumor epithelial,Exocrine epithelial,KCNK3,396.941459870754,-0.2045175088041603,-4.582382416937647,1.0,Exocrine epithelial
Ductal/tumor epithelial,Fibroblast / CAF,KCNK3,396.941459870754,-0.02050938374483756,-0.5723956579406465,1.0,Exocrine epithelial
Ductal/tumor epithelial,Immune,KCNK3,396.941459870754,-0.009605982803101138,-0.19767136545635772,1.0,Exocrine epithelial
Ductal/tumor epithelial,Mural / pericyte,KCNK3,396.941459870754,-0.0019099201710688588,-0.010265164802242007,1.0,Exocrine epithelial
Ductal/tumor epithelial,Endocrine,C7,138.23871939864677,0.13564282073910944,0.5848382604689994,1.0,Fibroblast / CAF
Ductal/tumor epithelial,Endothelial,C7,138.23871939864677,0.20009005096913976,1.9714692659718283,1.0,Fibroblast / CAF
Ductal/tumor epithelial,Exocrine epithelial,C7,138.23871939864677,0.2632963262542713,5.296635797156212,1.0,Fibroblast / CAF
Ductal/tumor epithelial,Fibroblast / CAF,C7,138.23871939864677,-0.1803484383229375,-2.4315116641022922,1.0,Fibroblast / CAF
Ductal/tumor epithelial,Immune,C7,138.23871939864677,0.01944352582419278,0.2513118868215236,1.0,Fibroblast / CAF
Ductal/tumor epithelial,Mural / pericyte,C7,138.23871939864677,0.19006576040599665,0.6105426956429412,1.0,Fibroblast / CAF
Ductal/tumor epithelial,Endocrine,CD27,335.79445757857843,0.06462218120347141,0.2948852755044613,1.0,Immune
Ductal/tumor epithelial,Endothelial,CD27,335.79445757857843,0.022284663584798484,0.24622674098610536,1.0,Immune
Ductal/tumor epithelial,Exocrine epithelial,CD27,335.79445757857843,-0.024508802216696903,-0.6257635081490516,1.0,Immune
Ductal/tumor epithelial,Fibroblast / CAF,CD27,335.79445757857843,-0.031119970445103805,-0.7810500224668385,1.0,Immune
Ductal/tumor epithelial,Immune,CD27,335.79445757857843,0.04507753384673709,0.9050452613960984,1.0,Immune
Ductal/tumor epithelial,Mural / pericyte,CD27,335.79445757857843,0.1220602638168805,0.6461817744589997,1.0,Immune
Ductal/tumor epithelial,Endocrine,ERBB2,6647.0,0.033050398858918556,0.6917837245245596,1.144234075563734,Ductal/tumor epithelial
Ductal/tumor epithelial,Endothelial,ERBB2,6647.0,0.024177352522655196,1.227400690444106,1.144234075563734,Ductal/tumor epithelial
Ductal/tumor epithelial,Exocrine epithelial,ERBB2,6647.0,0.14533459594932996,17.677164475295612,1.144234075563734,Ductal/tumor epithelial
Ductal/tumor epithelial,Fibroblast / CAF,ERBB2,6647.0,0.002100809460926202,0.21550553944825768,1.144234075563734,Ductal/tumor epithelial
Ductal/tumor epithelial,Immune,ERBB2,6647.0,0.010812137997714875,0.8973076858536243,1.144234075563734,Ductal/tumor epithelial
Ductal/tumor epithelial,Mural / pericyte,ERBB2,6647.0,0.006335631628268015,0.12726247184316353,1.144234075563734,Ductal/tumor epithelial
Ductal/tumor epithelial,Endocrine,FOXP3,309.2151375129136,-0.08829414057379799,-0.286564449681594,1.0,Immune
Ductal/tumor epithelial,Endothelial,FOXP3,309.2151375129136,0.08764861996016224,0.9330640077899216,1.0,Immune
Ductal/tumor epithelial,Exocrine epithelial,FOXP3,309.2151375129136,-0.11043975999916789,-2.484852291259829,1.0,Immune
Ductal/tumor epithelial,Fibroblast / CAF,FOXP3,309.2151375129136,-0.0571959468343409,-1.369186452362945,1.0,Immune
Ductal/tumor epithelial,Immune,FOXP3,309.2151375129136,0.006673601614657739,0.12347238135871595,1.0,Immune
Ductal/tumor epithelial,Mural / pericyte,FOXP3,309.2151375129136,0.07332833603850077,0.358550428678936,1.0,Immune
Ductal/tumor epithelial,Endocrine,CDK1,7490.0,-0.3882761566695026,-1.9921112373498435,1.6475988321023274,Ductal/tumor epithelial
Ductal/tumor epithelial,Endothelial,CDK1,7490.0,-0.2160371534543097,-4.695942521455938,1.6475988321023274,Ductal/tumor epithelial
Ductal/tumor epithelial,Exocrine epithelial,CDK1,7490.0,-0.5500896458769823,-23.67490507111749,1.6475988321023274,Ductal/tumor epithelial
Ductal/tumor epithelial,Fibroblast / CAF,CDK1,7490.0,-0.19909508117903843,-16.747315097475244,1.6475988321023274,Ductal/tumor epithelial
Ductal/tumor epithelial,Immune,CDK1,7490.0,-0.12123586777907376,-7.036013041128857,1.6475988321023274,Ductal/tumor epithelial
Ductal/tumor epithelial,Mural / pericyte,CDK1,7490.0,-0.25284276740860373,-3.51990158832214,1.6475988321023274,Ductal/tumor epithelial
Ductal/tumor epithelial,Endocrine,CXCL2,10894.0,-0.005095169969347682,-0.10489724762874432,2.2648951697446744,Ductal/tumor epithelial
Ductal/tumor epithelial,Endothelial,CXCL2,10894.0,0.08866299540477852,4.911413574666008,2.2648951697446744,Ductal/tumor epithelial
Ductal/tumor epithelial,Exocrine epithelial,CXCL2,10894.0,0.3389194523816911,39.3920308523168,2.2648951697446744,Ductal/tumor epithelial
Ductal/tumor epithelial,Fibroblast / CAF,CXCL2,10894.0,0.15612005086953362,14.836705338418799,2.2648951697446744,Ductal/tumor epithelial
Ductal/tumor epithelial,Immune,CXCL2,10894.0,0.16370506497660092,14.079709856526804,2.2648951697446744,Ductal/tumor epithelial
Ductal/tumor epithelial,Mural / pericyte,CXCL2,10894.0,0.0624902902838705,1.2364576326426295,2.2648951697446744,Ductal/tumor epithelial
Ductal/tumor epithelial,Endocrine,TMEM100,606.1503039225503,0.019028972071965914,0.0976375608823264,1.0,Mural / pericyte
Ductal/tumor epithelial,Endothelial,TMEM100,606.1503039225503,0.02813664630577391,0.3893226255035085,1.0,Mural / pericyte
Ductal/tumor epithelial,Exocrine epithelial,TMEM100,606.1503039225503,-0.15211280053471518,-4.613659272556938,1.0,Mural / pericyte
Ductal/tumor epithelial,Fibroblast / CAF,TMEM100,606.1503039225503,-0.10229590449240196,-3.3714523781715564,1.0,Mural / pericyte
Ductal/tumor epithelial,Immune,TMEM100,606.1503039225503,0.09284936015779506,2.5309869814354298,1.0,Mural / pericyte
Ductal/tumor epithelial,Mural / pericyte,TMEM100,606.1503039225503,-0.08280662031799102,-0.5227144881967486,1.0,Mural / pericyte
Ductal/tumor epithelial,Endocrine,OGN,533.2154599712321,-0.054748980660040206,-0.28799878502097676,1.0,Mural / pericyte
Ductal/tumor epithelial,Endothelial,OGN,533.2154599712321,0.19071378501101166,3.2288611488847336,1.0,Mural / pericyte
Ductal/tumor epithelial,Exocrine epithelial,OGN,533.2154599712321,0.04607268727395294,1.6263851386129289,1.0,Mural / pericyte
Ductal/tumor epithelial,Fibroblast / CAF,OGN,533.2154599712321,-0.10113746296068722,-3.0079490650381127,1.0,Mural / pericyte
Ductal/tumor epithelial,Immune,OGN,533.2154599712321,0.029870616159748727,0.7479069281161886,1.0,Mural / pericyte
Ductal/tumor epithelial,Mural / pericyte,OGN,533.2154599712321,-0.17966435945482126,-0.9758499186549499,1.0,Mural / pericyte
Ductal/tumor epithelial,Endocrine,KLRC1,525.2386602442494,0.035392319839839474,0.1854422560061552,1.0,Immune
Ductal/tumor epithelial,Endothelial,KLRC1,525.2386602442494,-0.08442731373503118,-1.0258082193494324,1.0,Immune
Ductal/tumor epithelial,Exocrine epithelial,KLRC1,525.2386602442494,-0.05131243274230753,-1.572120855880099,1.0,Immune
Ductal/tumor epithelial,Fibroblast / CAF,KLRC1,525.2386602442494,-0.03799223587808726,-1.1938532717591535,1.0,Immune
Ductal/tumor epithelial,Immune,KLRC1,525.2386602442494,0.025740194680478917,0.6321053442826722,1.0,Immune
Ductal/tumor epithelial,Mural / pericyte,KLRC1,525.2386602442494,0.1711848537708964,1.1528185304897844,1.0,Immune
Ductal/tumor epithelial,Endocrine,FXYD2,8239.65723661792,0.36860764048891653,16.615451143743186,1.4512672971650156,Endocrine
Ductal/tumor epithelial,Endothelial,FXYD2,8239.65723661792,0.21504806553200884,15.718751083378777,1.4512672971650156,Endocrine
Ductal/tumor epithelial,Exocrine epithelial,FXYD2,8239.65723661792,0.6196280264355538,70.56456926406653,1.4512672971650156,Endocrine
Ductal/tumor epithelial,Fibroblast / CAF,FXYD2,8239.65723661792,0.18595172391861367,17.743468681921996,1.4512672971650156,Endocrine
Ductal/tumor epithelial,Immune,FXYD2,8239.65723661792,0.09575965714615274,8.624064717461659,1.4512672971650156,Endocrine
Ductal/tumor epithelial,Mural / pericyte,FXYD2,8239.65723661792,0.27274871735703465,5.991414401605806,1.4512672971650156,Endocrine
Ductal/tumor epithelial,Endocrine,TMEM174,159.69371064209884,-0.06621969726609513,-0.18221623022529304,1.0188739462937455,Immune
Ductal/tumor epithelial,Endothelial,TMEM174,159.69371064209884,-0.09661148119286728,-0.6890709571460465,1.0188739462937455,Immune
Ductal/tumor epithelial,Exocrine epithelial,TMEM174,159.69371064209884,0.05894367918838726,1.1176765221860168,1.0188739462937455,Immune
Ductal/tumor epithelial,Fibroblast / CAF,TMEM174,159.69371064209884,-0.073064509573906,-1.2124900952393363,1.0188739462937455,Immune
Ductal/tumor epithelial,Immune,TMEM174,159.69371064209884,0.13021955019596976,1.892051478268998,1.0188739462937455,Immune
Ductal/tumor epithelial,Mural / pericyte,TMEM174,159.69371064209884,-0.08861681838869068,-0.281226980562785,1.0188739462937455,Immune
Ductal/tumor epithelial,Endocrine,CXCL6,27407.0,0.2368238516506245,6.106287726099409,6.483171393878368,Ductal/tumor epithelial
Ductal/tumor epithelial,Endothelial,CXCL6,27407.0,0.26744182207276235,15.813853547117496,6.483171393878368,Ductal/tumor epithelial
Ductal/tumor epithelial,Exocrine epithelial,CXCL6,27407.0,0.2348216219406169,24.487167302460442,6.483171393878368,Ductal/tumor epithelial
Ductal/tumor epithelial,Fibroblast / CAF,CXCL6,27407.0,0.2262213251823161,20.737272887547626,6.483171393878368,Ductal/tumor epithelial
Ductal/tumor epithelial,Immune,CXCL6,27407.0,0.376280140447673,33.48269134409441,6.483171393878368,Ductal/tumor epithelial
Ductal/tumor epithelial,Mural / pericyte,CXCL6,27407.0,0.2033313403243881,4.611677730510449,6.483171393878368,Ductal/tumor epithelial
Ductal/tumor epithelial,Endocrine,S100A12,290.8750957406735,0.2648358402388299,1.446355838944546,1.1075143030356602,Endothelial
Ductal/tumor epithelial,Endothelial,S100A12,290.8750957406735,0.05386599964398247,0.5404089109559679,1.1075143030356602,Endothelial
Ductal/tumor epithelial,Exocrine epithelial,S100A12,290.8750957406735,-0.04679913398453165,-1.0471679232393514,1.1075143030356602,Endothelial
Ductal/tumor epithelial,Fibroblast / CAF,S100A12,290.8750957406735,-0.05553860001610518,-1.2206018616436254,1.1075143030356602,Endothelial
Ductal/tumor epithelial,Immune,S100A12,290.8750957406735,0.07654299552830661,1.3857834586934168,1.1075143030356602,Endothelial
Ductal/tumor epithelial,Mural / pericyte,S100A12,290.8750957406735,0.07783946601304594,0.3573045485168784,1.1075143030356602,Endothelial
Ductal/tumor epithelial,Endocrine,LPL,107.67998632557546,-0.3998033274390837,-0.6900977965959697,1.0,Immune
Ductal/tumor epithelial,Endothelial,LPL,107.67998632557546,0.12753268130252923,1.0420997077459462,1.0,Immune
Ductal/tumor epithelial,Exocrine epithelial,LPL,107.67998632557546,0.27171285954368174,4.694891912514024,1.0,Immune
Ductal/tumor epithelial,Fibroblast / CAF,LPL,107.67998632557546,0.12363823354871646,1.7666304474263457,1.0,Immune
Ductal/tumor epithelial,Immune,LPL,107.67998632557546,-0.01115454682490631,-0.12775289255437977,1.0,Immune
Ductal/tumor epithelial,Mural / pericyte,LPL,107.67998632557546,0.07839972817519897,0.22718814527174178,1.0,Immune
Ductal/tumor epithelial,Endocrine,LGR5,949.0,-0.343926260892664,-0.834095017454735,1.323423424003535,Ductal/tumor epithelial
Ductal/tumor epithelial,Endothelial,LGR5,949.0,-0.31901267170714204,-2.736126862176683,1.323423424003535,Ductal/tumor epithelial
Ductal/tumor epithelial,Exocrine epithelial,LGR5,949.0,-0.39324763698246645,-8.240235445319529,1.323423424003535,Ductal/tumor epithelial
Ductal/tumor epithelial,Fibroblast / CAF,LGR5,949.0,-0.0562608507783791,-2.0664585613298434,1.323423424003535,Ductal/tumor epithelial
Ductal/tumor epithelial,Immune,LGR5,949.0,-0.19058889389518266,-4.334479617675757,1.323423424003535,Ductal/tumor epithelial
Ductal/tumor epithelial,Mural / pericyte,LGR5,949.0,0.02533819891584798,0.17069642349209754,1.323423424003535,Ductal/tumor epithelial
Ductal/tumor epithelial,Endocrine,ANGPT2,461.3759244890505,0.08722632092048391,0.3357993507462984,1.4438003604046425,Endothelial
Ductal/tumor epithelial,Endothelial,ANGPT2,461.3759244890505,0.01161597054382476,0.11052116166107423,1.4438003604046425,Endothelial
Ductal/tumor epithelial,Exocrine epithelial,ANGPT2,461.3759244890505,-0.1858836582816005,-3.6092732554490143,1.4438003604046425,Endothelial
Ductal/tumor epithelial,Fibroblast / CAF,ANGPT2,461.3759244890505,0.14507535883134562,3.8721988579293876,1.4438003604046425,Endothelial
Ductal/tumor epithelial,Immune,ANGPT2,461.3759244890505,-0.1448183509274664,-2.4599702336904286,1.4438003604046425,Endothelial
Ductal/tumor epithelial,Mural / pericyte,ANGPT2,461.3759244890505,-0.34867090278627544,-1.418533166931851,1.4438003604046425,Endothelial
Ductal/tumor epithelial,Endocrine,PRG4,149.61512246581654,-0.07346464788215776,-0.23172852861137466,1.0,Endocrine
Ductal/tumor epithelial,Endothelial,PRG4,149.61512246581654,0.09833802887272355,0.9169035213353849,1.0,Endocrine
Ductal/tumor epithelial,Exocrine epithelial,PRG4,149.61512246581654,0.23885612711914458,4.919574748202547,1.0,Endocrine
Ductal/tumor epithelial,Fibroblast / CAF,PRG4,149.61512246581654,-0.05047503923489923,-0.7882535024528674,1.0,Endocrine
Ductal/tumor epithelial,Immune,PRG4,149.61512246581654,0.07514041853105294,1.0598772766708562,1.0,Endocrine
Ductal/tumor epithelial,Mural / pericyte,PRG4,149.61512246581654,0.3150398788264992,1.2038822286663033,1.0,Endocrine
Ductal/tumor epithelial,Endocrine,CYP4B1,483.26575154460755,0.04419668761764519,0.20220444873469623,1.1116019672359152,Endothelial
Ductal/tumor epithelial,Endothelial,CYP4B1,483.26575154460755,-0.07710674021772959,-0.8279410635168701,1.1116019672359152,Endothelial
Ductal/tumor epithelial,Exocrine epithelial,CYP4B1,483.26575154460755,-0.1169297670635505,-3.0914528350568955,1.1116019672359152,Endothelial
Ductal/tumor epithelial,Fibroblast / CAF,CYP4B1,483.26575154460755,-0.08712373144581516,-2.4462193056271606,1.1116019672359152,Endothelial
Ductal/tumor epithelial,Immune,CYP4B1,483.26575154460755,0.10697349243028141,2.491281682634414,1.1116019672359152,Endothelial
Ductal/tumor epithelial,Mural / pericyte,CYP4B1,483.26575154460755,-0.2832187541295191,-1.3508585511043412,1.1116019672359152,Endothelial
Ductal/tumor epithelial,Endocrine,TCL1A,440.4127879750924,-0.12165457004467932,-0.5151650407780077,1.0159110489406384,Mural / pericyte
Ductal/tumor epithelial,Endothelial,TCL1A,440.4127879750924,-0.03160637583845676,-0.39104128595580206,1.0159110489406384,Mural / pericyte
Ductal/tumor epithelial,Exocrine epithelial,TCL1A,440.4127879750924,0.06912076648967266,2.1842200994025602,1.0159110489406384,Mural / pericyte
Ductal/tumor epithelial,Fibroblast / CAF,TCL1A,440.4127879750924,-0.06366968280677136,-1.7463243219616127,1.0159110489406384,Mural / pericyte
Ductal/tumor epithelial,Immune,TCL1A,440.4127879750924,-0.004786036785633374,-0.10484941423894908,1.0159110489406384,Mural / pericyte
Ductal/tumor epithelial,Mural / pericyte,TCL1A,440.4127879750924,-0.15589598654274267,-0.7628781610202581,1.0159110489406384,Mural / pericyte
Ductal/tumor epithelial,Endocrine,KNG1,253.7775627990955,-0.9355373294017006,-1.071526661871092,1.0,Mural / pericyte
Ductal/tumor epithelial,Endothelial,KNG1,253.7775627990955,0.010685594706658745,0.09862720608353293,1.0,Mural / pericyte
Ductal/tumor epithelial,Exocrine epithelial,KNG1,253.7775627990955,-0.031375071756433684,-0.6850489219291889,1.0,Mural / pericyte
Ductal/tumor epithelial,Fibroblast / CAF,KNG1,253.7775627990955,-0.0376545187535113,-0.8171247464278231,1.0,Mural / pericyte
Ductal/tumor epithelial,Immune,KNG1,253.7775627990955,-0.016862949572965115,-0.2787923168469864,1.0,Mural / pericyte
Ductal/tumor epithelial,Mural / pericyte,KNG1,253.7775627990955,0.03464764021141508,0.14792789667492037,1.0,Mural / pericyte
Ductal/tumor epithelial,Endocrine,MLPH,4189.0,0.02427658104010365,0.2829800287402206,1.239527857617131,Ductal/tumor epithelial
Ductal/tumor epithelial,Endothelial,MLPH,4189.0,0.03261119895619763,1.0519657693955473,1.239527857617131,Ductal/tumor epithelial
Ductal/tumor epithelial,Exocrine epithelial,MLPH,4189.0,-0.20703881078956482,-13.478764829600616,1.239527857617131,Ductal/tumor epithelial
Ductal/tumor epithelial,Fibroblast / CAF,MLPH,4189.0,-0.010807889643804303,-0.8883643276838281,1.239527857617131,Ductal/tumor epithelial
Ductal/tumor epithelial,Immune,MLPH,4189.0,0.046521540186317135,2.929062887430071,1.239527857617131,Ductal/tumor epithelial
Ductal/tumor epithelial,Mural / pericyte,MLPH,4189.0,0.13288902631800958,2.2998013058967044,1.239527857617131,Ductal/tumor epithelial
Ductal/tumor epithelial,Endocrine,SLAMF1,518.1633844309347,0.038414102908137855,0.21202185904862125,1.0,Immune
Ductal/tumor epithelial,Endothelial,SLAMF1,518.1633844309347,0.01974317590714412,0.26949652251779654,1.0,Immune
Ductal/tumor epithelial,Exocrine epithelial,SLAMF1,518.1633844309347,-0.005561809444305195,-0.18040691239709933,1.0,Immune
Ductal/tumor epithelial,Fibroblast / CAF,SLAMF1,518.1633844309347,-0.0668941138697011,-2.0307688504295567,1.0,Immune
Ductal/tumor epithelial,Immune,SLAMF1,518.1633844309347,0.0066343420918919095,0.15976505863302096,1.0,Immune
Ductal/tumor epithelial,Mural / pericyte,SLAMF1,518.1633844309347,0.01977590049804095,0.11907405373379897,1.0,Immune
Ductal/tumor epithelial,Endocrine,LGI4,420.8631528837573,-0.006993875523609157,-0.03335901620556148,1.1013695642463766,Mural / pericyte
Ductal/tumor epithelial,Endothelial,LGI4,420.8631528837573,-0.016687157514062207,-0.20114619146656207,1.1013695642463766,Mural / pericyte
Ductal/tumor epithelial,Exocrine epithelial,LGI4,420.8631528837573,0.0870204481326104,2.595130163649752,1.1013695642463766,Mural / pericyte
Ductal/tumor epithelial,Fibroblast / CAF,LGI4,420.8631528837573,0.012027175412444188,0.3224709324759227,1.1013695642463766,Mural / pericyte
Ductal/tumor epithelial,Immune,LGI4,420.8631528837573,0.019878424668729584,0.4221935305585528,1.1013695642463766,Mural / pericyte
Ductal/tumor epithelial,Mural / pericyte,LGI4,420.8631528837573,-0.16051494008284348,-0.7614170244108766,1.1013695642463766,Mural / pericyte
Ductal/tumor epithelial,Endocrine,TM4SF4,4410.227826164476,0.2572626536074654,4.501216257014412,2.233719795016802,Endocrine
Ductal/tumor epithelial,Endothelial,TM4SF4,4410.227826164476,0.2951844902415164,11.833265542623806,2.233719795016802,Endocrine
Ductal/tumor epithelial,Exocrine epithelial,TM4SF4,4410.227826164476,0.111760871297221,7.923804911395307,2.233719795016802,Endocrine
Ductal/tumor epithelial,Fibroblast / CAF,TM4SF4,4410.227826164476,-0.01696096920437161,-1.020440652787068,2.233719795016802,Endocrine
Ductal/tumor epithelial,Immune,TM4SF4,4410.227826164476,0.4064189646666441,24.96450036064122,2.233719795016802,Endocrine
Ductal/tumor epithelial,Mural / pericyte,TM4SF4,4410.227826164476,0.5296178171223702,9.830600078721702,2.233719795016802,Endocrine
Ductal/tumor epithelial,Endocrine,TNFRSF17,475.52291255923717,0.24987470073668672,1.8521954151770823,1.0,Immune
Ductal/tumor epithelial,Endothelial,TNFRSF17,475.52291255923717,0.041284680406047124,0.5465258878611344,1.0,Immune
Ductal/tumor epithelial,Exocrine epithelial,TNFRSF17,475.52291255923717,0.008262856875757965,0.25924555851369,1.0,Immune
Ductal/tumor epithelial,Fibroblast / CAF,TNFRSF17,475.52291255923717,-0.09119016949049849,-2.586056606497348,1.0,Immune
Ductal/tumor epithelial,Immune,TNFRSF17,475.52291255923717,-0.12378114969711393,-2.582847992614706,1.0,Immune
Ductal/tumor epithelial,Mural / pericyte,TNFRSF17,475.52291255923717,0.2426791505032939,1.5291109599765216,1.0,Immune
Ductal/tumor epithelial,Endocrine,GPC3,376.3018248814011,0.305612771421901,1.8742971584961263,1.0,Exocrine epithelial
Ductal/tumor epithelial,Endothelial,GPC3,376.3018248814011,0.1601751633088366,1.9583250971106319,1.0,Exocrine epithelial
Ductal/tumor epithelial,Exocrine epithelial,GPC3,376.3018248814011,-0.22771473188781627,-5.1413714305791345,1.0,Exocrine epithelial
Ductal/tumor epithelial,Fibroblast / CAF,GPC3,376.3018248814011,-0.15509554675305776,-3.934293330240298,1.0,Exocrine epithelial
Ductal/tumor epithelial,Immune,GPC3,376.3018248814011,0.10863403625116953,2.360542444447997,1.0,Exocrine epithelial
Ductal/tumor epithelial,Mural / pericyte,GPC3,376.3018248814011,0.1664766106845119,0.9635667584493135,1.0,Exocrine epithelial
Ductal/tumor epithelial,Endocrine,LYVE1,479.69195237898356,0.1522313968299622,0.8614548129021681,1.0,Endothelial
Ductal/tumor epithelial,Endothelial,LYVE1,479.69195237898356,-0.06568454705693198,-0.7375286067565456,1.0,Endothelial
Ductal/tumor epithelial,Exocrine epithelial,LYVE1,479.69195237898356,-0.10577606622105627,-2.941534407283236,1.0,Endothelial
Ductal/tumor epithelial,Fibroblast / CAF,LYVE1,479.69195237898356,-0.0767023341642109,-2.2558434935862404,1.0,Endothelial
Ductal/tumor epithelial,Immune,LYVE1,479.69195237898356,0.002689029036639689,0.06079858412353218,1.0,Endothelial
Ductal/tumor epithelial,Mural / pericyte,LYVE1,479.69195237898356,-0.266843042503886,-1.3100936210212368,1.0,Endothelial
Ductal/tumor epithelial,Endocrine,HAMP,227.64372497687592,-2.842410783597121e-06,-8.721921903476969e-06,1.0,Exocrine epithelial
Ductal/tumor epithelial,Endothelial,HAMP,227.64372497687592,-0.04433704376597341,-0.351568579156323,1.0,Exocrine epithelial
Ductal/tumor epithelial,Exocrine epithelial,HAMP,227.64372497687592,-0.13163700791906388,-2.4728028415011285,1.0,Exocrine epithelial
Ductal/tumor epithelial,Fibroblast / CAF,HAMP,227.64372497687592,-0.09277761011643806,-1.8796659203865211,1.0,Exocrine epithelial
Ductal/tumor epithelial,Immune,HAMP,227.64372497687592,0.07706572829685067,1.2718739560643868,1.0,Exocrine epithelial
Ductal/tumor epithelial,Mural / pericyte,HAMP,227.64372497687592,-0.06421385360727137,-0.249032938266214,1.0,Exocrine epithelial
Ductal/tumor epithelial,Endocrine,COCH,1300.514334482704,-0.47115877604432504,-1.314254570206119,1.0,Exocrine epithelial
Ductal/tumor epithelial,Endothelial,COCH,1300.514334482704,-0.17514273115408285,-2.3270406516208166,1.0,Exocrine epithelial
Ductal/tumor epithelial,Exocrine epithelial,COCH,1300.514334482704,-0.4350385975218168,-11.97250823337289,1.0,Exocrine epithelial
Ductal/tumor epithelial,Fibroblast / CAF,COCH,1300.514334482704,-0.07522945749791872,-3.6961036267012024,1.0,Exocrine epithelial
Ductal/tumor epithelial,Immune,COCH,1300.514334482704,-0.10229559889756122,-3.350163493368727,1.0,Exocrine epithelial
Ductal/tumor epithelial,Mural / pericyte,COCH,1300.514334482704,-0.34254132936892273,-2.5774611626157307,1.0,Exocrine epithelial
Ductal/tumor epithelial,Endocrine,BTNL9,1050.5774211806074,-0.8916594161298171,-1.5570999144306839,1.0,Endothelial
Ductal/tumor epithelial,Endothelial,BTNL9,1050.5774211806074,-0.07079288057059614,-0.9822527099102977,1.0,Endothelial
Ductal/tumor epithelial,Exocrine epithelial,BTNL9,1050.5774211806074,-0.3818583427875771,-10.432973967065802,1.0,Endothelial
Ductal/tumor epithelial,Fibroblast / CAF,BTNL9,1050.5774211806074,-0.07230142983088093,-3.203122267265816,1.0,Endothelial
Ductal/tumor epithelial,Immune,BTNL9,1050.5774211806074,-0.09461245401177125,-2.850197305541783,1.0,Endothelial
Ductal/tumor epithelial,Mural / pericyte,BTNL9,1050.5774211806074,0.021637742747972786,0.181841926974648,1.0,Endothelial
Ductal/tumor epithelial,Endocrine,FOXA1,1120.0,-0.052718340627776215,-0.2239467334605394,1.011141748790074,Ductal/tumor epithelial
Ductal/tumor epithelial,Endothelial,FOXA1,1120.0,-0.15906406040534773,-1.9223690577920405,1.011141748790074,Ductal/tumor epithelial
Ductal/tumor epithelial,Exocrine epithelial,FOXA1,1120.0,-0.5540280133380712,-11.743651775476456,1.011141748790074,Ductal/tumor epithelial
Ductal/tumor epithelial,Fibroblast / CAF,FOXA1,1120.0,-0.09777757007311762,-4.389936269249395,1.011141748790074,Ductal/tumor epithelial
Ductal/tumor epithelial,Immune,FOXA1,1120.0,-0.10048260450983343,-3.0303562415901024,1.011141748790074,Ductal/tumor epithelial
Ductal/tumor epithelial,Mural / pericyte,FOXA1,1120.0,-0.034916121220855335,-0.2871741590830641,1.011141748790074,Ductal/tumor epithelial
Ductal/tumor epithelial,Endocrine,MS4A2,437.1822266962849,0.14767814538545976,0.9177552861477033,1.1425431609102787,Immune
Ductal/tumor epithelial,Endothelial,MS4A2,437.1822266962849,0.050984359460289404,0.6687171243762364,1.1425431609102787,Immune
Ductal/tumor epithelial,Exocrine epithelial,MS4A2,437.1822266962849,0.10528078104181164,3.2041553381509926,1.1425431609102787,Immune
Ductal/tumor epithelial,Fibroblast / CAF,MS4A2,437.1822266962849,-0.005722291893689637,-0.15141442413520162,1.1425431609102787,Immune
Ductal/tumor epithelial,Immune,MS4A2,437.1822266962849,0.019797977213229838,0.4242667578085923,1.1425431609102787,Immune
Ductal/tumor epithelial,Mural / pericyte,MS4A2,437.1822266962849,0.18280677182252256,1.055798032630409,1.1425431609102787,Immune
Ductal/tumor epithelial,Endocrine,ADIPOQ,250.0,-0.15017066137000804,-0.4202649589393134,1.1289926787002493,Ductal/tumor epithelial
Ductal/tumor epithelial,Endothelial,ADIPOQ,250.0,0.003715940625846141,0.03296645278526494,1.1289926787002493,Ductal/tumor epithelial
Ductal/tumor epithelial,Exocrine epithelial,ADIPOQ,250.0,0.032545358227973976,0.7056498984672555,1.1289926787002493,Ductal/tumor epithelial
Ductal/tumor epithelial,Fibroblast / CAF,ADIPOQ,250.0,-0.034462274012512416,-0.6903305083960201,1.1289926787002493,Ductal/tumor epithelial
Ductal/tumor epithelial,Immune,ADIPOQ,250.0,-0.07180527706009449,-1.0709315271699702,1.1289926787002493,Ductal/tumor epithelial
Ductal/tumor epithelial,Mural / pericyte,ADIPOQ,250.0,0.035685621828115736,0.1395402681444371,1.1289926787002493,Ductal/tumor epithelial
Ductal/tumor epithelial,Endocrine,CLCA1,327.629727328321,-0.4204483150372592,-0.947280297782615,1.0377406064699408,Mural / pericyte
Ductal/tumor epithelial,Endothelial,CLCA1,327.629727328321,0.010048755096052865,0.10525725423804692,1.0377406064699408,Mural / pericyte
Ductal/tumor epithelial,Exocrine epithelial,CLCA1,327.629727328321,-0.016117396669754456,-0.3973551918999505,1.0377406064699408,Mural / pericyte
Ductal/tumor epithelial,Fibroblast / CAF,CLCA1,327.629727328321,-0.028921600111624004,-0.7027436530620385,1.0377406064699408,Mural / pericyte
Ductal/tumor epithelial,Immune,CLCA1,327.629727328321,-0.030704078382675956,-0.5660953661707906,1.0377406064699408,Mural / pericyte
Ductal/tumor epithelial,Mural / pericyte,CLCA1,327.629727328321,0.31706057179988584,1.7862275550488649,1.0377406064699408,Mural / pericyte
Ductal/tumor epithelial,Endocrine,CENPF,6070.0,-0.4386317459272358,-1.9019989416263867,1.548806363616674,Ductal/tumor epithelial
Ductal/tumor epithelial,Endothelial,CENPF,6070.0,-0.23424901325772832,-4.624907065922405,1.548806363616674,Ductal/tumor epithelial
Ductal/tumor epithelial,Exocrine epithelial,CENPF,6070.0,-0.6497488313004806,-21.934679709029016,1.548806363616674,Ductal/tumor epithelial
Ductal/tumor epithelial,Fibroblast / CAF,CENPF,6070.0,-0.1649035521115823,-13.290996563274966,1.548806363616674,Ductal/tumor epithelial
Ductal/tumor epithelial,Immune,CENPF,6070.0,-0.09361752285082404,-5.198214816432397,1.548806363616674,Ductal/tumor epithelial
Ductal/tumor epithelial,Mural / pericyte,CENPF,6070.0,-0.09278800225830854,-1.343784603896674,1.548806363616674,Ductal/tumor epithelial
Ductal/tumor epithelial,Endocrine,UPK3B,106.11029645171183,-0.2630678710046245,-0.5008366726343706,1.0,Exocrine epithelial
Ductal/tumor epithelial,Endothelial,UPK3B,106.11029645171183,0.07879629826673715,0.5786773827922803,1.0,Exocrine epithelial
Ductal/tumor epithelial,Exocrine epithelial,UPK3B,106.11029645171183,0.15747838935468994,2.6248634700884046,1.0,Exocrine epithelial
Ductal/tumor epithelial,Fibroblast / CAF,UPK3B,106.11029645171183,-0.037641028797070285,-0.5109018371571188,1.0,Exocrine epithelial
Ductal/tumor epithelial,Immune,UPK3B,106.11029645171183,0.052219224268159704,0.6074033551113104,1.0,Exocrine epithelial
Ductal/tumor epithelial,Mural / pericyte,UPK3B,106.11029645171183,0.3857091923124899,1.3156227132181764,1.0,Exocrine epithelial
Ductal/tumor epithelial,Endocrine,NKG7,200.798810607679,-1.2698379449989368,-1.1562251129883898,1.0,Immune
Ductal/tumor epithelial,Endothelial,NKG7,200.798810607679,-0.027371397366291572,-0.24812514638495933,1.0,Immune
Ductal/tumor epithelial,Exocrine epithelial,NKG7,200.798810607679,0.15834693350496462,3.6155978820586725,1.0,Immune
Ductal/tumor epithelial,Fibroblast / CAF,NKG7,200.798810607679,-0.025406509991432503,-0.4783485349099075,1.0,Immune
Ductal/tumor epithelial,Immune,NKG7,200.798810607679,0.047786944174194816,0.7554870298898055,1.0,Immune
Ductal/tumor epithelial,Mural / pericyte,NKG7,200.798810607679,0.11664104482736223,0.4621622490100747,1.0,Immune
Ductal/tumor epithelial,Endocrine,GYPB,125.44662441629966,0.20568521793358593,0.7239970194596276,1.1789717734656326,Mural / pericyte
Ductal/tumor epithelial,Endothelial,GYPB,125.44662441629966,0.10149889020037499,0.7184295095431935,1.1789717734656326,Mural / pericyte
Ductal/tumor epithelial,Exocrine epithelial,GYPB,125.44662441629966,0.07816583156241615,1.232584172481236,1.1789717734656326,Mural / pericyte
Ductal/tumor epithelial,Fibroblast / CAF,GYPB,125.44662441629966,-0.02994533539604415,-0.4129262200384552,1.1789717734656326,Mural / pericyte
Ductal/tumor epithelial,Immune,GYPB,125.44662441629966,-0.059383637933649085,-0.6316194568570298,1.1789717734656326,Mural / pericyte
Ductal/tumor epithelial,Mural / pericyte,GYPB,125.44662441629966,0.3186547873729777,1.0305559032914338,1.1789717734656326,Mural / pericyte
Ductal/tumor epithelial,Endocrine,ERG,416.0933448223939,-0.011891836357561423,-0.059915514124291955,1.0,Endothelial
Ductal/tumor epithelial,Endothelial,ERG,416.0933448223939,-0.007109512982673209,-0.09213136337641889,1.0,Endothelial
Ductal/tumor epithelial,Exocrine epithelial,ERG,416.0933448223939,0.10231519035407824,3.224647566440145,1.0,Endothelial
Ductal/tumor epithelial,Fibroblast / CAF,ERG,416.0933448223939,0.01649902778423736,0.46234008804913834,1.0,Endothelial
Ductal/tumor epithelial,Immune,ERG,416.0933448223939,0.06549493392674745,1.5093012112355848,1.0,Endothelial
Ductal/tumor epithelial,Mural / pericyte,ERG,416.0933448223939,0.03747315814632764,0.21077318004765588,1.0,Endothelial
Ductal/tumor epithelial,Endocrine,GPX2,44344.0,-0.1027022045428802,-2.0612978602032803,1.9275436456536477,Ductal/tumor epithelial
Ductal/tumor epithelial,Endothelial,GPX2,44344.0,-0.049428319768785964,-3.2154457166436012,1.9275436456536477,Ductal/tumor epithelial
Ductal/tumor epithelial,Exocrine epithelial,GPX2,44344.0,-0.41434290112101596,-51.39453900640221,1.9275436456536477,Ductal/tumor epithelial
Ductal/tumor epithelial,Fibroblast / CAF,GPX2,44344.0,-0.11863867614104608,-23.886418530811525,1.9275436456536477,Ductal/tumor epithelial
Ductal/tumor epithelial,Immune,GPX2,44344.0,-0.08797351968771623,-12.3271481778237,1.9275436456536477,Ductal/tumor epithelial
Ductal/tumor epithelial,Mural / pericyte,GPX2,44344.0,-0.08080280548345134,-2.9532756343475075,1.9275436456536477,Ductal/tumor epithelial
Ductal/tumor epithelial,Endocrine,SH2D3C,593.4599532615875,0.05123386135425576,0.31809033150734833,1.0,Endothelial
Ductal/tumor epithelial,Endothelial,SH2D3C,593.4599532615875,-0.040742548534175534,-0.5842072664460672,1.0,Endothelial
Ductal/tumor epithelial,Exocrine epithelial,SH2D3C,593.4599532615875,0.04215321026615096,1.4980898502508784,1.0,Endothelial
Ductal/tumor epithelial,Fibroblast / CAF,SH2D3C,593.4599532615875,0.03184898113523668,1.0850727715523099,1.0,Endothelial
Ductal/tumor epithelial,Immune,SH2D3C,593.4599532615875,0.026824226625229167,0.7132695762460609,1.0,Endothelial
Ductal/tumor epithelial,Mural / pericyte,SH2D3C,593.4599532615875,-0.021938914004552654,-0.14272025146325668,1.0,Endothelial
Ductal/tumor epithelial,Endocrine,EGFR,5217.0,-0.018517394554213168,-0.2927840948524451,1.2128317786516019,Ductal/tumor epithelial
Ductal/tumor epithelial,Endothelial,EGFR,5217.0,-0.047504554412075385,-1.9125373702302264,1.2128317786516019,Ductal/tumor epithelial
Ductal/tumor epithelial,Exocrine epithelial,EGFR,5217.0,0.10735127849404141,10.628415911678042,1.2128317786516019,Ductal/tumor epithelial
Ductal/tumor epithelial,Fibroblast / CAF,EGFR,5217.0,0.12457249543150295,11.742125012719143,1.2128317786516019,Ductal/tumor epithelial
Ductal/tumor epithelial,Immune,EGFR,5217.0,0.0395243736293938,2.9155091606115637,1.2128317786516019,Ductal/tumor epithelial
Ductal/tumor epithelial,Mural / pericyte,EGFR,5217.0,0.13925324119769475,2.754645639178246,1.2128317786516019,Ductal/tumor epithelial
Ductal/tumor epithelial,Endocrine,KLRB1,589.6465305996112,0.12351455642736331,0.9536313232011383,1.0251415143234444,Immune
Ductal/tumor epithelial,Endothelial,KLRB1,589.6465305996112,-0.034977234317270546,-0.5397158088039876,1.0251415143234444,Immune
Ductal/tumor epithelial,Exocrine epithelial,KLRB1,589.6465305996112,0.17733692148413968,6.893652168869393,1.0251415143234444,Immune
Ductal/tumor epithelial,Fibroblast / CAF,KLRB1,589.6465305996112,0.0016405041966470455,0.0526275655525636,1.0251415143234444,Immune
Ductal/tumor epithelial,Immune,KLRB1,589.6465305996112,-0.009703908544519196,-0.2508509459328351,1.0251415143234444,Immune
Ductal/tumor epithelial,Mural / pericyte,KLRB1,589.6465305996112,0.22149685924509813,1.5693296471710652,1.0251415143234444,Immune
Ductal/tumor epithelial,Endocrine,SPDEF,1188.0,-0.3534934168059631,-1.211344593456952,1.1312686405379224,Ductal/tumor epithelial
Ductal/tumor epithelial,Endothelial,SPDEF,1188.0,0.055989388412675055,0.9183116697892597,1.1312686405379224,Ductal/tumor epithelial
Ductal/tumor epithelial,Exocrine epithelial,SPDEF,1188.0,-0.27408288757920807,-9.006914898182986,1.1312686405379224,Ductal/tumor epithelial
Ductal/tumor epithelial,Fibroblast / CAF,SPDEF,1188.0,-0.0865127840099993,-3.757467263451132,1.1312686405379224,Ductal/tumor epithelial
Ductal/tumor epithelial,Immune,SPDEF,1188.0,-0.14343773383622502,-4.17597558191572,1.1312686405379224,Ductal/tumor epithelial
Ductal/tumor epithelial,Mural / pericyte,SPDEF,1188.0,-0.2827553967279541,-1.9705565732797732,1.1312686405379224,Ductal/tumor epithelial
Ductal/tumor epithelial,Endocrine,CYP2B6,682.0,-0.08381841470785285,-0.4135355303167515,1.1143263705526263,Ductal/tumor epithelial
Ductal/tumor epithelial,Endothelial,CYP2B6,682.0,0.10202700325589352,1.630302413289486,1.1143263705526263,Ductal/tumor epithelial
Ductal/tumor epithelial,Exocrine epithelial,CYP2B6,682.0,-0.02974802826859754,-1.0152491242770585,1.1143263705526263,Ductal/tumor epithelial
Ductal/tumor epithelial,Fibroblast / CAF,CYP2B6,682.0,-0.00012894819983679938,-0.004426998877399986,1.1143263705526263,Ductal/tumor epithelial
Ductal/tumor epithelial,Immune,CYP2B6,682.0,-0.02573746565444401,-0.6670905302273425,1.1143263705526263,Ductal/tumor epithelial
Ductal/tumor epithelial,Mural / pericyte,CYP2B6,682.0,0.21480705061172198,1.6166624356717558,1.1143263705526263,Ductal/tumor epithelial
Ductal/tumor epithelial,Endocrine,MMRN1,509.55658782697685,-0.2964064819119403,-0.8157409163389885,1.3847699884050375,Endocrine
Ductal/tumor epithelial,Endothelial,MMRN1,509.55658782697685,-0.13943072706980733,-1.3707832242952882,1.3847699884050375,Endocrine
Ductal/tumor epithelial,Exocrine epithelial,MMRN1,509.55658782697685,-0.02488219107847201,-0.6366989902946172,1.3847699884050375,Endocrine
Ductal/tumor epithelial,Fibroblast / CAF,MMRN1,509.55658782697685,0.1038277130549161,2.9054875797377813,1.3847699884050375,Endocrine
Ductal/tumor epithelial,Immune,MMRN1,509.55658782697685,0.05528794711014948,1.175022960761071,1.3847699884050375,Endocrine
Ductal/tumor epithelial,Mural / pericyte,MMRN1,509.55658782697685,-0.5079522036449171,-2.055452034299086,1.3847699884050375,Endocrine
Ductal/tumor epithelial,Endocrine,MCEMP1,397.13950543664,0.17900392705854018,1.0875275646713263,1.0772518797384611,Immune
Ductal/tumor epithelial,Endothelial,MCEMP1,397.13950543664,-0.004136031862814969,-0.049143057296565734,1.0772518797384611,Immune
Ductal/tumor epithelial,Exocrine epithelial,MCEMP1,397.13950543664,0.04020339307630781,1.1553431676455512,1.0772518797384611,Immune
Ductal/tumor epithelial,Fibroblast / CAF,MCEMP1,397.13950543664,-0.05668539244955965,-1.4585596590489607,1.0772518797384611,Immune
Ductal/tumor epithelial,Immune,MCEMP1,397.13950543664,0.12587518735380318,2.810148254847542,1.0772518797384611,Immune
Ductal/tumor epithelial,Mural / pericyte,MCEMP1,397.13950543664,-0.0003420288078991536,-0.001776192982250394,1.0772518797384611,Immune
Ductal/tumor epithelial,Endocrine,CCNB2,7111.0,-0.5344663150422518,-2.052614072469329,1.746057923544148,Ductal/tumor epithelial
Ductal/tumor epithelial,Endothelial,CCNB2,7111.0,-0.2762747613983065,-5.212733076887053,1.746057923544148,Ductal/tumor epithelial
Ductal/tumor epithelial,Exocrine epithelial,CCNB2,7111.0,-0.6641020405350354,-22.14413090416519,1.746057923544148,Ductal/tumor epithelial
Ductal/tumor epithelial,Fibroblast / CAF,CCNB2,7111.0,-0.18854171567917213,-15.191680047018181,1.746057923544148,Ductal/tumor epithelial
Ductal/tumor epithelial,Immune,CCNB2,7111.0,-0.10341906396523565,-5.750109151917585,1.746057923544148,Ductal/tumor epithelial
Ductal/tumor epithelial,Mural / pericyte,CCNB2,7111.0,-0.12201539448778356,-1.7437820349300628,1.746057923544148,Ductal/tumor epithelial
Ductal/tumor epithelial,Endocrine,TNFRSF13B,182.22061400698922,0.2020479208571467,0.9496936631990456,1.008635971816617,Immune
Ductal/tumor epithelial,Endothelial,TNFRSF13B,182.22061400698922,0.17925086554655686,1.818602793600834,1.008635971816617,Immune
Ductal/tumor epithelial,Exocrine epithelial,TNFRSF13B,182.22061400698922,0.10341154878618265,2.171269899122746,1.008635971816617,Immune
Ductal/tumor epithelial,Fibroblast / CAF,TNFRSF13B,182.22061400698922,0.0009691014594080228,0.017577718944800765,1.008635971816617,Immune
Ductal/tumor epithelial,Immune,TNFRSF13B,182.22061400698922,-0.029826889354809632,-0.42595762200691684,1.008635971816617,Immune
Ductal/tumor epithelial,Mural / pericyte,TNFRSF13B,182.22061400698922,0.1853914649272159,0.7351323904337229,1.008635971816617,Immune
Ductal/tumor epithelial,Endocrine,ESR1,265.99123299283315,-1.010852202651541,-1.2964523713782918,1.0,Endocrine
Ductal/tumor epithelial,Endothelial,ESR1,265.99123299283315,0.08594670911881755,0.9828573951839532,1.0,Endocrine
Ductal/tumor epithelial,Exocrine epithelial,ESR1,265.99123299283315,0.13243477363712186,3.3875143538933608,1.0,Endocrine
Ductal/tumor epithelial,Fibroblast / CAF,ESR1,265.99123299283315,0.057847867950038385,1.3100828559024476,1.0,Endocrine
Ductal/tumor epithelial,Immune,ESR1,265.99123299283315,0.01954665705587458,0.35243769415519843,1.0,Endocrine
Ductal/tumor epithelial,Mural / pericyte,ESR1,265.99123299283315,0.10619322996849942,0.4977290935645401,1.0,Endocrine
Ductal/tumor epithelial,Endocrine,MYBPC1,251.25458742456829,0.12504749593606013,0.5069823257665326,1.0,Immune
Ductal/tumor epithelial,Endothelial,MYBPC1,251.25458742456829,-0.0834335162943889,-0.6801402165344177,1.0,Immune
Ductal/tumor epithelial,Exocrine epithelial,MYBPC1,251.25458742456829,-0.056280359867821775,-1.168328761708017,1.0,Immune
Ductal/tumor epithelial,Fibroblast / CAF,MYBPC1,251.25458742456829,-0.007541641035621147,-0.1654090894006875,1.0,Immune
Ductal/tumor epithelial,Immune,MYBPC1,251.25458742456829,-0.09961332934334066,-1.5292865433908593,1.0,Immune
Ductal/tumor epithelial,Mural / pericyte,MYBPC1,251.25458742456829,-0.07143748511630472,-0.28194709016751707,1.0,Immune
Ductal/tumor epithelial,Endocrine,CCL19,181.31967459890058,0.3178869593268195,1.5032203707322922,1.0,Mural / pericyte
Ductal/tumor epithelial,Endothelial,CCL19,181.31967459890058,-0.054269876578943776,-0.3909275967197646,1.0,Mural / pericyte
Ductal/tumor epithelial,Exocrine epithelial,CCL19,181.31967459890058,-0.05175638568290966,-0.9265497571828011,1.0,Mural / pericyte
Ductal/tumor epithelial,Fibroblast / CAF,CCL19,181.31967459890058,-0.00541229244690153,-0.10082235033877625,1.0,Mural / pericyte
Ductal/tumor epithelial,Immune,CCL19,181.31967459890058,-0.07063218460674442,-0.9426237781340645,1.0,Mural / pericyte
Ductal/tumor epithelial,Mural / pericyte,CCL19,181.31967459890058,-0.3040776316561179,-0.9031761973180662,1.0,Mural / pericyte
Ductal/tumor epithelial,Endocrine,PROX1,10180.17986496882,0.04989262003057831,1.6406412381273074,1.4196039609677378,Exocrine epithelial
Ductal/tumor epithelial,Endothelial,PROX1,10180.17986496882,0.1286683775128918,10.17070841482623,1.4196039609677378,Exocrine epithelial
Ductal/tumor epithelial,Exocrine epithelial,PROX1,10180.17986496882,0.7240392692555535,86.47942044631104,1.4196039609677378,Exocrine epithelial
Ductal/tumor epithelial,Fibroblast / CAF,PROX1,10180.17986496882,0.10443919848883192,10.464258608024583,1.4196039609677378,Exocrine epithelial
Ductal/tumor epithelial,Immune,PROX1,10180.17986496882,0.019082862707453598,1.8416738357229492,1.4196039609677378,Exocrine epithelial
Ductal/tumor epithelial,Mural / pericyte,PROX1,10180.17986496882,0.17643590589392702,3.846436855782653,1.4196039609677378,Exocrine epithelial
Ductal/tumor epithelial,Endocrine,RBP5,564.2206653362989,-0.07488513597958747,-0.37930980086735844,1.0,Endothelial
Ductal/tumor epithelial,Endothelial,RBP5,564.2206653362989,-0.017044289126507853,-0.24075074426320142,1.0,Endothelial
Ductal/tumor epithelial,Exocrine epithelial,RBP5,564.2206653362989,0.04052391191742777,1.4294749678258898,1.0,Endothelial
Ductal/tumor epithelial,Fibroblast / CAF,RBP5,564.2206653362989,-0.08192780682635496,-2.5541240627899846,1.0,Endothelial
Ductal/tumor epithelial,Immune,RBP5,564.2206653362989,0.005124404897600985,0.12899418405958255,1.0,Endothelial
Ductal/tumor epithelial,Mural / pericyte,RBP5,564.2206653362989,0.10577155914008432,0.6893429178103706,1.0,Endothelial
Ductal/tumor epithelial,Endocrine,AGR3,1788.0,0.25933752064262594,3.97466478764397,1.4172690753974766,Ductal/tumor epithelial
Ductal/tumor epithelial,Endothelial,AGR3,1788.0,0.15220742168039444,4.428936669751277,1.4172690753974766,Ductal/tumor epithelial
Ductal/tumor epithelial,Exocrine epithelial,AGR3,1788.0,0.24340046525896797,14.58065148047523,1.4172690753974766,Ductal/tumor epithelial
Ductal/tumor epithelial,Fibroblast / CAF,AGR3,1788.0,-0.080274992110722,-3.586497620224249,1.4172690753974766,Ductal/tumor epithelial
Ductal/tumor epithelial,Immune,AGR3,1788.0,0.23715449131088187,10.75460012189269,1.4172690753974766,Ductal/tumor epithelial
Ductal/tumor epithelial,Mural / pericyte,AGR3,1788.0,0.42546160011351697,5.260369652757878,1.4172690753974766,Ductal/tumor epithelial
Ductal/tumor epithelial,Endocrine,DUSP2,653.410886891801,-0.5643096625429711,-1.3726754442661766,1.0,Immune
Ductal/tumor epithelial,Endothelial,DUSP2,653.410886891801,0.0850892200848486,1.2589244998826563,1.0,Immune
Ductal/tumor epithelial,Exocrine epithelial,DUSP2,653.410886891801,-0.13392186517840607,-4.183812179758189,1.0,Immune
Ductal/tumor epithelial,Fibroblast / CAF,DUSP2,653.410886891801,-0.027850416964587045,-0.9815001821538338,1.0,Immune
Ductal/tumor epithelial,Immune,DUSP2,653.410886891801,-0.08979424426826281,-2.2237253340177685,1.0,Immune
Ductal/tumor epithelial,Mural / pericyte,DUSP2,653.410886891801,-0.18912425601378338,-1.135320752451531,1.0,Immune
Ductal/tumor epithelial,Endocrine,HMGCS2,1022.0,0.044140354041013005,0.23365359406590147,1.2626084246915066,Ductal/tumor epithelial
Ductal/tumor epithelial,Endothelial,HMGCS2,1022.0,-0.0759610755853175,-0.9259496134058747,1.2626084246915066,Ductal/tumor epithelial
Ductal/tumor epithelial,Exocrine epithelial,HMGCS2,1022.0,-0.20910989022466475,-6.482562768137158,1.2626084246915066,Ductal/tumor epithelial
Ductal/tumor epithelial,Fibroblast / CAF,HMGCS2,1022.0,-0.21215000877739648,-7.248272907907138,1.2626084246915066,Ductal/tumor epithelial
Ductal/tumor epithelial,Immune,HMGCS2,1022.0,-0.2732770367843643,-6.049575367527028,1.2626084246915066,Ductal/tumor epithelial
Ductal/tumor epithelial,Mural / pericyte,HMGCS2,1022.0,-0.43824975603442357,-2.2268719196401,1.2626084246915066,Ductal/tumor epithelial
Ductal/tumor epithelial,Endocrine,CFAP53,596.0,-0.029362882523189634,-0.17155325495777016,1.114345460615616,Ductal/tumor epithelial
Ductal/tumor epithelial,Endothelial,CFAP53,596.0,-0.04700674808021677,-0.6823839056786256,1.114345460615616,Ductal/tumor epithelial
Ductal/tumor epithelial,Exocrine epithelial,CFAP53,596.0,0.1663164639928248,6.218585054788099,1.114345460615616,Ductal/tumor epithelial
Ductal/tumor epithelial,Fibroblast / CAF,CFAP53,596.0,-0.0020698664094299254,-0.0639881896976859,1.114345460615616,Ductal/tumor epithelial
Ductal/tumor epithelial,Immune,CFAP53,596.0,0.007611063432394997,0.1901011005188428,1.114345460615616,Ductal/tumor epithelial
Ductal/tumor epithelial,Mural / pericyte,CFAP53,596.0,-0.3658619367514871,-1.7810745490807507,1.114345460615616,Ductal/tumor epithelial
Ductal/tumor epithelial,Endocrine,LILRA5,187.4584515130046,0.21543022206848053,1.069544393960266,1.0,Immune
Ductal/tumor epithelial,Endothelial,LILRA5,187.4584515130046,0.1230442861572619,1.2161609661878416,1.0,Immune
Ductal/tumor epithelial,Exocrine epithelial,LILRA5,187.4584515130046,0.12398594615333484,2.6997460224226386,1.0,Immune
Ductal/tumor epithelial,Fibroblast / CAF,LILRA5,187.4584515130046,-0.03656085995854465,-0.6593273380167877,1.0,Immune
Ductal/tumor epithelial,Immune,LILRA5,187.4584515130046,-0.007610638993634418,-0.11166566782507507,1.0,Immune
Ductal/tumor epithelial,Mural / pericyte,LILRA5,187.4584515130046,0.037448510658629454,0.13636823909034088,1.0,Immune
Ductal/tumor epithelial,Endocrine,C20orf85,337.0,-0.01631995453145014,-0.043838453641529745,1.3075408751468112,Ductal/tumor epithelial
Ductal/tumor epithelial,Endothelial,C20orf85,337.0,-0.13079114280622947,-0.9011331088121438,1.3075408751468112,Ductal/tumor epithelial
Ductal/tumor epithelial,Exocrine epithelial,C20orf85,337.0,-0.28301157403833554,-4.438320754189077,1.3075408751468112,Ductal/tumor epithelial
Ductal/tumor epithelial,Fibroblast / CAF,C20orf85,337.0,-0.049669714044618014,-1.1022412207289518,1.3075408751468112,Ductal/tumor epithelial
Ductal/tumor epithelial,Immune,C20orf85,337.0,-0.052070686143493576,-0.8135247350641951,1.3075408751468112,Ductal/tumor epithelial
Ductal/tumor epithelial,Mural / pericyte,C20orf85,337.0,-0.10868734335478378,-0.4274798921079509,1.3075408751468112,Ductal/tumor epithelial
Ductal/tumor epithelial,Endocrine,CD1A,233.0949381632453,-0.901287350517862,-1.0202350934324675,1.0210431528457513,Mural / pericyte
Ductal/tumor epithelial,Endothelial,CD1A,233.0949381632453,0.052233033226398634,0.48069619161556887,1.0210431528457513,Mural / pericyte
Ductal/tumor epithelial,Exocrine epithelial,CD1A,233.0949381632453,-0.0829506099112853,-1.6629215825592263,1.0210431528457513,Mural / pericyte
Ductal/tumor epithelial,Fibroblast / CAF,CD1A,233.0949381632453,-0.07433777896876188,-1.5263683001835762,1.0210431528457513,Mural / pericyte
Ductal/tumor epithelial,Immune,CD1A,233.0949381632453,0.1285816803402536,2.2489697448620998,1.0210431528457513,Mural / pericyte
Ductal/tumor epithelial,Mural / pericyte,CD1A,233.0949381632453,0.33027270320395946,1.6652785456409427,1.0210431528457513,Mural / pericyte
Ductal/tumor epithelial,Endocrine,TAT,153.0,0.2512985856045482,1.2016088293765297,1.066829506668235,Ductal/tumor epithelial
Ductal/tumor epithelial,Endothelial,TAT,153.0,0.16035212119001319,1.4753710287271702,1.066829506668235,Ductal/tumor epithelial
Ductal/tumor epithelial,Exocrine epithelial,TAT,153.0,0.15825600915717,3.1039864808283477,1.066829506668235,Ductal/tumor epithelial
Ductal/tumor epithelial,Fibroblast / CAF,TAT,153.0,-0.06951080652679542,-1.0657823470764327,1.066829506668235,Ductal/tumor epithelial
Ductal/tumor epithelial,Immune,TAT,153.0,0.06473931153316617,0.8748503029899296,1.066829506668235,Ductal/tumor epithelial
Ductal/tumor epithelial,Mural / pericyte,TAT,153.0,-0.169519384566108,-0.4799212390282565,1.066829506668235,Ductal/tumor epithelial
Ductal/tumor epithelial,Endocrine,CD274,248.51826427993933,0.2887490736887926,1.7476365990568088,1.0977171845680336,Immune
Ductal/tumor epithelial,Endothelial,CD274,248.51826427993933,0.11335415840115323,1.2516528314363273,1.0977171845680336,Immune
Ductal/tumor epithelial,Exocrine epithelial,CD274,248.51826427993933,0.0793926974932326,1.8981070526341708,1.0977171845680336,Immune
Ductal/tumor epithelial,Fibroblast / CAF,CD274,248.51826427993933,-0.14468377902917567,-2.7733960699722533,1.0977171845680336,Immune
Ductal/tumor epithelial,Immune,CD274,248.51826427993933,0.29888637721085975,5.861607120642203,1.0977171845680336,Immune
Ductal/tumor epithelial,Mural / pericyte,CD274,248.51826427993933,0.31121167509430914,1.5784466488012052,1.0977171845680336,Immune
Ductal/tumor epithelial,Endocrine,HIGD1B,278.92223609027207,0.30157796092755146,1.810716816047531,1.0,Endothelial
Ductal/tumor epithelial,Endothelial,HIGD1B,278.92223609027207,-0.18253736817004035,-1.5153414471663207,1.0,Endothelial
Ductal/tumor epithelial,Exocrine epithelial,HIGD1B,278.92223609027207,0.008621981892273244,0.20239992952715483,1.0,Endothelial
Ductal/tumor epithelial,Fibroblast / CAF,HIGD1B,278.92223609027207,-0.01870675492677916,-0.427735595509878,1.0,Endothelial
Ductal/tumor epithelial,Immune,HIGD1B,278.92223609027207,-0.03226806027859345,-0.5542131183343189,1.0,Endothelial
Ductal/tumor epithelial,Mural / pericyte,HIGD1B,278.92223609027207,0.09099664673136584,0.41749281331209726,1.0,Endothelial
Ductal/tumor epithelial,Endocrine,FOXJ1,4492.0,-0.9670073384480288,-2.073482453798601,1.3828592699795692,Ductal/tumor epithelial
Ductal/tumor epithelial,Endothelial,FOXJ1,4492.0,-0.35224901002351106,-5.402101291454923,1.3828592699795692,Ductal/tumor epithelial
Ductal/tumor epithelial,Exocrine epithelial,FOXJ1,4492.0,-0.7870466410658303,-18.735004735272934,1.3828592699795692,Ductal/tumor epithelial
Ductal/tumor epithelial,Fibroblast / CAF,FOXJ1,4492.0,-0.15897919309556305,-11.715100207586845,1.3828592699795692,Ductal/tumor epithelial
Ductal/tumor epithelial,Immune,FOXJ1,4492.0,-0.09468663285256167,-4.736937992536955,1.3828592699795692,Ductal/tumor epithelial
Ductal/tumor epithelial,Mural / pericyte,FOXJ1,4492.0,-0.06349292503968115,-0.8471844240803917,1.3828592699795692,Ductal/tumor epithelial
Ductal/tumor epithelial,Endocrine,COL17A1,16134.0,-0.7558210140619053,-1.831313610524729,3.850509587016445,Ductal/tumor epithelial
Ductal/tumor epithelial,Endothelial,COL17A1,16134.0,-0.8656840184709732,-8.652006530614816,3.850509587016445,Ductal/tumor epithelial
Ductal/tumor epithelial,Exocrine epithelial,COL17A1,16134.0,-1.1699624238603228,-15.651810639147158,3.850509587016445,Ductal/tumor epithelial
Ductal/tumor epithelial,Fibroblast / CAF,COL17A1,16134.0,-0.1469244901088084,-12.31339701316649,3.850509587016445,Ductal/tumor epithelial
Ductal/tumor epithelial,Immune,COL17A1,16134.0,-0.16069454630813054,-8.482355075265078,3.850509587016445,Ductal/tumor epithelial
Ductal/tumor epithelial,Mural / pericyte,COL17A1,16134.0,0.06536477625326854,1.0346314457373476,3.850509587016445,Ductal/tumor epithelial
Ductal/tumor epithelial,Endocrine,DMBT1,14549.0,0.0025730755263035504,0.019936255130248576,5.135845612283419,Ductal/tumor epithelial
Ductal/tumor epithelial,Endothelial,DMBT1,14549.0,0.10488902135463297,2.67488298977623,5.135845612283419,Ductal/tumor epithelial
Ductal/tumor epithelial,Exocrine epithelial,DMBT1,14549.0,-0.5335079331825293,-21.124075460553385,5.135845612283419,Ductal/tumor epithelial
Ductal/tumor epithelial,Fibroblast / CAF,DMBT1,14549.0,-0.33788730945623074,-20.51376315092129,5.135845612283419,Ductal/tumor epithelial
Ductal/tumor epithelial,Immune,DMBT1,14549.0,0.04852839173926295,2.5763802826529933,5.135845612283419,Ductal/tumor epithelial
Ductal/tumor epithelial,Mural / pericyte,DMBT1,14549.0,-0.20961700384691662,-2.4326115763661442,5.135845612283419,Ductal/tumor epithelial
Ductal/tumor epithelial,Endocrine,ADH1C,942.0,0.24301142902114772,2.729525456723276,1.3616228830080601,Ductal/tumor epithelial
Ductal/tumor epithelial,Endothelial,ADH1C,942.0,0.13657096118104298,2.980891697166844,1.3616228830080601,Ductal/tumor epithelial
Ductal/tumor epithelial,Exocrine epithelial,ADH1C,942.0,0.30697218093826717,13.487399779191785,1.3616228830080601,Ductal/tumor epithelial
Ductal/tumor epithelial,Fibroblast / CAF,ADH1C,942.0,0.08297963079350994,2.927359192728346,1.3616228830080601,Ductal/tumor epithelial
Ductal/tumor epithelial,Immune,ADH1C,942.0,0.23439548201169288,7.938874157492673,1.3616228830080601,Ductal/tumor epithelial
Ductal/tumor epithelial,Mural / pericyte,ADH1C,942.0,0.4577484838026119,4.402270902065334,1.3616228830080601,Ductal/tumor epithelial
Ductal/tumor epithelial,Endocrine,PVALB,258.6500799934046,0.13155149239366956,0.6251626466438055,1.02568219619126,Mural / pericyte
Ductal/tumor epithelial,Endothelial,PVALB,258.6500799934046,-0.18117087465034662,-1.5494075067970816,1.02568219619126,Mural / pericyte
Ductal/tumor epithelial,Exocrine epithelial,PVALB,258.6500799934046,0.08290300873982304,2.004183691555764,1.02568219619126,Mural / pericyte
Ductal/tumor epithelial,Fibroblast / CAF,PVALB,258.6500799934046,-0.04464832375684431,-0.9543156803570909,1.02568219619126,Mural / pericyte
Ductal/tumor epithelial,Immune,PVALB,258.6500799934046,0.10510332071914527,1.9251376536963647,1.02568219619126,Mural / pericyte
Ductal/tumor epithelial,Mural / pericyte,PVALB,258.6500799934046,0.38523459019389744,2.0516591848748797,1.02568219619126,Mural / pericyte
Ductal/tumor epithelial,Endocrine,DNASE1L3,205.60187755194394,-0.2757687337024322,-0.6318506717114052,1.0,Immune
Ductal/tumor epithelial,Endothelial,DNASE1L3,205.60187755194394,0.07071983299748939,0.6585677701075384,1.0,Immune
Ductal/tumor epithelial,Exocrine epithelial,DNASE1L3,205.60187755194394,0.005106924500030988,0.10629450796073872,1.0,Immune
Ductal/tumor epithelial,Fibroblast / CAF,DNASE1L3,205.60187755194394,-0.0434132199123849,-0.845309768190807,1.0,Immune
Ductal/tumor epithelial,Immune,DNASE1L3,205.60187755194394,0.11652399959593199,1.9315309662430924,1.0,Immune
Ductal/tumor epithelial,Mural / pericyte,DNASE1L3,205.60187755194394,0.02833272265600585,0.11287476573677384,1.0,Immune
Ductal/tumor epithelial,Endocrine,OPRPN,293.32428074505015,-0.3374971076380894,-0.7704915456394059,1.047794050063912,Immune
Ductal/tumor epithelial,Endothelial,OPRPN,293.32428074505015,-0.1082886658533306,-0.9355129222060711,1.047794050063912,Immune
Ductal/tumor epithelial,Exocrine epithelial,OPRPN,293.32428074505015,-0.046653735318016386,-1.0738320228271512,1.047794050063912,Immune
Ductal/tumor epithelial,Fibroblast / CAF,OPRPN,293.32428074505015,-0.13401265920316988,-2.9041678941359335,1.047794050063912,Immune
Ductal/tumor epithelial,Immune,OPRPN,293.32428074505015,0.10474458430867056,1.9519673363466115,1.047794050063912,Immune
Ductal/tumor epithelial,Mural / pericyte,OPRPN,293.32428074505015,-0.26011405388792325,-0.9801847547615367,1.047794050063912,Immune
Ductal/tumor epithelial,Endocrine,ASCL3,468.49011621608093,0.22989374343952454,1.508222169912767,1.0733532742859098,Mural / pericyte
Ductal/tumor epithelial,Endothelial,ASCL3,468.49011621608093,-0.16429495932750884,-1.707834991239764,1.0733532742859098,Mural / pericyte
Ductal/tumor epithelial,Exocrine epithelial,ASCL3,468.49011621608093,-0.0206837196396177,-0.5945578467942896,1.0733532742859098,Mural / pericyte
Ductal/tumor epithelial,Fibroblast / CAF,ASCL3,468.49011621608093,-0.046217838479570436,-1.309978562320131,1.0733532742859098,Mural / pericyte
Ductal/tumor epithelial,Immune,ASCL3,468.49011621608093,0.00768814292207362,0.16915649017972215,1.0733532742859098,Mural / pericyte
Ductal/tumor epithelial,Mural / pericyte,ASCL3,468.49011621608093,0.05428816894761449,0.30634811577624566,1.0733532742859098,Mural / pericyte
Ductal/tumor epithelial,Endocrine,SNTN,382.0,0.17065064182522943,0.920168039458294,1.0873642663157668,Ductal/tumor epithelial
Ductal/tumor epithelial,Endothelial,SNTN,382.0,0.0501957767688184,0.5571996566616549,1.0873642663157668,Ductal/tumor epithelial
Ductal/tumor epithelial,Exocrine epithelial,SNTN,382.0,-0.042381926171741635,-1.1029867235797737,1.0873642663157668,Ductal/tumor epithelial
Ductal/tumor epithelial,Fibroblast / CAF,SNTN,382.0,-0.15403674922726135,-3.636928134532974,1.0873642663157668,Ductal/tumor epithelial
Ductal/tumor epithelial,Immune,SNTN,382.0,-0.057317713972189314,-1.0638133129382985,1.0873642663157668,Ductal/tumor epithelial
Ductal/tumor epithelial,Mural / pericyte,SNTN,382.0,0.07324382984336066,0.3581063814045162,1.0873642663157668,Ductal/tumor epithelial
Ductal/tumor epithelial,Endocrine,CD70,500.0,0.0848809878990912,0.35644972765003907,1.0107238586586667,Ductal/tumor epithelial
Ductal/tumor epithelial,Endothelial,CD70,500.0,-0.15967293456536444,-1.4274286333044262,1.0107238586586667,Ductal/tumor epithelial
Ductal/tumor epithelial,Exocrine epithelial,CD70,500.0,-0.28922772947681624,-6.1222340190569104,1.0107238586586667,Ductal/tumor epithelial
Ductal/tumor epithelial,Fibroblast / CAF,CD70,500.0,-0.05545377403843637,-1.6869648532994868,1.0107238586586667,Ductal/tumor epithelial
Ductal/tumor epithelial,Immune,CD70,500.0,-0.1613013572300194,-3.1674307748518897,1.0107238586586667,Ductal/tumor epithelial
Ductal/tumor epithelial,Mural / pericyte,CD70,500.0,-0.15558235589456232,-0.7972256649933238,1.0107238586586667,Ductal/tumor epithelial
Ductal/tumor epithelial,Endocrine,C6orf118,302.0,-0.018223798207724563,-0.047913860064683685,1.3817880582700517,Ductal/tumor epithelial
Ductal/tumor epithelial,Endothelial,C6orf118,302.0,-0.06778990672864782,-0.46942448796336095,1.3817880582700517,Ductal/tumor epithelial
Ductal/tumor epithelial,Exocrine epithelial,C6orf118,302.0,-0.1933682728131873,-3.1800166044358327,1.3817880582700517,Ductal/tumor epithelial
Ductal/tumor epithelial,Fibroblast / CAF,C6orf118,302.0,-0.03848433204522035,-0.7819148878005225,1.3817880582700517,Ductal/tumor epithelial
Ductal/tumor epithelial,Immune,C6orf118,302.0,-0.10263860737086974,-1.4187296557582771,1.3817880582700517,Ductal/tumor epithelial
Ductal/tumor epithelial,Mural / pericyte,C6orf118,302.0,-0.9217911044924386,-2.1069296798095287,1.3817880582700517,Ductal/tumor epithelial
Ductal/tumor epithelial,Endocrine,SLC26A3,259.65190788975474,0.15441815277225454,0.7645202073812406,1.0943196059706846,Mural / pericyte
Ductal/tumor epithelial,Endothelial,SLC26A3,259.65190788975474,-0.09049150613433674,-0.8304362624973389,1.0943196059706846,Mural / pericyte
Ductal/tumor epithelial,Exocrine epithelial,SLC26A3,259.65190788975474,0.11722820623853478,2.839580516552044,1.0943196059706846,Mural / pericyte
Ductal/tumor epithelial,Fibroblast / CAF,SLC26A3,259.65190788975474,-0.029910595333641505,-0.6172796554944541,1.0943196059706846,Mural / pericyte
Ductal/tumor epithelial,Immune,SLC26A3,259.65190788975474,0.10263122866840364,1.820974771658036,1.0943196059706846,Mural / pericyte
Ductal/tumor epithelial,Mural / pericyte,SLC26A3,259.65190788975474,-0.004666002096850084,-0.019099158744939455,1.0943196059706846,Mural / pericyte
Ductal/tumor epithelial,Endocrine,CDH16,278.09744140546314,-0.5228646757580698,-1.0814079235138423,1.0,Mural / pericyte
Ductal/tumor epithelial,Endothelial,CDH16,278.09744140546314,-0.22292664720656943,-1.9282345707152293,1.0,Mural / pericyte
Ductal/tumor epithelial,Exocrine epithelial,CDH16,278.09744140546314,0.11413041692566343,2.979130671896642,1.0,Mural / pericyte
Ductal/tumor epithelial,Fibroblast / CAF,CDH16,278.09744140546314,-0.05682740721238997,-1.2530883834576738,1.0,Mural / pericyte
Ductal/tumor epithelial,Immune,CDH16,278.09744140546314,0.08484015361128396,1.5897548162490671,1.0,Mural / pericyte
Ductal/tumor epithelial,Mural / pericyte,CDH16,278.09744140546314,-0.27292168626647256,-1.0125001526510042,1.0,Mural / pericyte
Ductal/tumor epithelial,Endocrine,APOBEC3A,1340.0,0.04791314287274409,0.40426800184789374,1.0772776777726765,Ductal/tumor epithelial
Ductal/tumor epithelial,Endothelial,APOBEC3A,1340.0,-0.037837017825107386,-0.7415971784460295,1.0772776777726765,Ductal/tumor epithelial
Ductal/tumor epithelial,Exocrine epithelial,APOBEC3A,1340.0,-0.015963893723701075,-0.7820788429173213,1.0772776777726765,Ductal/tumor epithelial
Ductal/tumor epithelial,Fibroblast / CAF,APOBEC3A,1340.0,-0.03919646596446111,-1.871699209385362,1.0772776777726765,Ductal/tumor epithelial
Ductal/tumor epithelial,Immune,APOBEC3A,1340.0,-0.05042145515246991,-1.7943584580822538,1.0772776777726765,Ductal/tumor epithelial
Ductal/tumor epithelial,Mural / pericyte,APOBEC3A,1340.0,-0.08897384494283792,-0.7726331020925064,1.0772776777726765,Ductal/tumor epithelial
Ductal/tumor epithelial,Endocrine,CYP1A1,644.6632647443114,-0.0366804575577311,-0.18252154292422482,1.039172023026804,Mural / pericyte
Ductal/tumor epithelial,Endothelial,CYP1A1,644.6632647443114,-0.1366197618042004,-1.687132999764887,1.039172023026804,Mural / pericyte
Ductal/tumor epithelial,Exocrine epithelial,CYP1A1,644.6632647443114,-0.05635344080194334,-1.8155712223234186,1.039172023026804,Mural / pericyte
Ductal/tumor epithelial,Fibroblast / CAF,CYP1A1,644.6632647443114,0.03834219094878839,1.3581267668027655,1.039172023026804,Mural / pericyte
Ductal/tumor epithelial,Immune,CYP1A1,644.6632647443114,-0.041581655435295295,-1.0587570902984356,1.039172023026804,Mural / pericyte
Ductal/tumor epithelial,Mural / pericyte,CYP1A1,644.6632647443114,0.0051687196979646735,0.03455762552742513,1.039172023026804,Mural / pericyte
Ductal/tumor epithelial,Endocrine,AQP3,1371.7692308695798,0.14814689340292173,1.5199996786891738,1.204500116870738,Exocrine epithelial
Ductal/tumor epithelial,Endothelial,AQP3,1371.7692308695798,0.2301443515861351,6.149871621234276,1.204500116870738,Exocrine epithelial
Ductal/tumor epithelial,Exocrine epithelial,AQP3,1371.7692308695798,-0.013283430991067584,-0.6672038139389225,1.204500116870738,Exocrine epithelial
Ductal/tumor epithelial,Fibroblast / CAF,AQP3,1371.7692308695798,-0.08636036030939231,-3.9174746648680028,1.204500116870738,Exocrine epithelial
Ductal/tumor epithelial,Immune,AQP3,1371.7692308695798,0.3324126911879394,14.887445051063587,1.204500116870738,Exocrine epithelial
Ductal/tumor epithelial,Mural / pericyte,AQP3,1371.7692308695798,0.2038449163568822,2.2931512497515034,1.204500116870738,Exocrine epithelial
Ductal/tumor epithelial,Endocrine,SPIB,1651.1789720068418,0.22769819518241938,3.1083910845620113,1.7922352954904865,Immune
Ductal/tumor epithelial,Endothelial,SPIB,1651.1789720068418,0.0927944151210225,2.3740360421793896,1.7922352954904865,Immune
Ductal/tumor epithelial,Exocrine epithelial,SPIB,1651.1789720068418,0.42517186166500964,21.448702846809095,1.7922352954904865,Immune
Ductal/tumor epithelial,Fibroblast / CAF,SPIB,1651.1789720068418,-0.0005749184846883215,-0.02164883817986769,1.7922352954904865,Immune
Ductal/tumor epithelial,Immune,SPIB,1651.1789720068418,0.3508388473860588,14.377152929191933,1.7922352954904865,Immune
Ductal/tumor epithelial,Mural / pericyte,SPIB,1651.1789720068418,0.06125819076820215,0.5123636809088368,1.7922352954904865,Immune
Ductal/tumor epithelial,Endocrine,ACE2,1594.0,0.4305354983930478,4.899031973975626,2.1965602815932974,Ductal/tumor epithelial
Ductal/tumor epithelial,Endothelial,ACE2,1594.0,0.44289072160754434,11.247919076109167,2.1965602815932974,Ductal/tumor epithelial
Ductal/tumor epithelial,Exocrine epithelial,ACE2,1594.0,-0.2892752519214803,-9.415854497971276,2.1965602815932974,Ductal/tumor epithelial
Ductal/tumor epithelial,Fibroblast / CAF,ACE2,1594.0,-0.1666230849453115,-6.114715083770596,2.1965602815932974,Ductal/tumor epithelial
Ductal/tumor epithelial,Immune,ACE2,1594.0,0.5239481567438402,20.163986196959865,2.1965602815932974,Ductal/tumor epithelial
Ductal/tumor epithelial,Mural / pericyte,ACE2,1594.0,0.4542846292462416,5.335878002635335,2.1965602815932974,Ductal/tumor epithelial
Ductal/tumor epithelial,Endocrine,FCN2,211.10097569248893,-0.7931370528091699,-0.9061767994015564,1.0465211382281592,Endothelial
Ductal/tumor epithelial,Endothelial,FCN2,211.10097569248893,0.15825141211495208,1.4566795603855272,1.0465211382281592,Endothelial
Ductal/tumor epithelial,Exocrine epithelial,FCN2,211.10097569248893,-0.08353174599017278,-1.5729969811964948,1.0465211382281592,Endothelial
Ductal/tumor epithelial,Fibroblast / CAF,FCN2,211.10097569248893,-0.07361838084681353,-1.3984498063047612,1.0465211382281592,Endothelial
Ductal/tumor epithelial,Immune,FCN2,211.10097569248893,-0.04756230913081153,-0.6812772303120479,1.0465211382281592,Endothelial
Ductal/tumor epithelial,Mural / pericyte,FCN2,211.10097569248893,0.0005109920714665852,0.0018936861933805112,1.0465211382281592,Endothelial
Ductal/tumor epithelial,Endocrine,AQP2,251.0,0.08677927983722242,0.346581203897932,1.0977417717118763,Ductal/tumor epithelial
Ductal/tumor epithelial,Endothelial,AQP2,251.0,0.03255175304390982,0.3012302329941189,1.0977417717118763,Ductal/tumor epithelial
Ductal/tumor epithelial,Exocrine epithelial,AQP2,251.0,-0.004330806867951643,-0.09486367682415624,1.0977417717118763,Ductal/tumor epithelial
Ductal/tumor epithelial,Fibroblast / CAF,AQP2,251.0,-0.12094840280768292,-2.363977290700512,1.0977417717118763,Ductal/tumor epithelial
Ductal/tumor epithelial,Immune,AQP2,251.0,0.061471541709126734,1.0194868526701983,1.0977417717118763,Ductal/tumor epithelial
Ductal/tumor epithelial,Mural / pericyte,AQP2,251.0,0.009791388461425117,0.0388489178494126,1.0977417717118763,Ductal/tumor epithelial
Ductal/tumor epithelial,Endocrine,BMX,299.0774410431772,0.15915724201523762,0.6315318802092249,1.9907869896840347,Endothelial
Ductal/tumor epithelial,Endothelial,BMX,299.0774410431772,0.31709558161788154,3.398844994987848,1.9907869896840347,Endothelial
Ductal/tumor epithelial,Exocrine epithelial,BMX,299.0774410431772,0.06497043497016113,1.2184395615256356,1.9907869896840347,Endothelial
Ductal/tumor epithelial,Fibroblast / CAF,BMX,299.0774410431772,0.08130427935745044,1.4051983841143565,1.9907869896840347,Endothelial
Ductal/tumor epithelial,Immune,BMX,299.0774410431772,0.17384612808713149,2.624514169465664,1.9907869896840347,Endothelial
Ductal/tumor epithelial,Mural / pericyte,BMX,299.0774410431772,-0.01069282981406747,-0.03812308830136165,1.9907869896840347,Endothelial
Ductal/tumor epithelial,Endocrine,IL1RL1,175.61589448262328,0.11596563287594039,0.4551726947598739,1.0,Mural / pericyte
Ductal/tumor epithelial,Endothelial,IL1RL1,175.61589448262328,0.11288579602228409,1.0479433209673534,1.0,Mural / pericyte
Ductal/tumor epithelial,Exocrine epithelial,IL1RL1,175.61589448262328,0.07009750987627876,1.4142909320399772,1.0,Mural / pericyte
Ductal/tumor epithelial,Fibroblast / CAF,IL1RL1,175.61589448262328,-0.005794084476814621,-0.10458343505574112,1.0,Mural / pericyte
Ductal/tumor epithelial,Immune,IL1RL1,175.61589448262328,0.03896199610328387,0.5736480188022466,1.0,Mural / pericyte
Ductal/tumor epithelial,Mural / pericyte,IL1RL1,175.61589448262328,0.2156237903116795,0.8734977873602944,1.0,Mural / pericyte
Ductal/tumor epithelial,Endocrine,ASCL1,119.86122300965667,-0.2588330697006868,-0.5747375888414918,1.0881661595572893,Mural / pericyte
Ductal/tumor epithelial,Endothelial,ASCL1,119.86122300965667,-0.026237944221483022,-0.19911459962442415,1.0881661595572893,Mural / pericyte
Ductal/tumor epithelial,Exocrine epithelial,ASCL1,119.86122300965667,0.33242884426110386,6.002383969160914,1.0881661595572893,Mural / pericyte
Ductal/tumor epithelial,Fibroblast / CAF,ASCL1,119.86122300965667,-0.025355046264447897,-0.3362854881875891,1.0881661595572893,Mural / pericyte
Ductal/tumor epithelial,Immune,ASCL1,119.86122300965667,0.2076579059164226,2.72491115198165,1.0881661595572893,Mural / pericyte
Ductal/tumor epithelial,Mural / pericyte,ASCL1,119.86122300965667,-0.8142621369536961,-1.404935460612801,1.0881661595572893,Mural / pericyte
Ductal/tumor epithelial,Endocrine,CSF3,228.207142667192,-0.6727303332531878,-1.0290898066220513,1.041486549897201,Mural / pericyte
Ductal/tumor epithelial,Endothelial,CSF3,228.207142667192,-0.009749854293678601,-0.08915565906259339,1.041486549897201,Mural / pericyte
Ductal/tumor epithelial,Exocrine epithelial,CSF3,228.207142667192,0.05996212731810056,1.3390417441637408,1.041486549897201,Mural / pericyte
Ductal/tumor epithelial,Fibroblast / CAF,CSF3,228.207142667192,-0.04925388626425951,-0.9791854930195846,1.041486549897201,Mural / pericyte
Ductal/tumor epithelial,Immune,CSF3,228.207142667192,0.09650899844992675,1.6348918682936502,1.041486549897201,Mural / pericyte
Ductal/tumor epithelial,Mural / pericyte,CSF3,228.207142667192,0.21756521057291184,0.9805792637951175,1.041486549897201,Mural / pericyte
Ductal/tumor epithelial,Endocrine,RERGL,216.92050852607224,-1.1292242524403866,-0.8943054802630557,1.0,Mural / pericyte
Ductal/tumor epithelial,Endothelial,RERGL,216.92050852607224,-0.20985889176009379,-1.3276528042827127,1.0,Mural / pericyte
Ductal/tumor epithelial,Exocrine epithelial,RERGL,216.92050852607224,-0.0835416683791454,-1.5726351314316978,1.0,Mural / pericyte
Ductal/tumor epithelial,Fibroblast / CAF,RERGL,216.92050852607224,-0.1455587489645233,-2.722853415389174,1.0,Mural / pericyte
Ductal/tumor epithelial,Immune,RERGL,216.92050852607224,-0.07308153706199867,-1.0177940148415021,1.0,Mural / pericyte
Ductal/tumor epithelial,Mural / pericyte,RERGL,216.92050852607224,-0.6210160376199677,-1.5750227102429615,1.0,Mural / pericyte
Ductal/tumor epithelial,Endocrine,CLCA2,338.8171091214684,0.3409000259229088,2.4197448214385475,1.030455163961165,Mural / pericyte
Ductal/tumor epithelial,Endothelial,CLCA2,338.8171091214684,0.122783368113289,1.4787406542267802,1.030455163961165,Mural / pericyte
Ductal/tumor epithelial,Exocrine epithelial,CLCA2,338.8171091214684,-0.01638624650773077,-0.42148060085469635,1.030455163961165,Mural / pericyte
Ductal/tumor epithelial,Fibroblast / CAF,CLCA2,338.8171091214684,-0.049680329030375704,-1.2103117658623455,1.030455163961165,Mural / pericyte
Ductal/tumor epithelial,Immune,CLCA2,338.8171091214684,-0.046066194207652796,-0.8584669981737753,1.030455163961165,Mural / pericyte
Ductal/tumor epithelial,Mural / pericyte,CLCA2,338.8171091214684,0.23224431434216875,1.2656626666985058,1.030455163961165,Mural / pericyte
Ductal/tumor epithelial,Endocrine,TFF2,1020.0,0.1931309662372334,0.939485383841094,2.185654209789377,Ductal/tumor epithelial
Ductal/tumor epithelial,Endothelial,TFF2,1020.0,0.3614687257001221,5.415833298655634,2.185654209789377,Ductal/tumor epithelial
Ductal/tumor epithelial,Exocrine epithelial,TFF2,1020.0,-0.4896954387838299,-9.338998619171937,2.185654209789377,Ductal/tumor epithelial
Ductal/tumor epithelial,Fibroblast / CAF,TFF2,1020.0,-0.38239912181695646,-9.327106479783074,2.185654209789377,Ductal/tumor epithelial
Ductal/tumor epithelial,Immune,TFF2,1020.0,0.14518730020870216,3.4948735183798023,2.185654209789377,Ductal/tumor epithelial
Ductal/tumor epithelial,Mural / pericyte,TFF2,1020.0,0.22044429875196495,1.427073019013654,2.185654209789377,Ductal/tumor epithelial
Ductal/tumor epithelial,Endocrine,DIRAS3,320.46406558502235,0.3333057932096938,2.4773130276442434,1.0,Exocrine epithelial
Ductal/tumor epithelial,Endothelial,DIRAS3,320.46406558502235,0.07682312731542784,0.9559391057464482,1.0,Exocrine epithelial
Ductal/tumor epithelial,Exocrine epithelial,DIRAS3,320.46406558502235,0.06248081648567955,1.697507062505484,1.0,Exocrine epithelial
Ductal/tumor epithelial,Fibroblast / CAF,DIRAS3,320.46406558502235,0.025941427469024697,0.646832301815196,1.0,Exocrine epithelial
Ductal/tumor epithelial,Immune,DIRAS3,320.46406558502235,0.21138074893305375,4.716974561243417,1.0,Exocrine epithelial
Ductal/tumor epithelial,Mural / pericyte,DIRAS3,320.46406558502235,0.0778403358694417,0.41806902349961,1.0,Exocrine epithelial
Ductal/tumor epithelial,Endocrine,HPX,211.89657318373355,-0.42972265069024745,-0.7739031120420895,1.0,Mural / pericyte
Ductal/tumor epithelial,Endothelial,HPX,211.89657318373355,-0.014573444817096834,-0.1225497585667569,1.0,Mural / pericyte
Ductal/tumor epithelial,Exocrine epithelial,HPX,211.89657318373355,-0.032178159024257705,-0.6319015115843936,1.0,Mural / pericyte
Ductal/tumor epithelial,Fibroblast / CAF,HPX,211.89657318373355,0.02363333436329401,0.48554177138377214,1.0,Mural / pericyte
Ductal/tumor epithelial,Immune,HPX,211.89657318373355,0.006970725046782132,0.10912405266210169,1.0,Mural / pericyte
Ductal/tumor epithelial,Mural / pericyte,HPX,211.89657318373355,0.3561964571560912,1.7352981674826524,1.0,Mural / pericyte
Ductal/tumor epithelial,Endocrine,CCL27,235.90326096053315,-0.7743493001965353,-0.9011975012541397,1.0214638605103339,Immune
Ductal/tumor epithelial,Endothelial,CCL27,235.90326096053315,-0.10194534882866252,-0.7532440612250257,1.0214638605103339,Immune
Ductal/tumor epithelial,Exocrine epithelial,CCL27,235.90326096053315,-0.09368557323118151,-1.8045201573333889,1.0214638605103339,Immune
Ductal/tumor epithelial,Fibroblast / CAF,CCL27,235.90326096053315,-0.0926352523834623,-1.864715063626335,1.0214638605103339,Immune
Ductal/tumor epithelial,Immune,CCL27,235.90326096053315,-0.059922650376406913,-0.8903678549462098,1.0214638605103339,Immune
Ductal/tumor epithelial,Mural / pericyte,CCL27,235.90326096053315,-0.07128593988395927,-0.26323397063243686,1.0214638605103339,Immune
Ductal/tumor epithelial,Endocrine,TSPAN19,279.92893909667475,-0.1727355719681924,-0.6031052382365936,1.0,Immune
Ductal/tumor epithelial,Endothelial,TSPAN19,279.92893909667475,0.0014254564515359099,0.015875353230124522,1.0,Immune
Ductal/tumor epithelial,Exocrine epithelial,TSPAN19,279.92893909667475,0.16679486837958357,4.537818000457384,1.0,Immune
Ductal/tumor epithelial,Fibroblast / CAF,TSPAN19,279.92893909667475,-0.02564792959211364,-0.5681004543172541,1.0,Immune
Ductal/tumor epithelial,Immune,TSPAN19,279.92893909667475,0.07981063806488518,1.5254942767535076,1.0,Immune
Ductal/tumor epithelial,Mural / pericyte,TSPAN19,279.92893909667475,-0.009537989724946391,-0.04179821939387229,1.0,Immune
Ductal/tumor epithelial,Endocrine,HEMGN,231.28403005856296,-0.5098745916536908,-0.9068994790757839,1.0,Endocrine
Ductal/tumor epithelial,Endothelial,HEMGN,231.28403005856296,-0.19950002441293688,-1.5005547156390322,1.0,Endocrine
Ductal/tumor epithelial,Exocrine epithelial,HEMGN,231.28403005856296,0.03998191893868118,0.8968765322429344,1.0,Endocrine
Ductal/tumor epithelial,Fibroblast / CAF,HEMGN,231.28403005856296,-0.11652585687828317,-2.279602390779028,1.0,Endocrine
Ductal/tumor epithelial,Immune,HEMGN,231.28403005856296,0.026246837736205113,0.422303024771958,1.0,Endocrine
Ductal/tumor epithelial,Mural / pericyte,HEMGN,231.28403005856296,-0.16891150604164662,-0.5893822852949232,1.0,Endocrine
Ductal/tumor epithelial,Endocrine,ADH4,215.37188129185307,0.1485096102506062,0.6728882315504199,1.107815580373916,Mural / pericyte
Ductal/tumor epithelial,Endothelial,ADH4,215.37188129185307,0.08782917241093315,0.8599328987526828,1.107815580373916,Mural / pericyte
Ductal/tumor epithelial,Exocrine epithelial,ADH4,215.37188129185307,0.12895606719568606,2.838337965908741,1.107815580373916,Mural / pericyte
Ductal/tumor epithelial,Fibroblast / CAF,ADH4,215.37188129185307,0.008873154031505676,0.1673845856218416,1.107815580373916,Mural / pericyte
Ductal/tumor epithelial,Immune,ADH4,215.37188129185307,-0.013707359419188943,-0.20553683884475712,1.107815580373916,Mural / pericyte
Ductal/tumor epithelial,Mural / pericyte,ADH4,215.37188129185307,0.21751805008941882,0.9091838396499808,1.107815580373916,Mural / pericyte
Ductal/tumor epithelial,Endocrine,ABCC11,105.0,0.19982263095681319,0.6028570868764472,1.1775924756794882,Ductal/tumor epithelial
Ductal/tumor epithelial,Endothelial,ABCC11,105.0,0.17555044634802974,1.1367866841308598,1.1775924756794882,Ductal/tumor epithelial
Ductal/tumor epithelial,Exocrine epithelial,ABCC11,105.0,0.01189519174362299,0.16638375304673989,1.1775924756794882,Ductal/tumor epithelial
Ductal/tumor epithelial,Fibroblast / CAF,ABCC11,105.0,-0.11755729443505498,-1.4056393627253372,1.1775924756794882,Ductal/tumor epithelial
Ductal/tumor epithelial,Immune,ABCC11,105.0,-0.07104228206950457,-0.6591261854279895,1.1775924756794882,Ductal/tumor epithelial
Ductal/tumor epithelial,Mural / pericyte,ABCC11,105.0,-1.739924103322461,-1.6148195882934206,1.1775924756794882,Ductal/tumor epithelial
Ductal/tumor epithelial,Endocrine,CD5L,213.7529726980481,0.0867554925347341,0.3176797894192407,1.057002664823763,Immune
Ductal/tumor epithelial,Endothelial,CD5L,213.7529726980481,0.021017329274980637,0.18036122229932755,1.057002664823763,Immune
Ductal/tumor epithelial,Exocrine epithelial,CD5L,213.7529726980481,-0.014323771724246695,-0.28297804309943086,1.057002664823763,Immune
Ductal/tumor epithelial,Fibroblast / CAF,CD5L,213.7529726980481,0.028887211091180236,0.5777701118112599,1.057002664823763,Immune
Ductal/tumor epithelial,Immune,CD5L,213.7529726980481,0.012569467395622423,0.19230099507380857,1.057002664823763,Immune
Ductal/tumor epithelial,Mural / pericyte,CD5L,213.7529726980481,-0.04535821720507184,-0.17091968785579054,1.057002664823763,Immune
Ductal/tumor epithelial,Endocrine,MARCO,113.552528119063,-0.1417131520173458,-0.2762801552271455,1.0,Immune
Ductal/tumor epithelial,Endothelial,MARCO,113.552528119063,-0.09501261170769344,-0.5563629090339611,1.0,Immune
Ductal/tumor epithelial,Exocrine epithelial,MARCO,113.552528119063,-0.03328560794925537,-0.48942255059654516,1.0,Immune
Ductal/tumor epithelial,Fibroblast / CAF,MARCO,113.552528119063,-0.025240719799366845,-0.3738618251004833,1.0,Immune
Ductal/tumor epithelial,Immune,MARCO,113.552528119063,0.19469492494916407,2.5150058703643476,1.0,Immune
Ductal/tumor epithelial,Mural / pericyte,MARCO,113.552528119063,0.06481710237293312,0.2018347204524735,1.0,Immune
Ductal/tumor epithelial,Endocrine,CYP3A4,292.0,-0.08194127347105164,-0.28340127182849995,1.1479628827502943,Ductal/tumor epithelial
Ductal/tumor epithelial,Endothelial,CYP3A4,292.0,-0.008437337364319881,-0.08214415494318031,1.1479628827502943,Ductal/tumor epithelial
Ductal/tumor epithelial,Exocrine epithelial,CYP3A4,292.0,0.058343255467143314,1.4247151014437789,1.1479628827502943,Ductal/tumor epithelial
Ductal/tumor epithelial,Fibroblast / CAF,CYP3A4,292.0,-0.13997127334811335,-2.8180768907707283,1.1479628827502943,Ductal/tumor epithelial
Ductal/tumor epithelial,Immune,CYP3A4,292.0,0.0719272687179848,1.2705582109201596,1.1479628827502943,Ductal/tumor epithelial
Ductal/tumor epithelial,Mural / pericyte,CYP3A4,292.0,-0.04155842158849237,-0.16617247641071062,1.1479628827502943,Ductal/tumor epithelial
Ductal/tumor epithelial,Endocrine,CCDC78,177.86214123106416,-0.0032990756505006957,-0.009250672004043463,1.1785916691146268,Mural / pericyte
Ductal/tumor epithelial,Endothelial,CCDC78,177.86214123106416,-0.23185795682230692,-1.3942764918483486,1.1785916691146268,Mural / pericyte
Ductal/tumor epithelial,Exocrine epithelial,CCDC78,177.86214123106416,0.02733313390194815,0.4840006441032895,1.1785916691146268,Mural / pericyte
Ductal/tumor epithelial,Fibroblast / CAF,CCDC78,177.86214123106416,-0.002322833237749489,-0.039567933962904034,1.1785916691146268,Mural / pericyte
Ductal/tumor epithelial,Immune,CCDC78,177.86214123106416,0.1155755739946352,1.625613150127462,1.1785916691146268,Mural / pericyte
Ductal/tumor epithelial,Mural / pericyte,CCDC78,177.86214123106416,-0.4326055092333201,-1.1307147877027124,1.1785916691146268,Mural / pericyte
Ductal/tumor epithelial,Endocrine,BBOX1,277.0,0.16921301263559768,0.8426285827209962,1.2763490644281008,Ductal/tumor epithelial
Ductal/tumor epithelial,Endothelial,BBOX1,277.0,0.039557225186844375,0.38780383793680184,1.2763490644281008,Ductal/tumor epithelial
Ductal/tumor epithelial,Exocrine epithelial,BBOX1,277.0,0.14074473163561976,3.3260711343509892,1.2763490644281008,Ductal/tumor epithelial
Ductal/tumor epithelial,Fibroblast / CAF,BBOX1,277.0,-0.04733496781398629,-0.9078232450552475,1.2763490644281008,Ductal/tumor epithelial
Ductal/tumor epithelial,Immune,BBOX1,277.0,-0.038292679023764375,-0.5850881814153629,1.2763490644281008,Ductal/tumor epithelial
Ductal/tumor epithelial,Mural / pericyte,BBOX1,277.0,-0.38077063065959366,-1.1481922858847502,1.2763490644281008,Ductal/tumor epithelial
Ductal/tumor epithelial,Endocrine,GLYATL1,144.85286017184563,0.11544770949312404,0.41210189954699256,1.0,Exocrine epithelial
Ductal/tumor epithelial,Endothelial,GLYATL1,144.85286017184563,0.24237831187062714,2.3226956474981684,1.0,Exocrine epithelial
Ductal/tumor epithelial,Exocrine epithelial,GLYATL1,144.85286017184563,0.05046079607806902,0.9199527642774841,1.0,Exocrine epithelial
Ductal/tumor epithelial,Fibroblast / CAF,GLYATL1,144.85286017184563,0.028032633576337104,0.4677391692610188,1.0,Exocrine epithelial
Ductal/tumor epithelial,Immune,GLYATL1,144.85286017184563,0.10333825197408168,1.4524181821206554,1.0,Exocrine epithelial
Ductal/tumor epithelial,Mural / pericyte,GLYATL1,144.85286017184563,0.025921929538524863,0.08893243753018404,1.0,Exocrine epithelial
