cls,gene,n,removal_prob
inplane,PPP1R1B,1,0.9675847784475593
inplane,AMY2A,2,0.9999736609997723
inplane,GATM,1,0.9999435643520173
inplane,FKBP11,1,0.9691048628489739
inplane,RIDA,1,0.9240018428379558
inplane,AMY2A,2,0.9999788132304953
ambient,FKBP11,1,0.9509071388562792
ambient,DIRAS3,1,0.9524716302441196
induction,DPEP1,3,0.0443564543578695
induction,UMOD,7,0.00888162293483219
outplane,CLEC10A,1,0.3863684747241982
outplane,CFB,1,0.9195165614349221
outplane,AMY2A,3,0.9999722584576964
induction,DPEP1,4,0.04896247822784827
induction,UMOD,2,0.009286094711116855
induction,KCNK3,4,0.07176044683916183
inplane,AMY2A,3,0.9999786008151644
inplane,GATM,2,0.9999546778988467
inplane,FGL2,1,0.7753673720895421
inplane,CXCR4,1,0.45168147857626884
inplane,ANPEP,1,0.999739814477671
inplane,GATM,1,0.9999610375291423
outplane,CYP2A7,1,0.8022495698105049
outplane,CFTR,2,0.9998823061678026
outplane,AMY2A,1,0.9999804023372457
inplane,CFB,1,0.8115909514787208
inplane,MDM2,1,0.5622445025715981
inplane,EPCAM,1,0.9993283819569652
inplane,AMY2A,1,0.9999797901381303
induction,DPEP1,4,0.052478071150107386
induction,UMOD,3,0.009969427467611314
induction,KCNK3,3,0.07683442503629456
inplane,DST,1,0.644806721007104
inplane,CFTR,1,0.9998644879664765
inplane,PROX1,1,0.9313770556799765
inplane,GATM,1,0.9999507218783145
ambient,FKBP11,2,0.9648667223040842
ambient,KCNK3,1,0.32155519150187395
ambient,GLYATL1,1,0.7624615373421195
inplane,AMY2A,3,0.9999813543976364
inplane,GATM,1,0.9999606681863638
inplane,CFTR,1,0.9998830683712042
inplane,AMY2A,2,0.9999782065677906
inplane,AQP8,1,0.9998100929150351
induction,DPEP1,3,0.05328756588786454
induction,UMOD,6,0.010492636059780347
induction,KCNK3,1,0.07838382903735108
induction,DPEP1,3,0.07803012372257756
induction,UMOD,4,0.015835228907240873
induction,KCNK3,3,0.15359154148589027
outplane,AMY2A,4,0.9999807376980613
outplane,APOA5,1,0.49294698469135656
outplane,GATM,2,0.9999593563942838
outplane,INS,1,0.9975181504921464
induction,DPEP1,3,0.07211223723544613
induction,UMOD,3,0.014106631522396773
induction,KCNK3,4,0.1045937269952183
induction,DPEP1,2,0.0854937738181426
induction,UMOD,3,0.016717304973194014
induction,KCNK3,5,0.12310040160944535
inplane,GPRC5A,1,0.9894884830354863
inplane,SLC4A1,1,0.2722089407070354
inplane,AMY2A,2,0.9999812954023307
ambient,CFTR,1,0.9998847599347271
ambient,UMOD,1,0.03508122312724726
outplane,TMC5,1,0.9932332885967724
outplane,CFTR,2,0.9998869436347775
outplane,AMY2A,1,0.999980552582304
ambient,GATM,1,0.999961988477119
ambient,AQP3,1,0.9438747537497509
induction,DPEP1,8,0.059478121204900036
induction,UMOD,1,0.01158279402845852
induction,KCNK3,1,0.08699632969032267
induction,DPEP1,2,0.05181669573187331
induction,UMOD,4,0.00950381468243644
induction,KCNK3,4,0.06944814066057325
induction,DPEP1,1,0.09286651847466942
induction,UMOD,4,0.018335758347676423
induction,KCNK3,5,0.1332904278088053
inplane,VWA5A,1,0.8742783981093774
inplane,CFTR,2,0.9998891668970185
inplane,AMY2A,1,0.9999810852408648
inplane,AQP8,1,0.9998366721049291
inplane,CFB,1,0.9542915170745997
inplane,MYC,1,0.8622126483775762
inplane,AMY2A,3,0.9999771295476934
inplane,GATM,1,0.9999508829513762
ambient,KLK11,1,0.9956777782296364
ambient,COCH,1,0.8773793031552783
ambient,AMY2A,1,0.9999792197373532
ambient,GLYATL1,1,0.7346875889426108
inplane,CFTR,1,0.9998725085341245
inplane,EDNRB,1,0.0
inplane,GATM,2,0.9999534199532967
induction,DPEP1,4,0.0787521886860878
induction,UMOD,2,0.015413603637035922
induction,KCNK3,4,0.11397741757236635
inplane,CFTR,1,0.9998502938506441
inplane,AMY2A,2,0.9999744838017935
inplane,GATM,1,0.9999456154324952
outplane,MYC,1,0.8720522253224808
outplane,AMY2A,1,0.9999761334589117
outplane,GATM,1,0.9999487615535511
outplane,AQP8,1,0.999787668559685
outplane,PMP22,1,0.2569734420537443
outplane,CFTR,1,0.999868102917833
outplane,AMY2A,1,0.9999775376265456
outplane,ELF5,1,0.332335557437725
ambient,PROX1,2,0.9450809602448911
outplane,APCDD1,1,0.4181361767006627
outplane,DST,2,0.6509810010090472
outplane,PROX1,1,0.9500049718652259
inplane,GHRL,1,0.966596726529442
inplane,EHF,1,0.9986613543040742
inplane,PLCG2,1,0.0
inplane,AMY2A,1,0.9999755725536962
induction,DPEP1,4,0.04358494611139385
induction,UMOD,2,0.008388015400561777
induction,KCNK3,4,0.06433421748392931
ambient,KCNK3,2,0.204240493683002
outplane,CFTR,1,0.9998702451811912
outplane,AMY2A,3,0.9999769161112054
outplane,AQP8,1,0.9997986269164074
outplane,CD163,1,0.9919643519004873
outplane,CFTR,2,0.9998796730358664
outplane,AMY2A,3,0.9999790248970971
inplane,AMY2A,2,0.9999785083785587
inplane,GATM,2,0.9999541454902204
outplane,ANPEP,2,0.9997213306758669
outplane,GATM,2,0.9999580461644124
outplane,PECAM1,1,0.0
outplane,TBX3,1,0.021124141664212615
outplane,GATM,2,0.9999593654484441
inplane,TCIM,1,0.0
inplane,SMYD2,1,0.8412121434629274
inplane,AMY2A,2,0.9999787175234615
inplane,GATM,1,0.9999548691811354
outplane,CFB,1,0.9039750221247661
outplane,CFTR,1,0.9998775462050212
outplane,GPC3,1,0.8724522638195527
outplane,GATM,1,0.9999555577366261
inplane,MET,1,0.6124662352990438
inplane,AMY2A,3,0.9999809718618048
inplane,GATM,1,0.9999598724260127
ambient,PROX1,1,0.954808496025486
ambient,AQP3,1,0.9491738944319699
outplane,KLK11,1,0.996938187342353
outplane,AMY2A,3,0.9999798550168671
outplane,KCNK3,1,0.31350878164613816
inplane,VWA5A,1,0.8483133473461575
inplane,ACTG2,1,0.5693782564749853
inplane,HAVCR2,2,0.6287498292354405
inplane,TFPI,1,0.0
inplane,AMY2A,1,0.9999790633444344
inplane,CXCL6,1,0.9985580871396836
inplane,SFRP4,1,0.6804989862991014
inplane,EHF,1,0.9986305637767333
inplane,AMY2A,2,0.9999476655489622
inplane,GATM,1,0.9998796263446037
induction,DPEP1,5,0.08503271886232844
induction,UMOD,3,0.016677743199535522
induction,KCNK3,2,0.12252134369854994
ambient,KCNK3,1,0.23957669096640788
ambient,HAMP,1,0.9019694362194559
ambient,PROX1,1,0.9398604895081054
ambient,AQP8,1,0.9998158532785426
ambient,CA4,1,0.8795099430746903
ambient,AQP8,1,0.9998137966592375
ambient,KLK11,1,0.9968934308493532
ambient,HAMP,1,0.9517313613323308
induction,DPEP1,3,0.04658368937328561
induction,UMOD,5,0.00909276263482861
induction,KCNK3,2,0.06861783953981293
induction,DPEP1,2,0.04645228426430492
induction,UMOD,4,0.008807287793818452
induction,KCNK3,4,0.0653055109734817
outplane,IRF8,1,0.6020459792204245
outplane,PRDM1,1,0.25642514744733924
outplane,GHRL,1,0.9691051165744722
outplane,AMY2A,3,0.999963111607697
outplane,AMY2A,3,0.9999807721921975
outplane,GATM,1,0.9999593868218932
outplane,CFTR,1,0.9998606023088725
outplane,AMY2A,2,0.9999762579149871
outplane,GATM,1,0.9999494479215978
outplane,MDM2,1,0.9263620345587361
outplane,CFTR,1,0.9998827112711627
outplane,C1orf162,1,0.847348513830892
outplane,AMY2A,3,0.999978154918679
inplane,PMP22,1,0.315080558730114
inplane,AMY2A,2,0.9999818067452945
inplane,GATM,1,0.9999617010276204
ambient,CFTR,1,0.999846392569358
ambient,PEBP4,1,0.6318173059558961
induction,DPEP1,1,0.06524578899065847
induction,UMOD,5,0.012405316914967046
induction,KCNK3,4,0.0938357673041279
ambient,KLK11,1,0.9969497467952695
ambient,AQP3,1,0.8636500234597129
inplane,CRISPLD2,1,7.386868894343479e-12
inplane,AMY2A,2,0.9999793755432881
inplane,GATM,1,0.9999564777089961
outplane,MS4A6A,1,0.6023013851863717
outplane,ADAM28,1,0.7742801298995974
outplane,AMY2A,2,0.9999802112817291
outplane,GATM,1,0.9999581744231169
outplane,CRHBP,1,0.14163518977405842
outplane,GATM,3,0.9999444439739303
outplane,AQP8,1,0.9997703963712781
induction,DPEP1,3,0.05282993570474881
induction,UMOD,3,0.010121147314440027
induction,KCNK3,2,0.07133163148804655
induction,DPEP1,5,0.055039035287753224
induction,UMOD,1,0.01064776238872378
induction,KCNK3,4,0.08064612798324011
inplane,FBN1,1,0.0159715222103074
inplane,MDM2,1,0.7225113245065699
inplane,CYP2A7,1,0.6290184436818695
inplane,AMY2A,4,0.9999711314850187
ambient,CA4,1,0.755410241565376
ambient,GLYATL1,1,0.4628909137558851
ambient,PROX1,1,0.859042021446982
ambient,DIRAS3,1,0.922854195579183
ambient,UMOD,1,0.03885071432736209
ambient,GATM,1,0.999953482532322
ambient,FKBP11,1,0.9793934396424079
ambient,CPA3,1,0.9409459283097156
inplane,ECSCR,1,0.0
inplane,AMY2A,1,0.9999341684369136
inplane,KCNK3,1,0.46722844835219646
inplane,HAMP,1,0.6925405698659034
inplane,GATM,1,0.9998213803394499
induction,DPEP1,3,0.06539645553075513
induction,UMOD,2,0.012558824832396898
induction,KCNK3,5,0.09424646789767599
ambient,FKBP11,1,0.9434241653347923
ambient,RIDA,1,0.8798892780109809
ambient,CA4,1,0.8009369828046098
ambient,GLYATL1,1,0.5224172964747065
ambient,CPA3,1,0.8534445015698351
ambient,DIRAS3,1,0.9484141169717892
inplane,MMRN2,1,0.0
inplane,TCIM,1,0.0
inplane,CFTR,1,0.9998808758667771
inplane,GATM,1,0.9999561966731733
outplane,CFTR,1,0.9998767021243531
outplane,SNCA,1,0.4050023568028255
outplane,FXYD2,1,0.9774623532359297
outplane,PROX1,1,0.9253700045089267
ambient,CA4,1,0.9511996371970641
ambient,DIRAS3,1,0.9803861207398236
outplane,AMY2A,4,0.9999772277872208
outplane,TCIM,1,0.0
outplane,CLEC14A,1,0.0
outplane,BAMBI,1,0.7833944637176715
outplane,AMY2A,1,0.9999781111966736
inplane,MMRN2,2,0.0
inplane,AMY2A,4,0.9999778091762401
induction,DPEP1,4,0.05522193665241426
induction,UMOD,3,0.010485584924657787
induction,KCNK3,3,0.07981964994049551
inplane,PCNA,1,0.691463958316882
inplane,CFB,1,0.9426653765137998
inplane,CFTR,1,0.9998939661430059
inplane,ERBB2,1,0.9612066434056993
induction,DPEP1,2,0.04286890846075975
induction,UMOD,5,0.00818190880511005
induction,KCNK3,3,0.0622215345323367
ambient,CPA3,1,0.8683729511001231
ambient,AQP8,1,0.9998163393212992
inplane,AMY2A,3,0.9999634966466974
inplane,GATM,1,0.9999197461835194
outplane,AMY2A,4,0.9999788344129432
ambient,COCH,1,0.8707548562713054
ambient,GATM,1,0.9999440149356563
induction,DPEP1,1,0.06066228494521442
induction,UMOD,4,0.01181936542096862
induction,KCNK3,5,0.0887010645670594
outplane,CFTR,1,0.9998679376069763
outplane,AMY2A,1,0.9999771575108812
outplane,CD8A,1,0.5382167254954044
outplane,CXCL6,1,0.9982187189634927
outplane,GATM,2,0.9999512193105127
ambient,ANPEP,1,0.9997448982005247
ambient,KLK11,1,0.9972303347047933
inplane,TENT5C,1,0.9976763456833402
inplane,AMY2A,1,0.9999807076393811
inplane,FXYD2,1,0.9786548271027108
inplane,GATM,1,0.9999592856974928
inplane,TCIM,1,0.0
inplane,MYC,1,0.6817178051974805
inplane,CFTR,1,0.9998648728376778
inplane,AMY2A,2,0.9999760052363783
induction,DPEP1,1,0.059926261339241504
induction,UMOD,5,0.011363534211249693
induction,KCNK3,4,0.08597968209647877
induction,DPEP1,3,0.07774611801553644
induction,UMOD,3,0.0150942263219771
induction,KCNK3,4,0.11240183126183623
outplane,ANPEP,1,0.9996870369866581
outplane,TENT5C,1,0.9975682650073756
outplane,AMY2A,1,0.9999781382757215
outplane,GATM,2,0.9999533761381466
outplane,AQP8,1,0.999807717160733
outplane,PDGFRB,1,0.22094751795749568
outplane,ASPN,1,0.3251247689117719
outplane,TBX3,1,0.24229174995341718
outplane,EHF,1,0.9987766842247137
outplane,AMY2A,1,0.9999787420533941
ambient,ANPEP,1,0.9996398245984617
ambient,CA4,1,0.8360478332930932
ambient,PROX1,1,0.8951919165685255
ambient,AQP3,1,0.8915712645542728
outplane,MYH11,1,0.9961579352183779
outplane,AMY2A,2,0.9999802974351704
outplane,GATM,2,0.9999583600296246
induction,DPEP1,4,0.06583352121385577
induction,UMOD,1,0.012652690468322736
induction,KCNK3,5,0.09569575790420215
ambient,UMOD,1,0.054423537341849126
ambient,AQP8,1,0.9998187982050009
inplane,AMY2A,2,0.9999803408469439
inplane,HAMP,1,0.9083085093654701
inplane,GATM,1,0.9999585798464022
outplane,MYC,1,0.8199093670288272
outplane,AMY2A,3,0.9999795347646467
inplane,NTN4,1,0.7595917033454946
inplane,TENT5C,1,0.9976118915045586
inplane,AMY2A,1,0.9999802258833762
inplane,GATM,1,0.9999583606975728
outplane,FKBP11,1,0.9764878298841887
outplane,EPCAM,1,0.9995573709086266
outplane,MET,1,0.74618004981799
outplane,AMY2A,2,0.9999761704948227
outplane,GATM,1,0.9999484693566524
ambient,PEBP4,1,0.7875913988479992
ambient,GLYATL1,1,0.6716614303436264
outplane,SRPX,1,0.24882335546776158
outplane,AMY2A,2,0.9999807100890635
outplane,GATM,1,0.9999592936969158
outplane,CD3D,1,0.8275831620039571
outplane,AMY2A,2,0.999972680141894
outplane,GATM,1,0.9999412181368489
induction,DPEP1,3,0.04887846591174527
induction,UMOD,4,0.009460375695036882
induction,KCNK3,3,0.07196773831595094
inplane,PCNA,1,0.6929099004573412
inplane,AMY2A,2,0.9999770895894011
inplane,AQP8,1,0.9997975770449418
induction,DPEP1,3,0.0687234464561235
induction,UMOD,3,0.013294317029003966
induction,KCNK3,4,0.0998512247442006
outplane,CLEC4E,1,0.8244605761974758
outplane,PPP1R1B,1,0.9900681932737375
outplane,AMY2A,1,0.9999787300813668
outplane,AQP8,1,0.9998134872647716
inplane,CXCR4,1,0.07123735346891003
inplane,MYC,1,0.4354732501998845
inplane,C1orf162,2,0.5842081783948305
inplane,AMY2A,1,0.9999251502969876
induction,DPEP1,3,0.06542458214860591
induction,UMOD,6,0.012706017431050376
induction,KCNK3,1,0.0952243928439308
outplane,NTN4,1,0.89808626762478
outplane,CFB,1,0.9356215194655025
outplane,KCNK3,1,0.28647966873623576
outplane,CXCL2,1,0.7920349702626432
ambient,CFTR,1,0.9998925810844779
ambient,GATM,1,0.9999612302674805
ambient,RIDA,1,0.9011734440847945
ambient,AMY2A,1,0.9999803297428769
outplane,TIMP4,1,0.3879101444445545
outplane,AMY2A,2,0.9999824101275704
outplane,GATM,1,0.999962960756363
outplane,AQP8,1,0.9998486217869277
induction,DPEP1,1,0.08232062091113779
induction,UMOD,5,0.01612764903163444
induction,KCNK3,4,0.1189037844050469
ambient,UMOD,1,0.029999524714333092
ambient,COCH,1,0.8489210295989676
outplane,AMY2A,3,0.9999832765499044
outplane,CPA3,1,0.9345573850650494
inplane,AMY2A,3,0.9999820178541949
inplane,FXYD2,1,0.9844594176096715
inplane,SMYD2,1,0.7822988058336114
inplane,FKBP11,1,0.9457931836118937
inplane,AMY2A,2,0.9999800716270554
inplane,AMY2A,2,0.9999303837894529
inplane,GATM,1,0.9998351482383638
inplane,AQP8,1,0.9992615843092684
outplane,FKBP11,1,0.7940512216816283
outplane,MYC,1,0.46163136580941866
outplane,ANPEP,1,0.9990715239002401
outplane,RND1,1,0.2027200344318244
outplane,AMY2A,2,0.9999344226989321
outplane,GPC3,1,0.5275684425719231
outplane,GATM,1,0.9998446603396465
outplane,SEMA3C,1,0.8169327634636308
outplane,CFTR,1,0.9997022725852921
outplane,AMY2A,3,0.9999339444883691
outplane,AMY2A,2,0.9999241574676878
outplane,FXYD2,2,0.9129275472650288
outplane,AMY2A,4,0.9999437348216242
outplane,GATM,1,0.9998706079521413
outplane,FKBP11,1,0.7879045609649347
outplane,CFTR,1,0.9996786304587165
outplane,AMY2A,1,0.9999444133125263
outplane,CPA3,1,0.6508120726501339
outplane,GATM,1,0.9998722555231963
ambient,RIDA,1,0.54736574918607
ambient,COCH,1,0.4275218272372012
inplane,CFTR,2,0.9996712895306477
inplane,TM4SF4,1,0.9931889252124684
inplane,GATM,1,0.9998403475608093
induction,DPEP1,2,0.05901304419044451
induction,UMOD,2,0.010774553258052322
induction,KCNK3,2,0.08514804218759608
outplane,PDGFRA,1,0.8407643802360663
outplane,AMY2A,1,0.9999214566508442
outplane,C7,1,0.6341111054814266
outplane,GATM,1,0.9998144675098015
induction,DPEP1,4,0.08834048501064173
outplane,AMY2A,4,0.9999364234876676
outplane,AQP8,1,0.9993154039154596
outplane,GCG,1,0.9976496518791856
outplane,SFRP4,1,0.8968834641396318
outplane,CFTR,2,0.9996837454082922
outplane,AMY2A,1,0.9999428239050512
outplane,PROX1,1,0.6272305219445315
induction,DPEP1,3,0.04539312093468484
induction,UMOD,4,0.008817251330234588
induction,KCNK3,1,0.06078479218817345
ambient,FKBP11,1,0.8326262422487622
ambient,COCH,1,0.5626719513893764
inplane,PMP22,1,0.20932262394278478
inplane,MYC,1,0.5061259383487092
inplane,AMY2A,4,0.9999628192519481
induction,DPEP1,2,0.08359140422937239
induction,UMOD,2,0.017655541719898582
inplane,MDM2,1,0.7703988219213642
inplane,CFTR,1,0.9997856965488825
inplane,AMY2A,1,0.9999455174244251
inplane,GATM,1,0.9998748089216557
outplane,FGL2,1,0.602542321957177
outplane,PTPRC,1,0.9978252343192864
outplane,AMY2A,2,0.999942579174513
ambient,CA4,1,0.47782046842898485
ambient,COCH,1,0.4516773829992905
outplane,CFTR,1,0.9998373536584786
outplane,AMY2A,2,0.9999730345247827
outplane,GATM,2,0.9999421272075913
induction,DPEP1,4,0.052874471086240105
induction,UMOD,2,0.010057226553947696
induction,KCNK3,4,0.07650459019007005
inplane,KRT7,1,0.9908318047950594
inplane,AMY2A,5,0.99998059379795
inplane,GATM,1,0.999959018373079
outplane,TENT5C,1,0.9962499860554571
outplane,AMY2A,4,0.9999639538688877
outplane,AQP8,1,0.9996701063075715
ambient,ANPEP,1,0.9994574693292261
ambient,CPA3,1,0.802182368041722
induction,DPEP1,2,0.05390466229357671
induction,UMOD,2,0.01040259703845614
induction,KCNK3,6,0.07793386415276482
ambient,KCNK3,1,0.2146361360615744
ambient,PROX1,1,0.8010742417555354
inplane,GDF15,2,0.8637006190650847
inplane,AMY2A,2,0.9999659794604546
inplane,GATM,1,0.9999265083723935
induction,DPEP1,3,0.05940168673160484
induction,UMOD,3,0.0114262593787543
induction,KCNK3,4,0.08674660676819657
inplane,AMY2A,1,0.9999807924736509
inplane,KCNK3,1,0.2262670270603181
inplane,GATM,2,0.999959527903319
induction,DPEP1,3,0.06934191483869534
induction,UMOD,4,0.013310338070737449
induction,KCNK3,3,0.09921962098891357
outplane,SMYD2,1,0.7668975411368949
outplane,ANPEP,1,0.9997268649532536
outplane,AMY2A,1,0.9999806292361488
outplane,AQP8,1,0.9998332467317579
induction,DPEP1,1,0.039768743806871676
induction,UMOD,5,0.007422732130204723
induction,KCNK3,4,0.05580591498594367
inplane,ANPEP,1,0.9996209428854322
inplane,AMY2A,3,0.9999733754947633
outplane,EPCAM,1,0.9991793525856034
outplane,ANPEP,1,0.9994748759261091
outplane,GPC3,1,0.6043566836462121
outplane,GATM,2,0.9999204295979099
ambient,UMOD,1,0.028573664486013284
ambient,PEBP4,1,0.6486341905630406
induction,DPEP1,7,0.04285634706817265
induction,UMOD,1,0.008049920534534571
induction,KCNK3,2,0.06295518111436027
inplane,AMY2A,1,0.9999804923778836
inplane,COCH,1,0.8227690191203096
inplane,GATM,2,0.9999588515338604
induction,DPEP1,3,0.046111856400617546
induction,UMOD,3,0.008797775382042183
induction,KCNK3,4,0.0677697254499825
inplane,AMY2A,2,0.9999742769567781
inplane,EGFR,1,0.8510055832115148
inplane,GATM,2,0.9999449227666735
inplane,AQP8,1,0.9997722052366651
inplane,AMY2A,5,0.9999760142009938
inplane,KCNK3,1,0.24344349627895856
inplane,ANPEP,1,0.9995784740254278
inplane,ADAM28,1,0.8265172675396337
inplane,AMY2A,3,0.9999707112055263
inplane,GPC3,1,0.8525452770213767
inplane,GATM,1,0.9999367616264568
inplane,TCIM,1,0.0
inplane,CYTIP,1,0.9022707697888744
inplane,AMY2A,3,0.9999591084839288
inplane,GATM,1,0.9999099071012675
ambient,DPEP1,1,0.14776449167820616
ambient,HAMP,1,0.7573268080641364
ambient,ANPEP,1,0.9996655467882652
ambient,PEBP4,1,0.6361242164878509
ambient,DPEP1,1,0.1569988887840924
ambient,AQP3,1,0.850167549264212
ambient,RIDA,1,0.8341774255957295
ambient,UMOD,1,0.02980209014715396
ambient,HAMP,1,0.840838372191043
ambient,GATM,1,0.9999436435088868
ambient,HAMP,1,0.8417805459370034
ambient,AQP3,1,0.8129063093126915
inplane,TENT5C,1,0.9978268383841269
inplane,AMY2A,2,0.9999793509723726
inplane,GATM,1,0.9999561404045509
ambient,KLK11,1,0.9968954504938025
ambient,AQP3,1,0.8609893119955119
outplane,CD79A,1,0.9727823909538117
outplane,AMY2A,3,0.9999695292621281
outplane,GATM,1,0.999934117571501
outplane,AQP8,1,0.9997255697884682
outplane,APOLD1,1,0.0
outplane,CFTR,1,0.9998308276269755
outplane,AMY2A,2,0.9999640975286638
inplane,IGF1,1,0.5758598504722581
inplane,AMY2A,2,0.9999613983732875
inplane,GATM,2,0.9999100718122306
inplane,CD1C,1,0.9279657531180756
inplane,AMY2A,1,0.9999747933625729
inplane,GATM,3,0.9999460151135304
induction,DPEP1,2,0.052471222390210404
induction,UMOD,3,0.009856361311432638
induction,KCNK3,5,0.075674163759205
inplane,NTN4,1,0.8803995552904317
inplane,CFTR,1,0.9998647782804498
inplane,AMY2A,2,0.9999741711355807
induction,DPEP1,4,0.05071790360364625
induction,UMOD,1,0.010081295532552326
induction,KCNK3,5,0.07467687658012856
inplane,EDN1,1,0.2140247376775264
inplane,ANPEP,1,0.9997112446394896
inplane,AMY2A,1,0.9999796098478865
inplane,INS,1,0.9974872166497131
ambient,RIDA,1,0.7763485513410417
ambient,PROX1,1,0.829821301717523
outplane,FKBP11,1,0.8325212726334629
outplane,SERPINB9,1,0.1850962093106684
outplane,TENT5C,1,0.9960444510351507
outplane,AMY2A,1,0.999964993030624
ambient,HAMP,1,0.8368968244086241
ambient,COCH,1,0.6789376501360558
induction,DPEP1,5,0.06442847637225013
induction,UMOD,3,0.012214331228947328
induction,KCNK3,2,0.09116350353262781
outplane,CD163,1,0.9963448314076931
outplane,CD1E,1,0.7119800777727336
outplane,AMY2A,4,0.999971434387831
ambient,CA4,1,0.8092570445395308
ambient,AMY2A,1,0.9999443328056159
ambient,UMOD,1,0.02471010904176718
ambient,AMY2A,1,0.9999733833163372
induction,DPEP1,1,0.0749486529621387
induction,KCNK3,3,0.18237153790999727
outplane,CD163,1,0.991956235616519
outplane,CFTR,1,0.9997439723398241
outplane,CLIC6,1,0.7487782240715436
outplane,AMY2A,1,0.9999445590898026
inplane,FSTL3,1,0.7668664333889017
inplane,PROX1,1,0.7497394067877109
inplane,CYP1A1,1,0.04446118845540681
inplane,DIRAS3,1,0.8377254271897181
outplane,AMY2A,3,0.9999792989005655
outplane,GATM,2,0.9999563983020602
induction,DPEP1,2,0.055953385031917935
induction,UMOD,4,0.010740069420525633
induction,KCNK3,4,0.08183670839633195
inplane,ANPEP,1,0.9995619418018172
inplane,AMY2A,1,0.9999680772920011
inplane,PROX1,1,0.841337536319849
inplane,GATM,1,0.9999312039009209
ambient,GATM,1,0.9999312733438123
ambient,AQP3,1,0.8002659775809347
outplane,MYH11,2,0.996203650548661
outplane,MET,1,0.24748036625863645
outplane,AMY2A,1,0.9999706192405114
induction,DPEP1,3,0.04532018695414697
induction,UMOD,3,0.008401898916912565
induction,KCNK3,4,0.06303106509763101
inplane,FCGR1A,1,0.5098711642982846
inplane,TCIM,1,0.0
inplane,ACTG2,1,0.3507278976872239
inplane,AMY2A,1,0.999968724920718
inplane,FKBP11,1,0.8705108529952541
inplane,CFTR,2,0.9998137454444245
inplane,TRAC,1,0.5529306509974077
inplane,AMY2A,1,0.9999682243014355
inplane,SMYD2,1,0.6348015978190242
inplane,AMY2A,3,0.9999753664546785
inplane,GATM,1,0.999947590250889
inplane,PPP1R1B,1,0.9880575170927702
inplane,DPEP1,1,0.14746624833920352
inplane,CFTR,2,0.9998757428728134
inplane,AMY2A,2,0.9999764839668284
inplane,SMYD2,1,0.6701077735660077
inplane,AMY2A,3,0.9999791826191073
inplane,AQP8,1,0.9998202958998871
ambient,DPEP1,1,0.12985438162699114
ambient,UMOD,1,0.026239001755606672
inplane,GATM,2,0.999958151561261
inplane,AQP8,3,0.9998287577097712
induction,DPEP1,3,0.04997325231511518
induction,UMOD,4,0.009462044671631364
induction,KCNK3,3,0.07232077996695108
outplane,AMY2A,2,0.9999794193460951
outplane,GATM,1,0.9999565208243877
outplane,AQP8,1,0.9998218925620577
induction,DPEP1,1,0.04441679015650846
induction,UMOD,5,0.008381702479529518
induction,KCNK3,4,0.06531283785176234
inplane,CFTR,2,0.9998558036862822
inplane,AMY2A,2,0.9999743882853891
inplane,GATM,1,0.99994500926929
inplane,CFTR,1,0.9998331367005883
inplane,EHF,1,0.9982699677399842
inplane,AMY2A,3,0.9999708646439539
inplane,EPCAM,1,0.9993016401141553
inplane,AMY2A,2,0.999970891394267
inplane,GATM,1,0.9999371163372709
outplane,EHF,1,0.9986243437579698
outplane,AMY2A,1,0.9999807157218003
outplane,GATM,1,0.9999593403002738
outplane,AQP8,1,0.9998336748754254
outplane,BASP1,1,0.050606431321509326
outplane,TCIM,1,0.0
outplane,AMY2A,1,0.9999775935399292
outplane,FXYD2,1,0.958070227000332
outplane,APCDD1,1,0.18412136316504835
outplane,CFTR,1,0.9998713649858382
outplane,AMY2A,1,0.999978568280472
outplane,GATM,1,0.9999547854272418
inplane,FBLN1,1,0.8593964021507765
inplane,FSTL3,1,0.8300791049454824
inplane,STC1,1,0.0
inplane,MALL,1,0.05549576767551456
inplane,AMY2A,2,0.9999658072250016
inplane,ESR1,1,0.8062117187247556
inplane,MDM2,1,0.5607692501396033
inplane,CFTR,1,0.9998855551427588
inplane,TFPI,1,0.0
inplane,AMY2A,1,0.9999805347306611
induction,DPEP1,1,0.040812469000824914
induction,UMOD,5,0.007702855093958627
induction,KCNK3,4,0.060126187428021116
ambient,FKBP11,1,0.9140371830166969
ambient,CFTR,1,0.9998582877552197
induction,DPEP1,2,0.03843117639690963
induction,UMOD,5,0.007068579086478843
induction,KCNK3,3,0.05310756602122457
induction,DPEP1,7,0.04165363124683985
induction,UMOD,2,0.007772849535052084
induction,KCNK3,1,0.060379785127846586
ambient,KCNK3,1,0.17901978974242883
ambient,AQP3,1,0.8037405537705384
outplane,SMYD2,1,0.7553734622688159
outplane,FKBP11,1,0.9393315808949033
outplane,CFTR,1,0.9998813881008375
outplane,AMY2A,1,0.9999798509624661
outplane,PROX1,1,0.8945321317864434
inplane,CFTR,1,0.9998734272637074
inplane,AMY2A,2,0.9999789042275563
inplane,EGFR,1,0.7572916695688408
induction,DPEP1,6,0.03799711547319695
induction,UMOD,1,0.007227014920521135
induction,KCNK3,3,0.0547174561572229
induction,DPEP1,2,0.038616036715662494
induction,UMOD,5,0.007331288042575879
induction,KCNK3,3,0.057012213278721635
inplane,FSTL3,1,0.7657714909110498
inplane,DST,1,0.44400423299942826
inplane,STC1,1,0.0
inplane,CFTR,2,0.999878483917168
inplane,APCDD1,1,0.19784679859785115
inplane,VCAN,1,0.9992985784235257
inplane,ASPN,1,0.2072143529190572
inplane,AMY2A,1,0.9999796571225533
ambient,CPA3,1,0.811236288418457
ambient,PROX1,1,0.8763445358336133
outplane,MDM2,1,0.5085971111925256
outplane,ANPEP,1,0.9994429151604265
outplane,KRT7,2,0.9899269661164852
outplane,SPI1,1,0.6731979572192615
inplane,C15orf48,1,0.9932261659790415
inplane,KCNMA1,1,0.46775601383714926
inplane,AMY2A,1,0.9999755511080447
inplane,GZMA,1,0.5807825344699098
induction,DPEP1,3,0.04376313090770656
induction,UMOD,3,0.008355349973143134
induction,KCNK3,4,0.06436802623967985
induction,DPEP1,2,0.05200545894418307
induction,UMOD,4,0.009995527414007999
induction,KCNK3,4,0.07621049959551385
ambient,KLK11,1,0.996522006381142
ambient,DIRAS3,1,0.9085549788194298
ambient,DPEP1,1,0.15084300421994934
ambient,COCH,1,0.6773696995746441
outplane,ASPN,1,0.08976672898243276
outplane,CFB,1,0.6394419015933933
outplane,AMY2A,2,0.9999728796050803
outplane,SRPX,1,0.31633204058657427
outplane,PLA2G7,1,0.9911769114692768
outplane,IGSF6,1,0.5814183052990403
outplane,AMY2A,2,0.999978522710714
outplane,PROX1,1,0.8717895099031994
outplane,ANPEP,1,0.9997279616258888
outplane,AMY2A,1,0.9999807469131845
outplane,GATM,2,0.9999593794140923
inplane,TFPI,1,0.0
inplane,AMY2A,2,0.9999807806738541
inplane,GATM,1,0.9999594544066079
inplane,AQP8,1,0.9998340754301285
induction,DPEP1,2,0.03722100257454719
induction,UMOD,1,0.0070753453689481605
induction,KCNK3,7,0.07124653590916497
outplane,UMOD,1,0.030316224808794257
outplane,HLA-DQB2,1,0.15705921137504197
outplane,C1orf162,1,0.39679237122273825
outplane,CLIC6,1,0.6767942072749051
outplane,CXCL2,1,0.28165528779363314
outplane,GATM,1,0.999890738731846
ambient,DIRAS3,1,0.9499362032133922
ambient,PEBP4,1,0.7442161708601098
ambient,UMOD,1,0.021660241963503912
ambient,CPA3,1,0.8416789328361487
induction,DPEP1,5,0.034659545555484894
induction,UMOD,1,0.006514023157603632
induction,KCNK3,4,0.05124618318368368
induction,DPEP1,6,0.0430133227023336
induction,UMOD,2,0.0083694274422772
induction,KCNK3,2,0.06323041508409122
ambient,CFTR,1,0.9997214566075997
ambient,COCH,1,0.5648776252660742
inplane,PDGFRB,1,0.008510130702882979
inplane,TCF4,1,0.0
inplane,AMY2A,2,0.9999597398396274
inplane,GATM,1,0.9999114017951449
outplane,SMYD2,1,0.5701673485602017
outplane,ALDH1A3,1,0.5707720322210336
outplane,CFTR,1,0.9997088036733537
outplane,PROX1,1,0.7126978888329809
ambient,DPEP1,1,0.10087312921666813
ambient,AMY2A,1,0.9999298487868457
inplane,FBN1,1,0.006687020523833964
inplane,MYC,1,0.5867662831016176
inplane,AMY2A,2,0.9999733956153611
inplane,CD14,1,0.43197724991377806
inplane,CD4,2,0.13441238683508971
inplane,CFTR,1,0.9998712575368851
inplane,FXYD2,1,0.959941380139274
induction,DPEP1,5,0.039363386231378805
induction,UMOD,2,0.0073553421121479445
induction,KCNK3,3,0.05636555004649246
inplane,AMY2A,3,0.9999680205074746
inplane,GATM,1,0.9999310097438286
ambient,AMY2A,1,0.9999769233247809
ambient,DIRAS3,1,0.9221392605647296
induction,DPEP1,3,0.06864073945566129
induction,UMOD,4,0.013333522943602683
induction,KCNK3,3,0.09976188030377786
outplane,CTSK,1,1.1942002942078034e-11
outplane,CFB,1,0.8185596353740061
outplane,MDM2,1,0.5597887783001307
outplane,CFTR,2,0.9998825273879149
outplane,FXYD2,1,0.9703164387184743
ambient,ANPEP,1,0.9996838030276093
ambient,GLYATL1,1,0.5978371190601188
outplane,CCR7,1,0.20373306828685767
outplane,CFTR,1,0.9998804747897164
outplane,AMY2A,1,0.9999793691681622
outplane,HAMP,1,0.9278669447144707
inplane,CA4,1,0.8130091754285562
inplane,AMY2A,2,0.999977817692358
inplane,FXYD2,1,0.9568006909893524
induction,DPEP1,3,0.04344476466859071
induction,UMOD,3,0.008692342251655938
induction,KCNK3,4,0.10403519770683978
ambient,ANPEP,2,0.9995678828274407
induction,DPEP1,2,0.04189070147742624
induction,UMOD,4,0.008046202480318398
induction,KCNK3,4,0.06174842706265804
outplane,EPCAM,1,0.9992986743652444
outplane,ANPEP,1,0.9995823590769216
outplane,AMY2A,1,0.9999708270445279
outplane,GATM,2,0.9999370158984372
inplane,MYC,1,0.4493996984723634
inplane,PPP1R1A,1,0.9722097526710404
inplane,CFTR,1,0.9996566469389567
inplane,AMY2A,4,0.999934175021939
inplane,GATM,1,0.9998438898047882
outplane,DST,1,0.4289775666181138
outplane,CFTR,1,0.9998134208676136
outplane,AMY2A,2,0.9999625859706371
outplane,KCNK3,1,0.21224748896081724
inplane,AMY2A,2,0.9999622590548497
inplane,GATM,1,0.9999176177137058
inplane,AQP8,2,0.9996544141642971
induction,UMOD,2,0.01634212512056865
induction,KCNK3,2,0.1739169565000689
ambient,KLK11,1,0.9892270420099412
ambient,GLYATL1,1,0.15978367747972877
outplane,FKBP11,1,0.949905019825073
outplane,AMY2A,5,0.9999787499138149
inplane,CAVIN1,1,0.025399095931267324
inplane,CD93,1,0.0
inplane,AMY2A,1,0.9999748893062798
inplane,GATM,1,0.9999465803080273
induction,DPEP1,3,0.04046057467310382
induction,UMOD,5,0.007799416083857147
induction,KCNK3,2,0.05982286840425122
outplane,SERPINB9,1,0.21616266984745391
outplane,CFTR,2,0.9998284801217018
outplane,CXCL2,1,0.586469203532664
induction,DPEP1,3,0.039470035900172395
induction,UMOD,4,0.0075599421576506565
induction,KCNK3,3,0.05740595004815019
outplane,FKBP11,1,0.8954455628447103
outplane,CFTR,1,0.9998278418316957
outplane,CXCL2,1,0.6274440327537165
outplane,GATM,1,0.9999258279640352
outplane,CFB,1,0.9067605279738541
outplane,MYC,1,0.5841127385594778
outplane,CFTR,1,0.999828597116423
outplane,AMY2A,1,0.9999661087986852
outplane,AQP8,1,0.9996903006644968
outplane,CYP2A7,1,0.46527812229756205
outplane,CA4,1,0.7686678034655039
outplane,AMY2A,3,0.9999700562889078
outplane,CYP3A4,1,0.4713241715069443
induction,DPEP1,5,0.0496117355596164
induction,UMOD,3,0.009018677436958389
induction,KCNK3,2,0.06623346975798383
ambient,UMOD,1,0.0342078637950749
ambient,COCH,1,0.7144408879735873
outplane,CFB,1,0.8026932383058238
outplane,TCIM,1,0.0
outplane,PPP1R1B,1,0.9389847936311911
outplane,CFTR,1,0.9997396823510334
outplane,AMY2A,1,0.9999552238258668
outplane,AMY2A,4,0.9999601008340614
outplane,PROX1,1,0.7320300857968716
induction,DPEP1,5,0.05625525784543084
induction,UMOD,1,0.01288557242868138
inplane,CFTR,2,0.9997306239859254
inplane,TENT5C,1,0.9951692301929667
inplane,EHF,1,0.9979453780035981
inplane,AMY2A,1,0.999948504832031
inplane,PLD4,1,0.6091591746705073
inplane,FKBP11,1,0.8667883094695459
inplane,DERL3,1,0.5222403547080694
inplane,PROX1,1,0.7564180061703828
ambient,UMOD,1,0.03021579091133675
ambient,GLYATL1,1,0.5048607273556429
ambient,CPA3,1,0.5824266549263291
ambient,AQP3,1,0.6236281292334682
ambient,KLK11,1,0.9953912284664599
ambient,CPA3,1,0.7074826139353414
ambient,AMY2A,1,0.9999692136874916
ambient,DIRAS3,1,0.9336399776842429
induction,DPEP1,3,0.04429575883761405
induction,KCNK3,7,0.06510081732241357
inplane,TCIM,1,0.0
inplane,AMY2A,4,0.9999379716714237
inplane,GATM,1,0.9998532985422481
ambient,AQP8,2,0.999200894518067
inplane,CFB,2,0.7994684124521673
inplane,PPP1R1B,1,0.9211562842720132
inplane,CFTR,2,0.9996065119142181
outplane,MET,1,0.3144582386277017
outplane,CFTR,1,0.9998633958770049
outplane,AMY2A,2,0.9999757949568046
outplane,GPC3,1,0.7167731255006558
outplane,PROX1,1,0.8147125742950406
ambient,UMOD,1,0.026054932376804563
ambient,KCNK3,1,0.18479362682894496
inplane,NTN4,1,0.7381258658111596
inplane,ANPEP,1,0.999641589367335
inplane,AMY2A,2,0.9999741819528603
inplane,MYC,1,0.5779242689160202
inplane,AMY2A,2,0.9999763845927261
inplane,GATM,2,0.9999499652923902
induction,DPEP1,3,0.050125909036089045
induction,UMOD,5,0.00989997114691521
induction,KCNK3,2,0.07382544898616172
inplane,ANPEP,1,0.9996577733321396
inplane,AMY2A,3,0.9999760694537704
inplane,PLA2G7,1,0.9874676030527999
inplane,AMY2A,2,0.9999738451974319
inplane,C7,1,0.187375679531114
ambient,CPA3,1,0.803061552551982
ambient,COCH,1,0.7490258331839121
outplane,AMY2A,2,0.9999618254188158
outplane,FXYD2,1,0.9111545256022996
outplane,AQP8,1,0.9996460779039789
induction,DPEP1,4,0.05328054925295633
induction,UMOD,2,0.01016585357854094
induction,KCNK3,4,0.07796292319305687
ambient,KLK11,1,0.9971916123247412
ambient,CA4,1,0.9372230656001534
induction,DPEP1,3,0.04681372832094555
induction,UMOD,4,0.008822023222617048
induction,KCNK3,3,0.06867515603888397
outplane,PDPN,2,0.7921903526319265
outplane,CTSK,1,0.7030446264110926
outplane,SRPX,1,0.5401992559474911
outplane,DMBT1,1,0.9819246170033484
outplane,TENT5C,1,0.9963999479601275
outplane,AMY2A,3,0.9999704997889032
outplane,AMY2A,3,0.9999748007765678
outplane,PROX1,1,0.845219386914361
outplane,INS,1,0.9976434317864115
inplane,KCNMA1,1,0.5710143130745289
inplane,TMC5,1,0.9911844798946006
inplane,AMY2A,1,0.9999679621540511
inplane,DIRAS3,1,0.8739609813420853
ambient,ANPEP,1,0.9996669151517069
ambient,COCH,1,0.7284395553587731
ambient,UMOD,1,0.02604966543377718
ambient,KCNK3,1,0.18063600506863842
induction,DPEP1,2,0.04732366354581197
induction,UMOD,6,0.008913381239986196
induction,KCNK3,2,0.06740373318116066
outplane,ADGRL4,1,0.0
outplane,STC2,1,0.0
outplane,APOLD1,1,0.0
outplane,AMY2A,3,0.9999808778865893
outplane,GATM,1,0.9999597307309184
outplane,SPIB,1,0.8519052625095322
inplane,SFRP2,1,0.999275363108027
inplane,ASPN,1,0.27625368375918713
inplane,MDM2,1,0.6085550682612062
inplane,AMY2A,1,0.9999769572349237
induction,DPEP1,4,0.037678681919543267
induction,UMOD,4,0.00803354213172669
induction,DPEP1,4,0.04291446755885009
induction,UMOD,2,0.008556131815340984
induction,KCNK3,4,0.08806692818243012
inplane,MDM2,1,0.5359794551164585
inplane,KLRD1,1,0.22873438718308914
inplane,CFTR,1,0.9998834407682176
inplane,AMY2A,1,0.9999801958144628
inplane,PROX1,1,0.8769333975624103
ambient,CA4,1,0.7921428143598633
ambient,AQP3,1,0.8417418430953001
ambient,UMOD,1,0.030386680878425665
ambient,GATM,1,0.9999528380524033
outplane,CFB,1,0.8874656213583644
outplane,MYC,1,0.6057632820062191
outplane,CFTR,2,0.999871281732702
inplane,TCIM,1,0.0
inplane,AMY2A,3,0.9999772047578585
inplane,MYBPC1,1,0.3272411243038299
outplane,C15orf48,1,0.9948488431899735
outplane,CFTR,1,0.9998626444003503
outplane,AMY2A,2,0.999976168473281
inplane,TENT5C,1,0.9976476880753096
inplane,AMY2A,1,0.9999805701930672
inplane,GPC3,1,0.8150360564179707
inplane,GATM,1,0.9999590632358225
ambient,AQP8,1,0.9997003047256761
ambient,PEBP4,1,0.6600097475243931
induction,DPEP1,4,0.05047309936328748
induction,UMOD,3,0.009600612296838729
induction,KCNK3,3,0.0753231705362708
outplane,CFTR,1,0.9998618476455436
outplane,FXYD2,1,0.9487893496599927
outplane,PROX1,2,0.8307857851519237
outplane,NTN4,1,0.7829572040019797
outplane,AMY2A,3,0.9999736643491107
ambient,HAMP,1,0.8613649325761145
ambient,DIRAS3,1,0.9278987336588193
inplane,FSTL3,1,0.8755329600938602
inplane,CRISPLD2,1,0.1784762513517012
inplane,MDM2,1,0.6066475452093913
inplane,ALDH1A3,1,0.5354785467387946
inplane,CFTR,2,0.999842565830505
inplane,CXCL6,1,0.9990964490241517
ambient,RIDA,1,0.5638361885605487
ambient,GLYATL1,1,0.25337132027516907
outplane,CFTR,1,0.9997931818574064
outplane,AMY2A,2,0.9999658855667987
outplane,FXYD2,1,0.9093236061889924
outplane,GATM,1,0.9999254517515076
outplane,PECAM1,1,0.0
outplane,GATA2,1,0.0
outplane,AMY2A,1,0.9999435450849646
outplane,GATM,1,0.9998699833806715
ambient,COCH,1,0.6611947850830772
ambient,PROX1,1,0.8032901111985632
inplane,TCIM,1,0.0
inplane,FKBP11,1,0.9049299508373908
inplane,KLK11,1,0.9963590852294731
inplane,AMY2A,1,0.9999758949741727
inplane,AQP8,1,0.9997895589582898
outplane,SEMA3C,1,0.8985832741403996
outplane,ANPEP,1,0.9996789840483479
outplane,EHF,1,0.9984155392953923
outplane,AMY2A,1,0.9999774590074119
inplane,STC2,1,0.0
inplane,TCIM,1,0.0
inplane,C15orf48,1,0.9921938638336596
inplane,AMY2A,1,0.9999322556922925
inplane,FKBP11,1,0.9139169827435996
inplane,AMY2A,2,0.9999695139423342
inplane,GATM,1,0.9999340860401726
inplane,AQP8,1,0.9997254433701265
ambient,KLK11,1,0.9925139060827183
ambient,HAMP,1,0.6634017058761
inplane,DPEP1,1,0.17477528286408195
inplane,AMY2A,3,0.9999308061053079
outplane,CFTR,1,0.9998794658641693
outplane,BAMBI,1,0.5603156554650109
outplane,AMY2A,1,0.99997992799667
outplane,CD1A,1,0.16145262682935824
outplane,AQP8,1,0.9998261987403826
inplane,AMY2A,3,0.9999754311768795
inplane,DIRAS3,1,0.9244710348504056
induction,DPEP1,2,0.03994109917808608
induction,UMOD,4,0.007530623991866658
induction,KCNK3,4,0.05793768772317498
inplane,CFTR,2,0.9998851826519696
inplane,AMY2A,3,0.9999798313398052
outplane,HAMP,1,0.8940014916613542
outplane,GATM,2,0.9999571749819413
outplane,AQP8,1,0.9998245626508289
ambient,GATM,1,0.9999568822394155
ambient,DIRAS3,1,0.9401618981446338
ambient,PEBP4,2,0.6396871435113247
induction,DPEP1,1,0.0585164964648488
induction,UMOD,3,0.010522452175729669
induction,KCNK3,2,0.06766397278986913
ambient,CFTR,1,0.9998859722415302
ambient,AQP8,1,0.9998299807985811
ambient,GATM,1,0.9999591489712809
ambient,GLYATL1,1,0.5825471775832677
inplane,FBLN1,1,0.3757190166992974
inplane,ANPEP,1,0.9996442396438397
inplane,AMY2A,1,0.9999749496918989
inplane,KCNK3,1,0.24853090814739587
outplane,CFTR,1,0.9998579914324073
outplane,AMY2A,3,0.9999763854288826
outplane,GATM,1,0.9999498472865745
ambient,CFTR,1,0.9998795701223235
ambient,KCNK3,1,0.22803213378543463
induction,DPEP1,3,0.05377001398195003
induction,UMOD,5,0.010271289625392144
induction,KCNK3,2,0.07867813195574247
induction,DPEP1,4,0.036040485477121464
induction,UMOD,4,0.006953477248966777
induction,KCNK3,2,0.05321771023377886
induction,DPEP1,3,0.05010176108893305
induction,UMOD,4,0.009500661165954716
induction,KCNK3,3,0.07074592969047178
outplane,MYLK,1,0.012736748889126459
outplane,CA4,1,0.8488866529437522
outplane,AMY2A,1,0.9999804240433161
outplane,GATM,1,0.9999587580406256
outplane,AQP8,1,0.9998313878941987
ambient,KLK11,1,0.9966656528587469
ambient,AMY2A,1,0.9999780257794387
outplane,RIDA,1,0.8788868106109634
outplane,AMY2A,3,0.9999761153724925
outplane,GPC1,1,0.6081161038722096
outplane,CD93,2,0.0
outplane,CXCL6,2,0.9960969534991655
induction,DPEP1,3,0.050398633235539614
induction,UMOD,1,0.009450991292439759
induction,KCNK3,6,0.07440448657183973
induction,DPEP1,5,0.059179992405096526
induction,UMOD,3,0.01127330269582516
induction,KCNK3,2,0.08619368091176671
inplane,APCDD1,1,0.16702080737547287
inplane,CAVIN1,1,0.12199575012572716
inplane,AMY2A,3,0.9999658494183417
inplane,FXYD2,1,0.895980580223126
outplane,MYC,1,0.47719639975202643
outplane,CFTR,1,0.9997119551362208
outplane,AMY2A,2,0.9999528931738392
ambient,ANPEP,1,0.9996932996571849
ambient,CA4,1,0.8114302277801647
ambient,CPA3,1,0.7744391562065143
ambient,PEBP4,1,0.6487987647280888
induction,DPEP1,3,0.062071690319647765
induction,UMOD,3,0.011931516597949665
induction,KCNK3,4,0.09042370184372694
induction,DPEP1,3,0.04635981623196128
induction,UMOD,2,0.00805781554971896
induction,KCNK3,3,0.05651204749283978
outplane,VCAN,1,0.9996208890156261
outplane,CFB,1,0.6452883067795372
outplane,TCIM,1,0.0
outplane,FXYD2,1,0.925598513727003
ambient,KLK11,1,0.9955253441846695
ambient,KCNK3,1,0.18489124038013904
induction,DPEP1,3,0.038947765899893905
induction,UMOD,5,0.007417441100355471
induction,KCNK3,2,0.06001643074147234
ambient,UMOD,1,0.02597844404463001
ambient,CPA3,1,0.8472362790086931
inplane,AMY2A,6,0.9999429126269648
ambient,ANPEP,1,0.9993952291076044
ambient,CA4,1,0.5777600574736332
ambient,FKBP11,2,0.9238041736292718
ambient,RIDA,1,0.523161947605021
ambient,PROX1,1,0.5632600562117285
outplane,EDN1,3,0.16482132750118605
outplane,CFTR,1,0.9997975703203853
inplane,MYC,1,0.6940465865873695
inplane,GATM,1,0.9999435920428961
inplane,AQP8,2,0.9997649729858343
outplane,LAMP3,1,0.6376775222700183
outplane,TNC,1,0.9951832439112147
outplane,DST,1,0.37359795854099853
outplane,AMY2A,2,0.9999592508842049
outplane,SCGN,1,0.9899527329144683
induction,DPEP1,4,0.050657233676390745
induction,UMOD,1,0.009710006334685106
induction,KCNK3,5,0.07430597396120842
induction,DPEP1,2,0.0693163562200676
induction,UMOD,3,0.013122983421278378
induction,KCNK3,5,0.09775115834239034
outplane,RAPGEF3,1,0.0
outplane,AMY2A,4,0.9999738271949813
outplane,GATM,1,0.9999443188805719
outplane,GNG11,1,0.0
outplane,GPR183,1,0.691691347035527
outplane,MALL,1,0.11400904796425348
outplane,GATM,1,0.9999327560398822
outplane,EHF,1,0.9988443955125318
outplane,AMY2A,2,0.9999738793954569
outplane,RBP5,1,0.0
outplane,GATM,1,0.9999440058640761
induction,DPEP1,3,0.054440200836545105
induction,KCNK3,5,0.06467474961211561
induction,DPEP1,4,0.045439787051591685
induction,UMOD,5,0.008481877370761892
induction,KCNK3,1,0.0645194922196668
induction,DPEP1,5,0.04571088637139298
induction,UMOD,2,0.008687041785776062
induction,KCNK3,3,0.06624535680134913
ambient,RIDA,1,0.6361850308605339
ambient,CFTR,1,0.9997889606959661
induction,DPEP1,4,0.04310521086162977
induction,UMOD,3,0.007773940155634151
induction,KCNK3,3,0.05654024034733962
inplane,AMY2A,4,0.9999627067358148
inplane,AQP8,1,0.9996545745111459
induction,DPEP1,9,0.04062981644894481
induction,KCNK3,1,0.058545568705236306
ambient,AMY2A,1,0.9999758470396701
ambient,PEBP4,1,0.6135298264414888
inplane,DST,1,0.5855711009064357
inplane,EPCAM,1,0.9994028714282805
inplane,CFTR,1,0.9998630001260764
inplane,GATM,1,0.9999491930680356
induction,DPEP1,5,0.05165373356390646
induction,KCNK3,5,0.07471826181670604
ambient,ANPEP,1,0.9996063305108924
ambient,HAMP,1,0.8474589407237813
inplane,THBS2,1,0.997720182422314
inplane,ACTA2,1,0.11976490167344978
inplane,AMY2A,1,0.9999790800350682
inplane,EDNRB,1,0.0
outplane,CFB,1,0.7588865762201991
outplane,GPR183,1,0.5668633740138426
outplane,AMY2A,2,0.9999756714442783
ambient,COCH,1,0.8255721939342016
ambient,GLYATL1,1,0.6471117023049423
induction,UMOD,7,0.007106480940259341
induction,KCNK3,3,0.055067710075454745
inplane,NTN4,1,0.7492443163562443
inplane,DST,1,0.4995619275016089
inplane,CFTR,1,0.999860308485502
inplane,AMY2A,1,0.9999751749905055
outplane,ADGRL4,1,0.0
outplane,AMY2A,2,0.9999780178513789
outplane,GATM,1,0.9999534081078117
outplane,FKBP11,1,0.9528484187646681
outplane,PPP1R1A,1,0.9731624477328268
outplane,AMY2A,2,0.99997988495294
outplane,CHGA,1,0.9717897919775464
outplane,GATM,1,0.9999573802144524
inplane,TCIM,1,0.0
inplane,KCNK3,1,0.21353974828917255
inplane,GATM,2,0.9999532693760406
ambient,DPEP1,1,0.15567334542345757
ambient,DIRAS3,1,0.8485946102171644
inplane,RIDA,1,0.8482361508207061
inplane,AMY2A,2,0.9999802742772962
inplane,GATM,1,0.9999583689024765
outplane,CFTR,1,0.9997839986899525
outplane,AMY2A,1,0.9999605628189745
outplane,FOXP3,1,0.8797889007616845
outplane,GATM,1,0.9999131329871013
outplane,AMY2A,2,0.9999424220242467
outplane,GATM,2,0.9998678021755989
ambient,DPEP1,1,0.09227272886410776
ambient,UMOD,1,0.022069084558386076
induction,DPEP1,4,0.05247819515418983
induction,UMOD,3,0.009520807780148077
induction,KCNK3,1,0.10539363485113751
outplane,STC2,1,0.0
outplane,MDM2,1,0.5297130445354237
outplane,AMY2A,1,0.9999766460332039
outplane,CXCL2,1,0.5159364396368724
outplane,GATM,1,0.9999503912414746
ambient,AMY2A,1,0.9999260430982182
ambient,GLYATL1,1,0.3100629141117086
induction,DPEP1,3,0.07347230041592767
induction,UMOD,4,0.014221558375507204
induction,KCNK3,3,0.1063490635901525
induction,DPEP1,4,0.04831409731766301
induction,UMOD,4,0.008985128090407968
induction,KCNK3,2,0.06694765552592563
induction,DPEP1,2,0.07114228181076998
induction,UMOD,3,0.013318079223377466
induction,KCNK3,1,0.08299750249069249
induction,DPEP1,3,0.053474161194105085
induction,UMOD,4,0.009961769098006612
induction,KCNK3,3,0.07301681844716001
induction,DPEP1,1,0.04204754645310549
induction,UMOD,5,0.008029678657329287
induction,KCNK3,4,0.08301807618238033
inplane,NPDC1,1,0.0
inplane,FKBP11,1,0.7940403694216986
inplane,DST,1,0.43717606596486736
inplane,PRF1,1,0.3220682235078648
inplane,AMY2A,2,0.9999319047450098
ambient,KLK11,1,0.9964103888702458
ambient,HAMP,1,0.8202288187780609
outplane,COL5A2,1,3.0326852140660776e-12
outplane,MYC,1,0.6772241969766677
outplane,RIDA,1,0.8184035728435768
outplane,AMY2A,1,0.9999777277768093
outplane,GATM,1,0.9999527798425533
ambient,PEBP4,2,0.722453955429406
outplane,PECAM1,1,0.0
outplane,RAPGEF3,1,0.0
outplane,CFTR,1,0.999818281697067
outplane,AMY2A,2,0.9999672019725068
ambient,RIDA,1,0.7856238917244053
ambient,AMY2A,1,0.9999708476991369
inplane,MMRN2,1,0.0
inplane,CFTR,1,0.999826616279533
inplane,AMY2A,2,0.9999704246358605
inplane,MZB1,1,0.8890524172263184
ambient,CPA3,1,0.8386843983175987
ambient,HAMP,1,0.8949919711986423
outplane,CAVIN1,3,0.4400527469685581
outplane,ANPEP,1,0.9987948695243878
ambient,UMOD,1,0.029434057190035
ambient,COCH,1,0.6561401187196089
induction,DPEP1,4,0.04539623683366034
induction,UMOD,4,0.00851294505347977
induction,KCNK3,2,0.06568155144403953
induction,UMOD,1,0.013396467733554407
induction,KCNK3,3,0.07829532550620599
induction,DPEP1,4,0.03734263344537292
induction,UMOD,2,0.007022568815253427
induction,KCNK3,4,0.05281296383988343
outplane,FKBP11,1,0.8233444268622603
outplane,ANPEP,1,0.9994131317989126
outplane,AMY2A,1,0.9999625962600843
outplane,KCNK3,1,0.2836134364348535
outplane,TCL1A,1,0.17329004265422798
inplane,APOLD1,1,0.0
inplane,TENT5C,1,0.9969435743976245
inplane,SCGN,2,0.9903242644788831
induction,DPEP1,3,0.04305757357863926
induction,UMOD,4,0.007420461181133375
induction,KCNK3,3,0.053867529158775906
inplane,CFB,1,0.8935483944933359
inplane,C15orf48,1,0.9953334474217239
inplane,TENT5C,1,0.9970379360910011
inplane,AMY2A,3,0.9999755253163791
outplane,PDPN,1,0.47158708663641424
outplane,TNC,1,0.9953940315960319
outplane,PLA2G7,1,0.9940399574412282
outplane,AMY2A,1,0.9999696778510966
outplane,EHF,1,0.9964053976715932
outplane,AMY2A,2,0.9999286411971684
outplane,LYVE1,1,0.0
induction,DPEP1,3,0.06941987537495387
induction,KCNK3,3,0.0793530322856737
inplane,TCIM,1,0.0
inplane,CD163,1,0.9962707008698801
inplane,C1orf162,1,0.5217408364603207
inplane,KCNK3,1,0.1784612550236686
ambient,PROX1,1,0.5074772754703615
ambient,GATM,1,0.9998389422683895
induction,DPEP1,3,0.0542761966087697
induction,UMOD,5,0.010346516083792667
induction,KCNK3,2,0.07850355153578403
outplane,MET,1,0.3743064472934351
outplane,AMY2A,3,0.9999665622063729
outplane,GATM,1,0.9999264892661796
inplane,AMY2A,3,0.9999732217032988
inplane,DUSP2,1,0.575894079653579
inplane,ADH1C,1,0.596628905392185
ambient,ANPEP,1,0.9995099540977085
ambient,KLK11,1,0.9948652278259492
outplane,CFB,2,0.7274953043422532
outplane,AMY2A,1,0.9999712782392346
outplane,AGR3,1,0.6693294816467015
inplane,EPCAM,1,0.998637347680854
inplane,AMY2A,2,0.9999387584786306
inplane,GATM,2,0.9998550606181144
inplane,SMYD2,1,0.612034187770085
inplane,AMY2A,1,0.9999658444696106
inplane,GATM,2,0.9999254794633267
inplane,AQP8,1,0.9996874979795677
inplane,CFTR,1,0.9998307114177549
inplane,AMY2A,2,0.9999668438810364
inplane,CXCL2,1,0.682121229669268
ambient,FKBP11,1,0.7929579967055379
ambient,UMOD,1,0.025096688289677815
outplane,FKBP11,1,0.8500348797040211
outplane,UMOD,1,0.038026200389735254
outplane,PLIN4,1,0.31362009945766045
outplane,SPIB,1,0.7167879652277612
ambient,ANPEP,1,0.9996637256105002
ambient,UMOD,1,0.035924076881357014
outplane,MCF2L,1,0.0
outplane,CXCR4,1,0.40237537248853905
outplane,PTPRC,1,0.9977455878337698
outplane,AMY2A,2,0.9999754021142616
outplane,GATM,1,0.9999475477247097
induction,DPEP1,5,0.04140187730790168
induction,UMOD,1,0.008107319797874935
induction,KCNK3,4,0.06126331290458287
ambient,CPA3,1,0.8338060945125133
ambient,COCH,1,0.7904099378481033
inplane,PECAM1,1,0.0
inplane,SMYD2,1,0.7870121395545159
inplane,CFTR,1,0.9998505779997379
inplane,AMY2A,3,0.9999745547077413
inplane,GATM,2,0.9999455212161475
induction,DPEP1,4,0.03580989211104901
induction,UMOD,4,0.006962570328121198
induction,KCNK3,2,0.05316486927314923
induction,UMOD,6,0.007516162002068394
induction,KCNK3,4,0.05686779988839552
outplane,AMY2A,3,0.9999735331194098
outplane,GATM,1,0.9999436430324593
outplane,AQP8,1,0.9997678444081791
outplane,ANPEP,1,0.9996013785835187
outplane,AMY2A,1,0.9999718981510386
outplane,CXCL2,1,0.6257417385905062
outplane,GATM,1,0.9999397832437719
inplane,ECSCR,1,0.0
inplane,MEDAG,1,2.5632052036428377e-11
inplane,DST,1,0.47752383834259005
inplane,CFTR,1,0.9998796070264189
outplane,STC2,1,0.0
outplane,ACTA2,1,0.34790639996314865
outplane,TCIM,1,0.0
outplane,AMY2A,1,0.9999718532602507
outplane,GATM,1,0.9999396667587198
outplane,CFTR,1,0.9998459504337254
outplane,AMY2A,2,0.9999723966754849
outplane,GPC3,1,0.8499886368586086
outplane,GATM,1,0.999940548114024
outplane,AQP8,1,0.9997530568426242
outplane,CD68,1,0.5677195727796442
outplane,AMY2A,2,0.9999808164197679
outplane,GATM,1,0.9999595543380319
outplane,AMY2A,3,0.9999795691189303
outplane,GATM,2,0.9999568838863636
ambient,HAMP,1,0.670127664773762
ambient,PROX1,1,0.70433471066277
induction,DPEP1,3,0.05075712440694302
induction,UMOD,2,0.009410492534443149
induction,KCNK3,3,0.06384779558613563
inplane,CFTR,1,0.9998554114151348
inplane,AMY2A,3,0.9999748750843959
inplane,GATM,1,0.9999462576344593
inplane,TSPAN19,1,0.329294781269988
outplane,NTN4,1,0.760291727838037
outplane,MDM2,1,0.6452224302106104
outplane,EPCAM,1,0.999340817568606
outplane,GATM,2,0.9999350285727406
inplane,VCAN,1,0.9996448815835929
inplane,MFAP5,1,0.8050441631478793
inplane,DST,1,0.45798254474879285
inplane,LILRA4,1,0.2743708387459787
outplane,ANPEP,2,0.9995075876641887
outplane,GATM,2,0.9999240542279169
ambient,PROX1,1,0.795913614229472
ambient,AQP3,1,0.8034566393486303
ambient,CFTR,1,0.9998629532858875
ambient,AQP3,1,0.7879933476560209
outplane,CFB,1,0.8734025729233982
outplane,EHF,1,0.9983055630908029
outplane,AMY2A,2,0.999971696262457
induction,DPEP1,3,0.0708989546717641
induction,UMOD,3,0.014025861018515995
induction,KCNK3,4,0.10199111105696268
inplane,TNC,1,0.9956502672135493
inplane,FCGR3A,1,0.7487209486004189
inplane,MET,1,0.3080768242267502
inplane,ANPEP,1,0.9996086540247029
inplane,AMY2A,3,0.9999725740276708
inplane,GATM,1,0.9999412301317953
induction,DPEP1,6,0.041382997202891625
induction,UMOD,2,0.007766529964497448
induction,KCNK3,2,0.05975069554220813
ambient,CPA3,1,0.6226589012182628
ambient,COCH,1,0.5413721352777807
inplane,DPEP1,1,0.1263800612085213
inplane,MYC,1,0.6037362354749447
inplane,AMY2A,1,0.999966140705434
inplane,GATM,1,0.9999260345645568
inplane,PPP1R1A,1,0.9666334817996715
inplane,AMY2A,2,0.9999692337355304
inplane,GATM,1,0.9999340898821069
induction,DPEP1,4,0.04314986192718695
induction,UMOD,3,0.007719575179525484
induction,KCNK3,3,0.05801051784874922
ambient,CA4,1,0.7242388939822368
ambient,KCNK3,1,0.2338729845056302
ambient,DPEP1,1,0.09768783546193427
ambient,UMOD,1,0.019610264050483606
inplane,CFTR,1,0.9996674674402862
inplane,AMY2A,2,0.9999427618235132
inplane,GATM,1,0.9998684536456869
induction,DPEP1,1,0.06668933163381774
induction,UMOD,3,0.011981420256299335
induction,KCNK3,2,0.0905867455364674
ambient,FKBP11,1,0.9107214413257461
ambient,HAMP,1,0.8520298306016835
ambient,CFTR,1,0.9998758616889826
ambient,DIRAS3,1,0.9186225367247629
outplane,MMRN2,1,0.0
outplane,CFTR,2,0.9998185787707475
outplane,AMY2A,1,0.999966973412565
outplane,GATM,1,0.9999286527259615
inplane,TCIM,1,0.0
inplane,AMY2A,2,0.9999780973833807
inplane,AQP8,1,0.9998092634933655
ambient,FKBP11,1,0.9454760411924051
ambient,DIRAS3,1,0.9499770459541949
inplane,CFB,1,0.8210659045410418
inplane,SLC4A1,1,0.09509904107328271
inplane,AMY2A,1,0.9999786827454334
inplane,GATM,1,0.9999549636921456
inplane,AQP8,1,0.9998155119039089
induction,DPEP1,6,0.04520799851522861
induction,UMOD,2,0.008466814714585436
induction,KCNK3,2,0.062189230606258694
ambient,RIDA,1,0.7147515782469147
ambient,GATM,1,0.9998731528104616
inplane,C15orf48,1,0.9954428578545522
inplane,SMYD2,1,0.4984002405121458
inplane,GATM,2,0.9998333786594041
inplane,MCF2L,1,0.0
inplane,VWA5A,1,0.7118969878442767
inplane,MS4A6A,1,0.396425567825053
inplane,CFTR,1,0.9998752918733194
inplane,AMY2A,1,0.9999765639355442
outplane,EDN1,1,0.2328817443548742
outplane,CCL5,1,0.18355315713418552
outplane,AMY2A,1,0.9999513898457638
outplane,GATM,1,0.999880600913923
outplane,AQP8,1,0.9994780620177962
outplane,MEDAG,1,0.3494590443087897
outplane,RND1,1,0.0973922892181256
outplane,FXYD2,1,0.9417487961865174
outplane,EGFR,1,0.7610780296955351
outplane,AMY2A,2,0.9999750974322267
outplane,KCNK3,1,0.19962315935043273
outplane,AQP8,1,0.9997810670322519
induction,DPEP1,2,0.04401217679095126
induction,UMOD,5,0.007917499956970553
induction,KCNK3,3,0.05773221937885675
outplane,CFTR,1,0.9998116642530035
outplane,AMY2A,3,0.9999659728861783
outplane,GATM,1,0.9999255531990515
inplane,CLEC14A,1,0.0
inplane,CFTR,1,0.9998331049988768
inplane,AMY2A,2,0.9999701408340747
induction,DPEP1,3,0.05326594658673611
induction,UMOD,4,0.010164345745832803
induction,KCNK3,3,0.07794584360917911
ambient,DPEP1,1,0.1674753338515138
ambient,AQP8,1,0.9998004270735174
inplane,TCF4,1,0.0
inplane,APOLD1,1,0.0
inplane,CFTR,1,0.999857195917462
inplane,SPI1,1,0.4883737437847102
outplane,BCL2L11,1,0.29094222671879055
outplane,AMY2A,3,0.9999761715826353
outplane,GATM,1,0.9999493041859511
induction,DPEP1,1,0.04871696489417299
induction,UMOD,5,0.009101501262357647
induction,KCNK3,4,0.06877318887898642
ambient,KLK11,1,0.9896531044955852
ambient,AQP8,1,0.9992086178594113
inplane,ACTA2,1,0.11847449978122016
inplane,AMY2A,2,0.9999587103865177
inplane,GATM,1,0.9999090892795315
inplane,ASPN,1,0.21285699568348437
inplane,CFTR,1,0.999782864744473
inplane,AMY2A,2,0.9999516465225556
inplane,GATM,1,0.9998909737287581
ambient,CFTR,1,0.9997659735140315
ambient,KLK11,1,0.9923797004185493
ambient,ANPEP,1,0.9991344182209724
ambient,AMY2A,1,0.9999394796524663
induction,DPEP1,5,0.042008322926763264
induction,UMOD,1,0.0075257520317019155
induction,KCNK3,4,0.054075717691842384
induction,DPEP1,1,0.08269326070176242
induction,UMOD,2,0.015652642294915364
induction,KCNK3,1,0.10770981494204235
ambient,KLK11,1,0.9899585927169606
ambient,AQP3,1,0.6601068155450467
outplane,BANK1,1,0.3994237745718213
outplane,AMY2A,4,0.9999282048305574
inplane,AMY2A,3,0.999935300526739
inplane,GATM,2,0.9998463005597473
outplane,AMY2A,2,0.9999348701293013
outplane,GATM,1,0.9998460203353128
outplane,AQP8,1,0.999311226265985
ambient,GATM,2,0.9998692343628696
outplane,CFB,1,0.8582649794268297
outplane,EDN1,1,0.21748248642318901
outplane,EPCAM,1,0.9993203945768853
outplane,CFTR,1,0.9997876197153447
outplane,EHF,1,0.9982503304585091
inplane,MDM2,1,0.5885113717757382
inplane,AMY2A,2,0.999930791446448
inplane,GATM,1,0.999836005952098
inplane,AQP3,1,0.7350581365931149
outplane,ACTG2,2,0.36223105886980655
outplane,AMY2A,2,0.999923580378039
outplane,CD83,1,0.6154201213645758
outplane,EPCAM,1,0.9991764558431756
outplane,CFTR,2,0.9996316539141806
inplane,SLAMF7,1,0.9799472598214438
inplane,AMY2A,2,0.9999281643604502
inplane,CD2,1,0.6523102473152553
ambient,GATM,1,0.9998661097653634
ambient,GLYATL1,1,0.2857113371322636
inplane,AMY2A,4,0.9999370208270534
inplane,CXCL2,1,0.38783656864234395
induction,DPEP1,1,0.08828093461567588
induction,UMOD,1,0.015672785306595105
induction,KCNK3,2,0.11267021068867222
outplane,MET,1,0.3381566141700202
outplane,CFTR,1,0.9997230959702837
outplane,AMY2A,2,0.9999313568548909
outplane,GATM,1,0.9998351471521868
inplane,BCL2L11,1,0.23275111871797127
inplane,FKBP11,1,0.7189722955880383
inplane,AMY2A,3,0.9999337011883167
inplane,GATM,1,0.9998415294593523
outplane,KLK11,1,0.9921399478115883
outplane,AMY2A,1,0.9999437931846497
outplane,KCNK3,1,0.18224356844111267
outplane,PROX1,1,0.6290906419725317
outplane,GATM,2,0.9998710398100796
induction,DPEP1,2,0.08642907786428067
induction,UMOD,1,0.014795332876873513
induction,KCNK3,1,0.09000879144925056
ambient,AQP8,1,0.9992979256512562
ambient,PEBP4,1,0.5469399494706566
outplane,AMY2A,1,0.9999383859087099
outplane,GATM,3,0.9998581169335478
induction,DPEP1,2,0.09300657082355401
induction,UMOD,1,0.015738983396106243
induction,KCNK3,1,0.09185785897676535
ambient,GATM,1,0.9998174109437498
ambient,GLYATL1,1,0.2918284578978205
outplane,CFB,1,0.7911403220020492
outplane,TFPI,1,0.0
outplane,AMY2A,1,0.9999290446630892
outplane,EGFR,1,0.7104019451379475
ambient,KLK11,1,0.9907779373274525
ambient,CPA3,1,0.5930313867953765
ambient,KLK11,1,0.99271431137552
ambient,PEBP4,1,0.39026285035373487
inplane,CFB,1,0.8254695916460946
inplane,CFTR,1,0.9997012156211188
inplane,AMY2A,1,0.9999422036023778
inplane,GATM,1,0.9998669629423157
outplane,CD68,1,0.7415659325902983
outplane,ANPEP,1,0.9993420161973915
outplane,AMY2A,1,0.9999547493940034
outplane,GATM,1,0.9999004302928686
inplane,AMY2A,2,0.9999353443381929
inplane,AQP8,1,0.9993147494385636
inplane,DIRAS3,1,0.7812413971042413
ambient,RIDA,1,0.6647098056568432
ambient,AMY2A,1,0.9999484932461294
ambient,HAMP,1,0.6197566169310278
ambient,DIRAS3,1,0.7855664498353393
inplane,VCAN,1,0.9996935234155563
inplane,FHL2,1,0.34847254160875385
inplane,CFTR,3,0.9995239568456945
ambient,AMY2A,1,0.9999223961463994
ambient,KCNK3,1,0.21506203239081778
inplane,AMY2A,1,0.9999516735462022
inplane,GATM,1,0.999891011851951
inplane,AQP8,2,0.999531158255854
outplane,DST,1,0.5602011846436222
outplane,MYC,1,0.5176760375294371
outplane,AMY2A,1,0.9999462080988807
outplane,COCH,1,0.6242838701875768
outplane,AQP8,1,0.9994621147143559
outplane,FHL2,1,0.5036420980273334
outplane,ACTG2,1,0.7362593002779434
outplane,EPCAM,1,0.9991609202828321
outplane,ANPEP,1,0.998970117168661
outplane,KLRB1,1,0.7451305264162933
outplane,CXCL10,1,0.7582386881168475
outplane,GATM,2,0.999861982987823
outplane,AQP8,1,0.9993952132764569
outplane,CAVIN1,1,0.11106352887134863
outplane,PRDM1,1,0.17505484279014105
outplane,CYTIP,1,0.6813370972617534
outplane,TMEM52B,1,0.48252637066028314
outplane,CFTR,1,0.9997687345456434
outplane,AMY2A,1,0.9999254345142069
outplane,GATM,1,0.999823255852455
ambient,AMY2A,1,0.9999431493432113
ambient,KCNK3,1,0.18847036533328765
inplane,AMY2A,1,0.999928722290635
inplane,GPC3,1,0.6270563073460622
inplane,PROX1,1,0.560177588760464
inplane,GATM,1,0.9998310869045846
outplane,FSTL3,1,0.8250396158799718
outplane,CFTR,1,0.9997854035566569
outplane,AMY2A,1,0.9999604578735299
outplane,CSF3,1,0.11357255973446623
inplane,AMY2A,2,0.9999361139091782
inplane,PROX1,1,0.5878725622725951
inplane,GLYATL1,1,0.26411541877895295
inplane,CFTR,1,0.9997473737378111
inplane,AMY2A,3,0.9999531380859454
ambient,ANPEP,1,0.9992484628645955
ambient,PEBP4,1,0.33815826374625746
outplane,EPCAM,2,0.99942521838694
outplane,AMY2A,1,0.999943716336117
outplane,KCNK3,1,0.18157631274659747
outplane,GATM,1,0.9998707204711448
ambient,COCH,1,0.5099132783298934
ambient,PEBP4,1,0.3396874776908234
inplane,NTN4,1,0.6217274445046233
inplane,RIDA,1,0.5778234338242703
inplane,AMY2A,1,0.9999413856332013
inplane,MMRN1,1,0.010279004585346696
inplane,TFPI,2,0.0
inplane,CXCL6,1,0.9990871002360656
inplane,PROX1,1,0.6280879940491735
inplane,AMY2A,2,0.9999427091814548
inplane,GATM,1,0.999868198174916
inplane,AQP8,1,0.9994238418851966
inplane,CFTR,1,0.999809225655131
inplane,AMY2A,2,0.9999674141629427
inplane,GATM,1,0.9999296181841214
inplane,NTN4,1,0.5636422947727093
inplane,KCNMA1,1,0.3716800921395146
inplane,AMY2A,2,0.9999420359993948
inplane,NTN4,1,0.494425350144689
inplane,BAMBI,1,0.4509422705246825
inplane,TFPI,1,0.0
inplane,AMY2A,1,0.9999510224706725
induction,DPEP1,3,0.04075190389738548
induction,UMOD,2,0.00800803107357817
induction,KCNK3,5,0.058223320224844444
induction,DPEP1,4,0.04296198190588951
induction,UMOD,1,0.008135788507392383
induction,KCNK3,5,0.061335374404903
inplane,DPEP1,1,0.16026572629961955
inplane,ANPEP,1,0.9993858428867343
inplane,TENT5C,1,0.9946916721667954
inplane,GATM,1,0.9999061331321081
outplane,AMY2A,2,0.9999426192355118
outplane,GPC3,1,0.569583412461484
outplane,GATM,1,0.9998682341011369
inplane,AMY2A,3,0.9999501707892428
inplane,GATM,1,0.9998876872655046
outplane,AMY2A,6,0.9999630375823533
outplane,FKBP11,1,0.7553863761823755
outplane,AMY2A,2,0.999941959649268
outplane,GATM,2,0.9998667832491912
outplane,DST,1,0.40713551823717054
outplane,EPCAM,1,0.9991650464256772
outplane,BAMBI,1,0.5941986082999029
outplane,AMY2A,1,0.9999484522568562
inplane,TENT5C,1,0.9920248070189558
inplane,AMY2A,4,0.9999326589133978
outplane,TCIM,1,0.0
outplane,EPCAM,2,0.9992364953896462
outplane,AMY2A,2,0.9999458174486276
outplane,AQP8,1,0.9994561742908136
outplane,THAP2,1,0.32922869312779657
outplane,CFTR,1,0.9996759206113426
outplane,IGSF6,1,0.6883317690606783
outplane,AMY2A,1,0.9999361964589256
outplane,GATM,1,0.999853685134859
inplane,LAMP3,1,0.6055191455160143
inplane,NTN4,1,0.3407322632894638
inplane,AMY2A,1,0.9999213360650748
inplane,SST,1,0.99301024141922
inplane,GATM,2,0.9998131978033656
ambient,FKBP11,1,0.7160075267343098
ambient,AMY2A,1,0.9999307358677355
inplane,SFRP2,1,0.9997144683336208
inplane,PPARG,1,0.08539590716704337
inplane,CFTR,1,0.9997797685529893
inplane,AMY2A,2,0.9999622730650339
inplane,GATM,1,0.9999169511509606
inplane,CRISPLD2,1,0.47027869371143094
inplane,FKBP11,1,0.8529559677869416
inplane,MDM2,2,0.5287024939889657
inplane,AMY2A,1,0.9999617633406896
inplane,GATM,1,0.9999158884982284
inplane,EPCAM,1,0.9993449353446571
inplane,AMY2A,2,0.9999600432186995
inplane,GATM,1,0.9999116197500164
ambient,CA4,1,0.6291866705185651
ambient,KCNK3,1,0.17312108874881815
ambient,PROX1,1,0.6088849632534803
ambient,DIRAS3,1,0.7704394788505047
ambient,KLK11,1,0.9897426762431409
ambient,COCH,1,0.4675688209301161
ambient,CFTR,1,0.9997510943466852
ambient,COCH,1,0.44535676748083786
outplane,ANPEP,1,0.9989476727410144
outplane,EHF,1,0.9977024170430832
outplane,AMY2A,2,0.9999296029369477
outplane,MLPH,1,0.49210276963053345
outplane,GATM,1,0.9998324163021743
inplane,CFTR,1,0.9996671295464918
inplane,IL1R2,1,0.4412327625720268
inplane,AMY2A,2,0.9999334832352351
inplane,GATM,2,0.9998425353762016
inplane,AMY2A,2,0.999932729964453
inplane,GPC3,1,0.5813079195554166
inplane,AQP8,1,0.9992847466277548
inplane,MS4A6A,1,0.9169063533985418
inplane,CXCR4,2,0.6544747926849042
inplane,MYC,1,0.4577362881719719
inplane,ADAM28,1,0.7859855597042469
inplane,FCER1A,1,0.8968145566190376
inplane,AMY2A,2,0.9999426899562058
outplane,NTN4,1,0.5586172950703148
outplane,TM4SF18,1,0.0
outplane,AMY2A,1,0.9999271071991256
outplane,GATM,1,0.9998273590987169
inplane,SLC26A2,1,0.16362919807116394
inplane,ANPEP,1,0.9989395157994603
inplane,CFTR,1,0.9996028538195072
inplane,AMY2A,1,0.9999311042896775
inplane,AMY2A,2,0.999950544965115
inplane,GATM,2,0.9998884114445897
outplane,PTGDS,1,0.5759304493642202
outplane,FBN1,1,0.3095375398530076
outplane,DPT,2,0.7889278534388459
ambient,CPA3,1,0.6346152927276737
ambient,AQP3,1,0.7790707293549128
outplane,MYC,1,0.354035746662552
outplane,CFTR,1,0.999598223003011
outplane,AMY2A,2,0.9999297487759355
outplane,GATM,1,0.9998335626886323
induction,DPEP1,2,0.08258302514377724
induction,UMOD,2,0.017276238942901312
induction,UMOD,3,0.018856878195486093
induction,KCNK3,1,0.13529092853894042
ambient,PROX1,1,0.668243913037741
ambient,PEBP4,1,0.34474429098110615
induction,UMOD,3,0.015197362663132652
induction,KCNK3,1,0.09126375492406535
ambient,ANPEP,1,0.9995968790833267
ambient,DIRAS3,1,0.869853073136223
induction,DPEP1,4,0.035172719841770395
induction,UMOD,4,0.006449976131783108
induction,KCNK3,2,0.04955730361551991
inplane,MS4A6A,1,0.7223581645346095
inplane,MYLK,1,0.01235827640180609
inplane,CFTR,2,0.9998622812618823
inplane,AMY2A,1,0.9999770914172998
inplane,GATM,2,0.9999514013995926
induction,DPEP1,6,0.04420760689729297
induction,UMOD,2,0.008316201008335411
induction,KCNK3,2,0.06410908485190814
induction,DPEP1,4,0.04372893074351347
induction,UMOD,3,0.00829565924857667
induction,KCNK3,3,0.06428696108492737
inplane,CFTR,1,0.9998684197670523
inplane,AMY2A,4,0.9999780792087125
inplane,GATM,1,0.9999537414205459
outplane,MYC,4,0.7335130916762338
outplane,GATM,2,0.9999579110455145
inplane,AMY2A,3,0.9999773743223941
inplane,COCH,1,0.78119918474852
outplane,CFTR,1,0.9996281576326401
outplane,AMY2A,3,0.9999399280591417
outplane,GATM,1,0.9998583491045416
outplane,GLIPR1,3,0.5930154005641883
outplane,GATM,1,0.9998343529649404
induction,DPEP1,4,0.037557455836872866
induction,UMOD,2,0.006883169008906398
induction,KCNK3,4,0.05618551416709172
outplane,INMT,1,0.07955137081131747
outplane,AMY2A,3,0.9999793479868101
outplane,CA4,1,0.6986535187711901
outplane,AMY2A,1,0.9999459946897641
outplane,CXCL2,1,0.3998607982093034
outplane,GATM,2,0.9998762556667462
outplane,FKBP11,1,0.9279828653947064
outplane,AMY2A,3,0.9999795837045119
outplane,GATM,1,0.9999568596808012
outplane,NTN4,1,0.7560572418164332
outplane,DPEP1,1,0.1516013923339199
outplane,AMY2A,2,0.9999735131625778
induction,DPEP1,5,0.0394864675406601
induction,UMOD,1,0.007305562665319232
induction,KCNK3,4,0.05461787766869386
inplane,GDF15,1,0.877799436755595
inplane,AMY2A,3,0.9999652970815545
inplane,GATM,2,0.9999223365088648
ambient,KLK11,1,0.9940788828648073
ambient,CA4,1,0.6665798552285098
outplane,MYC,1,0.6111980413631831
outplane,IL2RA,1,0.07182940924401338
outplane,AMY2A,2,0.9999727962173965
induction,DPEP1,5,0.06173808928342861
induction,UMOD,4,0.01213696597942826
induction,KCNK3,1,0.09009111502435707
inplane,CTLA4,1,0.24336524139058635
inplane,AMY2A,1,0.999977772759337
inplane,GATM,2,0.9999529170627179
outplane,FKBP11,1,0.7555340288791856
outplane,CFTR,1,0.9996099409408862
outplane,AMY2A,3,0.9999370724271995
ambient,RIDA,1,0.7290245619436646
ambient,CFTR,1,0.9998483338286268
ambient,KLK11,1,0.9916368679573327
ambient,KCNK3,1,0.1647409337592345
ambient,HAMP,1,0.6540088477294788
ambient,PEBP4,1,0.28042986190806696
ambient,CFTR,1,0.9997787645273615
ambient,PEBP4,1,0.45336690765004284
induction,DPEP1,3,0.047514527847334564
induction,UMOD,3,0.008999340857256843
induction,KCNK3,4,0.06966735861246309
inplane,MPEG1,1,0.6533990705714364
inplane,CFTR,1,0.9998702214020283
inplane,AMY2A,1,0.9999753978340318
inplane,FXYD2,1,0.9686965638157153
ambient,DPEP1,1,0.14384898835247661
ambient,ANPEP,1,0.9996606040900494
induction,DPEP1,4,0.05302472484026077
induction,UMOD,3,0.010156598415541618
induction,KCNK3,3,0.07766515021386433
inplane,FKBP11,2,0.9450273596137166
inplane,GATM,1,0.9999585368493986
inplane,AQP8,1,0.9998303599614247
outplane,TCIM,1,0.0
outplane,CRISPLD2,1,0.7094130310573674
outplane,PLIN4,1,0.6793301103304746
outplane,AMY2A,3,0.9999795155302313
outplane,OGN,1,0.9050781526403314
induction,DPEP1,5,0.059945569578023994
induction,UMOD,3,0.011479382111304282
induction,KCNK3,2,0.08627964377223896
ambient,HAMP,1,0.7438731496652529
ambient,GLYATL1,1,0.2851257647929677
induction,DPEP1,2,0.06421185845603627
induction,UMOD,6,0.012211103271605572
induction,KCNK3,2,0.09951318984671154
induction,DPEP1,4,0.043245243522591625
induction,UMOD,4,0.008243971866245148
induction,KCNK3,2,0.06708029666537041
inplane,AMY2A,3,0.9999773538243293
inplane,GATM,1,0.9999518558422803
outplane,FKBP11,1,0.931073162495192
outplane,EPCAM,1,0.9992092423992399
outplane,GATA2,1,0.0
outplane,DERL3,1,0.5113774277587122
outplane,AMY2A,2,0.9999760819499647
outplane,GATM,1,0.9999489416690951
induction,DPEP1,3,0.045427663393527884
induction,KCNK3,7,0.06698200556546119
ambient,AMY2A,1,0.9999674662644628
ambient,AQP3,1,0.7266879421990073
induction,DPEP1,5,0.03693648665124716
induction,UMOD,1,0.007011225686895606
induction,KCNK3,4,0.053631448862138886
induction,DPEP1,2,0.07514703044257132
induction,KCNK3,2,0.12946212729178086
inplane,MYLK,1,0.1334071282939323
inplane,CRISPLD2,1,0.036835179700835385
inplane,EPCAM,1,0.9996963342677091
inplane,CFTR,2,0.9997876593514632
inplane,AMY2A,2,0.9999329256762858
inplane,FXYD2,1,0.95523965568879
inplane,PROX1,1,0.6896977374760059
outplane,CFB,1,0.8362472231870782
outplane,PPP1R1B,2,0.9593021464463013
outplane,AMY2A,2,0.9999764150709259
outplane,FXYD2,1,0.9548644569978871
induction,DPEP1,3,0.036892521292582914
induction,UMOD,5,0.006686408619824391
induction,KCNK3,2,0.04986135867652575
ambient,KCNK3,2,0.15383316220091348
inplane,FBLN1,2,0.7753230668754718
inplane,APCDD1,1,0.22781059841545526
inplane,CFTR,2,0.9998116324797263
ambient,DPEP1,1,0.1493244221232639
ambient,KLK11,1,0.9952093785928173
induction,DPEP1,3,0.046593724929988256
induction,UMOD,2,0.008732882331003777
induction,KCNK3,5,0.06606287482772699
outplane,ANPEP,1,0.9992515181270848
outplane,KCNK3,1,0.3157305378054722
outplane,CXCL2,2,0.4589610734677292
outplane,PROX1,1,0.8843260449981695
outplane,GATM,1,0.9998885432355142
inplane,MPEG1,1,0.3116338216539156
inplane,CFTR,1,0.9996992379278846
inplane,CA4,1,0.585351552897938
inplane,AMY2A,1,0.9999504038010665
induction,DPEP1,4,0.04925512161522083
induction,UMOD,3,0.009519696830756486
induction,KCNK3,3,0.07237069230351634
inplane,CAVIN1,1,0.13714300998418938
inplane,SMYD2,1,0.7728128189886284
inplane,AMY2A,1,0.9999742956582849
inplane,GPX2,1,0.9905505487742302
induction,DPEP1,4,0.039431298681749216
induction,UMOD,5,0.007523658277244993
induction,KCNK3,1,0.058057067836772
inplane,BCL2L11,1,0.6553660156891306
inplane,AMY2A,3,0.999977626441664
inplane,GATM,1,0.999952454008063
inplane,AQP8,1,0.9998044157411975
induction,DPEP1,4,0.04228759896509582
induction,UMOD,2,0.008032364800220626
induction,KCNK3,4,0.06232285657645953
outplane,SOX2,1,0.3272845207154925
outplane,SEMA3C,1,0.7927450970221508
outplane,DST,1,0.4811101172187344
outplane,SCGN,1,0.9902951886099889
induction,DPEP1,3,0.046573739560990646
induction,UMOD,5,0.00877047432655842
induction,KCNK3,2,0.06595845017405133
outplane,FKBP11,1,0.8835470406667918
outplane,AMY2A,2,0.9999714666800401
outplane,AQP8,1,0.999747429890917
inplane,AMY2A,2,0.9999660077781536
inplane,GATM,2,0.9999258917977142
induction,DPEP1,4,0.05886476155115272
induction,UMOD,4,0.011298857823634711
induction,KCNK3,2,0.08587828961831678
inplane,GNG11,1,0.0
inplane,CFTR,1,0.9998686271005386
inplane,AMY2A,1,0.9999781168043038
inplane,AQP8,1,0.9998108281131063
induction,DPEP1,3,0.07485881654376147
induction,UMOD,2,0.014276300430751898
induction,KCNK3,5,0.10550793974899852
ambient,ANPEP,1,0.9997006403936143
ambient,CA4,1,0.8157166926927665
induction,DPEP1,3,0.043191131781396
induction,UMOD,4,0.00795294595120144
induction,KCNK3,3,0.061330195899019224
ambient,DPEP1,1,0.1553107779642222
ambient,KLK11,1,0.9964675920742582
outplane,CD28,1,0.3193880067204219
outplane,PLAC9,1,0.13566374966209394
outplane,AMY2A,1,0.9999745930585963
outplane,COCH,1,0.7419956811424949
outplane,GATM,1,0.999945847517841
outplane,AMY2A,2,0.9999755612944711
outplane,GATM,1,0.9999477133987598
outplane,AQP8,1,0.9997838673724095
outplane,AMY2A,1,0.9999746243551927
outplane,GATM,3,0.9999456583671633
outplane,AQP8,1,0.9997752224132327
induction,DPEP1,5,0.04527720753932807
induction,UMOD,3,0.008598374701085931
induction,KCNK3,2,0.06530687941189639
induction,DPEP1,5,0.04197655434586356
induction,UMOD,3,0.00861285037496562
induction,DPEP1,3,0.09577523513047037
induction,UMOD,1,0.016094864571671752
induction,DPEP1,1,0.04871325052439868
induction,UMOD,5,0.009307266672267556
induction,KCNK3,4,0.0676980300469674
inplane,MMRN2,1,0.0
inplane,SELL,1,0.11859860242393727
inplane,FCER1A,1,0.693726976461159
inplane,AMY2A,2,0.9999686612104605
inplane,GATM,1,0.9999322024864853
outplane,MDM2,1,0.4893263919694897
outplane,CNN1,1,0.9921422021551259
outplane,AMY2A,1,0.9999693403453072
outplane,GATM,1,0.9999337013476489
outplane,APOLD1,1,0.0
outplane,AMY2A,2,0.9999631010806711
outplane,AQP8,1,0.9996623041437329
outplane,ANPEP,1,0.9997003697858154
outplane,CFTR,2,0.9998751353680222
outplane,AMY2A,3,0.9999787986554878
inplane,BCL2L11,1,0.3976894055641874
inplane,AMY2A,2,0.999966846990038
inplane,GATM,1,0.9999272036197776
inplane,AQP8,1,0.9996942625360428
outplane,CFB,2,0.89341004670597
outplane,CFTR,2,0.9997625014362496
outplane,AMY2A,2,0.9999554358185339
outplane,AQP8,1,0.9995647173896819
outplane,EPCAM,1,0.9991604003493467
outplane,AMY2A,1,0.9999611195323155
outplane,AGER,1,0.052327347546250014
outplane,AQP8,1,0.9996372672004917
inplane,TCIM,1,0.0
inplane,ANPEP,1,0.9994812613196121
inplane,AMY2A,3,0.999963772089384
inplane,GATM,1,0.9999208777385353
inplane,AQP8,1,0.9996679520355529
ambient,ANPEP,1,0.9994232565970705
ambient,AQP3,1,0.7700111479928844
outplane,AMY2A,2,0.9999662558614831
outplane,PROX1,1,0.817659523176343
outplane,GATM,1,0.9999262035919652
ambient,UMOD,1,0.03489254344453008
ambient,KLK11,1,0.994982740580682
ambient,CA4,1,0.521969501712455
ambient,PROX1,1,0.601853054312087
induction,DPEP1,3,0.05417149283098899
induction,UMOD,5,0.010135158320585314
induction,KCNK3,2,0.07575952236081607
ambient,CFTR,1,0.9998833216536303
ambient,GLYATL1,1,0.5069122763625669
inplane,FKBP11,1,0.8927876911630264
inplane,AMY2A,2,0.9999759049979161
inplane,GPC3,1,0.7008358603246558
ambient,CFTR,1,0.9998608454292645
ambient,KCNK3,1,0.20204070660488394
outplane,MYC,1,0.563114372887193
outplane,AMY2A,2,0.9999745469112477
outplane,GATM,1,0.9999459186414048
outplane,NTN4,1,0.7805100835482787
outplane,AMY2A,1,0.999977865113266
outplane,EGFR,1,0.8407186633319619
outplane,GATM,2,0.9999530589657386
outplane,CFTR,1,0.9998879602190361
outplane,TIMP4,1,0.1919792409519291
outplane,AMY2A,1,0.999980281453932
outplane,FXYD2,2,0.9701752337610031
induction,DPEP1,4,0.0581199587217307
induction,UMOD,4,0.011175013546840806
induction,KCNK3,2,0.08488012689138325
induction,DPEP1,4,0.04325469816667915
induction,UMOD,1,0.00801253860881801
induction,KCNK3,5,0.06157988672331682
outplane,CFB,1,0.8651767301156192
outplane,FSTL3,1,0.8561468678398426
outplane,KRT7,1,0.9939825761950365
outplane,ADAMTS1,1,0.05472729921734176
outplane,KCNK3,1,0.18030840423092565
induction,DPEP1,6,0.054319339851664705
induction,UMOD,2,0.010555357346274663
induction,KCNK3,2,0.07960923936162179
outplane,GEM,1,0.49199596963700176
outplane,AMY2A,2,0.9999683318910217
outplane,GATM,1,0.9999316203121053
outplane,AMY2A,2,0.9999687462224698
outplane,PROX1,1,0.7723631601233307
outplane,CYP1A1,1,0.08731079901313754
ambient,RIDA,1,0.805626191810727
ambient,AMY2A,1,0.999978027625834
induction,DPEP1,4,0.06705219144636776
induction,UMOD,4,0.013074834571063287
induction,KCNK3,2,0.0975385874327126
ambient,FKBP11,1,0.900735474005614
ambient,GLYATL1,1,0.4528380616220974
outplane,MYC,1,0.4199464344252124
outplane,EHF,1,0.9959470040029921
outplane,CXCL2,1,0.21378849374702125
outplane,RBP5,1,0.0
ambient,AQP8,2,0.9994673964852913
inplane,NTN4,1,0.7437898121093817
inplane,MDM2,1,0.5309577474206089
inplane,DST,1,0.5305725124192245
inplane,AMY2A,3,0.9999591916686492
inplane,GCG,1,0.99741457124167
ambient,AMY2A,1,0.9999665920015358
ambient,KCNK3,1,0.2641877952568873
outplane,CAVIN1,2,0.0653935094444541
outplane,LILRB2,1,0.6156384257465337
outplane,SMYD2,1,0.7420302414207355
outplane,MDM2,1,0.5841280728230123
outplane,CFTR,1,0.9998464147483619
outplane,AMY2A,1,0.9999744995916314
outplane,GATM,1,0.9999455504925895
induction,DPEP1,2,0.049931613719314094
induction,UMOD,5,0.00946069199314803
induction,KCNK3,3,0.06984347931904489
inplane,AMY2A,3,0.9999759515939637
inplane,GPC3,1,0.8070485091635082
inplane,GATM,1,0.999948791521244
inplane,AQP8,1,0.9997890462539796
outplane,CFB,1,0.3940096837001217
outplane,CFTR,1,0.9995559853640789
outplane,AMY2A,1,0.9999282974552125
outplane,FXYD2,1,0.7324421608776117
induction,DPEP1,2,0.03929474069330774
induction,UMOD,3,0.007477450554291276
induction,KCNK3,5,0.05697618784033853
induction,UMOD,3,0.015121699899216634
induction,KCNK3,1,0.09050909190863066
inplane,MYLK,1,0.2737783269612436
inplane,COL5A2,1,0.4827598852298973
inplane,ADAMTS1,1,0.024518987767622735
inplane,EDNRB,1,0.0
inplane,AQP8,1,0.9993051048810296
ambient,DIRAS3,1,0.9503865657390639
ambient,GLYATL1,1,0.6291666720027707
inplane,CD14,2,0.7655273536288636
inplane,FCGR1A,1,0.6936739751965053
inplane,PTPRC,1,0.9981682426453595
inplane,BCL2L11,1,0.3144361195488834
inplane,MYC,1,0.4899170586311191
inplane,AMY2A,1,0.9999602173295021
inplane,GATM,1,0.9999123264203509
inplane,AQP8,1,0.999629549233264
outplane,PCNA,1,0.2224552852750621
outplane,CFTR,1,0.9997080884397196
outplane,AMY2A,2,0.9999438596039253
outplane,GATM,1,0.9998708856355074
outplane,AQP8,1,0.999435732574342
inplane,AMY2A,3,0.999943784352676
inplane,GATM,1,0.9998707002627554
induction,UMOD,2,0.0157441158495355
induction,KCNK3,2,0.09100646271621637
outplane,AMY2A,3,0.9999613317112669
outplane,GATM,1,0.9999148078639043
outplane,FSTL3,1,0.5722095635424118
outplane,AMY2A,3,0.9999486101795071
ambient,RIDA,1,0.7331679685074137
ambient,CA4,1,0.7107380842148816
induction,DPEP1,6,0.041383868718925965
induction,UMOD,1,0.008215691281397763
induction,KCNK3,1,0.05891745948972704
ambient,DIRAS3,1,0.8129516785982455
ambient,PEBP4,1,0.3740404091836127
inplane,FKBP11,1,0.85863261920551
inplane,DPEP1,1,0.13683829039193884
inplane,AMY2A,2,0.9999410312657228
inplane,GATM,2,0.9998645385168389
inplane,AMY2A,2,0.9999642507588086
inplane,CXCL6,1,0.9990612741214543
inplane,HEMGN,1,0.21144730640866827
outplane,NTN4,1,0.3905876540436086
outplane,AMY2A,3,0.9999254116424137
induction,DPEP1,1,0.07561719500019637
induction,UMOD,2,0.014113269351757718
induction,KCNK3,1,0.08862880559792918
ambient,AMY2A,1,0.9999404570303505
ambient,PROX1,1,0.5101005717932364
ambient,CFTR,1,0.9995747938913693
ambient,GLYATL1,1,0.483797603129951
inplane,AMY2A,3,0.9999272411378436
inplane,GATM,1,0.9998275895754033
outplane,CFB,1,0.8818063068457028
outplane,FAS,1,0.3003848260782239
outplane,ACTG2,1,0.339239436521771
outplane,CFTR,1,0.9997499654512382
outplane,AMY2A,1,0.9999403634404715
outplane,FXYD2,1,0.9208964695771406
ambient,DPEP1,1,0.16051699302713596
ambient,AQP3,1,0.7882032141965805
induction,DPEP1,1,0.07188071686966957
induction,UMOD,1,0.015803107838728292
induction,KCNK3,2,0.09944004429178743
inplane,AMY2A,3,0.9999378714898989
inplane,SST,1,0.9944299676567301
inplane,GATM,1,0.9998526555270751
outplane,VCAN,1,0.9992994938924231
outplane,CYP2F1,1,0.4192141721496899
outplane,EPCAM,1,0.9988442650337155
outplane,CFTR,2,0.9996207270021439
outplane,AMY2A,2,0.999929791980701
outplane,AMY2A,3,0.9999331689867277
outplane,GATM,1,0.9998417802296508
induction,UMOD,1,0.015797536771319454
induction,KCNK3,3,0.11275951287320995
outplane,TMC5,1,0.9941232245846239
outplane,CFTR,1,0.9998233457126394
outplane,EHF,1,0.9982184593675929
outplane,AMY2A,2,0.9999687712633735
outplane,GATM,1,0.9999325122045409
inplane,ANPEP,1,0.9994809894096253
inplane,AMY2A,4,0.9999630307142783
induction,DPEP1,3,0.08805194235754066
induction,UMOD,1,0.016497655188804528
outplane,CFTR,2,0.9998613169828425
outplane,AMY2A,1,0.9999769527013099
outplane,FXYD2,1,0.969615869840308
ambient,CA4,1,0.670411145179314
ambient,PROX1,1,0.7363113301571258
ambient,RIDA,1,0.628138580318759
ambient,AMY2A,1,0.9999449325929964
induction,DPEP1,1,0.04587445827684711
induction,UMOD,4,0.008618967981909864
induction,KCNK3,5,0.06469646063692391
induction,DPEP1,7,0.04460890485834512
induction,UMOD,1,0.007625001990216207
induction,KCNK3,2,0.05453411120204388
induction,DPEP1,4,0.0510658376021943
induction,UMOD,4,0.009437644327362271
induction,KCNK3,2,0.0705009166105981
ambient,ANPEP,1,0.9995630413844754
ambient,PEBP4,1,0.5075325852383822
outplane,AMY2A,1,0.9999621347884246
outplane,COCH,2,0.6424389046295451
outplane,AQP8,3,0.9996548655313409
outplane,AMY2A,4,0.9999754415412648
outplane,GATM,1,0.9999476368756687
inplane,CFB,1,0.6276567778655094
inplane,AMY2A,3,0.9999640857825354
inplane,CFB,1,0.6837556017922135
inplane,EPCAM,1,0.9987701912617224
inplane,TM4SF18,1,0.0
inplane,GPX2,1,0.9776391938724575
inplane,GPR183,1,0.9327815467814291
inplane,FBN1,1,0.6303920224696073
inplane,TIMP4,1,0.7141415013161637
inplane,GATM,1,0.9998729181109031
induction,DPEP1,3,0.04699049502592556
induction,UMOD,4,0.00896077512895832
induction,KCNK3,3,0.07154681927770778
outplane,PPP1R1B,1,0.9570974013957786
outplane,GEM,1,0.29978769276862094
outplane,AMY2A,1,0.9999631516284383
outplane,PROX1,1,0.7837254239638937
induction,DPEP1,1,0.044663550552870857
induction,UMOD,3,0.00835577564373191
induction,KCNK3,6,0.061902116569400034
inplane,MMRN2,1,0.0
inplane,AMY2A,2,0.999965904071784
inplane,GATM,1,0.9999250358207185
ambient,DPEP1,1,0.17521863903157875
ambient,GATM,1,0.9999442930975573
inplane,CFTR,1,0.9998266250106266
inplane,CXCL6,3,0.9981075893719783
inplane,ESR1,1,0.14100124155813376
induction,DPEP1,1,0.07759558065306138
induction,UMOD,2,0.016144396721844534
induction,KCNK3,1,0.0971274998670828
induction,DPEP1,4,0.055014447065478755
induction,UMOD,6,0.010609377653474694
induction,DPEP1,2,0.04990000061387745
induction,UMOD,3,0.0095536452847792
induction,KCNK3,5,0.07322175110905449
ambient,KCNK3,1,0.2861339703312833
ambient,DIRAS3,1,0.9186372529420542
outplane,FBLN1,1,0.8007154251248154
outplane,ANPEP,1,0.9997081909390412
outplane,AMY2A,1,0.9999794733522601
outplane,PROX1,1,0.9431869447152528
inplane,CFTR,1,0.9998729098516694
inplane,AMY2A,2,0.9999784172120127
inplane,AQP8,1,0.9998119488293504
ambient,FKBP11,1,0.9248538946268199
ambient,GLYATL1,1,0.5431218468833376
induction,DPEP1,3,0.04252053943217271
induction,UMOD,5,0.007883701286689582
induction,KCNK3,2,0.06051836775288377
inplane,CD68,1,0.4301877633786747
inplane,CFTR,2,0.9998826614462601
inplane,DPT,1,0.8181993681707547
inplane,AMY2A,3,0.9999800676756927
inplane,GATM,2,0.9999579630336588
inplane,AQP8,1,0.9998280100230903
inplane,TCIM,1,0.0
inplane,MYC,1,0.6203470067022941
inplane,EHF,1,0.9985009253013324
inplane,GATM,2,0.9999505842822828
inplane,EHF,1,0.9986224663682685
inplane,AMY2A,2,0.9999743831612015
inplane,GATM,1,0.9999450202110088
inplane,MMRN2,1,0.0
inplane,CD34,2,0.0
inplane,ADAMTS1,2,0.025586820041027747
inplane,AMY2A,1,0.9999763123628734
inplane,GATM,1,0.999949735007493
ambient,UMOD,1,0.03424924484347169
ambient,PROX1,1,0.809693775809903
induction,DPEP1,5,0.05298855927826307
induction,UMOD,2,0.010808822855238986
induction,KCNK3,3,0.07570428650217642
induction,DPEP1,3,0.04365233953671266
induction,UMOD,5,0.008259838916180984
induction,KCNK3,2,0.0642086556849244
inplane,AMY2A,2,0.9999357824578362
inplane,CPA3,1,0.6823566614021274
inplane,GATM,1,0.9998481617520115
inplane,AQP8,1,0.999320740639246
inplane,ACTG2,1,0.4085740683180198
inplane,AMY2A,2,0.9999675506031793
inplane,GATM,1,0.9999288143331384
inplane,AQP8,1,0.9997002484983156
ambient,CPA3,1,0.7161182644231163
ambient,HAMP,1,0.8085547439071382
inplane,AMY2A,3,0.9999668366356503
inplane,GATM,1,0.9999272864887465
ambient,ANPEP,1,0.9996684062622535
ambient,GLYATL1,1,0.641648367890587
inplane,MAMDC2,1,0.2664547043315051
inplane,AMY2A,1,0.9999747297909588
inplane,C7,1,0.21177271548701138
inplane,OGN,1,0.3884439253678348
ambient,FKBP11,1,0.8033741510391289
ambient,CA4,1,0.6031008041539989
induction,DPEP1,3,0.056682783748914
induction,UMOD,3,0.010901533100273086
induction,KCNK3,4,0.08266379454562178
inplane,CD34,1,0.0
inplane,EGFL7,1,0.0
inplane,AMY2A,1,0.9999667517757652
inplane,RBP5,1,0.0
ambient,ANPEP,1,0.9995131997882571
ambient,CPA3,1,0.7603904632072046
inplane,EPCAM,1,0.9993730864820608
inplane,CFTR,1,0.9998730871012694
inplane,AMY2A,2,0.999978407278793
inplane,ERBB2,1,0.8824208403399764
inplane,GATM,2,0.9999544108630282
induction,DPEP1,3,0.06336504616768623
induction,UMOD,2,0.01212622170968869
induction,KCNK3,5,0.0909511702717023
inplane,SFRP4,2,0.18119743410295175
inplane,AMY2A,2,0.9999694840856176
inplane,GPX2,1,0.9972125828543029
inplane,EGFR,1,0.8393070062307157
induction,DPEP1,2,0.05154899911975597
induction,UMOD,6,0.010022576175540698
induction,KCNK3,2,0.07560103365022697
ambient,CFTR,1,0.999571028015291
ambient,PEBP4,1,0.2485830561814416
inplane,MS4A6A,1,0.8539557771985912
inplane,MYC,1,0.49212053242775844
inplane,AMY2A,3,0.9999370412977721
inplane,GATM,1,0.9998509331883703
ambient,CPA3,2,0.8590243434825339
induction,DPEP1,3,0.0523039313989071
induction,UMOD,5,0.00966846143321709
induction,KCNK3,2,0.07308589582818315
outplane,AMY2A,2,0.999980470126941
outplane,GATM,2,0.9999587512145423
inplane,SFRP2,1,0.9986234579273938
inplane,CD34,1,0.0
inplane,CD163,1,0.9950268785192012
inplane,AMY2A,3,0.9999757243460033
induction,DPEP1,5,0.04540651120381711
induction,UMOD,3,0.008687897121299137
induction,KCNK3,2,0.06683652653475758
inplane,ACTG2,1,0.32266416926027275
inplane,CA4,2,0.8218228559462846
inplane,AMY2A,1,0.999977958753825
outplane,RND1,1,0.1158833974559651
outplane,AMY2A,4,0.999979015918408
outplane,GATM,1,0.9999557203910154
outplane,MYLK,1,0.02708493369272036
outplane,AMY2A,1,0.9999797226603307
outplane,CCNB2,1,0.16316974504828785
outplane,PROX1,1,0.8624502700196622
outplane,CFB,1,0.7181685102946906
outplane,CNN1,1,0.9934915475852829
outplane,CCL5,1,0.695457690639867
outplane,AMY2A,1,0.9999744051993712
outplane,MCF2L,1,0.0
outplane,FCGR1A,1,0.3939239073540445
outplane,CFTR,2,0.9998832251282102
induction,DPEP1,5,0.06084741791944537
induction,UMOD,3,0.011645757970213166
induction,KCNK3,2,0.08867385026847907
ambient,COCH,1,0.7421249001034115
ambient,AQP3,1,0.8482606592735427
outplane,AMY2A,3,0.9999774290463751
outplane,GATM,1,0.9999520281102623
outplane,AQP8,1,0.999802645084463
induction,DPEP1,4,0.06890705134545827
induction,UMOD,2,0.013280489166796472
induction,KCNK3,4,0.09880105917764115
outplane,FSTL3,1,0.8402926581637112
outplane,CFTR,1,0.999882182360377
outplane,AMY2A,2,0.9999795833549082
ambient,KCNK3,1,0.14346938040346902
ambient,HAMP,1,0.9127368497183552
induction,DPEP1,4,0.055513618906255724
induction,UMOD,2,0.010797279438842788
induction,KCNK3,4,0.08141606627326647
induction,DPEP1,3,0.04114174685949934
induction,UMOD,6,0.008065302761613213
induction,KCNK3,1,0.06089483430134357
induction,DPEP1,1,0.043758965919712955
induction,UMOD,6,0.00830264295357841
induction,KCNK3,3,0.06442752526049966
ambient,UMOD,1,0.027921745534676634
ambient,GLYATL1,1,0.17092612041949728
ambient,COCH,1,0.6360425438321776
ambient,PEBP4,1,0.5404353499246372
induction,DPEP1,2,0.04568334288694609
induction,UMOD,5,0.008482256652997733
induction,KCNK3,3,0.06436578117175185
inplane,FCGR1A,1,0.5015805247650558
inplane,SMYD2,1,0.7445457745798484
inplane,CFTR,1,0.9998756547092785
inplane,FXYD2,1,0.9672471667617514
induction,DPEP1,4,0.06695542915426134
induction,KCNK3,6,0.0975236360093531
ambient,CA4,1,0.5548937198776505
ambient,CPA3,1,0.584518128726234
inplane,CD34,1,0.0
inplane,MYC,1,0.33636762922389374
inplane,CD163,1,0.9979067024973675
inplane,CFTR,1,0.999646288455034
inplane,AMY2A,1,0.9999424743421065
inplane,GATM,2,0.9998676730391151
ambient,KLK11,1,0.9956263356496765
ambient,AQP3,1,0.9332692753645644
inplane,TCIM,1,0.0
inplane,CFTR,3,0.9997779729665911
inplane,GATM,1,0.9999165267029161
induction,DPEP1,2,0.04806956634292914
induction,UMOD,5,0.008852349918623381
induction,KCNK3,3,0.06715910018172577
ambient,CA4,1,0.7874984120229629
ambient,AQP3,1,0.8330737617534781
ambient,PEBP4,1,0.5128681525322861
ambient,GLYATL1,1,0.38183307179488424
inplane,CFTR,4,0.9998255260149318
induction,DPEP1,4,0.044756535308466905
induction,UMOD,3,0.00844569743211665
induction,KCNK3,3,0.06397893377487907
induction,DPEP1,3,0.04230777207367753
induction,UMOD,1,0.007878408690242034
induction,KCNK3,6,0.06075169418115256
induction,DPEP1,5,0.04615846670731716
induction,UMOD,2,0.008709603683828893
induction,KCNK3,3,0.06620282737054428
inplane,TCIM,1,0.0
inplane,AMY2A,4,0.999977531958112
induction,DPEP1,4,0.03718088255160845
induction,UMOD,5,0.007161785830413714
induction,KCNK3,1,0.05498011994829488
inplane,SMYD2,1,0.6680504749355538
inplane,ANPEP,2,0.9996699733884858
inplane,AMY2A,2,0.9999764446406563
ambient,FKBP11,1,0.9063641505085591
ambient,AMY2A,1,0.9999748615727548
outplane,CFB,1,0.7371713267075444
outplane,FSTL3,1,0.6614675947756262
outplane,MEST,1,0.7830174165067659
outplane,CFTR,1,0.9998534217071217
induction,DPEP1,4,0.057989126026031235
induction,UMOD,3,0.011137043779651079
induction,KCNK3,3,0.08457573478308122
ambient,RIDA,1,0.8638017430470731
ambient,CPA3,1,0.8565369637335312
induction,DPEP1,2,0.048140735691165615
induction,UMOD,1,0.009117123218349676
induction,KCNK3,7,0.07059356612399725
outplane,ADGRL4,1,0.0
outplane,APOLD1,1,0.0
outplane,CFTR,1,0.9998844780817401
outplane,AMY2A,1,0.99998037737453
ambient,KLK11,1,0.9948384255126212
ambient,HAMP,1,0.8239567499205556
induction,DPEP1,2,0.03795628105450677
induction,UMOD,3,0.00722332766491196
induction,KCNK3,5,0.056104431414593425
induction,DPEP1,3,0.04290210741628442
induction,UMOD,2,0.008143878938984495
induction,KCNK3,5,0.06315093547479678
inplane,EPCAM,1,0.9991843809203056
inplane,CFTR,1,0.999795222907693
inplane,EHF,1,0.9980521641112823
inplane,AMY2A,2,0.9999639615925879
inplane,C7,1,0.29411576101519776
induction,DPEP1,4,0.04177109782791466
induction,UMOD,2,0.007891632806621196
induction,KCNK3,4,0.061500385161882165
induction,DPEP1,6,0.0475682735588856
induction,KCNK3,4,0.06884281531481051
inplane,AMY2A,1,0.9999768483621931
inplane,FXYD2,1,0.9633738365368616
inplane,GATM,1,0.9999508522788323
inplane,AQP8,1,0.9997979801944262
ambient,GATM,1,0.9999503280807877
ambient,AQP3,1,0.8405455432451883
inplane,GNG11,1,0.0
inplane,TMC5,1,0.9971842990873333
inplane,FXYD2,1,0.9585310756830498
inplane,GPX2,2,0.9970881505982698
inplane,PROX1,1,0.8351754379188738
ambient,FKBP11,1,0.9485065440761792
ambient,PEBP4,1,0.7530844505053901
inplane,PMP22,1,0.11632985349989955
inplane,CFB,1,0.8794728660877836
inplane,CFTR,1,0.9998806245188325
inplane,AMY2A,3,0.9999789023936388
inplane,ACE2,1,0.2923229407679957
ambient,AQP8,1,0.999825589666504
ambient,PEBP4,1,0.629314258323262
inplane,PDGFRA,1,3.5968339417991047e-11
inplane,HPGDS,1,0.37901197104496176
inplane,AMY2A,3,0.9999781074365188
inplane,C7,1,0.21918089899305948
outplane,ANPEP,2,0.9997137879363919
outplane,GATM,3,0.9999572461744648
induction,DPEP1,3,0.05249378511822267
induction,UMOD,3,0.01019989949677258
induction,KCNK3,4,0.07709892651848416
outplane,MS4A4A,1,0.3241896480605163
outplane,MYC,1,0.6487532645693659
outplane,TBX3,1,0.026372411822797925
outplane,CCL5,1,0.34965216560176093
outplane,AMY2A,1,0.9999792170168169
outplane,GATM,1,0.9999561460448535
induction,DPEP1,2,0.04363721561025091
induction,UMOD,3,0.008291522449242583
induction,KCNK3,5,0.06420151051320433
ambient,COCH,1,0.7320068136336785
ambient,PROX1,1,0.850379735288353
ambient,RIDA,2,0.8282997487561206
induction,DPEP1,4,0.07888351481747158
induction,KCNK3,6,0.11389695590235593
outplane,CFTR,1,0.9998828625277909
outplane,AMY2A,3,0.9999794658577877
inplane,C5orf46,1,0.666168970425751
inplane,LIF,1,0.9868940413137838
inplane,FXYD2,2,0.9564221676891309
inplane,AQP3,1,0.8461918966188964
ambient,RIDA,1,0.7359771963712938
ambient,GATM,1,0.9999471513599941
induction,DPEP1,4,0.06200221924617377
induction,UMOD,5,0.012072539320724385
induction,KCNK3,1,0.09031104717531035
ambient,RIDA,1,0.6531367138173443
ambient,CFTR,1,0.9998054125834059
inplane,ANPEP,1,0.9993213598558957
inplane,AMY2A,2,0.9999543747295011
inplane,GATM,1,0.9998971616468204
induction,DPEP1,2,0.04486498314408316
induction,UMOD,6,0.008580319191476726
induction,KCNK3,2,0.06598078615817848
inplane,ADAM28,1,0.8245325569625661
inplane,AMY2A,2,0.9999755586111405
inplane,GATM,1,0.9999477671890289
inplane,GCG,1,0.997478231483536
inplane,TNFRSF9,1,0.3603625050763589
inplane,AMY2A,2,0.9999756421245103
inplane,CYP4B1,1,0.0
inplane,GATM,1,0.9999480545617937
outplane,CFTR,2,0.9996968662137683
outplane,AMY2A,1,0.9999478744424378
outplane,PROX1,1,0.5664400479245676
induction,DPEP1,3,0.039444146726998586
induction,UMOD,2,0.0071814568647756705
induction,KCNK3,5,0.05157794172960628
ambient,DPEP1,2,0.10936920061767097
induction,DPEP1,1,0.05239694793175975
induction,UMOD,5,0.010033103492413487
induction,KCNK3,4,0.0767673601549469
outplane,CAVIN1,1,0.08693904833543153
outplane,APOLD1,1,0.0
outplane,CFB,1,0.9321246787747272
outplane,FSTL3,1,0.9014623242034174
outplane,CFTR,1,0.9998720777504119
outplane,AQP2,1,0.3414413564890847
ambient,COCH,1,0.6461342893249322
ambient,GATM,1,0.9999416239856499
ambient,FKBP11,1,0.9156438355620065
ambient,AQP8,1,0.9998105898008398
inplane,PDPN,1,0.6171862510375761
inplane,INMT,1,0.23594058259793937
inplane,AMY2A,2,0.999975720195144
inplane,GATM,1,0.9999481570302944
inplane,FBLN1,2,0.5252821828955165
inplane,VWA5A,1,0.5720282051671812
inplane,AMY2A,2,0.9999520950049102
ambient,AQP8,1,0.9998234706941409
ambient,PEBP4,1,0.7378981051049396
inplane,PPP1R1B,1,0.9633100174845144
inplane,CFTR,1,0.9998664180761809
inplane,C7,1,0.2751830668540829
inplane,GATM,1,0.9999517319222052
ambient,RIDA,1,0.861390340202732
ambient,CPA3,1,0.8355087479888486
induction,DPEP1,4,0.0426975641358861
induction,UMOD,2,0.008141948612266803
induction,KCNK3,4,0.06289980548786611
ambient,PROX1,1,0.8826561874405674
ambient,GATM,1,0.9999560960419837
outplane,AIF1,1,0.697532601177814
outplane,STEAP4,1,0.0
outplane,AMY2A,1,0.999979373451513
outplane,GATM,1,0.9999564030565236
inplane,AMY2A,3,0.9999791886737797
inplane,AQP8,1,0.9998198495347116
outplane,EPCAM,1,0.9994356673264588
outplane,TENT5C,1,0.997411830828074
outplane,AMY2A,1,0.9999786967515177
outplane,GATM,1,0.9999547253132849
outplane,CFTR,1,0.999858491975789
outplane,AMY2A,1,0.9999759487581941
outplane,GATM,2,0.9999489373235666
inplane,PLCG2,1,0.0
inplane,AMY2A,3,0.9999749331104547
inplane,AQP8,1,0.9997797404593219
induction,DPEP1,4,0.06034698059167243
induction,UMOD,3,0.011577930326247543
induction,KCNK3,3,0.08800836677670565
induction,DPEP1,3,0.04777180178528817
induction,UMOD,4,0.009084485940687004
induction,KCNK3,3,0.07005865538099487
induction,DPEP1,8,0.05153759060658092
induction,UMOD,1,0.009846570945389432
induction,KCNK3,1,0.07555341830570528
induction,DPEP1,4,0.04094100753168284
induction,UMOD,3,0.007740450946385535
induction,KCNK3,3,0.06031067830619152
induction,DPEP1,1,0.03610235835096942
induction,UMOD,5,0.006851792708664983
induction,KCNK3,4,0.05399358438834534
outplane,MDM2,1,0.5314224585976279
outplane,KLRD1,1,0.15995418501126402
outplane,GATM,2,0.9999431846530978
inplane,ANPEP,1,0.9997038643131653
inplane,AMY2A,2,0.9999789071100005
inplane,GATM,1,0.999955286807036
induction,DPEP1,4,0.037831407632342495
induction,UMOD,4,0.007183035383414027
induction,KCNK3,2,0.05590672977421962
inplane,CFTR,1,0.9998738658938379
inplane,AMY2A,1,0.9999782128081177
inplane,GATM,2,0.9999537732103877
inplane,AMY2A,3,0.9999780929915383
inplane,AQP8,1,0.9998092849544855
outplane,AMY2A,3,0.9999807651325806
outplane,GATM,1,0.9999594722594312
outplane,ANPEP,1,0.9996991362062257
outplane,AMY2A,3,0.9999786243230955
inplane,CFB,1,0.8333324983850868
inplane,SMYD2,1,0.7899187077905361
inplane,AMY2A,2,0.9999800059899007
ambient,PROX1,1,0.8442951663482328
ambient,GLYATL1,1,0.49301788449223116
inplane,ANPEP,1,0.9996430022259902
inplane,AMY2A,1,0.9999749341956984
inplane,APOA5,1,0.4823388009634997
inplane,GATM,1,0.9999460379279272
outplane,CFTR,1,0.9998815992935534
outplane,AMY2A,3,0.99997990665162
outplane,AQP8,1,0.9998261627170031
induction,DPEP1,3,0.05223090007484199
induction,UMOD,6,0.010004714641090873
induction,KCNK3,1,0.07649924359065685
induction,DPEP1,5,0.04227260751824624
induction,UMOD,3,0.008018702504972608
induction,KCNK3,2,0.061312114869719436
ambient,CA4,1,0.8118463115706362
ambient,KCNK3,1,0.23824554079925253
induction,DPEP1,2,0.04580679551581379
induction,UMOD,5,0.008700501529415039
induction,KCNK3,3,0.0663981750484055
induction,DPEP1,3,0.05380052455997497
induction,UMOD,4,0.01028298709953579
induction,KCNK3,3,0.07867000586094242
induction,DPEP1,4,0.07162656341396101
induction,UMOD,6,0.013892654026267603
induction,DPEP1,2,0.04891480051110286
induction,UMOD,3,0.009051207861639932
induction,KCNK3,5,0.06848442142076239
ambient,FKBP11,1,0.9697415899439952
ambient,GATM,1,0.9999481291002804
induction,DPEP1,1,0.05679052873125201
induction,UMOD,3,0.012017528216463513
induction,KCNK3,2,0.16246478869819136
induction,DPEP1,4,0.05315847813078778
induction,UMOD,2,0.010140161406926529
induction,KCNK3,4,0.0777847121260643
inplane,FBN1,1,0.01784750117615075
inplane,TFPI,1,0.0
inplane,AMY2A,1,0.9999796516896404
inplane,C7,2,0.3087265302902472
outplane,MYC,1,0.6401131988733106
outplane,ANPEP,1,0.9996756850664357
outplane,AMY2A,1,0.9999766386367434
outplane,GATM,1,0.9999503673827089
ambient,CA4,1,0.8242148254085441
ambient,AQP3,1,0.8621839307566342
inplane,LAMP3,1,0.8230896180510323
inplane,GPC1,1,0.7118544254505135
inplane,CD34,1,0.0
inplane,CFB,1,0.8694808040802244
inplane,MYC,1,0.7273243894754797
inplane,MALL,1,0.05357560894855573
inplane,AMY2A,1,0.9999799088328477
inplane,GATM,1,0.9999576420878998
ambient,AQP8,1,0.999825291034606
ambient,GLYATL1,1,0.5989217889023599
ambient,UMOD,1,0.033346616519843164
ambient,AQP8,1,0.9998158533637365
ambient,COCH,1,0.6028552013701644
ambient,AQP3,1,0.7466308237224117
inplane,AMY2A,4,0.9999649196453946
induction,DPEP1,4,0.08680140042926277
induction,UMOD,3,0.017087441219039046
induction,KCNK3,3,0.1250627448209778
ambient,AMY2A,1,0.9999795483347481
ambient,COCH,1,0.8885461912764304
inplane,CD93,1,0.0
inplane,AMY2A,4,0.9999757590476493
inplane,AMY2A,2,0.9999743740819903
inplane,GATM,1,0.9999451973724683
inplane,AQP8,1,0.9997735406101569
ambient,CA4,1,0.740970656521135
ambient,GATM,1,0.9999478117668689
induction,DPEP1,1,0.06582086469493331
induction,UMOD,4,0.012625205994978739
induction,KCNK3,5,0.10261773362494409
induction,DPEP1,3,0.04726230089026984
induction,UMOD,2,0.008880340503487072
induction,KCNK3,5,0.0685975415954132
induction,DPEP1,4,0.05272890889468407
induction,UMOD,3,0.010086244115166787
induction,KCNK3,3,0.07612436535849387
ambient,DIRAS3,1,0.7192818588653346
ambient,PEBP4,1,0.2787955111880509
ambient,ANPEP,1,0.9995644494357442
ambient,HAMP,1,0.8366684837059033
induction,DPEP1,3,0.06631851993864968
induction,UMOD,4,0.012791619465807869
induction,KCNK3,3,0.09956024158029186
outplane,CFTR,1,0.9998679346798525
outplane,AMY2A,3,0.999976583572381
outplane,KCNK3,1,0.22038015440546277
induction,DPEP1,7,0.03794605359673742
induction,UMOD,1,0.007237275352330208
induction,KCNK3,2,0.05606502518470324
ambient,KLK11,1,0.9945713567813546
ambient,CA4,1,0.661151623748269
inplane,CCR7,1,0.08791070519739608
inplane,CFTR,1,0.9998688795791222
inplane,CD300E,1,0.15413839269699203
inplane,SNCA,1,0.19070415218930958
inplane,CA4,1,0.7968315953318174
inplane,GATM,1,0.9999465393999905
inplane,GCG,1,0.9975753269790046
outplane,AMY2A,3,0.9999777271302106
outplane,GATM,2,0.9999525897129516
induction,DPEP1,2,0.03549606262213234
induction,UMOD,4,0.007261781103864218
induction,KCNK3,4,0.08643254849882509
ambient,ANPEP,1,0.9995627619000866
ambient,AQP8,1,0.999722442563538
outplane,RAPGEF3,1,0.0
outplane,AMY2A,1,0.9999578884287877
outplane,GATM,1,0.999903056591789
outplane,CSF3,1,0.19555960491708957
induction,DPEP1,4,0.04774811425018055
induction,UMOD,3,0.009170513526630564
induction,KCNK3,3,0.06902428396669902
induction,DPEP1,4,0.037830345431922874
induction,UMOD,2,0.007567679959401219
induction,KCNK3,4,0.0560781719809359
outplane,ANPEP,1,0.9996453563695714
outplane,AMY2A,1,0.999974808010386
outplane,KCNK3,1,0.22050661254956017
outplane,GATM,2,0.9999463281637792
outplane,FCGR1A,1,0.8153222534711997
outplane,CFB,1,0.917284132037981
outplane,CFTR,1,0.9998890931487342
outplane,CCNB2,1,0.1515109641308121
outplane,CFTR,1,0.9998937270381694
outplane,AMY2A,3,0.9999814680973009
outplane,GATM,1,0.9999609502724129
outplane,NTN4,1,0.626564166280646
outplane,CFTR,3,0.9998239042589127
outplane,KRT7,1,0.9918990759738587
outplane,SPIB,1,0.5858621125081358
outplane,ANPEP,1,0.9996708529541798
outplane,CFTR,1,0.9998614250360495
outplane,AMY2A,2,0.9999769637596311
outplane,GATM,1,0.9999510218115852
outplane,PMP22,1,0.17119056474196803
outplane,FKBP11,1,0.7882007271110846
outplane,TM4SF18,2,0.0
outplane,APOBEC3A,1,0.2822120946195772
inplane,FSTL3,1,0.5133189877305239
inplane,FKBP11,1,0.8578628271763679
inplane,CFTR,1,0.9998271745641981
inplane,AMY2A,1,0.999971241564295
inplane,COL5A2,1,2.5036639428321905e-12
inplane,CFTR,1,0.9998700597460833
inplane,AMY2A,1,0.9999756821080985
inplane,FXYD2,1,0.9566592844813948
outplane,MS4A6A,1,0.43459667776122135
outplane,CFTR,1,0.9998793970707517
outplane,AMY2A,3,0.9999791375524533
inplane,CFTR,2,0.9998843393855935
inplane,AMY2A,2,0.9999793927414957
outplane,DST,1,0.3642538791074441
outplane,SERPINB9,1,0.1870240830679175
outplane,MET,1,0.2504432601496416
outplane,LAG3,1,0.20566841801624647
outplane,AMY2A,1,0.9999654361993033
induction,DPEP1,3,0.042441983014566476
induction,UMOD,4,0.00790822428940885
induction,KCNK3,3,0.05901168044321392
outplane,APOLD1,1,0.0
outplane,LY86,1,0.6204247477033437
outplane,AMY2A,2,0.9999676935528158
outplane,KLRB1,1,0.6941284487346837
outplane,GATM,1,0.9999296120466574
outplane,CFB,1,0.8853430745932082
outplane,GATM,4,0.9999035789465965
outplane,AMY2A,1,0.9999457689808846
outplane,GATM,3,0.9998754507506494
induction,DPEP1,7,0.07894527676893004
induction,UMOD,2,0.015259576533190211
induction,KCNK3,1,0.11283513193788086
ambient,ANPEP,1,0.9992885464822192
ambient,KLK11,1,0.992567081099375
ambient,CFTR,1,0.9998835807026978
ambient,GLYATL1,1,0.7399969712634428
inplane,CD14,1,0.7063336863965008
inplane,NTN4,1,0.6512054206306627
inplane,AMY2A,1,0.9999710278956722
inplane,FXYD2,1,0.9320877480073623
ambient,GATM,1,0.9999453738340879
ambient,DIRAS3,1,0.9161531418229394
induction,DPEP1,1,0.04095428022634262
induction,UMOD,6,0.007734625446802479
induction,KCNK3,3,0.060312559961792966
outplane,GPC1,1,0.7874754772352572
outplane,EPCAM,1,0.9992402964044855
outplane,CFTR,1,0.9998616165418447
outplane,AMY2A,1,0.9999770221502107
ambient,PROX1,1,0.8622896974064431
ambient,GATM,1,0.9999590541050175
ambient,ANPEP,1,0.9996353998895204
ambient,GATM,1,0.9999451720719152
ambient,GATM,1,0.9999493613061236
ambient,GLYATL1,1,0.5076571301490012
induction,DPEP1,6,0.039406638280809925
induction,UMOD,2,0.007221654893525997
induction,KCNK3,2,0.054431767655011565
ambient,FKBP11,1,0.8652885489138527
ambient,CFTR,1,0.999680873978942
outplane,SMYD2,1,0.6284886310812051
outplane,AMY2A,1,0.9999774952682371
outplane,GATM,2,0.9999523049582226
ambient,DPEP1,1,0.2880291478719149
ambient,RIDA,1,0.8963700866171471
ambient,KLK11,1,0.9970327353781014
ambient,GATM,1,0.999958961355271
induction,DPEP1,4,0.04676362623627073
induction,UMOD,2,0.008912599142862576
induction,KCNK3,4,0.0686414867092735
inplane,ANPEP,1,0.999723304043703
inplane,AMY2A,2,0.9999803767471619
inplane,GATM,1,0.9999586667658386
inplane,PRDM1,1,0.16719657530653265
inplane,ANPEP,2,0.9996546543957827
inplane,AMY2A,1,0.9999758551278314
inplane,VCAN,1,0.998844145055912
inplane,CD28,1,0.38001691709752095
inplane,AMY2A,2,0.9999722383484487
outplane,SNCA,1,0.3892415561058066
outplane,AMY2A,2,0.9999639597342327
outplane,AQP8,1,0.9996665932848262
inplane,AMY2A,3,0.9999674333296947
inplane,GATM,2,0.999927130240147
inplane,AQP8,1,0.9996964513307526
ambient,CFTR,2,0.999841216205426
induction,DPEP1,2,0.04206609130535233
induction,UMOD,4,0.008019868903073712
induction,KCNK3,4,0.06710152531485558
ambient,FKBP11,1,0.8107662288450922
ambient,CFTR,1,0.9996597785515586
inplane,MET,1,0.2018671690136521
inplane,AMY2A,3,0.9999339862037078
inplane,GATM,2,0.9998169465063589
inplane,MNDA,1,0.2760475367386247
inplane,GPR183,1,0.476796203581638
inplane,AMY2A,1,0.9999804112829692
inplane,AQP8,1,0.9998310412900056
outplane,SMYD2,1,0.7903415415726517
outplane,CFTR,2,0.9998492642668162
outplane,AMY2A,2,0.9999743193498182
outplane,PROX1,1,0.903785869226988
outplane,GATM,1,0.9999449524003943
induction,DPEP1,5,0.04025423271175077
induction,UMOD,2,0.0074506900420070465
induction,KCNK3,3,0.05576639613408807
induction,DPEP1,5,0.049331317916997075
induction,UMOD,2,0.009532018840216927
induction,KCNK3,3,0.07245358421297876
induction,DPEP1,3,0.03773026406974511
induction,UMOD,4,0.00717120991812259
induction,KCNK3,3,0.055738557109958786
inplane,CFTR,1,0.9998835949851002
inplane,AMY2A,2,0.999979562121488
inplane,PROX1,1,0.8943373428657136
ambient,CFTR,1,0.999883131524505
ambient,CPA3,1,0.883448825863456
ambient,DPEP1,1,0.1989778770428411
ambient,CFTR,1,0.9998590531459421
induction,DPEP1,3,0.06385186599216586
induction,UMOD,4,0.012141660998906234
induction,KCNK3,3,0.09121519920022825
ambient,FKBP11,1,0.9364905907362479
ambient,AMY2A,1,0.9999806027726394
outplane,LILRA4,1,0.3767015453673339
outplane,AMY2A,3,0.9999764721684221
outplane,CD2,1,0.805896688022364
outplane,GATM,1,0.9999500176022814
ambient,CFTR,2,0.9998769582236486
ambient,CFTR,1,0.9998830373581266
ambient,CPA3,1,0.806189516474076
inplane,MYC,1,0.6949714160958933
inplane,AMY2A,2,0.999975656316843
inplane,FXYD2,1,0.9625695138838892
inplane,GATM,1,0.9999481447900718
induction,DPEP1,7,0.056601281227264155
induction,UMOD,1,0.010793537788015173
induction,KCNK3,2,0.08265557160420867
ambient,UMOD,2,0.023567264324641513
outplane,AMY2A,2,0.9999740770136946
outplane,GATM,1,0.9999444870352575
outplane,AQP8,1,0.9997703804638591
induction,DPEP1,1,0.040675450815687575
induction,UMOD,5,0.0077789416665126065
induction,KCNK3,4,0.05881187453958392
outplane,CFB,1,0.8642981261296152
outplane,CFTR,1,0.999868812964088
outplane,AMY2A,1,0.9999768002301831
outplane,GATM,1,0.9999506464799821
induction,DPEP1,7,0.04522929889048599
induction,UMOD,3,0.008620367320988254
inplane,PECAM1,1,0.0
inplane,TMC5,1,0.9915629429314932
inplane,ANPEP,1,0.9996163809414651
inplane,ADAMTS1,1,1.7690293674377244e-12
inplane,AMY2A,2,0.9999731610661937
inplane,GATM,1,0.999942503545506
ambient,CA4,1,0.7717207460789407
ambient,KCNK3,1,0.261795517479944
outplane,CFB,1,0.9292812103356384
outplane,CFTR,2,0.9998535548712485
outplane,TFPI,1,0.0
outplane,AMY2A,2,0.9999705126021242
outplane,PROX1,1,0.8503726884010628
outplane,GCG,1,0.9974181457128903
ambient,DPEP1,1,0.20842418119764206
ambient,PEBP4,1,0.7469635058226436
induction,DPEP1,3,0.04584058684877812
induction,UMOD,3,0.008736071090536979
induction,KCNK3,4,0.06558503287197759
outplane,CFTR,1,0.9997680753992333
outplane,AMY2A,2,0.9999602216603095
outplane,GATM,1,0.9999086369566069
induction,DPEP1,2,0.0557862491210146
induction,UMOD,2,0.010607509583149599
induction,KCNK3,6,0.08012843833444505
ambient,HAMP,1,0.880785961535204
ambient,COCH,1,0.7769888097731216
induction,DPEP1,5,0.05093864537857451
induction,UMOD,2,0.009970257412962424
induction,KCNK3,3,0.0735016693298447
outplane,CFB,1,0.9230683411366837
outplane,EPCAM,1,0.9994831510226568
outplane,CFTR,1,0.9998673230067279
outplane,PROX1,1,0.9105236880031206
ambient,KLK11,1,0.99417643657844
ambient,KCNK3,1,0.21486774801382025
ambient,PROX1,2,0.8056378758978064
ambient,DPEP1,1,0.15971895143514536
ambient,PEBP4,1,0.6193311812488304
outplane,ECSCR,1,0.0
outplane,INMT,1,0.07330989212850281
outplane,PECAM1,1,0.0
outplane,SOX18,1,0.0
ambient,CFTR,1,0.9998028944763255
ambient,GLYATL1,1,0.37639198085746817
induction,DPEP1,2,0.04988017016656576
induction,UMOD,3,0.009471794860205995
induction,KCNK3,5,0.06971569229430763
ambient,CFTR,1,0.9998643143695427
ambient,AQP3,1,0.8019763889165614
induction,DPEP1,4,0.0645682659824035
induction,UMOD,1,0.012535877476214097
induction,KCNK3,5,0.09408219875253188
inplane,FCN1,1,0.20710835102947023
inplane,TM4SF18,1,0.0
inplane,AMY2A,2,0.9999758117087563
inplane,GATM,1,0.9999485865312097
outplane,AMY2A,2,0.9999586244467062
outplane,GATM,2,0.9999091369376983
outplane,AQP8,1,0.9996171053418247
induction,DPEP1,4,0.05449333653953048
induction,UMOD,3,0.01060358040324183
induction,KCNK3,3,0.07989441961371446
ambient,AMY2A,1,0.9999703199203274
ambient,KCNK3,1,0.1838726059332898
inplane,VSIG4,1,0.6211901367196808
inplane,EPCAM,1,0.9992200917772779
inplane,TENT5C,1,0.9959431781476527
inplane,AMY2A,1,0.9999669840611746
outplane,MYC,1,0.6507681851529455
outplane,CD163,1,0.9917110595465702
outplane,AMY2A,2,0.9999784895644858
outplane,GATM,1,0.9999545184902242
induction,DPEP1,6,0.05641082240629702
induction,KCNK3,4,0.08335858546028152
induction,DPEP1,5,0.052659660105769945
induction,UMOD,1,0.01003918373479551
induction,KCNK3,4,0.07811277092604385
inplane,FSTL3,1,0.721665224860428
inplane,ANPEP,1,0.9995883828659109
inplane,CFTR,2,0.9998336855052623
inplane,AMY2A,1,0.9999723210124074
inplane,GATM,1,0.9999388205391518
outplane,PECAM1,1,0.0
outplane,CFTR,2,0.99987947923884
outplane,AMY2A,1,0.9999776352920607
outplane,KCNK3,1,0.22844590340012683
outplane,GATM,1,0.9999524934705247
ambient,ANPEP,1,0.9994235771776948
ambient,KCNK3,1,0.23019818987221807
induction,DPEP1,2,0.043445703731005314
induction,UMOD,3,0.008412638610586498
induction,KCNK3,3,0.05885425645015674
induction,DPEP1,5,0.05205665585747998
induction,UMOD,3,0.010012680127023721
induction,KCNK3,2,0.07259071345714574
inplane,AMY2A,3,0.9999499399411069
inplane,FXYD2,1,0.9174772492974846
inplane,GATM,1,0.9998872625179287
ambient,DPEP1,1,0.19073334369606199
ambient,AMY2A,1,0.9999762425164305
ambient,KLK11,1,0.9965906520944054
ambient,AQP3,1,0.8606814332574484
ambient,CA4,1,0.6993997940685495
ambient,AQP8,1,0.9997242418772517
outplane,MNDA,1,0.5073291505684925
outplane,BCL2L11,1,0.3034949348553374
outplane,CXCL6,2,0.9977685941944057
induction,DPEP1,3,0.050281994387576634
induction,UMOD,6,0.009504184306479369
induction,KCNK3,1,0.07361434033548031
ambient,DPEP1,1,0.09400564096070341
ambient,KCNK3,1,0.274277541773417
induction,DPEP1,3,0.04984803729875975
induction,UMOD,5,0.009715854442032046
induction,KCNK3,2,0.08736137141339206
outplane,EHF,1,0.9985484997029135
outplane,AMY2A,3,0.9999816060302144
induction,DPEP1,2,0.06286508191240059
induction,UMOD,3,0.012317525386841721
induction,KCNK3,5,0.09160660490604244
outplane,VWA5A,1,0.6513254046382306
outplane,AMY2A,2,0.9999783338245674
outplane,GATM,1,0.999954168743684
inplane,TCIM,2,0.0
inplane,ANPEP,1,0.9994142452051261
inplane,AMY2A,1,0.9999576506464034
outplane,AMY2A,3,0.9999736370940239
outplane,GATM,1,0.9999435107452953
induction,DPEP1,4,0.05350906173829706
induction,UMOD,2,0.010212946959088809
induction,KCNK3,4,0.07654038654303619
induction,DPEP1,1,0.06951290329983673
induction,UMOD,4,0.015207671388118404
induction,KCNK3,1,0.09881557421771414
induction,DPEP1,3,0.043905269957510984
induction,UMOD,2,0.008405085519993971
induction,KCNK3,5,0.06282478843669081
induction,DPEP1,4,0.05969566098601775
induction,UMOD,5,0.011361350996274333
induction,KCNK3,1,0.08448487949123273
inplane,CFTR,1,0.999892205351896
inplane,AMY2A,1,0.9999814366283359
inplane,AQP8,2,0.9998398104068237
induction,DPEP1,5,0.07035525705418988
induction,KCNK3,1,0.08020280722130846
inplane,CFTR,1,0.999877210911759
inplane,AMY2A,1,0.9999787488187369
inplane,CXCL6,1,0.9982350249838906
inplane,GATM,1,0.9999549457106104
outplane,PCNA,1,0.670238237393776
outplane,AMY2A,2,0.9999779334613892
outplane,GATM,1,0.9999530400557787
inplane,MDM2,1,0.7736506004748037
inplane,CD4,1,0.3191470452316456
inplane,MET,1,0.6244573387994665
inplane,SERPINB3,1,0.9863419899881342
inplane,AMY2A,2,0.9999765520393655
inplane,FXYD2,1,0.9814195288738043
inplane,GATM,1,0.9999500860487265
inplane,DIRAS3,2,0.9578652812854481
induction,DPEP1,1,0.0543163134217004
induction,UMOD,5,0.010297420680197455
induction,KCNK3,4,0.07843254690006818
outplane,MYC,1,0.6038760123441105
outplane,AMY2A,3,0.999977388898519
outplane,GATM,1,0.9999524610527638
induction,DPEP1,4,0.03797595366342221
induction,UMOD,5,0.007528980060714341
induction,KCNK3,1,0.05894197909036414
ambient,CA4,1,0.8464290258500083
ambient,AQP8,1,0.9997960110727293
inplane,CD83,1,0.3537028515667193
inplane,CAV1,1,0.04477752938841617
inplane,CFTR,1,0.9998746440641278
inplane,AMY2A,2,0.9999783541315996
inplane,GATM,1,0.9999542658581535
induction,DPEP1,5,0.05950987823736431
induction,UMOD,2,0.011383018024287872
induction,KCNK3,3,0.08670335995029865
inplane,MS4A6A,1,0.8242010329116445
inplane,CFB,2,0.8145867644703759
inplane,SERPINB9,1,0.26969308004647474
inplane,CFTR,1,0.9998026698623526
inplane,AMY2A,1,0.9999657127291399
outplane,CTSK,1,0.2752996331985643
outplane,HAVCR2,1,0.8380102847901428
outplane,TM4SF18,1,0.0
outplane,AMY2A,1,0.999974350697229
outplane,FXYD2,1,0.9671783142248697
outplane,CXCL6,1,0.9982604906484108
outplane,GCG,1,0.9974896229084772
inplane,MEST,1,0.7834207876552892
inplane,TENT5C,1,0.9975192009865572
inplane,KCNK3,1,0.2457727868878472
inplane,GATM,1,0.9999543300421484
inplane,TMC5,1,0.9909874234166096
inplane,PPARG,1,0.0707244704771458
inplane,CFTR,1,0.9998819454966604
inplane,CAVIN2,1,0.0
outplane,TCIM,1,0.0
outplane,CFTR,1,0.999878250265732
outplane,EHF,1,0.9987382933298132
outplane,CXCL6,1,0.9986322691905968
induction,DPEP1,4,0.04967593890314681
induction,UMOD,1,0.009544140699637493
induction,KCNK3,5,0.07176707363313406
induction,DPEP1,2,0.052174787693037405
induction,UMOD,5,0.009915436491723884
induction,KCNK3,3,0.0763485367673089
inplane,VCAN,1,0.9987048193485332
inplane,CFTR,1,0.9998795503404838
inplane,GATM,2,0.999956737308016
outplane,AMY2A,3,0.9999785585260101
outplane,GATM,1,0.9999546132083124
outplane,FAS,1,0.3699253481697373
outplane,AMY2A,3,0.999972951484937
inplane,EDN1,1,0.3529893903032203
inplane,CFTR,2,0.999881247133995
inplane,AMY2A,1,0.9999798191010452
inplane,AMY2A,4,0.9999791856053171
inplane,GATM,1,0.999956086297023
outplane,CFTR,1,0.9998605852600422
outplane,TFPI,1,0.0
outplane,AMY2A,1,0.9999762671978437
outplane,GATM,1,0.9999493436660808
outplane,AQP8,1,0.9997909636596614
inplane,BASP1,1,0.08776049835553035
inplane,DST,1,0.617603787030953
inplane,GATA2,1,0.0
inplane,FXYD2,1,0.9765139222402818
ambient,CFTR,1,0.9998777753422006
ambient,UMOD,1,0.050516711456195185
induction,DPEP1,4,0.0794250846299045
induction,UMOD,3,0.015484495587950176
induction,KCNK3,3,0.11456910257542907
inplane,BCL2L11,1,0.37054006511690407
inplane,AMY2A,2,0.999978301435038
inplane,GATM,1,0.9999539918551127
induction,DPEP1,3,0.043827988279187435
induction,UMOD,2,0.008436025201713049
induction,KCNK3,5,0.06467091502068056
inplane,TM4SF18,1,0.0
inplane,AMY2A,2,0.999980246501426
inplane,ERBB2,1,0.9607121223283172
inplane,CFB,1,0.858273273482689
inplane,MYC,1,0.6829504924275316
inplane,AMY2A,2,0.9999723152101542
inplane,GATM,1,0.9999406927886594
ambient,CPA3,1,0.8387572454159675
ambient,GATM,1,0.9999518698216291
ambient,FKBP11,1,0.9258053282338891
ambient,AQP3,1,0.8823653942430311
ambient,CA4,1,0.8563032720485322
ambient,COCH,1,0.8084783563745873
inplane,AMY2A,2,0.9999733027284987
inplane,GATM,2,0.9999427161815269
inplane,FKBP11,1,0.9028737809572595
inplane,MYC,1,0.6190120522824749
inplane,PPP1R1A,1,0.972570714462577
inplane,AMY2A,4,0.9999662970772617
inplane,GPX2,1,0.9903962465661386
inplane,CLCA2,1,0.2141242566389484
ambient,RIDA,1,0.8848428450523286
ambient,CA4,1,0.8812662559835148
induction,UMOD,3,0.017497090863511144
induction,KCNK3,1,0.09839954384877836
induction,DPEP1,4,0.05156306363113805
induction,UMOD,1,0.009782321345478628
induction,KCNK3,5,0.0722502745652146
ambient,CFTR,1,0.9998566883692241
ambient,CPA3,1,0.853460690875119
ambient,COCH,1,0.8772046094742858
ambient,AQP3,1,0.9343495405103523
induction,DPEP1,3,0.03977343516823617
induction,UMOD,2,0.0075841459869959715
induction,KCNK3,5,0.05862741170285468
ambient,CA4,1,0.7170919893832961
ambient,GLYATL1,1,0.4117921783899169
ambient,FKBP11,1,0.7679637721470431
ambient,CFTR,1,0.9996809066028985
inplane,PPP1R1B,1,0.9588183353171268
inplane,AMY2A,4,0.99996269833987
inplane,MDM2,1,0.49984284519782496
inplane,ANPEP,1,0.9995053681746711
inplane,AMY2A,3,0.9999659676357687
inplane,CDK1,1,0.2742125595428343
inplane,GATM,1,0.9999258373586246
ambient,RIDA,1,0.8631455205156406
ambient,HAMP,1,0.9101576298811541
induction,DPEP1,5,0.057712960792510204
induction,KCNK3,5,0.0842854312663075
outplane,NTN4,1,0.7412296831498885
outplane,CFB,1,0.8573548200957567
outplane,MS4A1,1,0.4632133158775703
outplane,C1orf162,1,0.7418500299073654
outplane,AMY2A,1,0.9999732927490629
outplane,CFB,1,0.8596873721545025
outplane,MET,1,0.3908499611204652
outplane,ANPEP,1,0.9996571473080995
outplane,SMIM24,1,0.37177664274550604
inplane,TCIM,1,0.0
inplane,CD93,1,0.0
inplane,AMY2A,2,0.9999800285541092
induction,DPEP1,2,0.08034884251069885
induction,UMOD,3,0.01558893975473885
induction,KCNK3,5,0.11586745070235627
inplane,MEST,1,0.7786403611067353
inplane,AMY2A,1,0.999975818181842
inplane,GATM,2,0.9999486113892481
induction,DPEP1,1,0.055006677711577745
induction,UMOD,3,0.010542627464434573
induction,KCNK3,4,0.07258176520539428
ambient,CFTR,1,0.9998867628582184
ambient,CPA3,1,0.8620329382122547
induction,DPEP1,4,0.06130325661840652
induction,UMOD,2,0.01199996141782389
induction,KCNK3,4,0.08965032387274885
induction,DPEP1,3,0.06010865305959534
induction,UMOD,4,0.01150697282415536
induction,KCNK3,3,0.08767293181784286
inplane,CFTR,1,0.9998393561051095
inplane,KLK11,1,0.995431819303662
inplane,AMY2A,2,0.9999689596042965
inplane,FXYD2,1,0.9479735659380795
inplane,GATM,1,0.9999329693323811
induction,DPEP1,4,0.055892290380167076
induction,UMOD,5,0.010902449395378433
induction,KCNK3,1,0.0818324720871132
outplane,C5orf46,1,0.4601439171209074
outplane,CFTR,1,0.9998556630023888
outplane,AMY2A,2,0.999975348868476
inplane,PRDM1,1,0.2514496168631043
inplane,CFTR,1,0.9998453606667216
inplane,ADAM28,1,0.7520429220256216
inplane,AMY2A,2,0.9999736674990781
inplane,PPP1R1B,1,0.9731146377247665
inplane,DPEP1,1,0.17411469339653096
inplane,CFTR,1,0.9998726063124461
inplane,GATM,1,0.9999551049495293
outplane,SMYD2,1,0.7205163861276551
outplane,STEAP4,1,0.0
outplane,CFTR,1,0.9998697739122866
outplane,FXYD2,1,0.9601604322575391
inplane,ASPN,1,0.26167522295102297
inplane,TCIM,1,0.0
inplane,CFTR,1,0.999593278928379
inplane,EHF,1,0.9956433213408138
inplane,CXCL6,1,0.9958243344784333
ambient,RIDA,1,0.8486557086907554
ambient,KCNK3,1,0.2571569338312403
ambient,CA4,1,0.5944697246436794
ambient,PEBP4,1,0.4086659073523201
induction,DPEP1,1,0.05101374043850393
induction,UMOD,4,0.009809983745431294
induction,KCNK3,1,0.09044410807459935
outplane,CFTR,1,0.9998689968275581
outplane,AMY2A,2,0.9999753031114226
outplane,GPX2,1,0.9969712622616624
outplane,GATM,2,0.9999472435954485
induction,DPEP1,4,0.04164643131114942
induction,UMOD,6,0.00796707994644652
induction,DPEP1,3,0.03983992650255486
induction,UMOD,5,0.007587447128198144
induction,KCNK3,2,0.05877992666150067
ambient,ANPEP,1,0.9996579663089215
ambient,UMOD,1,0.03578162882588998
inplane,AMY2A,2,0.9999687674133794
inplane,CXCL2,1,0.3925282000897493
inplane,AQP8,1,0.9997187937737501
induction,DPEP1,5,0.05118654454441196
induction,UMOD,3,0.009792655463820465
induction,KCNK3,2,0.07498340302521178
induction,DPEP1,4,0.039386298099871375
induction,UMOD,4,0.007433397681843035
induction,KCNK3,2,0.05987167944000493
inplane,C1orf194,1,0.6256065783468718
inplane,ANPEP,1,0.9996905024987307
inplane,AMY2A,1,0.9999779509118908
inplane,AQP8,1,0.9998072196496446
induction,DPEP1,2,0.04918040145383229
induction,UMOD,5,0.009395307272004993
induction,KCNK3,3,0.07212569847968864
inplane,STC1,1,0.0
inplane,AMY2A,2,0.9999756471069357
inplane,GATM,1,0.9999480938283174
induction,DPEP1,6,0.04939881871812102
induction,UMOD,1,0.0095376395708906
induction,KCNK3,3,0.07266546333031154
ambient,RIDA,1,0.756369623977116
ambient,AMY2A,1,0.9999733503932129
inplane,MYC,1,0.5151491778496857
inplane,EPCAM,1,0.9990304400740226
inplane,CXCL2,1,0.4331930498971953
inplane,GATM,1,0.9999157169241083
induction,DPEP1,8,0.047683678672166274
induction,UMOD,1,0.009271429645178797
induction,KCNK3,1,0.0699078843509433
induction,DPEP1,1,0.07114765530236877
induction,UMOD,7,0.01392100262980378
induction,KCNK3,2,0.10318961224648004
outplane,PTGDS,1,0.9262912777117009
outplane,FSTL3,1,0.9295572498034584
outplane,KLK11,1,0.9946324124006569
outplane,ARFGEF3,1,0.9069547660966936
outplane,AMY2A,3,0.9999648708521398
outplane,GATM,1,0.999947974576789
outplane,GCG,4,0.9976490112959462
induction,DPEP1,2,0.036496630262795704
induction,UMOD,6,0.006848007955876145
induction,KCNK3,2,0.053839328826915556
inplane,MYLK,1,0.3596865733921428
inplane,CRISPLD2,1,0.42139061044596793
inplane,COL5A2,1,0.6034808051108311
inplane,AMY2A,2,0.9999731080086465
inplane,C7,1,0.653837541558806
inplane,AQP8,1,0.999761472459499
induction,DPEP1,2,0.04746057648576618
induction,UMOD,6,0.00843493054810307
induction,KCNK3,2,0.059303966171010525
induction,DPEP1,5,0.0374882701695366
induction,UMOD,2,0.007428389378907552
induction,KCNK3,3,0.05583118819197985
ambient,GATM,2,0.9998874455094805
induction,DPEP1,2,0.04981192439127735
induction,UMOD,2,0.009295527425236982
induction,KCNK3,6,0.06596318924918698
ambient,RIDA,1,0.6913147526827237
ambient,CFTR,1,0.9997368468424418
inplane,CD14,1,0.5532271233656829
inplane,CFB,1,0.9447577691827229
inplane,CFTR,2,0.9997685444989846
outplane,STC1,1,0.0
outplane,AMY2A,4,0.9999486124647847
outplane,GATM,1,0.9998822920476523
outplane,AQP8,1,0.9994872658720398
outplane,MFAP5,1,0.2739547730448768
outplane,AMY2A,1,0.9999766833342217
outplane,FXYD2,1,0.9576159088210074
outplane,GATM,1,0.9999504593077065
ambient,HAMP,1,0.7219054393304631
ambient,GATM,1,0.9999080950983061
inplane,CFTR,1,0.9997512635171854
inplane,TM4SF18,1,0.0
inplane,AMY2A,1,0.9999521500011912
inplane,GATM,1,0.9998922932543632
induction,DPEP1,2,0.042340397796380214
induction,UMOD,5,0.007737910788170099
induction,KCNK3,3,0.057435205578649784
induction,DPEP1,4,0.03782075566597687
induction,UMOD,2,0.007196707978975869
induction,KCNK3,4,0.05469271894613037
outplane,EPCAM,1,0.9992198333364625
outplane,AMY2A,2,0.9999601327702137
outplane,SCGN,1,0.9900949367491545
induction,DPEP1,6,0.040799045369576126
induction,UMOD,2,0.008172353200000204
induction,KCNK3,2,0.08963968619081564
outplane,ANPEP,1,0.9996626131130024
outplane,AMY2A,3,0.9999762384117151
ambient,KLK11,1,0.9947803356255978
ambient,PEBP4,1,0.5892425906314376
outplane,EPCAM,1,0.9993070369824196
outplane,ANPEP,1,0.9995899097367738
outplane,CFTR,1,0.9998344494209023
outplane,GPC3,1,0.7229850293001323
inplane,FCGR1A,1,0.722079573313133
inplane,PLD4,1,0.5499492147171441
inplane,CD247,1,0.5749550246505863
inplane,AMY2A,2,0.9999695948555017
inplane,SPIB,1,0.7056423916474052
inplane,ACTG2,1,0.3615812714214388
inplane,EPCAM,1,0.9994563169747964
inplane,ANPEP,1,0.9997090790873875
inplane,AMY2A,1,0.9999793480314424
inplane,GATM,1,0.999956362424334
inplane,EPCAM,1,0.9995825401660057
inplane,AMY2A,4,0.9999554140548453
inplane,GATM,1,0.9998997128508494
ambient,KLK11,1,0.9963135554215148
ambient,PEBP4,1,0.6241910668015759
ambient,FKBP11,1,0.9153862723574208
ambient,AMY2A,1,0.9999789855441531
ambient,DPEP1,1,0.1615938830834791
ambient,AQP8,1,0.9997107416420365
induction,DPEP1,3,0.05225205050241122
induction,UMOD,5,0.01016590862003608
induction,KCNK3,2,0.07652032125156605
inplane,IRF8,1,0.3210981074795918
inplane,MDM2,1,0.4963145817975233
inplane,CFTR,1,0.9998675238264562
inplane,AMY2A,4,0.9999774580036362
induction,DPEP1,5,0.04630331972490065
induction,UMOD,4,0.008883625004299067
induction,KCNK3,1,0.06687521888094605
induction,DPEP1,5,0.0449388502338437
induction,UMOD,3,0.00860456785487751
induction,KCNK3,2,0.06463137140094866
ambient,DPEP1,1,0.11045019754378316
ambient,UMOD,1,0.021896040274548056
inplane,GYPA,1,0.26339636014175216
inplane,AMY2A,1,0.9999316743751332
inplane,CYP2B6,1,0.11805926021674795
inplane,GATM,1,0.9998412233611875
inplane,AQP8,1,0.9993056318773177
outplane,CFTR,1,0.9998801553082439
outplane,AMY2A,2,0.999978979311598
outplane,GATM,2,0.9999554433671646
inplane,CFTR,1,0.9998621246020889
inplane,AMY2A,1,0.9999733931908027
inplane,FXYD2,2,0.9664227027653984
ambient,PROX1,1,0.8055212738588413
ambient,GATM,1,0.9999291052512744
inplane,PLAC9,1,0.22710082827254185
inplane,GATA2,1,0.0
inplane,DPT,1,0.916692566670061
inplane,AMY2A,2,0.9999288228860086
inplane,C20orf85,1,0.2910034565354451
induction,DPEP1,3,0.05273473936532469
induction,UMOD,3,0.010158554889379556
induction,KCNK3,4,0.07596889476406088
outplane,CFB,1,0.8276523884840691
outplane,C1orf162,1,0.6293985122867207
outplane,AMY2A,2,0.9999763767077448
outplane,PEBP4,1,0.6266796870496083
ambient,FKBP11,1,0.9468269109352723
ambient,HAMP,1,0.9085855222595005
outplane,CFB,1,0.8078395649969276
outplane,TMC5,1,0.9904083664330012
outplane,GDF15,1,0.9071328638685983
outplane,GATM,1,0.9999486265865537
outplane,KCNMA1,1,0.5417046340881866
outplane,MTRNR2L11,1,0.4494059554333054
outplane,AMY2A,1,0.9999801873161016
outplane,GATM,1,0.9999582744858359
outplane,DIRAS3,1,0.936942367077609
induction,DPEP1,2,0.04351133558134679
induction,UMOD,2,0.008462528248143752
induction,KCNK3,6,0.06389847379919267
inplane,CFB,1,0.8399767260371885
inplane,EHF,1,0.9985212620284188
inplane,AMY2A,1,0.999976766478903
inplane,SPIB,1,0.6804080350742506
induction,DPEP1,4,0.0420137886693116
induction,UMOD,3,0.007994604423922747
induction,KCNK3,3,0.06180053315930312
ambient,ANPEP,1,0.9996364638199705
ambient,KCNK3,1,0.2748606183857675
ambient,FKBP11,1,0.9067803223889043
ambient,CFTR,1,0.9998620882620658
ambient,DPEP1,1,0.14487132012789694
ambient,AQP8,1,0.9996833227266747
inplane,HAVCR2,1,0.7173841360531303
inplane,AMY2A,1,0.9999791865947545
inplane,PROX1,1,0.8956057798434377
inplane,GATM,1,0.9999560326048236
inplane,AQP8,1,0.9998199030317252
induction,DPEP1,3,0.06838610383897081
induction,UMOD,3,0.013355598583999151
induction,KCNK3,4,0.09932527870279173
induction,DPEP1,3,0.04872204155252591
induction,UMOD,1,0.009037260886668785
induction,KCNK3,4,0.06268025318080861
induction,DPEP1,3,0.04010609107096075
induction,UMOD,2,0.007758390678357485
induction,KCNK3,5,0.06285932069968658
inplane,SMYD2,1,0.6960575039247813
inplane,AMY2A,3,0.9999735755460071
inplane,GATM,1,0.999943417409283
inplane,AMY2A,3,0.9999789795684187
inplane,GATM,1,0.9999555721746658
ambient,ANPEP,1,0.9996701077051825
ambient,CPA3,1,0.7815610486909282
inplane,CD14,1,0.3940133883327579
inplane,FSTL3,1,0.7972101248690898
inplane,CFTR,1,0.9998654304068874
inplane,TM4SF18,1,0.0
induction,DPEP1,5,0.043415085601826275
induction,UMOD,3,0.008273661757838613
induction,KCNK3,2,0.06397013053123402
ambient,DPEP1,1,0.17848230823670985
ambient,CPA3,1,0.7493269086361878
outplane,AMY2A,2,0.9999783639473151
outplane,CXCL6,1,0.9987259647896316
outplane,GATM,1,0.9999541272755672
outplane,THBS2,1,0.995906829767837
outplane,PDGFRA,1,5.355837995324464e-11
outplane,SLC26A2,1,0.28446405395144025
outplane,ACTA2,1,5.962341731446941e-12
induction,DPEP1,5,0.05803893606272437
induction,UMOD,1,0.011374552011671146
induction,KCNK3,4,0.08482482733053276
outplane,MYC,2,0.5892688340346568
outplane,AMY2A,2,0.9999729841030136
outplane,GATM,2,0.9999424226561276
inplane,VCAN,1,0.9988253629118173
inplane,CFB,1,0.8935599568020989
inplane,MNDA,1,0.4372342442159599
inplane,AIF1,1,0.7521392248599792
inplane,CFTR,1,0.9998758454287463
inplane,AMY2A,2,0.9999775257266107
inplane,AMY2A,3,0.9999808782047341
inplane,GATM,1,0.9999598160168627
ambient,CPA3,1,0.7559774742619441
ambient,KCNK3,1,0.239980369633514
ambient,KLK11,1,0.9968503390390493
ambient,KCNK3,1,0.21616174959189216
inplane,DST,1,0.5911247873406718
inplane,AMY2A,2,0.9999748359329628
inplane,GATM,2,0.999946150033742
inplane,AMY2A,4,0.9999651144586601
inplane,BTNL9,1,0.0
outplane,FGL2,1,0.7098288458943515
outplane,MS4A6A,1,0.834896907611294
outplane,BAMBI,1,0.7753843043839456
outplane,AMY2A,2,0.9999797440254936
outplane,PROX1,1,0.9218736823640813
outplane,GATM,1,0.9999571820218421
ambient,CPA3,1,0.7618909361138231
ambient,COCH,1,0.6991138765706733
inplane,NTN4,1,0.720539653788121
inplane,MEST,1,0.7852636150650919
inplane,IGSF6,1,0.5691690467312667
inplane,AMY2A,2,0.9999753236560152
induction,DPEP1,6,0.040679720792313856
induction,UMOD,3,0.007627781854469551
induction,KCNK3,1,0.05897387327848658
induction,DPEP1,3,0.03812429840092335
induction,UMOD,2,0.007207898450841688
induction,KCNK3,5,0.056285655636295395
inplane,AMY2A,4,0.9999784229667423
inplane,GATM,1,0.9999542887485442
inplane,AQP8,1,0.9998123789109428
ambient,RIDA,1,0.6029851613493116
ambient,CPA3,1,0.5945964588310599
outplane,TCIM,2,0.0
outplane,BCL2L11,1,0.2880837398854905
outplane,CFTR,1,0.9997809136754112
inplane,CFTR,1,0.9996516223237568
inplane,EHF,1,0.9976659429510442
inplane,AMY2A,1,0.9999301680781192
inplane,FXYD2,1,0.8560050473183465
inplane,INS,1,0.9974661756563835
induction,DPEP1,6,0.046317813580231126
induction,UMOD,1,0.008726055511585007
induction,KCNK3,1,0.06818568399036262
outplane,MYC,1,0.5521231481604079
outplane,AMY2A,3,0.9999726311721459
ambient,CPA3,1,0.7247157713537493
ambient,GATM,1,0.999934309593305
induction,DPEP1,1,0.038988686762212676
induction,UMOD,4,0.0072356255540234615
induction,KCNK3,5,0.058352509788932694
inplane,CFB,1,0.4073111098005011
inplane,MDM2,1,0.36246165535818997
inplane,CFTR,1,0.9996493039890768
inplane,GDF15,1,0.6917501482605913
inplane,AMY2A,1,0.9999429210022496
ambient,HAMP,1,0.5931444961248175
ambient,GATM,1,0.9998297521101759
inplane,MDM2,1,0.4974368516271769
inplane,AMY2A,3,0.9999405416867553
inplane,GATM,1,0.9998631496677947
inplane,DST,1,0.2868225498377419
inplane,AMY2A,2,0.9999420443756171
inplane,KCNK3,1,0.17453352626437546
outplane,AMY2A,2,0.9999337623558183
outplane,FXYD2,1,0.7356675362550009
outplane,GATM,2,0.9998433964457905
outplane,FKBP11,1,0.912144479093316
outplane,AMY2A,2,0.9999721861126765
outplane,GATM,1,0.9999403746751799
ambient,FKBP11,1,0.9056616277840357
ambient,AQP3,1,0.8275580917199656
outplane,TMC5,1,0.9836972252864582
outplane,PPARG,1,0.1798335994981728
outplane,CFTR,1,0.9995815592839881
outplane,CAVIN2,1,0.0
inplane,AMY2A,2,0.9999360198985675
inplane,CXCL2,1,0.21394653823899767
inplane,GATM,1,0.9998484694905602
outplane,MMRN2,1,0.0
outplane,SFRP4,1,0.908961432563815
outplane,CFTR,1,0.9998728755717564
outplane,TM4SF18,1,0.0
outplane,AMY2A,1,0.9999784006462439
outplane,PECAM1,1,0.0
outplane,MDM2,1,0.4463223803832431
outplane,TFPI,1,0.0
outplane,AMY2A,2,0.9999771633300192
outplane,GATM,1,0.999951892061987
inplane,MS4A6A,1,0.7776582568459047
inplane,FBN1,1,0.01218353203782574
inplane,AMY2A,2,0.9999798965047757
induction,DPEP1,3,0.05070923384809478
induction,UMOD,4,0.009588145445395546
induction,KCNK3,3,0.0742378142764416
ambient,UMOD,1,0.03808025829281758
ambient,AQP3,1,0.7991576079969968
induction,DPEP1,2,0.05055319328649144
induction,UMOD,4,0.009510770961502657
induction,KCNK3,4,0.07302771624734994
inplane,CFB,1,0.8004287218282989
inplane,EDN1,1,0.16805789613764766
inplane,EPCAM,1,0.9993241630757597
inplane,CFTR,2,0.9998778647662663
inplane,GATM,1,0.9999570167865912
ambient,DIRAS3,1,0.9537092276203902
ambient,GLYATL1,1,0.6517501624685362
ambient,FKBP11,1,0.945663318015856
ambient,GATM,1,0.9999593057574524
induction,DPEP1,1,0.0491964323049815
induction,UMOD,5,0.009350653201506964
induction,KCNK3,4,0.07214665856336822
ambient,FKBP11,1,0.8979639790041212
ambient,RIDA,1,0.7658952948832427
outplane,SFTA2,1,0.2972007210324976
outplane,FBN1,1,0.2723287123794814
outplane,EPCAM,1,0.9994676027717927
outplane,TENT5C,1,0.9976230832743506
outplane,GATM,1,0.9999574710517344
ambient,KLK11,1,0.9964162867385614
ambient,AQP8,1,0.9997952368242847
inplane,VSIG4,1,8.427525344245623e-11
inplane,PTPRC,1,0.9953677749827471
inplane,KCNMA1,1,0.4549890962401586
inplane,PPARG,1,0.0457405260681939
inplane,PRDM1,1,0.05485871858291125
inplane,ACTA2,1,2.8383961847566752e-12
inplane,TCIM,1,0.0
inplane,CRISPLD2,1,3.84703380262863e-12
inplane,AMY2A,1,0.9999769258973293
inplane,GATM,1,0.999951086723852
outplane,AMY2A,3,0.9999764180614683
outplane,SOX17,1,0.0
ambient,FKBP11,1,0.9504556984406247
ambient,RIDA,1,0.8782542078543225
ambient,CFTR,1,0.999816180212043
ambient,UMOD,1,0.030131759189590213
outplane,AMY2A,1,0.9999803837490611
outplane,PROX1,1,0.9383425694075297
outplane,GATM,2,0.9999585781309649
outplane,AQP8,1,0.9998303769093692
outplane,DST,1,0.46147594139575265
outplane,PPP1R1B,1,0.9645694694487283
outplane,EPCAM,1,0.999340833274369
outplane,KRT7,1,0.9866323737152424
outplane,AMY2A,1,0.9999801770785723
ambient,DPEP1,1,0.19517680067621268
ambient,PROX1,1,0.8394561177269524
induction,DPEP1,3,0.042769974983228876
induction,UMOD,3,0.007990198979707874
induction,KCNK3,4,0.06463434892595687
ambient,GATM,1,0.9999557210771571
ambient,DIRAS3,1,0.9711217455132233
induction,DPEP1,2,0.07074012321219292
induction,UMOD,3,0.013694915796044205
induction,KCNK3,5,0.10271527677104797
inplane,CTSK,1,0.022770729894138753
inplane,CFB,1,0.8517135963120935
inplane,CFTR,1,0.9998863852155317
inplane,AMY2A,2,0.9999806705623892
inplane,FXYD2,1,0.9691247631818368
outplane,GLIPR1,1,0.5177347868459796
outplane,TMC5,1,0.9958698776060136
outplane,CFTR,1,0.9998508704248158
outplane,GDF15,1,0.9170872324348627
outplane,CD163,1,0.9950651016357825
outplane,AMY2A,2,0.9999795962364283
outplane,AQP8,1,0.9998232615502631
outplane,CAVIN1,1,0.04253307486778979
outplane,FBN1,1,0.01494362462268084
outplane,AMY2A,3,0.9999797577255962
induction,DPEP1,3,0.047790434917151625
induction,UMOD,1,0.009048301270165982
induction,KCNK3,6,0.07010159134289906
outplane,AMY2A,5,0.9999772516164032
inplane,PMP22,1,0.20039786698047246
inplane,PECAM1,1,0.0
inplane,PLAC9,1,0.23569251479992426
inplane,EPCAM,1,0.99938505972403
inplane,GEM,1,0.30953370849134565
inplane,AMY2A,1,0.9999789099496386
inplane,SOX17,1,0.0
ambient,ANPEP,1,0.9996848048418284
ambient,KCNK3,1,0.21029531509757893
outplane,AMY2A,5,0.9999776278192993
outplane,AQP8,2,0.9998043563989305
inplane,AMY2A,3,0.9999729130045971
inplane,GATM,1,0.9999417902585974
ambient,DPEP1,1,0.1585819011171643
ambient,ANPEP,1,0.9997229824552515
induction,DPEP1,2,0.0571721227012596
induction,UMOD,3,0.010939325994545612
induction,KCNK3,5,0.08347568372649283
outplane,AMY2A,4,0.9999786109249735
outplane,GATM,1,0.9999546447984545
ambient,KLK11,1,0.9958335801007201
ambient,GATM,1,0.9999417956924617
induction,DPEP1,2,0.04699129483794462
induction,UMOD,2,0.008879790308217728
induction,KCNK3,6,0.06645597602827535
inplane,VCAN,1,0.999728366792124
inplane,MYLK,1,0.6973667183440151
inplane,AMY2A,2,0.9999335174173694
inplane,GATM,1,0.9998424757726252
inplane,ANPEP,1,0.9989317399678287
inplane,AMY2A,3,0.9999324140785465
inplane,GATM,1,0.999839802778014
inplane,C15orf48,2,0.995629980032828
inplane,CPA3,1,0.8567025225618481
inplane,GATM,1,0.9999583916316375
inplane,TBX3,1,0.07997418557061997
inplane,PLIN4,1,0.5063702278654629
inplane,CD79A,1,0.9630221103209988
inplane,AMY2A,3,0.999977754563994
inplane,CFAP53,1,0.7740471053424368
ambient,AMY2A,1,0.9999761028755505
ambient,KCNK3,1,0.1912143727272737
induction,DPEP1,3,0.042504347940721665
induction,UMOD,4,0.008329850731986
induction,KCNK3,3,0.06277759513301429
outplane,MS4A4A,1,0.879458778007448
outplane,ANPEP,1,0.9996175367932272
outplane,AMY2A,1,0.9999727686816104
outplane,GATM,1,0.9999412254859711
outplane,CAVIN1,1,0.05526879509892324
outplane,LILRB2,1,0.24414249714599112
outplane,MDM2,1,0.6003229732921284
outplane,CFTR,1,0.9998835763631967
outplane,AMY2A,2,0.9999799425713889
outplane,GATM,1,0.9999577145237223
outplane,FKBP11,1,0.9441052220651668
outplane,CFTR,1,0.9998572319117064
outplane,AMY2A,1,0.9999714144200923
outplane,GATM,1,0.999938281687892
outplane,KCNMA1,1,0.49529268343429544
outplane,AMY2A,3,0.9999759404271508
outplane,AQP8,1,0.9997880494249397
ambient,ANPEP,1,0.9995942956008194
ambient,CA4,1,0.7241193425467287
outplane,CFTR,1,0.9997802571768246
outplane,AMY2A,3,0.9999584531362539
outplane,GATM,1,0.9999043263920763
induction,DPEP1,2,0.0422142533336658
induction,UMOD,5,0.007662037972515301
induction,KCNK3,3,0.05442713525758902
ambient,CFTR,1,0.9998725212646871
ambient,AQP3,1,0.8907732350558653
induction,DPEP1,2,0.0493277586622628
induction,UMOD,3,0.008906915714846031
induction,KCNK3,3,0.060764916554892245
ambient,DPEP1,1,0.1299886255225995
ambient,GLYATL1,1,0.3352062636933081
induction,DPEP1,1,0.07189041537513885
induction,UMOD,2,0.018338908163478385
induction,KCNK3,1,0.11000519166964706
outplane,PDGFRA,1,0.8667376695542983
outplane,CFB,1,0.8124658388334215
outplane,PPP1R1B,1,0.9245610442520477
outplane,GATM,1,0.9998330158992949
induction,UMOD,2,0.010463468577417867
induction,KCNK3,4,0.07140982879902025
outplane,NTN4,1,0.5676416107267098
outplane,CFB,1,0.8168391869361893
outplane,TMC5,1,0.9957932963717128
outplane,CNN1,1,0.9939139831565252
outplane,IL1RL1,1,0.41416423130136015
inplane,PECAM1,1,0.0
inplane,AMY2A,3,0.9999608699224698
induction,DPEP1,4,0.03569791007645007
induction,UMOD,4,0.007169315651559982
induction,KCNK3,2,0.0533995889709995
outplane,CFB,1,0.826589057260316
outplane,FKBP11,1,0.8814502182977149
outplane,KLRD1,1,0.16773680368570187
outplane,AMY2A,1,0.9999738280997951
induction,DPEP1,5,0.037437071761554086
induction,UMOD,2,0.007007365377643793
induction,KCNK3,3,0.054117045010125264
induction,UMOD,6,0.006716874220778046
induction,KCNK3,4,0.05105736327003152
induction,DPEP1,2,0.0712027659253569
induction,UMOD,2,0.013480192856168194
induction,KCNK3,6,0.09972222189405866
induction,DPEP1,4,0.05115452092957251
induction,UMOD,2,0.009760864528440938
induction,KCNK3,4,0.07379199676676829
outplane,MS4A6A,1,0.7096968661287836
outplane,FAS,1,0.21755969860653268
outplane,MALL,1,0.01634027003017602
outplane,AMY2A,1,0.9999720186858461
outplane,AMY2A,1,0.9999689583060176
outplane,GATM,2,0.9999329388256656
outplane,AQP8,1,0.9997208319906766
outplane,PGR,1,0.3648666303320436
outplane,ADGRL4,1,0.0
outplane,CFB,1,0.7927128276782828
outplane,THAP2,1,0.37332270445104776
outplane,AMY2A,2,0.9999653008664058
outplane,GATM,1,0.9999243301579139
outplane,PECAM1,2,0.0
outplane,CFTR,2,0.9997466142199402
outplane,TFPI,1,0.0
outplane,AMY2A,3,0.9999455055763731
induction,DPEP1,3,0.04267833634348295
induction,UMOD,3,0.00832216320839363
induction,KCNK3,4,0.06317396772635853
outplane,NTN4,1,0.6446230810895446
outplane,MDM2,1,0.5542982990394585
outplane,AMY2A,2,0.9999360607531657
outplane,GATM,1,0.9998417170876724
induction,DPEP1,3,0.04219231649765276
induction,UMOD,3,0.008189000139600444
induction,KCNK3,4,0.06839190498035086
ambient,AMY2A,1,0.9999663919738154
ambient,DIRAS3,1,0.8953808109092153
outplane,ACTG2,1,0.3389425695400582
outplane,MYC,1,0.6810471905904444
outplane,CFTR,2,0.9998831823067436
outplane,AMY2A,1,0.9999798347773771
induction,DPEP1,4,0.044633873135217716
induction,UMOD,4,0.008456094422881866
induction,KCNK3,2,0.06558127914073797
ambient,ANPEP,1,0.9996571892004928
ambient,AQP8,1,0.9997859590506126
induction,DPEP1,1,0.03845735388300886
induction,UMOD,6,0.007569031366305268
induction,KCNK3,3,0.057088918338915384
outplane,EPCAM,1,0.9995172244358242
outplane,AMY2A,2,0.9999546746356557
outplane,GATM,1,0.9998982137031306
induction,DPEP1,5,0.041923239728225314
induction,UMOD,4,0.008324738625167138
induction,KCNK3,1,0.06214909011654812
outplane,NTN4,1,0.4847712411535505
outplane,CFTR,1,0.999768593520125
outplane,AMY2A,1,0.999961822124184
outplane,FXYD2,2,0.8809986571262131
inplane,AMY2A,3,0.9999687356600852
inplane,C7,1,0.647221430016049
inplane,GATM,1,0.9999326295752374
inplane,FKBP11,1,0.9534053435569996
inplane,AMY2A,4,0.9999804619705185
inplane,KCNK3,1,0.327369230106786
inplane,GATM,2,0.9999585019262667
induction,DPEP1,2,0.04243852392900538
induction,UMOD,6,0.008043312442090667
induction,KCNK3,2,0.06244503336527152
inplane,DST,1,0.7944393589308095
inplane,CFTR,1,0.9997112998436273
inplane,CA4,1,0.8425880263479504
inplane,AMY2A,2,0.999952286677846
inplane,SMYD2,1,0.49493376686600843
inplane,CFTR,1,0.9996526120629746
inplane,GATM,2,0.9998632189483618
ambient,KCNK3,1,0.21010108415967121
ambient,GATM,1,0.9999236674267106
induction,DPEP1,3,0.04144338296628591
induction,UMOD,5,0.007792235315910556
induction,KCNK3,2,0.05660314359893048
inplane,FSTL3,1,0.813282121868588
inplane,PPP1R1B,1,0.9302745684865964
inplane,SLC4A1,1,0.08981617117727492
inplane,FXYD2,1,0.9094134839813193
inplane,CLCA1,1,0.20090363906040043
inplane,GPX2,1,0.9956931880057278
ambient,CA4,1,0.7954490592102769
ambient,CPA3,1,0.7778241676743034
ambient,FKBP11,2,0.9086191869097059
outplane,FGL2,1,0.6574292390695828
outplane,CD14,1,0.7345483186795807
outplane,TCIM,1,0.0
outplane,KCNMA1,1,0.5185058574430355
inplane,FAS,1,0.24320811978011148
inplane,AMY2A,1,0.9999691485493971
inplane,GATM,2,0.9999333584472362
inplane,PDGFRA,1,0.20911225611768347
inplane,MYC,1,0.40563357458035365
inplane,AMY2A,3,0.9999526739606728
induction,UMOD,1,0.015606865412465365
induction,KCNK3,3,0.23053047759951384
ambient,FKBP11,1,0.7601184349462269
ambient,DIRAS3,1,0.8364488798744469
inplane,AMY2A,4,0.9999631767425333
inplane,EDNRB,1,0.0
inplane,GATM,1,0.9999191828927068
inplane,CFTR,2,0.9998421487137008
inplane,AMY2A,1,0.9999730436604105
inplane,PROX1,1,0.8566068920543455
outplane,AMY2A,3,0.9999749807915524
outplane,AQP8,1,0.9997791805135935
induction,DPEP1,1,0.059271395842321106
induction,UMOD,2,0.011391550292642605
induction,KCNK3,7,0.0863724461446026
ambient,RIDA,1,0.7440723375016148
ambient,CFTR,1,0.9998766634619543
induction,DPEP1,3,0.052116747570480904
induction,UMOD,3,0.009895576522754745
induction,KCNK3,4,0.07514866986259627
inplane,EPCAM,2,0.9995507033980736
inplane,PPP1R1A,1,0.9703722440561056
inplane,CFTR,1,0.9998420721231918
inplane,GATM,1,0.9999326678052445
ambient,COCH,1,0.7637319569652757
ambient,PEBP4,1,0.6929440739808259
inplane,AMY2A,4,0.9999767532434464
inplane,GATM,1,0.9999505186169507
induction,DPEP1,1,0.04698629194872317
induction,UMOD,5,0.008888990269599328
induction,KCNK3,4,0.06894793929243315
ambient,CFTR,1,0.9998909453006085
ambient,COCH,1,0.8918064979863203
outplane,MCF2L,1,0.0
outplane,CFTR,1,0.999884367114905
outplane,EHF,2,0.9987678511693378
outplane,AMY2A,2,0.9999796394183532
induction,DPEP1,3,0.03916912443781684
induction,UMOD,6,0.007470038512343291
induction,KCNK3,1,0.05691937777649714
induction,UMOD,7,0.012389545135861435
induction,KCNK3,3,0.09134967365340474
ambient,CFTR,1,0.9998820911430341
ambient,AQP8,1,0.9998303264049024
outplane,CAVIN1,1,0.16203731047428038
outplane,NPDC1,1,0.0
outplane,AMY2A,3,0.9999784091137828
inplane,ANPEP,1,0.9996439033546745
inplane,AMY2A,2,0.9999742300610016
inplane,GATM,1,0.9999445517565004
inplane,AQP8,1,0.9997698511537051
inplane,AMY2A,3,0.9999751655337119
inplane,FOXP3,1,0.6886649704107419
inplane,GPC3,1,0.765893944591503
ambient,CFTR,1,0.9998567866089608
ambient,PEBP4,1,0.6235072618472985
outplane,CFB,1,0.9379742600422126
outplane,MYC,1,0.8180731073973375
outplane,ANPEP,1,0.9997016411377555
outplane,GATM,1,0.999954816865222
induction,DPEP1,4,0.0632892436345176
induction,UMOD,5,0.012371635221497423
induction,KCNK3,1,0.0923289939567391
inplane,CFTR,1,0.9998739047377888
inplane,AMY2A,2,0.9999785580375566
inplane,GATM,1,0.9999546155592273
inplane,GNG11,1,0.0
inplane,CFTR,1,0.9998789591006657
inplane,AMY2A,1,0.9999793985411678
inplane,GPX2,1,0.989684833670553
outplane,NTN4,1,0.7505408871979186
outplane,ACTG2,1,0.3195355751422517
outplane,ARFGEF3,1,0.8127023415233404
outplane,AMY2A,2,0.9999800782389204
outplane,GATM,1,0.9999579655275141
ambient,PROX1,1,0.9158179797485805
ambient,PEBP4,1,0.7662985595096425
ambient,HAMP,1,0.9133867770595945
ambient,AQP8,1,0.9998346796825244
induction,DPEP1,3,0.04627887376604378
induction,UMOD,3,0.008749672076154291
induction,KCNK3,4,0.06796000214184605
induction,DPEP1,2,0.03960230293037714
induction,UMOD,4,0.007260418595549267
induction,KCNK3,4,0.05588002753734611
inplane,MDM2,1,0.5083359320590657
inplane,AMY2A,2,0.9999771161035879
inplane,GATM,1,0.9999514751827565
ambient,CPA3,1,0.6558561892844019
ambient,DIRAS3,1,0.8467051625181856
inplane,MCF2L,1,0.0
inplane,CD300E,1,0.2043360804239096
inplane,AMY2A,1,0.999979667786703
inplane,GATM,1,0.9999570665163339
outplane,NTN4,1,0.4037317982676849
outplane,CFTR,1,0.9995924501110758
outplane,AMY2A,1,0.9999336975338747
outplane,GATM,1,0.9998476359918945
induction,DPEP1,3,0.04967642526608973
induction,UMOD,4,0.009351587433804487
induction,KCNK3,3,0.06874023720196665
outplane,AMY2A,4,0.9999651841309325
inplane,AMY2A,3,0.9999655134845294
inplane,AQP8,1,0.9996831763653695
inplane,AMY2A,2,0.9999767876254038
inplane,GATM,2,0.9999506640603331
inplane,CFTR,2,0.9997546468459366
inplane,AMY2A,2,0.9999595844800074
inplane,GATM,1,0.9999106882306715
outplane,AMY2A,3,0.9999724943201765
outplane,GATM,1,0.9999409365788485
induction,DPEP1,2,0.041115723257024284
induction,UMOD,1,0.007685411681845444
induction,KCNK3,7,0.059735914933553236
ambient,KLK11,1,0.996755685599066
ambient,CPA3,1,0.8373221677957887
outplane,CFTR,2,0.9998257627903193
outplane,AMY2A,2,0.9999657692558473
induction,DPEP1,3,0.04688858584163702
induction,UMOD,5,0.008932811534318796
induction,KCNK3,2,0.06875623722468405
inplane,VCAN,1,0.9993859076014975
inplane,PRDM1,1,0.20442398248470384
inplane,TM4SF18,1,0.0
inplane,AQP8,1,0.9997838254127486
ambient,ANPEP,1,0.9997183293844044
ambient,CA4,1,0.8240980980971764
inplane,COL5A2,1,3.4019453920564047e-12
inplane,RIDA,1,0.8355788370942829
inplane,AMY2A,2,0.9999804547288131
induction,DPEP1,3,0.047262222175635804
induction,UMOD,5,0.008909839690847243
induction,KCNK3,2,0.06932283175971299
ambient,AMY2A,1,0.9999779433012871
ambient,KCNK3,1,0.299096871308005
induction,DPEP1,5,0.05360745508490716
induction,UMOD,3,0.010225725693957743
induction,KCNK3,2,0.07843836654586811
inplane,NTN4,1,0.7179146335637259
inplane,CFB,1,0.8716041355747505
inplane,CFTR,1,0.9998353226813241
inplane,AMY2A,2,0.9999683216034212
inplane,MAMDC2,1,0.38900290060171205
inplane,AMY2A,2,0.9999787341959644
inplane,AQP8,2,0.9998152431566845
inplane,TCIM,1,0.0
inplane,MDM2,1,0.5706257652705521
inplane,AMY2A,2,0.9999780965780993
induction,DPEP1,3,0.03851543251897327
induction,UMOD,3,0.007299002474734362
induction,KCNK3,4,0.05680601841798305
outplane,AMY2A,2,0.9999770557863528
outplane,PROX1,1,0.8684251184595422
outplane,GATM,1,0.9999512599704962
ambient,RIDA,1,0.7606244471403873
ambient,ANPEP,1,0.9996429463058308
outplane,TENT5C,1,0.9969364322588485
outplane,AMY2A,2,0.9999734476702858
outplane,AQP8,1,0.9997647520181304
induction,UMOD,3,0.010209529878644319
induction,KCNK3,3,0.07036567921837167
ambient,AMY2A,1,0.999953536280501
ambient,PROX1,1,0.6882597863137557
ambient,CFTR,1,0.9996117206184433
ambient,DIRAS3,1,0.6579918832736353
induction,DPEP1,2,0.059722133020289725
induction,UMOD,1,0.010838790099408246
induction,KCNK3,3,0.07540843543013342
inplane,DST,1,0.41888308761225856
inplane,CFTR,1,0.9997321762455024
inplane,PROX1,1,0.6122939112150865
inplane,GATM,1,0.9998679142558589
ambient,DPEP1,1,0.0891494787278404
ambient,KCNK3,1,0.12615678339489644
induction,DPEP1,2,0.048469704110492784
induction,UMOD,2,0.009542229144465453
induction,KCNK3,2,0.0707509353092084
induction,DPEP1,1,0.06151375862097519
induction,UMOD,3,0.01196473175568058
induction,DPEP1,2,0.0657981019187539
induction,UMOD,1,0.013520355687160146
induction,KCNK3,1,0.08776901961331474
ambient,PROX1,1,0.8163985460916245
ambient,AQP8,1,0.9996596031049264
outplane,EPCAM,1,0.9991227601323026
outplane,AMY2A,2,0.9999437184311372
outplane,AQP8,1,0.9994336733187037
outplane,NTN4,1,0.4162541711890223
outplane,ALDH1A3,2,0.41343985708191944
outplane,CFTR,1,0.9996298003627533
outplane,EGFR,1,0.5986321081973236
inplane,CFTR,1,0.9997515928719399
inplane,AMY2A,3,0.9999329865956638
inplane,GATM,1,0.9998416729407544
ambient,CA4,1,0.704934830476361
ambient,DIRAS3,1,0.8673310261419219
outplane,AMY2A,2,0.9999545356526253
outplane,GATM,2,0.9999000529754568
induction,DPEP1,5,0.035017121152349784
induction,UMOD,2,0.00674637936146627
induction,KCNK3,3,0.05193704689551304
induction,DPEP1,4,0.05131431960560218
induction,UMOD,1,0.009866106368507377
induction,KCNK3,5,0.07517355961776806
induction,DPEP1,3,0.04640412870854904
induction,UMOD,3,0.008753033370058505
induction,KCNK3,2,0.062413937874855496
inplane,CD4,1,0.3448557946559946
inplane,LIF,1,0.9866113313634042
inplane,AMY2A,3,0.9999747504472044
ambient,CFTR,1,0.9998766207622449
ambient,AQP8,1,0.9998221488061906
ambient,COCH,1,0.5615076545888757
ambient,PEBP4,1,0.4249630693232326
outplane,AMY2A,3,0.999962554911007
outplane,GATM,1,0.999917612820374
inplane,AMY2A,3,0.9999766961156685
inplane,GATM,1,0.9999505771744269
inplane,AQP8,1,0.9997969907980422
inplane,MYC,1,0.7301597082437684
inplane,AMY2A,3,0.999975553872814
outplane,ADGRL4,1,0.0
outplane,CD34,1,0.0
outplane,LILRB2,1,0.29755129649624346
outplane,SNCG,1,0.03970447503281627
outplane,AMY2A,3,0.9999588281628814
outplane,KCNK3,1,0.2275024030999956
inplane,CD3D,1,0.18512097651438808
inplane,PPP1R1B,1,0.9418424246181054
inplane,AMY2A,2,0.9999776143795472
outplane,RIDA,1,0.8922950608212497
outplane,AMY2A,2,0.9999776634881156
outplane,AQP8,2,0.9998049445794482
induction,DPEP1,3,0.05828744645375361
induction,UMOD,4,0.011393186717810977
induction,KCNK3,3,0.08375674916376585
ambient,RIDA,1,0.8869195914395487
ambient,KCNK3,1,0.18793587218764873
ambient,COCH,1,0.3440872188841688
ambient,PROX1,1,0.4784784548469866
ambient,FKBP11,1,0.9485210856195088
ambient,RIDA,1,0.8789407866733512
inplane,AMY2A,2,0.9999754968999868
inplane,GCG,2,0.9974733329878234
inplane,GNG11,1,0.0
inplane,AMY2A,2,0.9999768282733409
inplane,FXYD2,1,0.9656998082835841
ambient,FKBP11,1,0.8825784255798248
ambient,AQP8,1,0.9996711775253739
induction,DPEP1,1,0.04721809940040789
induction,UMOD,5,0.008629422667095654
induction,KCNK3,4,0.06233761421354511
ambient,DIRAS3,1,0.8670647960555062
ambient,PEBP4,1,0.4671108179815543
outplane,CFTR,1,0.9997079462665963
outplane,AMY2A,3,0.999944891273768
outplane,GATM,1,0.9998708443726942
induction,DPEP1,4,0.054575305965760545
induction,UMOD,3,0.010140227628750664
induction,KCNK3,3,0.07575592946408116
induction,DPEP1,4,0.04574781113911375
induction,UMOD,5,0.008992415224890693
induction,KCNK3,1,0.06737788197313499
outplane,EGFR,2,0.7951187238530795
outplane,GATM,2,0.9999331929917389
outplane,AQP8,1,0.9997220177840846
induction,DPEP1,3,0.0455642731928253
induction,UMOD,2,0.00865909943151666
induction,KCNK3,5,0.06606794568859164
outplane,MET,1,0.0917626141781066
outplane,AMY2A,2,0.9999442162525943
outplane,GATM,1,0.9998716377751797
inplane,TCIM,1,0.0
inplane,SMYD2,1,0.7128939088486214
inplane,ANPEP,1,0.9995881932082066
inplane,LPL,1,0.22765291235317497
inplane,CFAP53,1,0.6910378318756507
ambient,KLK11,1,0.9944124670908316
ambient,GLYATL1,1,0.3892634641933528
outplane,CFTR,1,0.999871584704469
outplane,EHF,1,0.9984614766407448
outplane,AMY2A,2,0.9999781633920508
ambient,CFTR,1,0.9997989613910443
ambient,HAMP,1,0.8958075958515023
outplane,CRISPLD2,1,0.17885414509748654
outplane,MDM2,1,0.5190880845030224
outplane,AMY2A,2,0.9999798548263936
outplane,NTN4,1,0.6650332766079137
outplane,CFB,2,0.8284833157910446
outplane,CFTR,1,0.9998047025239322
outplane,ADAM28,1,0.7523775801291612
induction,DPEP1,3,0.042396234209301165
induction,UMOD,2,0.008052717531356945
induction,KCNK3,5,0.058883640095694245
outplane,TENT5C,1,0.9974241151616576
outplane,AMY2A,4,0.9999785000418527
ambient,UMOD,1,0.02248465526300647
ambient,KCNK3,1,0.15384949596045694
ambient,PROX1,1,0.9290662457636013
ambient,DIRAS3,1,0.9598284802545144
inplane,CFTR,1,0.9998358403090941
inplane,GATA2,1,0.0
inplane,AMY2A,2,0.9999712839123568
inplane,ANPEP,1,0.9991712123415831
inplane,AMY2A,1,0.999946062385131
inplane,FXYD2,1,0.8263477551143023
inplane,CYP4B1,1,0.0
inplane,ACE2,1,0.03300453467581277
induction,DPEP1,5,0.04755452053371945
induction,UMOD,2,0.009100410617338794
induction,KCNK3,3,0.06987780347352557
ambient,UMOD,1,0.030944441534944467
ambient,KLK11,1,0.9931757141919255
ambient,CFTR,1,0.9998799243764063
ambient,GLYATL1,1,0.5763980381506167
outplane,AMY2A,2,0.9999735321968595
outplane,GATM,1,0.9999432361167161
outplane,DIRAS3,1,0.9266166392944688
inplane,MMRN2,1,0.0
inplane,TMC5,1,0.9969262923977534
inplane,EPCAM,1,0.9995297981966753
inplane,MET,1,0.3802580003139645
inplane,FXYD2,1,0.9516766874851122
outplane,PPP1R1A,1,0.9727028558745868
outplane,AMY2A,4,0.9999766312433273
induction,DPEP1,5,0.07493019500735365
induction,UMOD,3,0.014434802884895515
induction,KCNK3,2,0.10749549359981381
inplane,AMY2A,4,0.9999792184512073
inplane,GATM,1,0.9999558531324203
induction,DPEP1,5,0.048661958489702783
induction,UMOD,4,0.009223897780009205
induction,KCNK3,1,0.07136180507292689
ambient,CPA3,1,0.7946142155992599
ambient,PROX1,1,0.8617339016389876
induction,DPEP1,4,0.03824067412439802
induction,UMOD,4,0.007375182697305527
induction,KCNK3,2,0.05953060860359316
outplane,FBLN1,1,0.6440267877537135
outplane,CAVIN1,1,0.09277520505352665
outplane,CLEC4E,1,0.2352499997053391
outplane,CFTR,1,0.999877115861307
outplane,CXCL6,1,0.9964249343689527
inplane,CD247,1,0.18802556761598332
inplane,AMY2A,2,0.9999801796051119
inplane,MCEMP1,1,0.11692992635828292
inplane,GATM,1,0.9999582089358467
outplane,DST,1,0.4717266269672278
outplane,MYC,1,0.7423501899625248
outplane,KIT,1,0.21432109601684468
outplane,AMY2A,3,0.9999807305088965
ambient,UMOD,1,0.0293347760324999
ambient,PEBP4,1,0.6755880982824236
outplane,PMP22,1,0.3183894705956418
outplane,BCL2L11,1,0.30526273277334326
outplane,CFTR,1,0.9998019599599886
outplane,AMY2A,2,0.99996073407474
inplane,KRT7,1,0.9931908705801115
inplane,AMY2A,2,0.9999438848967188
inplane,HMGCS2,1,0.45131374762878007
inplane,GATM,1,0.999870783505956
outplane,AMY2A,3,0.9999538084954797
outplane,HAMP,1,0.7375672589571751
ambient,DPEP1,1,0.10472012957895549
ambient,UMOD,1,0.0239889345283808
ambient,KLK11,1,0.9944469742981715
ambient,HAMP,1,0.8537900993545166
ambient,DPEP1,1,0.18424112421729333
ambient,CA4,1,0.7988040973091759
outplane,NTN4,1,0.8585010518193483
outplane,CNN1,1,0.991706817626054
outplane,ANPEP,1,0.9997196154714943
outplane,CFTR,1,0.999886818249996
outplane,AMY2A,1,0.9999799672438203
induction,DPEP1,3,0.045390090557015816
induction,UMOD,3,0.008540691570885328
induction,KCNK3,4,0.06462634134879786
inplane,MYC,1,0.621821195921193
inplane,EPCAM,1,0.9993574296337417
inplane,AMY2A,1,0.9999776406035712
inplane,GATM,1,0.9999525874668049
induction,DPEP1,4,0.05636459818816009
induction,UMOD,2,0.01087130790693469
induction,KCNK3,4,0.08219011053766345
induction,DPEP1,3,0.04965267300426346
induction,UMOD,4,0.00956258022424461
induction,KCNK3,3,0.07278692647178342
outplane,AMY2A,3,0.9999730333680963
outplane,GATM,2,0.9999411557418845
induction,DPEP1,2,0.07159159547085081
induction,UMOD,4,0.014131137836825958
induction,KCNK3,4,0.1042370998137706
outplane,ANPEP,1,0.9996576264949115
outplane,KLK11,1,0.9963283808838981
outplane,AMY2A,3,0.9999759204677978
outplane,GATM,2,0.9999486237881753
inplane,STC2,2,0.0
inplane,AMY2A,1,0.9999733996841119
inplane,AQP8,1,0.9997636032783691
ambient,PROX1,1,0.9113916514652671
ambient,DIRAS3,1,0.9524818746997491
induction,DPEP1,6,0.04396673264164874
induction,UMOD,2,0.00826618244226296
induction,KCNK3,2,0.06455550584723846
induction,DPEP1,2,0.04690201599652266
induction,UMOD,5,0.00937958441869291
induction,KCNK3,3,0.06913118673126428
induction,DPEP1,4,0.0585792917462048
induction,UMOD,3,0.011153976001160082
induction,KCNK3,3,0.08294234008432899
ambient,CFTR,1,0.9998282571280803
ambient,PEBP4,1,0.6259677256079186
ambient,UMOD,1,0.035734120293872684
ambient,GATM,1,0.9999538808064768
ambient,ANPEP,1,0.999680011968688
ambient,CA4,1,0.9416039332521198
ambient,FKBP11,1,0.9483973728831256
ambient,UMOD,1,0.038933858024374324
induction,DPEP1,6,0.05641249762859979
induction,UMOD,2,0.010719015863706938
induction,KCNK3,2,0.08454026450924201
ambient,ANPEP,1,0.9996883581898042
ambient,GLYATL1,1,0.5089551343912091
ambient,RIDA,1,0.8306880969808527
ambient,PROX1,1,0.8703039348260495
induction,DPEP1,3,0.04318939872844629
induction,UMOD,2,0.008197147207029354
induction,KCNK3,5,0.06269276913206967
outplane,FKBP11,1,0.9366192579998551
outplane,AMY2A,3,0.9999743149238979
induction,DPEP1,5,0.041876314730581954
induction,UMOD,2,0.007872882246471757
induction,KCNK3,3,0.06081954056035577
inplane,ASPN,1,0.3064864664850252
inplane,DST,1,0.4287012109894526
inplane,RGS16,1,0.34019206756649367
inplane,EHF,1,0.9974129549951898
inplane,AMY2A,1,0.9999648697165086
ambient,RIDA,1,0.8336538812681585
ambient,HAMP,1,0.8814515127873158
outplane,BCL2L11,1,0.29294919552565535
outplane,MYC,1,0.608173293240245
outplane,CFTR,1,0.9998685105404527
outplane,AMY2A,2,0.999976739975064
inplane,PCNA,1,0.3360627928897677
inplane,CFB,2,0.8225806365599073
inplane,FBN1,1,9.451328608633958e-13
inplane,ACTG2,1,0.2856791989775632
outplane,MDM2,1,0.5292797723136198
outplane,AMY2A,2,0.9999779282544906
outplane,GATM,2,0.9999532204718274
outplane,CFTR,1,0.999883727228034
outplane,SNCA,1,0.12074665281755304
outplane,ERBB2,1,0.8560171016863816
outplane,CHGA,1,0.9694526950233913
induction,DPEP1,5,0.05326764786839766
induction,UMOD,1,0.010194674431126316
induction,KCNK3,4,0.07799156323047995
ambient,DPEP1,1,0.13254120824187532
ambient,ANPEP,1,0.9996409906055242
outplane,PMP22,1,0.1650887478556855
outplane,CFTR,1,0.9998749030783346
outplane,ADAMTS1,1,0.01011060636101857
outplane,AMY2A,1,0.9999791679461039
outplane,GATM,1,0.9999559767424628
ambient,CFTR,1,0.9998327890254104
ambient,AQP3,1,0.7672923984280133
ambient,CFTR,1,0.9998080559769691
ambient,DIRAS3,1,0.8538709673745932
outplane,GATM,2,0.9999539474778029
outplane,GLYATL1,2,0.5498087116282537
outplane,AMY2A,2,0.9999674153104159
outplane,GATM,2,0.9999296136208273
inplane,VCAN,1,0.9987257490531946
inplane,AMY2A,3,0.9999772488416577
outplane,CFB,1,0.7373360893752614
outplane,PPP1R1B,1,0.9503280175531449
outplane,CFTR,1,0.999877222409972
outplane,EHF,1,0.998384690433444
outplane,TM4SF18,1,0.0
inplane,AMY2A,2,0.9999458628846689
inplane,SH2D3C,1,0.0
inplane,GATM,1,0.9998755318062202
ambient,DPEP1,1,0.17710818566386932
ambient,HAMP,1,0.8997219380006521
ambient,ANPEP,1,0.9994911108742431
ambient,COCH,1,0.6602780001941879
ambient,KLK11,1,0.9891877790374481
ambient,AQP3,1,0.7867025700578483
outplane,EPCAM,2,0.9994649437644089
outplane,AMY2A,1,0.9999526557430951
outplane,KCNK3,1,0.27075264537539456
outplane,GATM,1,0.9998882770862016
outplane,APOLD1,1,0.0
outplane,IL3RA,1,0.0
outplane,AMY2A,2,0.9999639582286487
outplane,GATM,1,0.999920653024128
outplane,AQP8,1,0.9996649894621197
ambient,PROX1,1,0.8744080895932735
ambient,AQP8,1,0.9998286136884864
induction,UMOD,5,0.007216091483414178
induction,KCNK3,5,0.05398732388792338
ambient,AMY2A,1,0.9999644908194879
ambient,PEBP4,1,0.5953211413061861
inplane,CFB,1,0.9033387002790134
inplane,DST,1,0.5891876364363527
inplane,CYP2A7,1,0.6209244473714317
inplane,CFTR,1,0.9998772005630656
inplane,EHF,1,0.9986413297295269
inplane,SERPINB9,2,0.08434145953887051
inplane,CFTR,1,0.999881955361667
inplane,AMY2A,1,0.9999803177789001
outplane,PPARG,1,0.09728870848394322
outplane,AMY2A,1,0.9999802330876482
outplane,GATM,2,0.999958252288673
ambient,DPEP1,1,0.1350741316912656
ambient,DIRAS3,1,0.9439813005344143
inplane,PRDM1,1,0.07852085959202793
inplane,CFB,1,0.8857189038819429
inplane,CLEC14A,1,0.0
inplane,CD93,1,0.0
outplane,GNG11,1,0.0
outplane,CFTR,1,0.9996293238339706
outplane,AMY2A,1,0.9999316027739161
outplane,AQP8,1,0.999272882919362
ambient,UMOD,1,0.02899050214524368
ambient,AMY2A,1,0.9999790002398135
inplane,NTN4,1,0.8086201290390101
inplane,EPCAM,1,0.999464980247303
inplane,AMY2A,2,0.9999760749783301
ambient,DPEP1,1,0.15188795334277727
ambient,AMY2A,1,0.9999748576512707
outplane,TENT5C,1,0.9936950171897084
outplane,AMY2A,3,0.9999440641797818
outplane,GATM,1,0.9998717557877795
ambient,PROX1,1,0.7700096225071476
ambient,PEBP4,1,0.5012767886829691
outplane,ANPEP,1,0.9996535722835577
outplane,AMY2A,1,0.9999753737186237
outplane,GATM,2,0.9999475506418595
outplane,AMY2A,2,0.9999751245382351
outplane,GATM,2,0.9999468086278143
outplane,INS,1,0.9975225562552004
outplane,GCG,1,0.9974587729366753
ambient,FKBP11,1,0.8839486014043904
ambient,PROX1,1,0.8336394901263491
outplane,VCAN,1,0.9988176615270368
outplane,ANPEP,1,0.9997021181309174
outplane,AMY2A,1,0.9999787671292771
outplane,CXCL6,1,0.9987267218221684
inplane,STC2,1,0.0
inplane,PLD4,1,0.34858739780788384
inplane,TCIM,1,0.0
inplane,AMY2A,1,0.9999803955129533
outplane,SLAMF7,1,0.9713307005727729
outplane,PMP22,1,0.20364861143239055
outplane,AMY2A,1,0.9999792392875511
outplane,GATM,1,0.9999561525777289
ambient,CPA3,1,0.5871865749395109
ambient,COCH,1,0.43309258295647446
outplane,EPCAM,1,0.9984290047983568
outplane,MET,1,0.1184800484686599
outplane,ANPEP,1,0.9992693656652631
outplane,MPEG1,1,0.7701542535402097
outplane,AMY2A,1,0.9999512362379244
ambient,RIDA,1,0.7217668918988829
ambient,KCNK3,1,0.20287941605708737
inplane,DST,1,0.5508841421031161
inplane,CFTR,1,0.9998771624571368
inplane,AMY2A,4,0.9999781831246386
inplane,GATM,2,0.9999537481219586
outplane,CFB,1,0.8055501039980523
outplane,CFHR3,1,0.0
outplane,CFTR,1,0.999879791918286
outplane,GATM,2,0.9999568707904588
ambient,DPEP1,1,0.14483548579612415
ambient,CFTR,1,0.999874683743315
inplane,ADGRL4,1,0.0
inplane,CFTR,1,0.9998317273857852
inplane,AMY2A,3,0.9999705262792022
inplane,TSPAN19,1,0.3754795653488966
outplane,AMY2A,3,0.9999798774111855
outplane,GATM,1,0.9999575425717961
induction,DPEP1,2,0.06486518596028501
induction,UMOD,2,0.015233083299987515
induction,DPEP1,4,0.03990473953873119
induction,UMOD,4,0.007640126999817309
induction,KCNK3,2,0.05897620281950777
outplane,CFTR,2,0.9998861345928022
outplane,AMY2A,2,0.9999806503510876
outplane,GATM,1,0.9999591974949238
outplane,MDM2,1,0.6163591249454157
outplane,CFTR,1,0.9998532012022006
outplane,LIF,1,0.9901125965771658
outplane,PROX1,1,0.8564371935041142
outplane,NPDC1,1,0.0
outplane,AMY2A,1,0.9999534741533146
outplane,GATM,1,0.9998953578565083
outplane,DIRAS3,1,0.8478592444921431
inplane,APOLD1,1,0.0
inplane,MDM2,1,0.7125131761460901
inplane,CFTR,1,0.9998022819333744
inplane,FXYD2,1,0.9702324279480422
outplane,KCNMA1,1,0.4882109425893665
outplane,AMY2A,1,0.9999757246473984
outplane,GATM,2,0.9999482085681219
outplane,CRISPLD2,1,0.31192581560360233
outplane,SFRP4,1,0.050835440363350415
outplane,AMY2A,1,0.9999788713888934
outplane,GATM,1,0.9999553389514475
inplane,SMYD2,1,0.7712728503023312
inplane,KLK11,1,0.9951892155424575
inplane,AMY2A,2,0.9999666292477102
inplane,GATM,1,0.9999271162706371
induction,DPEP1,3,0.041788717108896534
induction,UMOD,4,0.007783793108846027
induction,KCNK3,3,0.06069280683689626
outplane,AMY2A,3,0.9999538676410377
outplane,GATM,1,0.9998961609646011
inplane,CFTR,2,0.9998718145891458
inplane,PLCG2,2,0.0
inplane,SFRP2,1,0.9986421193757338
inplane,ACTA2,1,2.933764342571976e-12
inplane,KCNMA1,1,0.44063473224254335
inplane,GATM,1,0.9999554117824075
ambient,AMY2A,1,0.9999776601106486
ambient,HAMP,1,0.8315566107010337
induction,DPEP1,1,0.0375097908804044
induction,UMOD,4,0.0072008310629766425
induction,KCNK3,5,0.05554640374703701
inplane,DST,1,0.34853138402958805
inplane,GATM,2,0.9999484935866825
inplane,AQP8,1,0.9997882157910508
induction,DPEP1,2,0.042731176607848864
induction,UMOD,3,0.008127712853760127
induction,KCNK3,5,0.06285462875876302
ambient,ANPEP,1,0.9996876100288203
ambient,DIRAS3,1,0.9118604383727191
ambient,AMY2A,1,0.9999808035402296
ambient,DIRAS3,1,0.950879896864391
ambient,AMY2A,1,0.9999801801838226
ambient,GLYATL1,1,0.5993319190389454
outplane,DST,1,0.5188245222874328
outplane,EPCAM,1,0.9995154451830686
outplane,STC1,1,0.0
outplane,AMY2A,1,0.9999795703323181
outplane,FXYD2,1,0.9669144277620795
inplane,GATM,3,0.9999569922919035
inplane,AQP8,1,0.9998238186990225
ambient,CPA3,1,0.7929134445275754
ambient,DIRAS3,1,0.9308789878179684
induction,DPEP1,4,0.05779719710740605
induction,UMOD,4,0.010960414306219635
induction,KCNK3,2,0.08340400714465068
ambient,CA4,1,0.8291284069221145
ambient,HAMP,1,0.8838610210358977
outplane,APOLD1,1,0.0
outplane,SOX18,1,0.0
outplane,AMY2A,1,0.9999782492115511
outplane,GATM,1,0.9999540557733584
outplane,LY6D,1,0.10602270582484652
outplane,VCAN,1,0.9993058781902263
outplane,CFHR1,1,0.0
outplane,SFRP2,1,0.999280485610478
outplane,MYC,2,0.6781204213249713
induction,DPEP1,2,0.04308272223128218
induction,UMOD,3,0.008180771012628374
induction,KCNK3,5,0.06341669390681237
inplane,CFTR,2,0.9998760988711348
inplane,TFPI,1,0.0
inplane,AMY2A,1,0.9999768873024276
outplane,ADGRL4,1,0.0
outplane,MYC,1,0.6975358773634585
outplane,AMY2A,2,0.9999795316088379
ambient,FKBP11,1,0.9256723652716392
ambient,KCNK3,1,0.20992434771289992
ambient,CPA3,1,0.7017275344554353
ambient,KCNK3,1,0.19120238116260446
outplane,CFTR,1,0.99984969478738
outplane,AMY2A,2,0.9999738360945893
outplane,MLPH,1,0.5598534077283448
induction,DPEP1,3,0.049306836236454155
induction,UMOD,2,0.00919631658204656
induction,KCNK3,3,0.06474017744670668
induction,DPEP1,5,0.05062875565303382
induction,UMOD,1,0.009653162732579545
induction,KCNK3,4,0.07415974321288643
ambient,ANPEP,1,0.99970218682645
ambient,GLYATL1,1,0.4587680508346529
outplane,EPCAM,1,0.9994478486337878
outplane,ANPEP,1,0.9997008206104302
outplane,CFTR,2,0.9998772491883432
outplane,AMY2A,1,0.9999787429266084
outplane,PROX1,1,0.9120198750577903
induction,DPEP1,5,0.03873689093127708
induction,UMOD,4,0.007144109816880406
induction,KCNK3,1,0.05463561526367755
outplane,CFTR,1,0.9998703773332484
outplane,EHF,1,0.9986711256857865
outplane,AMY2A,3,0.9999769590336499
outplane,C7,1,0.23347760967676223
outplane,FXYD2,1,0.964094850590269
outplane,PROX1,1,0.8716644496913473
outplane,CFB,2,0.7775054586353023
outplane,SMYD2,1,0.6546898189226509
outplane,CFTR,1,0.9998785316456911
outplane,AMY2A,1,0.999979305195934
outplane,GATM,1,0.9999564010783087
outplane,DST,1,0.41616219432589807
outplane,AMY2A,1,0.9999799389623851
outplane,GATM,2,0.9999576639395951
induction,DPEP1,5,0.04671294069437104
induction,UMOD,2,0.00876103761521796
induction,KCNK3,3,0.0676138407140564
inplane,TCIM,1,0.0
inplane,MDM2,2,0.44754923287416637
inplane,AMY2A,1,0.9999794924399242
inplane,KCNK3,1,0.2348077261885011
inplane,GATM,1,0.9999567921670313
outplane,CFB,1,0.8914425379757475
outplane,AMY2A,2,0.9999751387082707
outplane,GCG,1,0.9973704358356116
inplane,APOLD1,1,0.0
inplane,TMC5,1,0.9919412686658646
inplane,MYH11,1,0.9961836769586497
inplane,CFTR,1,0.9998826328639709
inplane,TM4SF18,1,0.0
outplane,CD14,1,0.8145145094336772
outplane,SFRP4,1,0.47442372471152483
outplane,CFTR,1,0.9998074269057363
outplane,ADAMTS1,1,3.028022277362652e-12
outplane,AGR3,1,0.7880327851799425
ambient,KLK11,1,0.9957498542599073
ambient,CA4,1,0.6916904062166884
inplane,TCIM,1,0.0
inplane,PCOLCE,1,0.08791514854244542
inplane,CFTR,1,0.9997671718273491
inplane,TFPI,1,0.0
inplane,AMY2A,1,0.9999616466519236
inplane,DIRAS3,2,0.8531830441688416
inplane,BASP1,1,0.581431429700042
inplane,MEST,1,0.8120094959630633
inplane,AMY2A,1,0.9999789088993205
inplane,GATM,1,0.9999554591359477
inplane,AQP8,1,0.9998175925150617
inplane,GLIPR1,2,0.5409324474413415
inplane,CD93,2,0.0
inplane,GATM,2,0.9999231812746731
outplane,AMY2A,3,0.9999351366395557
outplane,GATM,1,0.9998465934622903
ambient,COCH,1,0.704495075291931
ambient,AQP8,1,0.9997791841002904
ambient,FKBP11,1,0.9386227969707929
ambient,AQP8,1,0.9997393957638208
outplane,AMY2A,1,0.9999787562234398
outplane,PROX1,1,0.9134260733594507
outplane,GATM,2,0.9999549275140147
ambient,KLK11,1,0.9969369895243232
ambient,PROX1,1,0.8518848426191995
outplane,AMY2A,2,0.9999793789603968
outplane,AQP8,2,0.999822046611588
ambient,CA4,1,0.7862053985718775
ambient,PEBP4,1,0.623646800799393
ambient,CA4,1,0.8277882806879383
ambient,KCNK3,1,0.2560496468704171
ambient,COCH,1,0.7483930870453043
ambient,GATM,1,0.999956878435593
outplane,AMY2A,1,0.9999772555137344
outplane,SCGN,1,0.9906104063059671
outplane,GATM,1,0.9999515924225999
outplane,AQP8,1,0.9998006551605476
induction,DPEP1,4,0.053435379592101206
induction,UMOD,2,0.010056244434395234
induction,KCNK3,4,0.0756713464543437
inplane,AMY2A,1,0.999973553962084
inplane,CPA3,1,0.7544069865962534
inplane,GATM,2,0.999943337012494
ambient,ANPEP,1,0.9996636452247888
ambient,UMOD,1,0.02597125592127192
outplane,AMY2A,2,0.9999768356517622
outplane,GATM,2,0.9999507843596943
outplane,AQP8,2,0.999797580444592
induction,DPEP1,3,0.0408254570462292
induction,UMOD,4,0.007732874684797775
induction,KCNK3,3,0.06016761695557271
ambient,DPEP1,1,0.12878752080479217
ambient,CFTR,1,0.9998837417107992
outplane,AMY2A,3,0.9999736369254898
outplane,KCNK3,1,0.19788764471396403
ambient,HAMP,1,0.7212306718899383
ambient,PEBP4,1,0.42297072172225414
ambient,CA4,2,0.7275555453154441
induction,DPEP1,2,0.04062837337800829
induction,UMOD,4,0.0075708330208380525
induction,KCNK3,4,0.05790074511912868
inplane,CD247,1,0.5775949016202493
inplane,AMY2A,1,0.9999792733291697
inplane,GATM,2,0.9999561665550767
ambient,UMOD,1,0.030338468121724693
ambient,HAMP,1,0.8766962808683847
inplane,PECAM1,1,0.0
inplane,FAS,1,0.30339750741806304
inplane,DST,1,0.4561271419079518
inplane,AMY2A,1,0.9999804303990485
induction,DPEP1,2,0.0632457674858965
induction,UMOD,3,0.012213669902211621
induction,KCNK3,5,0.09209429463114915
induction,DPEP1,2,0.04307731860466091
induction,UMOD,3,0.00808724854035836
induction,KCNK3,5,0.06256849142902976
outplane,SFRP4,1,0.7430796991462854
outplane,TM4SF18,1,0.0
outplane,AMY2A,2,0.9999757483734054
induction,DPEP1,4,0.04346050934759593
induction,UMOD,1,0.008130030850971082
induction,KCNK3,5,0.06299882019759928
inplane,CFTR,1,0.999867042898173
inplane,AMY2A,2,0.9999773217644295
inplane,GATM,1,0.9999517223318608
inplane,AQP8,1,0.9998011572075536
ambient,AQP3,2,0.7869659885536311
inplane,MMRN2,1,0.0
inplane,CFHR3,1,0.0
inplane,CFTR,2,0.9998317519142126
inplane,CDK1,1,0.23775210484764486
outplane,ANPEP,1,0.9996995243328992
outplane,AMY2A,2,0.999978736166203
outplane,GATM,1,0.9999549475287882
inplane,MET,1,0.3122403207447295
inplane,AMY2A,4,0.9999796794124711
induction,DPEP1,2,0.06046560716424598
induction,UMOD,3,0.011623313795219081
induction,KCNK3,5,0.08809886303322312
ambient,CPA3,1,0.8562672660859995
ambient,DIRAS3,1,0.9515630686647351
inplane,LAMP3,1,0.7196706646602007
inplane,CLEC14A,1,0.0
inplane,GATM,1,0.9999427107248516
inplane,AQP8,1,0.9997629787917047
outplane,C1orf194,1,0.5930390757282371
outplane,AMY2A,2,0.9999786115656064
outplane,GATM,1,0.9999546550041017
ambient,PEBP4,1,0.6850618755105183
ambient,GLYATL1,1,0.5515443556935473
