cls,gene,n,removal_prob
inplane,PPP1R1B,1,0.967579158487577
inplane,AMY2A,2,0.9999736609702524
inplane,GATM,1,0.9999435642845783
inplane,FKBP11,1,0.4348747702894842
inplane,RIDA,1,0.9241169184310518
inplane,AMY2A,2,0.9999788318311069
ambient,FKBP11,1,0.43187794265046653
ambient,DIRAS3,1,0.9526073855493122
induction,FKBP11,3,0.13583057009806088
induction,AQP3,7,0.030290747634856285
outplane,CLEC10A,1,0.38630487038198413
outplane,CFB,1,0.9195028554896247
outplane,AMY2A,3,0.9999722584365491
induction,FKBP11,4,0.11375360832021386
induction,AQP3,2,0.015344972547937319
induction,PEBP4,4,0.004015661240993396
inplane,AMY2A,3,0.9999786008238373
inplane,GATM,2,0.9999546779183237
inplane,FGL2,1,0.7754908800861243
inplane,CXCR4,1,0.45154875389727056
inplane,ANPEP,1,0.9997401886738093
inplane,GATM,1,0.9999610938981374
outplane,CYP2A7,1,0.8025690854239786
outplane,CFTR,2,0.9998824377113866
outplane,AMY2A,1,0.9999804238711034
inplane,CFB,1,0.8115616482540515
inplane,MDM2,1,0.5622056733343659
inplane,EPCAM,1,0.9993283811938747
inplane,AMY2A,1,0.999979790114515
induction,FKBP11,4,0.14212923148209178
induction,AQP3,3,0.020361012757011854
induction,PEBP4,3,0.00513873571867185
inplane,DST,1,0.6447642055094858
inplane,CFTR,1,0.9998644877684032
inplane,PROX1,1,0.9313716883203564
inplane,GATM,1,0.9999507218205391
ambient,FKBP11,2,0.3956669946787173
ambient,KCNK3,1,0.9860031134783664
ambient,GLYATL1,1,0.76319943784737
inplane,AMY2A,3,0.9999813993730075
inplane,GATM,1,0.9999607686122484
inplane,CFTR,1,0.9998830681636046
inplane,AMY2A,2,0.9999782065469355
inplane,AQP8,1,0.9998100927142011
induction,FKBP11,3,0.14587024325569997
induction,AQP3,6,0.026718702944197203
induction,PEBP4,1,0.005001001187756815
induction,FKBP11,3,0.16188390784526785
induction,AQP3,4,0.03311909926534118
induction,PEBP4,3,0.006657408535048148
outplane,AMY2A,4,0.9999806085376183
outplane,APOA5,1,0.4940668223020461
outplane,GATM,2,0.9999590693046801
outplane,INS,1,0.9975210702622569
induction,FKBP11,3,0.18941631363804123
induction,AQP3,3,0.030891730113776328
induction,PEBP4,4,0.007186429732236821
induction,FKBP11,2,0.17533962811248416
induction,AQP3,3,0.026103173490119147
induction,PEBP4,5,0.006606493313819239
inplane,GPRC5A,1,0.9894827959069833
inplane,SLC4A1,1,0.2727705022846797
inplane,AMY2A,2,0.9999813276775554
ambient,CFTR,1,0.9998855806469689
ambient,UMOD,1,0.9240343523097345
outplane,TMC5,1,0.9932052533440768
outplane,CFTR,2,0.9998867620941909
outplane,AMY2A,1,0.9999805257247577
ambient,GATM,1,0.999961672536089
ambient,AQP3,1,0.07498861676819324
induction,FKBP11,8,0.16272639922711507
induction,AQP3,1,0.02830754899744692
induction,PEBP4,1,0.00583328670277572
induction,FKBP11,2,0.13143528921471492
induction,AQP3,4,0.019288988726234413
induction,PEBP4,4,0.004432930877583341
induction,FKBP11,1,0.17875965870546773
induction,AQP3,4,0.026618283959729427
induction,PEBP4,5,0.0067466910171226635
inplane,VWA5A,1,0.8742372534775464
inplane,CFTR,2,0.9998891668063544
inplane,AMY2A,1,0.9999810852288863
inplane,AQP8,1,0.9998366719905425
inplane,CFB,1,0.9543353565418955
inplane,MYC,1,0.8625463488410737
inplane,AMY2A,3,0.9999771795064358
inplane,GATM,1,0.9999510022280442
ambient,KLK11,1,0.9956651820950431
ambient,COCH,1,0.8771672545589261
ambient,AMY2A,1,0.9999792373842044
ambient,GLYATL1,1,0.7351330638283208
inplane,CFTR,1,0.9998722505938569
inplane,EDNRB,1,0.0
inplane,GATM,2,0.9999533202493487
induction,FKBP11,4,0.19418684049051305
induction,AQP3,2,0.031432475554468486
induction,PEBP4,4,0.0073433555282942375
inplane,CFTR,1,0.9998502937401353
inplane,AMY2A,2,0.9999744837868165
inplane,GATM,1,0.9999456153986767
outplane,MYC,1,0.8720390030675267
outplane,AMY2A,1,0.9999761334425706
outplane,GATM,1,0.9999487615161129
outplane,AQP8,1,0.9997876683974385
outplane,PMP22,1,0.25692925426761604
outplane,CFTR,1,0.9998681028795525
outplane,AMY2A,1,0.9999775376205944
outplane,ELF5,1,0.3322913197607873
ambient,PROX1,2,0.9450764707304722
outplane,APCDD1,1,0.4199785687398392
outplane,DST,2,0.6528025716908044
outplane,PROX1,1,0.950388870640192
inplane,GHRL,1,0.9665966772759843
inplane,EHF,1,0.9986613506635074
inplane,PLCG2,1,0.0
inplane,AMY2A,1,0.9999755725373284
induction,FKBP11,4,0.10790014560384376
induction,AQP3,2,0.017961070668599644
induction,PEBP4,4,0.0035951414193631237
ambient,KCNK3,2,0.9656448275158767
outplane,CFTR,1,0.9998693445368042
outplane,AMY2A,3,0.9999767663154697
outplane,AQP8,1,0.999797193631929
outplane,CD163,1,0.9919706584153991
outplane,CFTR,2,0.9998793378032911
outplane,AMY2A,3,0.9999789746815491
inplane,AMY2A,2,0.999978534247715
inplane,GATM,2,0.9999542042436186
outplane,ANPEP,2,0.9997213304479524
outplane,GATM,2,0.9999580461320517
outplane,PECAM1,1,0.0
outplane,TBX3,1,0.021120350695045143
outplane,GATM,2,0.9999593654393123
inplane,TCIM,1,0.0
inplane,SMYD2,1,0.8417084945173726
inplane,AMY2A,2,0.9999787916016211
inplane,GATM,1,0.999955036172171
outplane,CFB,1,0.9038595835453783
outplane,CFTR,1,0.9998772785448757
outplane,GPC3,1,0.8722541851933047
outplane,GATM,1,0.9999554554461825
inplane,MET,1,0.6118392845156976
inplane,AMY2A,3,0.9999809153540539
inplane,GATM,1,0.9999597457341592
ambient,PROX1,1,0.9549329072946967
ambient,AQP3,1,0.09014160305188768
outplane,KLK11,1,0.9969405914281059
outplane,AMY2A,3,0.9999798711337636
outplane,KCNK3,1,0.9846493249049167
inplane,VWA5A,1,0.8482654613546587
inplane,ACTG2,1,0.5693135977651429
inplane,HAVCR2,2,0.6288119775412422
inplane,TFPI,1,0.0
inplane,AMY2A,1,0.9999790633490878
inplane,CXCL6,1,0.9985580856122235
inplane,SFRP4,1,0.6804311965383272
inplane,EHF,1,0.9986305550477736
inplane,AMY2A,2,0.999947665531327
inplane,GATM,1,0.9998796262760102
induction,FKBP11,5,0.1733510765472639
induction,AQP3,3,0.02565416903650053
induction,PEBP4,2,0.006498763282587028
ambient,KCNK3,1,0.9710639473601433
ambient,HAMP,1,0.9024576707169165
ambient,PROX1,1,0.939856540130581
ambient,AQP8,1,0.9998158532066128
ambient,CA4,1,0.8795094737408045
ambient,AQP8,1,0.9998137965424956
ambient,KLK11,1,0.9968934303099303
ambient,HAMP,1,0.9518003892202808
induction,FKBP11,3,0.12507530057810912
induction,AQP3,5,0.020411336279240966
induction,PEBP4,2,0.00429037130460197
induction,FKBP11,2,0.1215706498303003
induction,AQP3,4,0.018391006096922236
induction,PEBP4,4,0.0040875256673036375
outplane,IRF8,1,0.6019957457754623
outplane,PRDM1,1,0.256393324530812
outplane,GHRL,1,0.9691051016189575
outplane,AMY2A,3,0.9999631115847555
outplane,AMY2A,3,0.9999806934192099
outplane,GATM,1,0.9999592122756151
outplane,CFTR,1,0.9998606021342429
outplane,AMY2A,2,0.9999762578889049
outplane,GATM,1,0.9999494478626009
outplane,MDM2,1,0.926351535145626
outplane,CFTR,1,0.9998827112614932
outplane,C1orf162,1,0.8473422454656716
outplane,AMY2A,3,0.9999781549175111
inplane,PMP22,1,0.3160616991163956
inplane,AMY2A,2,0.9999819075543781
inplane,GATM,1,0.9999619250037405
ambient,CFTR,1,0.9998458451663274
ambient,PEBP4,1,0.014744174391257081
induction,FKBP11,1,0.18970364684340335
induction,AQP3,5,0.027417115344599674
induction,PEBP4,4,0.007253258649117078
ambient,KLK11,1,0.9969389675747391
ambient,AQP3,1,0.0628897080048727
inplane,CRISPLD2,1,7.384981515201616e-12
inplane,AMY2A,2,0.999979375588045
inplane,GATM,1,0.9999564778084468
outplane,MS4A6A,1,0.6022794251919137
outplane,ADAM28,1,0.7742314634592062
outplane,AMY2A,2,0.9999802112766061
outplane,GATM,1,0.9999581744117251
outplane,CRHBP,1,0.14161348016384068
outplane,GATM,3,0.9999444438933177
outplane,AQP8,1,0.9997703960221118
induction,FKBP11,3,0.1355110822941763
induction,AQP3,3,0.02440340569873012
induction,PEBP4,2,0.004353392626794017
induction,FKBP11,5,0.15361879927541755
induction,AQP3,1,0.02442486014026002
induction,PEBP4,4,0.005505389270960559
inplane,FBN1,1,0.015958799226473697
inplane,MDM2,1,0.723023666282006
inplane,CYP2A7,1,0.6301429838237183
inplane,AMY2A,4,0.9999712602004376
ambient,CA4,1,0.7562574906225337
ambient,GLYATL1,1,0.4642368482163822
ambient,PROX1,1,0.859033370921781
ambient,DIRAS3,1,0.9229314198119395
ambient,UMOD,1,0.9381735287329769
ambient,GATM,1,0.9999538557707248
ambient,FKBP11,1,0.5251272573181405
ambient,CPA3,1,0.9408454639549013
inplane,ECSCR,1,0.0
inplane,AMY2A,1,0.9999343056704537
inplane,KCNK3,1,0.9691380415777546
inplane,HAMP,1,0.6936778911589306
inplane,GATM,1,0.9998218238783819
induction,FKBP11,3,0.17176498900419224
induction,AQP3,2,0.025865554191977225
induction,PEBP4,5,0.0063440410938037095
ambient,FKBP11,1,0.43733125979823984
ambient,RIDA,1,0.8796908645406047
ambient,CA4,1,0.8016214546394509
ambient,GLYATL1,1,0.5237437244704692
ambient,CPA3,1,0.8536989955843242
ambient,DIRAS3,1,0.9486116189312691
inplane,MMRN2,1,0.0
inplane,TCIM,1,0.0
inplane,CFTR,1,0.9998808755488455
inplane,GATM,1,0.9999561965551763
outplane,CFTR,1,0.9998767020601306
outplane,SNCA,1,0.40494151013517143
outplane,FXYD2,1,0.9774596874469489
outplane,PROX1,1,0.9253656115397519
ambient,CA4,1,0.9511993024961819
ambient,DIRAS3,1,0.9804023491902617
outplane,AMY2A,4,0.9999773107354037
outplane,TCIM,1,0.0
outplane,CLEC14A,1,0.0
outplane,BAMBI,1,0.7833580502009236
outplane,AMY2A,1,0.9999781111950053
inplane,MMRN2,2,0.0
inplane,AMY2A,4,0.9999778861378561
induction,FKBP11,4,0.16172268635233178
induction,AQP3,3,0.02459046749811067
induction,PEBP4,3,0.0058892384910287365
inplane,PCNA,1,0.6905804949982288
inplane,CFB,1,0.9425379844698912
inplane,CFTR,1,0.9998929712720417
inplane,ERBB2,1,0.9610784455212529
induction,FKBP11,2,0.11263047003983895
induction,AQP3,5,0.017063232239020287
induction,PEBP4,3,0.00380386900755858
ambient,CPA3,1,0.8683495327931159
ambient,AQP8,1,0.9998163392829491
inplane,AMY2A,3,0.9999634966242661
inplane,GATM,1,0.9999197461271718
outplane,AMY2A,4,0.9999787926826477
ambient,COCH,1,0.8705334038922659
ambient,GATM,1,0.9999438146209797
induction,FKBP11,1,0.1423029492778064
induction,AQP3,4,0.02411326472822195
induction,PEBP4,5,0.0049654036220578845
outplane,CFTR,1,0.9998679376260323
outplane,AMY2A,1,0.9999771575173225
outplane,CD8A,1,0.5380895017575988
outplane,CXCL6,1,0.9982187161901337
outplane,GATM,2,0.999951219320205
ambient,ANPEP,1,0.9997462662634878
ambient,KLK11,1,0.9972443499765711
inplane,TENT5C,1,0.9976830588591967
inplane,AMY2A,1,0.9999807525508454
inplane,FXYD2,1,0.9787020877665207
inplane,GATM,1,0.9999593859777629
inplane,TCIM,1,0.0
inplane,MYC,1,0.6816903836872819
inplane,CFTR,1,0.9998648725538969
inplane,AMY2A,2,0.9999760051993286
induction,FKBP11,1,0.13636250314262321
induction,AQP3,5,0.019666710130249787
induction,PEBP4,4,0.004840044367518059
induction,FKBP11,3,0.21116981935692114
induction,AQP3,3,0.03251450818164847
induction,PEBP4,4,0.008302464971333134
outplane,ANPEP,1,0.9996897731448787
outplane,TENT5C,1,0.9975920917672927
outplane,AMY2A,1,0.9999783121970443
outplane,GATM,2,0.9999537799674412
outplane,AQP8,1,0.9998094801984604
outplane,PDGFRB,1,0.22097097151749678
outplane,ASPN,1,0.32496604711548127
outplane,TBX3,1,0.24228329772577084
outplane,EHF,1,0.9987746908981397
outplane,AMY2A,1,0.9999787008243365
ambient,ANPEP,1,0.9996387755891353
ambient,CA4,1,0.8358948586129984
ambient,PROX1,1,0.8950391255757594
ambient,AQP3,1,0.08515716347306257
outplane,MYH11,1,0.9961558481076954
outplane,AMY2A,2,0.9999803274145688
outplane,GATM,2,0.9999584274046753
induction,FKBP11,4,0.15934694234646296
induction,AQP3,1,0.02332699586409681
induction,PEBP4,5,0.005902265167726961
ambient,UMOD,1,0.9239882947118123
ambient,AQP8,1,0.9998166271599194
inplane,AMY2A,2,0.9999803408374196
inplane,HAMP,1,0.9084436646962136
inplane,GATM,1,0.999958579825342
outplane,MYC,1,0.8198938702090071
outplane,AMY2A,3,0.9999795347578873
inplane,NTN4,1,0.7595830151045384
inplane,TENT5C,1,0.9976118899058748
inplane,AMY2A,1,0.9999802258714302
inplane,GATM,1,0.9999583606712115
outplane,FKBP11,1,0.42050725426004554
outplane,EPCAM,1,0.9995526335083295
outplane,MET,1,0.743722395203108
outplane,AMY2A,2,0.9999758493967503
outplane,GATM,1,0.9999476741888139
ambient,PEBP4,1,0.02230333420242303
ambient,GLYATL1,1,0.672934218197691
outplane,SRPX,1,0.24879663968486643
outplane,AMY2A,2,0.9999807100865548
outplane,GATM,1,0.9999592936913541
outplane,CD3D,1,0.8278315766477061
outplane,AMY2A,2,0.999972797773613
outplane,GATM,1,0.9999414926272897
induction,FKBP11,3,0.12962759751016217
induction,AQP3,4,0.022238603128768353
induction,PEBP4,3,0.004417797705778104
inplane,PCNA,1,0.6939318934974195
inplane,AMY2A,2,0.999977003527977
inplane,AQP8,1,0.9997967085052206
induction,FKBP11,3,0.1672035658083869
induction,AQP3,3,0.02458678347600396
induction,PEBP4,4,0.006208077247240595
outplane,CLEC4E,1,0.8247146842998652
outplane,PPP1R1B,1,0.9900724408722394
outplane,AMY2A,1,0.9999787174796044
outplane,AQP8,1,0.9998133627698029
inplane,CXCR4,1,0.0712175596020117
inplane,MYC,1,0.4354466592050892
inplane,C1orf162,2,0.5841946817576509
inplane,AMY2A,1,0.9999251502761584
induction,FKBP11,3,0.1655997729191213
induction,AQP3,6,0.025068272469987884
induction,PEBP4,1,0.006119541780919002
outplane,NTN4,1,0.8983093988769421
outplane,CFB,1,0.9357070750623747
outplane,KCNK3,1,0.9848953381624277
outplane,CXCL2,1,0.7923903553462324
ambient,CFTR,1,0.9998932194766138
ambient,GATM,1,0.9999614776452508
ambient,RIDA,1,0.9011836955912742
ambient,AMY2A,1,0.9999803297688455
outplane,TIMP4,1,0.387642094118259
outplane,AMY2A,2,0.9999823876042707
outplane,GATM,1,0.9999629104246979
outplane,AQP8,1,0.9998484077245106
induction,FKBP11,1,0.20813843392957565
induction,AQP3,5,0.03349440448842722
induction,PEBP4,4,0.008035740504526268
ambient,UMOD,1,0.9282154638087196
ambient,COCH,1,0.8485645787904528
outplane,AMY2A,3,0.9999833044479487
outplane,CPA3,1,0.9346985995953084
inplane,AMY2A,3,0.9999819481143727
inplane,FXYD2,1,0.9844044954097347
inplane,SMYD2,1,0.7821769656623767
inplane,FKBP11,1,0.42952899474781836
inplane,AMY2A,2,0.9999800412332326
inplane,AMY2A,2,0.9999303837848913
inplane,GATM,1,0.999835148225557
inplane,AQP8,1,0.9992615842441167
outplane,FKBP11,1,0.3886038852370338
outplane,MYC,1,0.4625503260439896
outplane,ANPEP,1,0.9990674438015926
outplane,RND1,1,0.20336393243721107
outplane,AMY2A,2,0.9999341873837149
outplane,GPC3,1,0.5283026493587939
outplane,GATM,1,0.9998439980194541
outplane,SEMA3C,1,0.8169082113843322
outplane,CFTR,1,0.9997022724437232
outplane,AMY2A,3,0.9999339444835985
outplane,AMY2A,2,0.9999241574691403
outplane,FXYD2,2,0.9129157004269511
outplane,AMY2A,4,0.9999437348389976
outplane,GATM,1,0.9998706079761446
outplane,FKBP11,1,0.3144072198018716
outplane,CFTR,1,0.99967696718696
outplane,AMY2A,1,0.9999441355755303
outplane,CPA3,1,0.6514939451572139
outplane,GATM,1,0.9998715241238494
ambient,RIDA,1,0.547383809416891
ambient,COCH,1,0.4275549456261982
inplane,CFTR,2,0.9996712883840718
inplane,TM4SF4,1,0.9931888958484597
inplane,GATM,1,0.9998403474006643
induction,FKBP11,2,0.1572960421183628
induction,AQP3,2,0.029880641432902366
induction,PEBP4,2,0.00536522336230616
outplane,PDGFRA,1,0.8409795392402934
outplane,AMY2A,1,0.9999220844239054
outplane,C7,1,0.6345448237096412
outplane,GATM,1,0.9998162090930628
induction,FKBP11,4,0.2676080694839694
outplane,AMY2A,4,0.9999364234818657
outplane,AQP8,1,0.9993154038196724
outplane,GCG,1,0.9976496519978832
outplane,SFRP4,1,0.8968574946309169
outplane,CFTR,2,0.9996837452413784
outplane,AMY2A,1,0.9999428238932356
outplane,PROX1,1,0.627212914908212
induction,FKBP11,3,0.13031277325506252
induction,AQP3,4,0.0211716976122438
induction,PEBP4,1,0.004265743349308071
ambient,FKBP11,1,0.3053316583331518
ambient,COCH,1,0.5629874041785239
inplane,PMP22,1,0.2091403399812647
inplane,MYC,1,0.5073873786128249
inplane,AMY2A,4,0.9999630288879976
induction,FKBP11,2,0.2817666501790481
induction,AQP3,2,0.09411175527499771
inplane,MDM2,1,0.7703673266572978
inplane,CFTR,1,0.9997856963495609
inplane,AMY2A,1,0.9999455174255543
inplane,GATM,1,0.9998748089228845
outplane,FGL2,1,0.6025061434038831
outplane,PTPRC,1,0.9978252114611226
outplane,AMY2A,2,0.9999425791639867
ambient,CA4,1,0.4778278876535258
ambient,COCH,1,0.45171775885507404
outplane,CFTR,1,0.9998373536171432
outplane,AMY2A,2,0.9999730345180583
outplane,GATM,2,0.9999421271921891
induction,FKBP11,4,0.13350444366177783
induction,AQP3,2,0.019660722144849596
induction,PEBP4,4,0.00473108116671217
inplane,KRT7,1,0.9908317992880201
inplane,AMY2A,5,0.9999805937897494
inplane,GATM,1,0.9999590183549271
outplane,TENT5C,1,0.9962499888641708
outplane,AMY2A,4,0.9999639539079216
outplane,AQP8,1,0.9996701067177669
ambient,ANPEP,1,0.9994574691484179
ambient,CPA3,1,0.8021380711161412
induction,FKBP11,2,0.13824921017312342
induction,AQP3,2,0.024207947432210553
induction,PEBP4,6,0.004711723653680888
ambient,KCNK3,1,0.9329160351692786
ambient,PROX1,1,0.8017483281417885
inplane,GDF15,2,0.8637310476416823
inplane,AMY2A,2,0.9999659794545865
inplane,GATM,1,0.9999265083581879
induction,FKBP11,3,0.14798681861597318
induction,AQP3,3,0.02276715232326265
induction,PEBP4,4,0.0053236506269151995
inplane,AMY2A,1,0.9999808605294718
inplane,KCNK3,1,0.9765365903447749
inplane,GATM,2,0.9999596779783362
induction,FKBP11,3,0.17023231984201725
induction,AQP3,4,0.026244489972244378
induction,PEBP4,3,0.006297837044399568
outplane,SMYD2,1,0.766879575187944
outplane,ANPEP,1,0.9997268648007105
outplane,AMY2A,1,0.9999806292260573
outplane,AQP8,1,0.9998332466379912
induction,FKBP11,1,0.10238207499471286
induction,AQP3,5,0.014478355291142608
induction,PEBP4,4,0.00342987668606487
inplane,ANPEP,1,0.9996209419219438
inplane,AMY2A,3,0.9999733754425314
outplane,EPCAM,1,0.9991793509634443
outplane,ANPEP,1,0.99947487620727
outplane,GPC3,1,0.6043150095175528
outplane,GATM,2,0.9999204296570409
ambient,UMOD,1,0.8671090630427204
ambient,PEBP4,1,0.01076527222366186
induction,FKBP11,7,0.110302823722494
induction,AQP3,1,0.014870749053786048
induction,PEBP4,2,0.0038998734930977275
inplane,AMY2A,1,0.9999804923766761
inplane,COCH,1,0.8227918984979381
inplane,GATM,2,0.9999588515311847
induction,FKBP11,3,0.11704755668420308
induction,AQP3,3,0.01646063359244554
induction,PEBP4,4,0.0040958016138553655
inplane,AMY2A,2,0.9999742769528236
inplane,EGFR,1,0.8509767091696385
inplane,GATM,2,0.999944922757662
inplane,AQP8,1,0.9997722051977652
inplane,AMY2A,5,0.9999760429187567
inplane,KCNK3,1,0.9563992261068799
inplane,ANPEP,1,0.999578473963328
inplane,ADAM28,1,0.8264798164175521
inplane,AMY2A,3,0.999970711169657
inplane,GPC3,1,0.8525205710208044
inplane,GATM,1,0.9999367615449819
inplane,TCIM,1,0.0
inplane,CYTIP,1,0.9022501019632945
inplane,AMY2A,3,0.999959108443581
inplane,GATM,1,0.9999099070005162
ambient,DPEP1,1,0.94381039186155
ambient,HAMP,1,0.7588872927852255
ambient,ANPEP,1,0.9996643670926066
ambient,PEBP4,1,0.01631160982935309
ambient,DPEP1,1,0.9679104092348121
ambient,AQP3,1,0.06822652215411507
ambient,RIDA,1,0.8338999422814812
ambient,UMOD,1,0.8866008020554971
ambient,HAMP,1,0.8410609867247418
ambient,GATM,1,0.9999436435819762
ambient,HAMP,1,0.8441215911535569
ambient,AQP3,1,0.04396257896135436
inplane,TENT5C,1,0.9978288377772946
inplane,AMY2A,2,0.9999793662672375
inplane,GATM,1,0.9999561749157589
ambient,KLK11,1,0.9968845592297065
ambient,AQP3,1,0.07272720829526502
outplane,CD79A,1,0.9727820255068499
outplane,AMY2A,3,0.9999695292494996
outplane,GATM,1,0.9999341175419442
outplane,AQP8,1,0.999725569658443
outplane,APOLD1,1,0.0
outplane,CFTR,1,0.9998315800877738
outplane,AMY2A,2,0.9999642899302282
inplane,IGF1,1,0.5762761673604442
inplane,AMY2A,2,0.9999613984380874
inplane,GATM,2,0.9999100719781223
inplane,CD1C,1,0.9278005141994855
inplane,AMY2A,1,0.999974793347018
inplane,GATM,3,0.9999460150761514
induction,FKBP11,2,0.12690900313304598
induction,AQP3,3,0.017282269360707425
induction,PEBP4,5,0.004541766927687041
inplane,NTN4,1,0.8804029199163061
inplane,CFTR,1,0.9998643499770159
inplane,AMY2A,2,0.9999740869449726
induction,FKBP11,4,0.1376991129923376
induction,AQP3,1,0.02563367078000356
induction,PEBP4,5,0.004684400802743349
inplane,EDN1,1,0.21399034006525008
inplane,ANPEP,1,0.9997112446979061
inplane,AMY2A,1,0.9999796098525245
inplane,INS,1,0.9974872166025891
ambient,RIDA,1,0.7763639883539885
ambient,PROX1,1,0.8298137754143443
outplane,FKBP11,1,0.3836470219567165
outplane,SERPINB9,1,0.18501167479152647
outplane,TENT5C,1,0.9960308993995484
outplane,AMY2A,1,0.9999648917214875
ambient,HAMP,1,0.8371251592568736
ambient,COCH,1,0.6789706621381967
induction,FKBP11,5,0.15232286106640613
induction,AQP3,3,0.022903864520277706
induction,PEBP4,2,0.005476900563999076
outplane,CD163,1,0.9963448483820756
outplane,CD1E,1,0.7119706912368464
outplane,AMY2A,4,0.9999714343631274
ambient,CA4,1,0.8087945923184106
ambient,AMY2A,1,0.9999438809538442
ambient,UMOD,1,0.8943884825663336
ambient,AMY2A,1,0.9999735336852482
induction,FKBP11,1,0.2183251743283381
induction,PEBP4,3,0.00878165661135022
outplane,CD163,1,0.9919562150058675
outplane,CFTR,1,0.9997439718326994
outplane,CLIC6,1,0.7486581006089033
outplane,AMY2A,1,0.9999445590712298
inplane,FSTL3,1,0.7667661775718464
inplane,PROX1,1,0.7497279383280236
inplane,CYP1A1,1,0.04445044395237907
inplane,DIRAS3,1,0.8378817165605067
outplane,AMY2A,3,0.9999792988884318
outplane,GATM,2,0.9999563982753003
induction,FKBP11,2,0.1302696307754102
induction,AQP3,4,0.019866311652048885
induction,PEBP4,4,0.0045927558288150205
inplane,ANPEP,1,0.9995619400440878
inplane,AMY2A,1,0.9999680772266741
inplane,PROX1,1,0.8413241568899362
inplane,GATM,1,0.9999312037436509
ambient,GATM,1,0.9999309432256123
ambient,AQP3,1,0.08041822808851062
outplane,MYH11,2,0.9962051675974499
outplane,MET,1,0.24707211614223124
outplane,AMY2A,1,0.9999705176179567
induction,FKBP11,3,0.11556624799826665
induction,AQP3,3,0.01606540208770879
induction,PEBP4,4,0.003937165635315321
inplane,FCGR1A,1,0.5099827293074335
inplane,TCIM,1,0.0
inplane,ACTG2,1,0.3506833395237965
inplane,AMY2A,1,0.9999687249558656
inplane,FKBP11,1,0.3654910778033892
inplane,CFTR,2,0.9998131279041643
inplane,TRAC,1,0.5530989934683954
inplane,AMY2A,1,0.9999681201743276
inplane,SMYD2,1,0.6347766590574435
inplane,AMY2A,3,0.9999753664261424
inplane,GATM,1,0.9999475901864986
inplane,PPP1R1B,1,0.9880756016565796
inplane,DPEP1,1,0.985274445390657
inplane,CFTR,2,0.9998762858604672
inplane,AMY2A,2,0.9999765977809556
inplane,SMYD2,1,0.6700860060822575
inplane,AMY2A,3,0.9999791825991122
inplane,AQP8,1,0.9998202957125061
ambient,DPEP1,1,0.9837964661881741
ambient,UMOD,1,0.9207778027222833
inplane,GATM,2,0.9999581515572056
inplane,AQP8,3,0.9998287576926214
induction,FKBP11,3,0.11861481516685124
induction,AQP3,4,0.01769699469949959
induction,PEBP4,3,0.004098666285066277
outplane,AMY2A,2,0.9999794193451514
outplane,GATM,1,0.9999565208222873
outplane,AQP8,1,0.9998218925531458
induction,FKBP11,1,0.11063953807694471
induction,AQP3,5,0.015372054779150601
induction,PEBP4,4,0.003851849381828809
inplane,CFTR,2,0.9998558041785162
inplane,AMY2A,2,0.9999743883769661
inplane,GATM,1,0.9999450094793005
inplane,CFTR,1,0.999833136699772
inplane,EHF,1,0.9982699676025614
inplane,AMY2A,3,0.9999708646439703
inplane,EPCAM,1,0.9993016394417464
inplane,AMY2A,2,0.9999708913856431
inplane,GATM,1,0.9999371163171846
outplane,EHF,1,0.9986243668207645
outplane,AMY2A,1,0.999980715934535
outplane,GATM,1,0.999959340769776
outplane,AQP8,1,0.9998336768564579
outplane,BASP1,1,0.050589738040317744
outplane,TCIM,1,0.0
outplane,AMY2A,1,0.9999775935259466
outplane,FXYD2,1,0.9580654287870708
outplane,APCDD1,1,0.1839206183955503
outplane,CFTR,1,0.9998710734182054
outplane,AMY2A,1,0.9999785203742392
outplane,GATM,1,0.9999546794375794
inplane,FBLN1,1,0.8593103935830255
inplane,FSTL3,1,0.8286133257671596
inplane,STC1,1,0.0
inplane,MALL,1,0.055655022165118084
inplane,AMY2A,2,0.9999654857390295
inplane,ESR1,1,0.8063932930218725
inplane,MDM2,1,0.5607325490438901
inplane,CFTR,1,0.999885555089004
inplane,TFPI,1,0.0
inplane,AMY2A,1,0.9999805347230026
induction,FKBP11,1,0.10284985949245262
induction,AQP3,5,0.014677705672599961
induction,PEBP4,4,0.003537981736771112
ambient,FKBP11,1,0.3657124054596612
ambient,CFTR,1,0.9998578643308239
induction,FKBP11,2,0.10058238564519228
induction,AQP3,5,0.014447437943564623
induction,PEBP4,3,0.003297582513410724
induction,FKBP11,7,0.09387008944842878
induction,AQP3,2,0.012791036115469834
induction,PEBP4,1,0.0031897760881690607
ambient,KCNK3,1,0.9394641782324757
ambient,AQP3,1,0.05017329563614881
outplane,SMYD2,1,0.7550859155562812
outplane,FKBP11,1,0.42638447115940215
outplane,CFTR,1,0.9998811148703625
outplane,AMY2A,1,0.9999798048595323
outplane,PROX1,1,0.8943831032980867
inplane,CFTR,1,0.9998734271349549
inplane,AMY2A,2,0.9999789042063791
inplane,EGFR,1,0.7572528621176573
induction,FKBP11,6,0.10177414730196921
induction,AQP3,1,0.014576392169135421
induction,PEBP4,3,0.003467900750670494
induction,FKBP11,2,0.1004223093023846
induction,AQP3,5,0.015387626020963774
induction,PEBP4,3,0.0033985110891652237
inplane,FSTL3,1,0.7656739816943361
inplane,DST,1,0.44396196869437266
inplane,STC1,1,0.0
inplane,CFTR,2,0.9998784837470545
inplane,APCDD1,1,0.19784388464797298
inplane,VCAN,1,0.9992985652387064
inplane,ASPN,1,0.20720854047464765
inplane,AMY2A,1,0.9999796571199367
ambient,CPA3,1,0.8112063616544312
ambient,PROX1,1,0.8763400731573608
outplane,MDM2,1,0.5085465369631635
outplane,ANPEP,1,0.9994429146183414
outplane,KRT7,2,0.9899268887642318
outplane,SPI1,1,0.6732634431060431
inplane,C15orf48,1,0.9932261646549894
inplane,KCNMA1,1,0.46768357988438825
inplane,AMY2A,1,0.999975551099205
inplane,GZMA,1,0.5809018175034926
induction,FKBP11,3,0.11165365292048501
induction,AQP3,3,0.015824840773956517
induction,PEBP4,4,0.0038918231514805113
induction,FKBP11,2,0.1309656134078816
induction,AQP3,4,0.020020634418547956
induction,PEBP4,4,0.004625497005880774
ambient,KLK11,1,0.9965220079207994
ambient,DIRAS3,1,0.9086534141335951
ambient,DPEP1,1,0.9648352418039793
ambient,COCH,1,0.6785824966698425
outplane,ASPN,1,0.08975743508100598
outplane,CFB,1,0.6394208854263221
outplane,AMY2A,2,0.9999728799390312
outplane,SRPX,1,0.3162896998768653
outplane,PLA2G7,1,0.9911768034204871
outplane,IGSF6,1,0.5813324264313999
outplane,AMY2A,2,0.9999785226853696
outplane,PROX1,1,0.8717812769444465
outplane,ANPEP,1,0.9997279615156374
outplane,AMY2A,1,0.9999807469060231
outplane,GATM,2,0.99995937939826
inplane,TFPI,1,0.0
inplane,AMY2A,2,0.9999807296267201
inplane,GATM,1,0.999959341295494
inplane,AQP8,1,0.9998335968848706
induction,FKBP11,2,0.09704771299462311
induction,AQP3,1,0.018438411267377552
induction,PEBP4,7,0.0035222952585427514
outplane,UMOD,1,0.7403395793498557
outplane,HLA-DQB2,1,0.15667064390765006
outplane,C1orf162,1,0.3960367432243078
outplane,CLIC6,1,0.6758701994006103
outplane,CXCL2,1,0.28252819238588245
outplane,GATM,1,0.9998915783637397
ambient,DIRAS3,1,0.9508906319398581
ambient,PEBP4,1,0.013990026854893034
ambient,UMOD,1,0.9011396555885639
ambient,CPA3,1,0.8425788699819788
induction,FKBP11,5,0.09770819201006131
induction,AQP3,1,0.013980827754782932
induction,PEBP4,4,0.0033276801743966633
induction,FKBP11,6,0.11581895703443812
induction,AQP3,2,0.01739393438513781
induction,PEBP4,2,0.004077058521946064
ambient,CFTR,1,0.999721456095996
ambient,COCH,1,0.5649077499980399
inplane,PDGFRB,1,0.008545644710134082
inplane,TCF4,1,0.0
inplane,AMY2A,2,0.9999595535473215
inplane,GATM,1,0.9999109508565006
outplane,SMYD2,1,0.5699458325074774
outplane,ALDH1A3,1,0.5712340215788592
outplane,CFTR,1,0.9997074878596081
outplane,PROX1,1,0.7121537573956911
ambient,DPEP1,1,0.8257956577439465
ambient,AMY2A,1,0.9999306124059922
inplane,FBN1,1,0.006685524989408109
inplane,MYC,1,0.5867426380985814
inplane,AMY2A,2,0.9999733956006869
inplane,CD14,1,0.4315807422847622
inplane,CD4,2,0.1342423166506611
inplane,CFTR,1,0.9998709439375071
inplane,FXYD2,1,0.9598858499360183
induction,FKBP11,5,0.10281453323070322
induction,AQP3,2,0.014451926593677333
induction,PEBP4,3,0.0034937436744191253
inplane,AMY2A,3,0.9999680205615895
inplane,GATM,1,0.9999310098693671
ambient,AMY2A,1,0.9999769233360704
ambient,DIRAS3,1,0.9222224755207773
induction,FKBP11,3,0.18264187905402207
induction,AQP3,4,0.028513661612060592
induction,PEBP4,3,0.006871231276988521
outplane,CTSK,1,1.1935008537022895e-11
outplane,CFB,1,0.8184674679162869
outplane,MDM2,1,0.5596481993088294
outplane,CFTR,2,0.9998821844788057
outplane,FXYD2,1,0.970296961865293
ambient,ANPEP,1,0.9996824921925952
ambient,GLYATL1,1,0.5981374128079554
outplane,CCR7,1,0.2037116408043832
outplane,CFTR,1,0.999880474766888
outplane,AMY2A,1,0.9999793691661536
outplane,HAMP,1,0.927972929873693
inplane,CA4,1,0.8128543371949343
inplane,AMY2A,2,0.9999777553030003
inplane,FXYD2,1,0.9567542196337138
induction,FKBP11,3,0.11840393881267297
induction,AQP3,3,0.027255879352632628
induction,PEBP4,4,0.0048061493487643325
ambient,ANPEP,2,0.9995678827119326
induction,FKBP11,2,0.10885874556552522
induction,AQP3,4,0.017054140994535505
induction,PEBP4,4,0.0037156671012925635
outplane,EPCAM,1,0.999298673970927
outplane,ANPEP,1,0.999582358890932
outplane,AMY2A,1,0.9999708270344799
outplane,GATM,2,0.9999370158750965
inplane,MYC,1,0.4493735712719389
inplane,PPP1R1A,1,0.9722097236828978
inplane,CFTR,1,0.9996566458028399
inplane,AMY2A,4,0.9999341748863628
inplane,GATM,1,0.9998438894563717
outplane,DST,1,0.4290768953781041
outplane,CFTR,1,0.9998137145441188
outplane,AMY2A,2,0.9999626693613869
outplane,KCNK3,1,0.9045451733157072
inplane,AMY2A,2,0.9999622590405148
inplane,GATM,1,0.9999176176618224
inplane,AQP8,2,0.9996544138818203
induction,AQP3,2,0.05392258206971523
induction,PEBP4,2,0.009048837640857621
ambient,KLK11,1,0.9892270615002134
ambient,GLYATL1,1,0.1599667771226415
outplane,FKBP11,1,0.30774956903284023
outplane,AMY2A,5,0.9999786764668471
inplane,CAVIN1,1,0.025394073052686816
inplane,CD93,1,0.0
inplane,AMY2A,1,0.9999748892843676
inplane,GATM,1,0.9999465802588523
induction,FKBP11,3,0.10982798128944726
induction,AQP3,5,0.018973896146389668
induction,PEBP4,2,0.003655196054768717
outplane,SERPINB9,1,0.21612543197230805
outplane,CFTR,2,0.9998284798874673
outplane,CXCL2,1,0.5864179430104639
induction,FKBP11,3,0.10722328947984527
induction,AQP3,4,0.018158794433131065
induction,PEBP4,3,0.0035218092253090916
outplane,FKBP11,1,0.3262941383976423
outplane,CFTR,1,0.9998271689696837
outplane,CXCL2,1,0.6283937984019043
outplane,GATM,1,0.9999255048300296
outplane,CFB,1,0.906744369073628
outplane,MYC,1,0.5840865473371226
outplane,CFTR,1,0.9998285969860106
outplane,AMY2A,1,0.9999661087882807
outplane,AQP8,1,0.9996903005540625
outplane,CYP2A7,1,0.46527910559184127
outplane,CA4,1,0.7686685557278956
outplane,AMY2A,3,0.9999700562731338
outplane,CYP3A4,1,0.4712643192067517
induction,FKBP11,5,0.1316095585240804
induction,AQP3,3,0.020541227402555262
induction,PEBP4,2,0.004355411937728704
ambient,UMOD,1,0.836608094669774
ambient,COCH,1,0.7147988103806466
outplane,CFB,1,0.8026630800369239
outplane,TCIM,1,0.0
outplane,PPP1R1B,1,0.9389757768595635
outplane,CFTR,1,0.999739682250747
outplane,AMY2A,1,0.9999552238218234
outplane,AMY2A,4,0.9999601008641483
outplane,PROX1,1,0.732018134809819
induction,FKBP11,5,0.22230461309682345
induction,AQP3,1,0.07988923862772823
inplane,CFTR,2,0.9997323273638488
inplane,TENT5C,1,0.9952046031901544
inplane,EHF,1,0.9979531791931145
inplane,AMY2A,1,0.9999488642754363
inplane,PLD4,1,0.6093612241627879
inplane,FKBP11,1,0.342039315414319
inplane,DERL3,1,0.5228674945144971
inplane,PROX1,1,0.7565911911548573
ambient,UMOD,1,0.8610508214772603
ambient,GLYATL1,1,0.504854092394429
ambient,CPA3,1,0.5824695471574877
ambient,AQP3,1,0.07640357634794093
ambient,KLK11,1,0.9953912272871287
ambient,CPA3,1,0.7074384646000302
ambient,AMY2A,1,0.9999692136993856
ambient,DIRAS3,1,0.9337059759452381
induction,FKBP11,3,0.10993748521460289
induction,PEBP4,7,0.0038260320791556612
inplane,TCIM,1,0.0
inplane,AMY2A,4,0.9999377375956137
inplane,GATM,1,0.9998526337198399
ambient,AQP8,2,0.9992083250778738
inplane,CFB,2,0.7997981351143771
inplane,PPP1R1B,1,0.9211832818209827
inplane,CFTR,2,0.9996049130352166
outplane,MET,1,0.3144150230340409
outplane,CFTR,1,0.9998633957205746
outplane,AMY2A,2,0.9999757949353175
outplane,GPC3,1,0.7167369891557759
outplane,PROX1,1,0.8147028143127988
ambient,UMOD,1,0.8335605017247795
ambient,KCNK3,1,0.9455879114996011
inplane,NTN4,1,0.7381158211239484
inplane,ANPEP,1,0.9996415890467995
inplane,AMY2A,2,0.9999741819345136
inplane,MYC,1,0.5779000080060293
inplane,AMY2A,2,0.9999763845658097
inplane,GATM,2,0.9999499652323901
induction,FKBP11,3,0.13703738943403587
induction,AQP3,5,0.024288868494369176
induction,PEBP4,2,0.004678913515924754
inplane,ANPEP,1,0.9996592014579141
inplane,AMY2A,3,0.9999761631361153
inplane,PLA2G7,1,0.9874676030487788
inplane,AMY2A,2,0.9999738451993585
inplane,C7,1,0.1873869593077815
ambient,CPA3,1,0.8037795877367504
ambient,COCH,1,0.7499677689108332
outplane,AMY2A,2,0.9999618253781671
outplane,FXYD2,1,0.9111438860503032
outplane,AQP8,1,0.9996460774631313
induction,FKBP11,4,0.13359855624322148
induction,AQP3,2,0.01975408389522082
induction,PEBP4,4,0.004775382507045567
ambient,KLK11,1,0.9971916106631732
ambient,CA4,1,0.9372237382493598
induction,FKBP11,3,0.11673454752449985
induction,AQP3,4,0.01577850750013865
induction,PEBP4,3,0.004138256994500544
outplane,PDPN,2,0.7921519742145623
outplane,CTSK,1,0.7029940863859467
outplane,SRPX,1,0.5401448922106032
outplane,DMBT1,1,0.9819246060369919
outplane,TENT5C,1,0.9963999447149461
outplane,AMY2A,3,0.9999704997748632
outplane,AMY2A,3,0.999974800753464
outplane,PROX1,1,0.8452098634589906
outplane,INS,1,0.9976434324648673
inplane,KCNMA1,1,0.5709681633784764
inplane,TMC5,1,0.9911844787817731
inplane,AMY2A,1,0.9999679621927798
inplane,DIRAS3,1,0.8740965652319823
ambient,ANPEP,1,0.9996669148353748
ambient,COCH,1,0.7284670272343253
ambient,UMOD,1,0.9161321079792506
ambient,KCNK3,1,0.9745300806095678
induction,FKBP11,2,0.11357503051456641
induction,AQP3,6,0.016905201731248543
induction,PEBP4,2,0.0038234066672447886
outplane,ADGRL4,1,0.0
outplane,STC2,1,0.0
outplane,APOLD1,1,0.0
outplane,AMY2A,3,0.999980975715103
outplane,GATM,1,0.9999599486160197
outplane,SPIB,1,0.8523959248479682
inplane,SFRP2,1,0.9992753447549367
inplane,ASPN,1,0.27623293105091395
inplane,MDM2,1,0.6085100888780646
inplane,AMY2A,1,0.9999769572242261
induction,FKBP11,4,0.1154947861764023
induction,AQP3,4,0.03319799556227987
induction,FKBP11,4,0.11729306446477505
induction,AQP3,2,0.023006725127198924
induction,PEBP4,4,0.0045102431499365325
inplane,MDM2,1,0.5359407832716689
inplane,KLRD1,1,0.2286994583244616
inplane,CFTR,1,0.9998834406892056
inplane,AMY2A,1,0.999980195802611
inplane,PROX1,1,0.8769269826737988
ambient,CA4,1,0.7921118197558961
ambient,AQP3,1,0.06930688522850692
ambient,UMOD,1,0.8609000024013926
ambient,GATM,1,0.9999530575359952
outplane,CFB,1,0.8874469435306906
outplane,MYC,1,0.6057394598798644
outplane,CFTR,2,0.9998712815874753
inplane,TCIM,1,0.0
inplane,AMY2A,3,0.9999772047388124
inplane,MYBPC1,1,0.32718048616695683
outplane,C15orf48,1,0.9948488654059549
outplane,CFTR,1,0.9998626451516764
outplane,AMY2A,2,0.9999761686023676
inplane,TENT5C,1,0.9976401349182021
inplane,AMY2A,1,0.9999805185074215
inplane,GPC3,1,0.8148557421229063
inplane,GATM,1,0.9999589491766422
ambient,AQP8,1,0.9996987090805743
ambient,PEBP4,1,0.014394821368053146
induction,FKBP11,4,0.12774143779313218
induction,AQP3,3,0.018134467850716596
induction,PEBP4,3,0.004609812898388355
outplane,CFTR,1,0.9998618474346523
outplane,FXYD2,1,0.9487835610302175
outplane,PROX1,2,0.8307777915312017
outplane,NTN4,1,0.7829484570943395
outplane,AMY2A,3,0.9999736643460795
ambient,HAMP,1,0.861563911667693
ambient,DIRAS3,1,0.9279765963041199
inplane,FSTL3,1,0.8754852887016635
inplane,CRISPLD2,1,0.17845431548096413
inplane,MDM2,1,0.6066342541847594
inplane,ALDH1A3,1,0.5354971433107163
inplane,CFTR,2,0.9998425666301591
inplane,CXCL6,1,0.9990964581209345
ambient,RIDA,1,0.5638506004235588
ambient,GLYATL1,1,0.2536153486297963
outplane,CFTR,1,0.9997931818196776
outplane,AMY2A,2,0.9999658855609254
outplane,FXYD2,1,0.9093142816292754
outplane,GATM,1,0.9999254517359603
outplane,PECAM1,1,0.0
outplane,GATA2,1,0.0
outplane,AMY2A,1,0.999943545246237
outplane,GATM,1,0.9998699838074291
ambient,COCH,1,0.6612291809424153
ambient,PROX1,1,0.8032819590516668
inplane,TCIM,1,0.0
inplane,FKBP11,1,0.3170287928100788
inplane,KLK11,1,0.996326641435628
inplane,AMY2A,1,0.999975679397863
inplane,AQP8,1,0.999787488981534
outplane,SEMA3C,1,0.8985738092221713
outplane,ANPEP,1,0.9996789840309955
outplane,EHF,1,0.9984155391986975
outplane,AMY2A,1,0.9999774590062867
inplane,STC2,1,0.0
inplane,TCIM,1,0.0
inplane,C15orf48,1,0.9921940727925226
inplane,AMY2A,1,0.9999322556538793
inplane,FKBP11,1,0.3363122828486689
inplane,AMY2A,2,0.9999693991173148
inplane,GATM,1,0.9999338192171612
inplane,AQP8,1,0.9997242750190088
ambient,KLK11,1,0.9925139307045594
ambient,HAMP,1,0.6637719361108354
inplane,DPEP1,1,0.8951325882128993
inplane,AMY2A,3,0.9999313339903168
outplane,CFTR,1,0.999879185029872
outplane,BAMBI,1,0.5598610605421834
outplane,AMY2A,1,0.9999798819153091
outplane,CD1A,1,0.16123211816745875
outplane,AQP8,1,0.9998257645319022
inplane,AMY2A,3,0.9999755453753549
inplane,DIRAS3,1,0.9248923672547698
induction,FKBP11,2,0.09480295036671404
induction,AQP3,4,0.013133692701652544
induction,PEBP4,4,0.0032147844708921847
inplane,CFTR,2,0.9998851825906426
inplane,AMY2A,3,0.999979831333371
outplane,HAMP,1,0.8941572939816739
outplane,GATM,2,0.9999571750027574
outplane,AQP8,1,0.9998245627389377
ambient,GATM,1,0.999956882249832
ambient,DIRAS3,1,0.9402266686742058
ambient,PEBP4,2,0.010362942099170547
induction,FKBP11,1,0.15030555406319357
induction,AQP3,3,0.01955714324223845
induction,PEBP4,2,0.00502022165085747
ambient,CFTR,1,0.9998859722166773
ambient,AQP8,1,0.9998299807602836
ambient,GATM,1,0.9999591490563581
ambient,GLYATL1,1,0.5828711022026107
inplane,FBLN1,1,0.3760884436165908
inplane,ANPEP,1,0.9996457526414462
inplane,AMY2A,1,0.9999750502544561
inplane,KCNK3,1,0.9521493154965597
outplane,CFTR,1,0.9998575766312734
outplane,AMY2A,3,0.9999763175543362
outplane,GATM,1,0.9999496949622095
ambient,CFTR,1,0.9998800073327907
ambient,KCNK3,1,0.9648933021968269
induction,FKBP11,3,0.1269164222711745
induction,AQP3,5,0.018767695632638137
induction,PEBP4,2,0.0044899834915792525
induction,FKBP11,4,0.09581989195520613
induction,AQP3,4,0.012775775544052403
induction,PEBP4,2,0.003299643862000212
induction,FKBP11,3,0.12989575267557363
induction,AQP3,4,0.02012526256076308
induction,PEBP4,3,0.004487714354259875
outplane,MYLK,1,0.012733264629349983
outplane,CA4,1,0.8488895599188075
outplane,AMY2A,1,0.999980424032459
outplane,GATM,1,0.9999587580166741
outplane,AQP8,1,0.9998313877931722
ambient,KLK11,1,0.9966656535652701
ambient,AMY2A,1,0.9999780257845118
outplane,RIDA,1,0.8788996089100343
outplane,AMY2A,3,0.9999761153752932
outplane,GPC1,1,0.6081851366328714
outplane,CD93,2,0.0
outplane,CXCL6,2,0.9960969496822235
induction,FKBP11,3,0.11573261863442896
induction,AQP3,1,0.015503984408836491
induction,PEBP4,6,0.00407140459749189
induction,FKBP11,5,0.14765521774609136
induction,AQP3,3,0.020732595750902805
induction,PEBP4,2,0.0054644057187825945
inplane,APCDD1,1,0.1669719085263367
inplane,CAVIN1,1,0.12197337996170365
inplane,AMY2A,3,0.9999658493898362
inplane,FXYD2,1,0.895969403230892
outplane,MYC,1,0.47716841916024977
outplane,CFTR,1,0.999711955080148
outplane,AMY2A,2,0.9999528931649635
ambient,ANPEP,1,0.9996932994889409
ambient,CA4,1,0.8114324657507379
ambient,CPA3,1,0.7798598410446766
ambient,PEBP4,1,0.012060608567856734
induction,FKBP11,3,0.15242325257127087
induction,AQP3,3,0.022950586573197373
induction,PEBP4,4,0.0055711779000012784
induction,FKBP11,3,0.11882828044679405
induction,AQP3,2,0.014796311955775243
induction,PEBP4,3,0.00384285176932353
outplane,VCAN,1,0.9996208775222791
outplane,CFB,1,0.6452416519786617
outplane,TCIM,1,0.0
outplane,FXYD2,1,0.9255893692518192
ambient,KLK11,1,0.995532965803259
ambient,KCNK3,1,0.9617376393410825
induction,FKBP11,3,0.10105733618157808
induction,AQP3,5,0.013568556232566142
induction,PEBP4,2,0.0035491391515597437
ambient,UMOD,1,0.9020390597877659
ambient,CPA3,1,0.8461586621301528
inplane,AMY2A,6,0.9999429125977859
ambient,ANPEP,1,0.999399220375818
ambient,CA4,1,0.579625072003668
ambient,FKBP11,2,0.36578147918961224
ambient,RIDA,1,0.5231776134206017
ambient,PROX1,1,0.5632411429557747
outplane,EDN1,3,0.16459162349852696
outplane,CFTR,1,0.9997969561244716
inplane,MYC,1,0.6940371396970292
inplane,GATM,1,0.9999435923290794
inplane,AQP8,2,0.9997649742455457
outplane,LAMP3,1,0.6376005564659242
outplane,TNC,1,0.9951831709440072
outplane,DST,1,0.3735486805913908
outplane,AMY2A,2,0.9999592508449189
outplane,SCGN,1,0.9899527399994726
induction,FKBP11,4,0.12878161484110928
induction,AQP3,1,0.020204875430593794
induction,PEBP4,5,0.004514786470454557
induction,FKBP11,2,0.16537862886961774
induction,AQP3,3,0.02393183074534777
induction,PEBP4,5,0.006030858889678692
outplane,RAPGEF3,1,0.0
outplane,AMY2A,4,0.9999738272389959
outplane,GATM,1,0.9999443189774719
outplane,GNG11,1,0.0
outplane,GPR183,1,0.6915539061282654
outplane,MALL,1,0.11398886870800806
outplane,GATM,1,0.999932756159977
outplane,EHF,1,0.9988443933617386
outplane,AMY2A,2,0.9999738793855443
outplane,RBP5,1,0.0
outplane,GATM,1,0.9999440058412111
induction,FKBP11,3,0.1398513856864212
induction,PEBP4,5,0.0046005587181613405
induction,FKBP11,4,0.10986339122544886
induction,AQP3,5,0.016425416096502166
induction,PEBP4,1,0.003713952006106358
induction,FKBP11,5,0.11901108691272377
induction,AQP3,2,0.017425742364883146
induction,PEBP4,3,0.0041417464875048715
ambient,RIDA,1,0.6362032388603723
ambient,CFTR,1,0.9997889602098454
induction,FKBP11,4,0.1150483743123254
induction,AQP3,3,0.01763705004851035
induction,PEBP4,3,0.0036918702680318605
inplane,AMY2A,4,0.9999627067686413
inplane,AQP8,1,0.9996545748664385
induction,FKBP11,9,0.11527962602407249
induction,PEBP4,1,0.0039562645532477125
ambient,AMY2A,1,0.9999757741735988
ambient,PEBP4,1,0.019334607777040325
inplane,DST,1,0.585526465102927
inplane,EPCAM,1,0.9994028705110367
inplane,CFTR,1,0.999863000011021
inplane,GATM,1,0.9999491930323491
induction,FKBP11,5,0.12947288561970305
induction,PEBP4,5,0.004604472746040589
ambient,ANPEP,1,0.999606329897425
ambient,HAMP,1,0.8476681810616802
inplane,THBS2,1,0.9977200462908068
inplane,ACTA2,1,0.12022589609021717
inplane,AMY2A,1,0.9999790026206432
inplane,EDNRB,1,0.0
outplane,CFB,1,0.7588554830500087
outplane,GPR183,1,0.5667032664372316
outplane,AMY2A,2,0.9999756714982718
ambient,COCH,1,0.8261251242653431
ambient,GLYATL1,1,0.6482361235582357
induction,AQP3,7,0.014226188712483157
induction,PEBP4,3,0.003263846792559977
inplane,NTN4,1,0.7492280190443374
inplane,DST,1,0.4995089964092576
inplane,CFTR,1,0.9998603083208335
inplane,AMY2A,1,0.9999751749704402
outplane,ADGRL4,1,0.0
outplane,AMY2A,2,0.999978017840135
outplane,GATM,1,0.9999534080827205
outplane,FKBP11,1,0.35201363932220653
outplane,PPP1R1A,1,0.9731610849107277
outplane,AMY2A,2,0.9999799015310791
outplane,CHGA,1,0.9717883614721101
outplane,GATM,1,0.9999574171842098
inplane,TCIM,1,0.0
inplane,KCNK3,1,0.9585184812717068
inplane,GATM,2,0.9999534660901677
ambient,DPEP1,1,0.9397090860007682
ambient,DIRAS3,1,0.849771300326815
inplane,RIDA,1,0.8482481007104012
inplane,AMY2A,2,0.9999802742756912
inplane,GATM,1,0.9999583688989291
outplane,CFTR,1,0.9997829058922648
outplane,AMY2A,1,0.9999604038798312
outplane,FOXP3,1,0.8797914746045576
outplane,GATM,1,0.9999127467379353
outplane,AMY2A,2,0.9999424219834275
outplane,GATM,2,0.9998678020665502
ambient,DPEP1,1,0.9123219975125157
ambient,UMOD,1,0.7109598236837245
induction,FKBP11,4,0.14073962444057386
induction,AQP3,3,0.01985218580130732
induction,PEBP4,1,0.005517761046936243
outplane,STC2,1,0.0
outplane,MDM2,1,0.5296694643712544
outplane,AMY2A,1,0.999976646004339
outplane,CXCL2,1,0.5158820558596522
outplane,GATM,1,0.9999503911767759
ambient,AMY2A,1,0.9999260432252041
ambient,GLYATL1,1,0.31032954656682543
induction,FKBP11,3,0.16634043518664232
induction,AQP3,4,0.02469724601086798
induction,PEBP4,3,0.006227950205459409
induction,FKBP11,4,0.12652274728761503
induction,AQP3,4,0.019329948015616383
induction,PEBP4,2,0.004307796202324021
induction,FKBP11,2,0.2131799461952134
induction,AQP3,3,0.05303093603441411
induction,PEBP4,1,0.006412026073033372
induction,FKBP11,3,0.13812566085604128
induction,AQP3,4,0.02198969613833901
induction,PEBP4,3,0.0047149913965410795
induction,FKBP11,1,0.1021505243891363
induction,AQP3,5,0.016266541113624466
induction,PEBP4,4,0.0037494771535471205
inplane,NPDC1,1,0.0
inplane,FKBP11,1,0.4010837575992552
inplane,DST,1,0.4374664979102161
inplane,PRF1,1,0.32254193484236504
inplane,AMY2A,2,0.9999316853231882
ambient,KLK11,1,0.996410391067587
ambient,HAMP,1,0.8204765503043021
outplane,COL5A2,1,3.031686013343915e-12
outplane,MYC,1,0.6772027931096429
outplane,RIDA,1,0.8184167531278157
outplane,AMY2A,1,0.9999777277592997
outplane,GATM,1,0.99995277980307
ambient,PEBP4,2,0.010451562550208182
outplane,PECAM1,1,0.0
outplane,RAPGEF3,1,0.0
outplane,CFTR,1,0.9998176532640488
outplane,AMY2A,2,0.9999670879800174
ambient,RIDA,1,0.7855010057234418
ambient,AMY2A,1,0.9999707362303634
inplane,MMRN2,1,0.0
inplane,CFTR,1,0.9998266164991059
inplane,AMY2A,2,0.9999704246716258
inplane,MZB1,1,0.8903375363541275
ambient,CPA3,1,0.8385017179899705
ambient,HAMP,1,0.895022055959967
outplane,CAVIN1,3,0.4399924245751866
outplane,ANPEP,1,0.9987948688843481
ambient,UMOD,1,0.8171652652146891
ambient,COCH,1,0.6559285238015998
induction,FKBP11,4,0.1151231002015276
induction,AQP3,4,0.015499979895624572
induction,PEBP4,2,0.004059851800313874
induction,AQP3,1,0.028304968560162957
induction,PEBP4,3,0.007281290670442031
induction,FKBP11,4,0.10061832188317732
induction,AQP3,2,0.015186289616653581
induction,PEBP4,4,0.003281020391188161
outplane,FKBP11,1,0.31092148994504265
outplane,ANPEP,1,0.9994126965419324
outplane,AMY2A,1,0.9999625757045582
outplane,KCNK3,1,0.9362580889595222
outplane,TCL1A,1,0.17371961036921957
inplane,APOLD1,1,0.0
inplane,TENT5C,1,0.9969435575558981
inplane,SCGN,2,0.990324264213602
induction,FKBP11,3,0.10985759589878386
induction,AQP3,4,0.014716448117359726
induction,PEBP4,3,0.0035160103051622427
inplane,CFB,1,0.893519248444717
inplane,C15orf48,1,0.9953244235914108
inplane,TENT5C,1,0.9970267834207738
inplane,AMY2A,3,0.9999754503771692
outplane,PDPN,1,0.4715452963173423
outplane,TNC,1,0.995394026917552
outplane,PLA2G7,1,0.9940399341700713
outplane,AMY2A,1,0.9999696778402039
outplane,EHF,1,0.9964053851715086
outplane,AMY2A,2,0.9999286411280788
outplane,LYVE1,1,0.0
induction,FKBP11,3,0.1786825912519181
induction,PEBP4,3,0.005909585878040913
inplane,TCIM,1,0.0
inplane,CD163,1,0.9962677655998555
inplane,C1orf162,1,0.5215821440962894
inplane,KCNK3,1,0.7762584537627073
ambient,PROX1,1,0.5074608627929681
ambient,GATM,1,0.9998389421953886
induction,FKBP11,3,0.13919127789386065
induction,AQP3,5,0.021690565684614582
induction,PEBP4,2,0.004904213379677502
outplane,MET,1,0.3742464127604419
outplane,AMY2A,3,0.9999665621474096
outplane,GATM,1,0.9999264891184142
inplane,AMY2A,3,0.999973221662372
inplane,DUSP2,1,0.5759322666960678
inplane,ADH1C,1,0.5965306414229032
ambient,ANPEP,1,0.9995099538050304
ambient,KLK11,1,0.99486522527012
outplane,CFB,2,0.7274557490349042
outplane,AMY2A,1,0.9999712781946694
outplane,AGR3,1,0.6692645343597652
inplane,EPCAM,1,0.9986373491917291
inplane,AMY2A,2,0.9999387585153773
inplane,GATM,2,0.9998550607268105
inplane,SMYD2,1,0.6120062838747677
inplane,AMY2A,1,0.9999658444480194
inplane,GATM,2,0.9999254794122294
inplane,AQP8,1,0.99968749775278
inplane,CFTR,1,0.999830711364671
inplane,AMY2A,2,0.9999668438781981
inplane,CXCL2,1,0.6820780116833809
ambient,FKBP11,1,0.2969558543774987
ambient,UMOD,1,0.6847672274820444
outplane,FKBP11,1,0.39303214507890016
outplane,UMOD,1,0.7703664878229698
outplane,PLIN4,1,0.3135196919056775
outplane,SPIB,1,0.7165499058774008
ambient,ANPEP,1,0.9996652694570113
ambient,UMOD,1,0.8540280896393929
outplane,MCF2L,1,0.0
outplane,CXCR4,1,0.4023121790039309
outplane,PTPRC,1,0.9977455734158588
outplane,AMY2A,2,0.9999754021124537
outplane,GATM,1,0.9999475477203317
induction,FKBP11,5,0.11499668107303729
induction,AQP3,1,0.02090183637131582
induction,PEBP4,4,0.0038032498053622854
ambient,CPA3,1,0.8337755850791866
ambient,COCH,1,0.790432998987343
inplane,PECAM1,1,0.0
inplane,SMYD2,1,0.7877541610392103
inplane,CFTR,1,0.9998512836171687
inplane,AMY2A,3,0.9999746754431582
inplane,GATM,2,0.9999457973145804
induction,FKBP11,4,0.10067839058021566
induction,AQP3,4,0.01790592295199811
induction,PEBP4,2,0.0032672712947313665
induction,AQP3,6,0.018992092621251677
induction,PEBP4,4,0.0034027505243940936
outplane,AMY2A,3,0.999973636399817
outplane,GATM,1,0.9999438758910979
outplane,AQP8,1,0.9997688418286812
outplane,ANPEP,1,0.999600195394344
outplane,AMY2A,1,0.999971820067136
outplane,CXCL2,1,0.6253482678456493
outplane,GATM,1,0.9999396046769483
inplane,ECSCR,1,0.0
inplane,MEDAG,1,2.5626167854397863e-11
inplane,DST,1,0.47748275487488867
inplane,CFTR,1,0.9998796068387574
outplane,STC2,1,0.0
outplane,ACTA2,1,0.3478258766610546
outplane,TCIM,1,0.0
outplane,AMY2A,1,0.9999718532851711
outplane,GATM,1,0.9999396668124668
outplane,CFTR,1,0.999845471642349
outplane,AMY2A,2,0.9999723104023713
outplane,GPC3,1,0.8497688757155999
outplane,GATM,1,0.9999403473661147
outplane,AQP8,1,0.9997521776045871
outplane,CD68,1,0.5697919002695845
outplane,AMY2A,2,0.9999808733607554
outplane,GATM,1,0.9999596811662426
outplane,AMY2A,3,0.9999795691339098
outplane,GATM,2,0.9999568839195444
ambient,HAMP,1,0.6705056182357503
ambient,PROX1,1,0.704332164927624
induction,FKBP11,3,0.148881677169316
induction,AQP3,2,0.03301299620161491
induction,PEBP4,3,0.004393855517009881
inplane,CFTR,1,0.9998554111639885
inplane,AMY2A,3,0.9999748750502736
inplane,GATM,1,0.9999462575567616
inplane,TSPAN19,1,0.3292524578284438
outplane,NTN4,1,0.7602812975007704
outplane,MDM2,1,0.6451858946371201
outplane,EPCAM,1,0.9993408157881357
outplane,GATM,2,0.999935028547661
inplane,VCAN,1,0.999644873230062
inplane,MFAP5,1,0.8049772479039214
inplane,DST,1,0.4579385578254852
inplane,LILRA4,1,0.27432529909612124
outplane,ANPEP,2,0.9995075863823363
outplane,GATM,2,0.9999240540827997
ambient,PROX1,1,0.7962487160893361
ambient,AQP3,1,0.06329606089850293
ambient,CFTR,1,0.9998624018968123
ambient,AQP3,1,0.05620836121417416
outplane,CFB,1,0.8733810037003524
outplane,EHF,1,0.9983055610856509
outplane,AMY2A,2,0.9999716962496809
induction,FKBP11,3,0.18233541555301525
induction,AQP3,3,0.03308126725880989
induction,PEBP4,4,0.006549105988742032
inplane,TNC,1,0.9956501921364128
inplane,FCGR3A,1,0.7487260388941577
inplane,MET,1,0.3080364246269043
inplane,ANPEP,1,0.9996086541225427
inplane,AMY2A,3,0.9999725740384591
inplane,GATM,1,0.9999412301453353
induction,FKBP11,6,0.10822583350599424
induction,AQP3,2,0.015302059641889576
induction,PEBP4,2,0.00375080771095071
ambient,CPA3,1,0.6226191195067259
ambient,COCH,1,0.5414203077890247
inplane,DPEP1,1,0.963240847841389
inplane,MYC,1,0.6047732040627567
inplane,AMY2A,1,0.9999663733701366
inplane,GATM,1,0.9999265857261896
inplane,PPP1R1A,1,0.9666388645888556
inplane,AMY2A,2,0.9999691478923228
inplane,GATM,1,0.9999338940458297
induction,FKBP11,4,0.11032902366123476
induction,AQP3,3,0.014778074695320553
induction,PEBP4,3,0.003656732312069977
ambient,CA4,1,0.7250221985355818
ambient,KCNK3,1,0.9320025448361984
ambient,DPEP1,1,0.9662676258676156
ambient,UMOD,1,0.8500955111893606
inplane,CFTR,1,0.999667466810138
inplane,AMY2A,2,0.9999427617792213
inplane,GATM,1,0.9998684535293781
induction,FKBP11,1,0.16418847806044956
induction,AQP3,3,0.02240883198940502
induction,PEBP4,2,0.00592921158756321
ambient,FKBP11,1,0.36104048375553555
ambient,HAMP,1,0.8520773389586693
ambient,CFTR,1,0.999875861712144
ambient,DIRAS3,1,0.9187106433098902
outplane,MMRN2,1,0.0
outplane,CFTR,2,0.9998185785870611
outplane,AMY2A,1,0.9999669733929698
outplane,GATM,1,0.9999286526796386
inplane,TCIM,1,0.0
inplane,AMY2A,2,0.9999780973791388
inplane,AQP8,1,0.9998092634528901
ambient,FKBP11,1,0.29897909440705417
ambient,DIRAS3,1,0.9501878267126496
inplane,CFB,1,0.8210388975588384
inplane,SLC4A1,1,0.09508253000209399
inplane,AMY2A,1,0.9999786827334342
inplane,GATM,1,0.9999549636655225
inplane,AQP8,1,0.9998155117911619
induction,FKBP11,6,0.11348797538063027
induction,AQP3,2,0.01733347313347111
induction,PEBP4,2,0.003787467997946603
ambient,RIDA,1,0.7147786965702296
ambient,GATM,1,0.9998731531379575
inplane,C15orf48,1,0.9954428420150517
inplane,SMYD2,1,0.49836256687729685
inplane,GATM,2,0.9998333785641659
inplane,MCF2L,1,0.0
inplane,VWA5A,1,0.7118172460222854
inplane,MS4A6A,1,0.3964000067187051
inplane,CFTR,1,0.9998752917405004
inplane,AMY2A,1,0.9999765639150762
outplane,EDN1,1,0.23283803283507043
outplane,CCL5,1,0.1834875363801417
outplane,AMY2A,1,0.9999513898488295
outplane,GATM,1,0.9998806009186703
outplane,AQP8,1,0.999478062020441
outplane,MEDAG,1,0.34940412275514443
outplane,RND1,1,0.09737468907864388
outplane,FXYD2,1,0.9417424289887766
outplane,EGFR,1,0.7610393180888982
outplane,AMY2A,2,0.9999752114018374
outplane,KCNK3,1,0.9481118135455553
outplane,AQP8,1,0.9997821678313058
induction,FKBP11,2,0.11563605033984548
induction,AQP3,5,0.018504077992087198
induction,PEBP4,3,0.0037049744711649124
outplane,CFTR,1,0.9998116641669185
outplane,AMY2A,3,0.9999659728790596
outplane,GATM,1,0.9999255531820821
inplane,CLEC14A,1,0.0
inplane,CFTR,1,0.9998331048491544
inplane,AMY2A,2,0.999970140826427
induction,FKBP11,3,0.133726492017454
induction,AQP3,4,0.01980033578551932
induction,PEBP4,3,0.004778449985103572
ambient,DPEP1,1,0.971686497462586
ambient,AQP8,1,0.9998013602157647
inplane,TCF4,1,0.0
inplane,APOLD1,1,0.0
inplane,CFTR,1,0.999857195867838
inplane,SPI1,1,0.48846039076311365
outplane,BCL2L11,1,0.2909051264881355
outplane,AMY2A,3,0.9999761714895907
outplane,GATM,1,0.9999493039770418
induction,FKBP11,1,0.14155295973609716
induction,AQP3,5,0.021967146007483507
induction,PEBP4,4,0.00495292184037921
ambient,KLK11,1,0.9896531000362574
ambient,AQP8,1,0.999208617961488
inplane,ACTA2,1,0.11843717087010652
inplane,AMY2A,2,0.999958710370315
inplane,GATM,1,0.9999090892399608
inplane,ASPN,1,0.21283950901741722
inplane,CFTR,1,0.9997828646295683
inplane,AMY2A,2,0.9999516465187588
inplane,GATM,1,0.9998909737190053
ambient,CFTR,1,0.999765973228094
ambient,KLK11,1,0.9923797012948941
ambient,ANPEP,1,0.9991344176588276
ambient,AMY2A,1,0.9999394796400599
induction,FKBP11,5,0.11326790049245039
induction,AQP3,1,0.017809949204914965
induction,PEBP4,4,0.003582001186309247
induction,FKBP11,1,0.23548622586404322
induction,AQP3,2,0.06694761239324742
induction,PEBP4,1,0.007679264478701708
ambient,KLK11,1,0.9899188456848776
ambient,AQP3,1,0.10104058496211821
outplane,BANK1,1,0.39932357713867206
outplane,AMY2A,4,0.9999282048282725
inplane,AMY2A,3,0.9999353005477586
inplane,GATM,2,0.9998463005662466
outplane,AMY2A,2,0.999934870029439
outplane,GATM,1,0.9998460200559002
outplane,AQP8,1,0.9993112248486188
ambient,GATM,2,0.9998692339904446
outplane,CFB,1,0.8581732529664712
outplane,EDN1,1,0.21737298750981826
outplane,EPCAM,1,0.9993229136634625
outplane,CFTR,1,0.9997889108852606
outplane,EHF,1,0.9982570419485115
inplane,MDM2,1,0.5885190951479816
inplane,AMY2A,2,0.9999306181131364
inplane,GATM,1,0.9998355168676014
inplane,AQP3,1,0.1349807663474446
outplane,ACTG2,2,0.3621627888406358
outplane,AMY2A,2,0.9999235803588216
outplane,CD83,1,0.6152699208990142
outplane,EPCAM,1,0.9991800045073432
outplane,CFTR,2,0.9996347084660916
inplane,SLAMF7,1,0.9799466748785193
inplane,AMY2A,2,0.9999281643281674
inplane,CD2,1,0.6522568247364567
ambient,GATM,1,0.999866110047033
ambient,GLYATL1,1,0.285981616972525
inplane,AMY2A,4,0.9999370207573599
inplane,CXCL2,1,0.3877785115655137
induction,FKBP11,1,0.21453526627137687
induction,AQP3,1,0.03681486752969554
induction,PEBP4,2,0.00783845794373672
outplane,MET,1,0.33810606554920875
outplane,CFTR,1,0.999723093616361
outplane,AMY2A,2,0.9999313568316619
outplane,GATM,1,0.9998351470437189
inplane,BCL2L11,1,0.23318452492155683
inplane,FKBP11,1,0.3566151347040788
inplane,AMY2A,3,0.9999334743041706
inplane,GATM,1,0.9998408767485152
outplane,KLK11,1,0.9921995805618409
outplane,AMY2A,1,0.999944248421891
outplane,KCNK3,1,0.8323164967690773
outplane,PROX1,1,0.630322457773389
outplane,GATM,2,0.9998722332749691
induction,FKBP11,2,0.21680552584443114
induction,AQP3,1,0.03909024149109963
induction,PEBP4,1,0.007419381508994793
ambient,AQP8,1,0.9992992491118167
ambient,PEBP4,1,0.015087832005970858
outplane,AMY2A,1,0.9999383859052023
outplane,GATM,3,0.9998581169086341
induction,FKBP11,2,0.24061919483540717
induction,AQP3,1,0.05381506114075707
induction,PEBP4,1,0.00788593265743709
ambient,GATM,1,0.999817411269239
ambient,GLYATL1,1,0.2920860673031208
outplane,CFB,1,0.7911065305557092
outplane,TFPI,1,0.0
outplane,AMY2A,1,0.9999290446347362
outplane,EGFR,1,0.7103571375359439
ambient,KLK11,1,0.9907779231771511
ambient,CPA3,1,0.5929746840928163
ambient,KLK11,1,0.9926885217364144
ambient,PEBP4,1,0.012966977403520707
inplane,CFB,1,0.8254406133466196
inplane,CFTR,1,0.9997012153782644
inplane,AMY2A,1,0.9999422035817958
inplane,GATM,1,0.9998669628866543
outplane,CD68,1,0.74251176034243
outplane,ANPEP,1,0.9993420164232345
outplane,AMY2A,1,0.9999547493846181
outplane,GATM,1,0.9999004302711105
inplane,AMY2A,2,0.9999353444600524
inplane,AQP8,1,0.9993147511414604
inplane,DIRAS3,1,0.7814366045799495
ambient,RIDA,1,0.6647223440766109
ambient,AMY2A,1,0.9999484932293845
ambient,HAMP,1,0.6201589408875687
ambient,DIRAS3,1,0.7857716147707083
inplane,VCAN,1,0.9996935224705434
inplane,FHL2,1,0.34843067396301663
inplane,CFTR,3,0.9995239570079658
ambient,AMY2A,1,0.9999229242206078
ambient,KCNK3,1,0.785844002213397
inplane,AMY2A,1,0.9999516735264543
inplane,GATM,1,0.9998910117986175
inplane,AQP8,2,0.9995311579963836
outplane,DST,1,0.5601582699130132
outplane,MYC,1,0.5176469966636259
outplane,AMY2A,1,0.9999462080886632
outplane,COCH,1,0.6243153175470841
outplane,AQP8,1,0.9994621145855277
outplane,FHL2,1,0.5035625109831934
outplane,ACTG2,1,0.7361886547574761
outplane,EPCAM,1,0.9991609136295648
outplane,ANPEP,1,0.9989701155398568
outplane,KLRB1,1,0.745034016564956
outplane,CXCL10,1,0.7584416047116121
outplane,GATM,2,0.9998619828365191
outplane,AQP8,1,0.9993952126004958
outplane,CAVIN1,1,0.11103697286987357
outplane,PRDM1,1,0.17502504088501025
outplane,CYTIP,1,0.6812711244378618
outplane,TMEM52B,1,0.48259117149077113
outplane,CFTR,1,0.9997687337955121
outplane,AMY2A,1,0.9999254345558579
outplane,GATM,1,0.9998232558977351
ambient,AMY2A,1,0.9999436064836746
ambient,KCNK3,1,0.8590165765655294
inplane,AMY2A,1,0.9999287222267664
inplane,GPC3,1,0.6270186992751099
inplane,PROX1,1,0.5601586241061809
inplane,GATM,1,0.9998310867411254
outplane,FSTL3,1,0.8249564622518994
outplane,CFTR,1,0.9997854033450948
outplane,AMY2A,1,0.9999604578787438
outplane,CSF3,1,0.11353497407858781
inplane,AMY2A,2,0.9999361139712731
inplane,PROX1,1,0.5878557772957718
inplane,GLYATL1,1,0.26436868404764347
inplane,CFTR,1,0.9997473733770598
inplane,AMY2A,3,0.9999531380358507
ambient,ANPEP,1,0.9992456339034179
ambient,PEBP4,1,0.012334349879148943
outplane,EPCAM,2,0.9994274301319113
outplane,AMY2A,1,0.9999441913823601
outplane,KCNK3,1,0.8597611449149944
outplane,GATM,1,0.9998719653959133
ambient,COCH,1,0.5199899236030461
ambient,PEBP4,1,0.012845435362301427
inplane,NTN4,1,0.6217129079445287
inplane,RIDA,1,0.5778415634687647
inplane,AMY2A,1,0.9999413856340762
inplane,MMRN1,1,0.01027662329234591
inplane,TFPI,2,0.0
inplane,CXCL6,1,0.9990870937316226
inplane,PROX1,1,0.6280701497193841
inplane,AMY2A,2,0.9999427091571083
inplane,GATM,1,0.9998681980902863
inplane,AQP8,1,0.9994238414121902
inplane,CFTR,1,0.9998092254448167
inplane,AMY2A,2,0.9999674141342543
inplane,GATM,1,0.9999296181150891
inplane,NTN4,1,0.5636163924021431
inplane,KCNMA1,1,0.3715942886316803
inplane,AMY2A,2,0.999942035923163
inplane,NTN4,1,0.49441098156551433
inplane,BAMBI,1,0.45088511009230026
inplane,TFPI,1,0.0
inplane,AMY2A,1,0.999951022443768
induction,FKBP11,3,0.12052615737787697
induction,AQP3,2,0.019189260528987173
induction,PEBP4,5,0.0040906277867058805
induction,FKBP11,4,0.11347599085102666
induction,AQP3,1,0.019406339176348597
induction,PEBP4,5,0.0037863906484971732
inplane,DPEP1,1,0.9255893891677246
inplane,ANPEP,1,0.9993901131692515
inplane,TENT5C,1,0.9947354367850186
inplane,GATM,1,0.999906796968199
outplane,AMY2A,2,0.9999426193302314
outplane,GPC3,1,0.5695498109161605
outplane,GATM,1,0.9998682343470885
inplane,AMY2A,3,0.9999501710929642
inplane,GATM,1,0.9998876880376192
outplane,AMY2A,6,0.9999630375650858
outplane,FKBP11,1,0.3550288771556278
outplane,AMY2A,2,0.9999417581284656
outplane,GATM,2,0.9998662525512946
outplane,DST,1,0.40709592741083056
outplane,EPCAM,1,0.9991650444340802
outplane,BAMBI,1,0.5941459202210659
outplane,AMY2A,1,0.9999484523171149
inplane,TENT5C,1,0.9920247423133413
inplane,AMY2A,4,0.9999326588919111
outplane,TCIM,1,0.0
outplane,EPCAM,2,0.9992364948118052
outplane,AMY2A,2,0.9999458174408844
outplane,AQP8,1,0.9994561741895578
outplane,THAP2,1,0.32917995004311884
outplane,CFTR,1,0.9996759197135747
outplane,IGSF6,1,0.6882525030604631
outplane,AMY2A,1,0.999936196376121
outplane,GATM,1,0.999853684906349
inplane,LAMP3,1,0.6054533652194753
inplane,NTN4,1,0.34071953376242625
inplane,AMY2A,1,0.9999213358850393
inplane,SST,1,0.9930102373354611
inplane,GATM,2,0.9998131973198987
ambient,FKBP11,1,0.3656882202186228
ambient,AMY2A,1,0.9999305152092511
inplane,SFRP2,1,0.9997144658533597
inplane,PPARG,1,0.08537941610177047
inplane,CFTR,1,0.9997797684727078
inplane,AMY2A,2,0.9999622730577746
inplane,GATM,1,0.9999169511330166
inplane,CRISPLD2,1,0.47206530613968656
inplane,FKBP11,1,0.31547702674451383
inplane,MDM2,2,0.5300259601254245
inplane,AMY2A,1,0.999961602945755
inplane,GATM,1,0.9999155032850117
inplane,EPCAM,1,0.9993449319932793
inplane,AMY2A,2,0.9999600432511797
inplane,GATM,1,0.9999116198273804
ambient,CA4,1,0.6311696495646426
ambient,KCNK3,1,0.8728370489891665
ambient,PROX1,1,0.608868374025901
ambient,DIRAS3,1,0.770643912525204
ambient,KLK11,1,0.9897426754250425
ambient,COCH,1,0.4676030534752851
ambient,CFTR,1,0.9997510940998463
ambient,COCH,1,0.44539320376187663
outplane,ANPEP,1,0.998947672263504
outplane,EHF,1,0.9977024028790631
outplane,AMY2A,2,0.9999296029344437
outplane,MLPH,1,0.49207549665337713
outplane,GATM,1,0.9998324162826042
inplane,CFTR,1,0.9996671291559792
inplane,IL1R2,1,0.44116093616789354
inplane,AMY2A,2,0.99993348319539
inplane,GATM,2,0.9998425352637041
inplane,AMY2A,2,0.999932729935365
inplane,GPC3,1,0.5812669442378315
inplane,AQP8,1,0.999284746210641
inplane,MS4A6A,1,0.916857447771695
inplane,CXCR4,2,0.6542397174794696
inplane,MYC,1,0.4598932109080156
inplane,ADAM28,1,0.7859919484628719
inplane,FCER1A,1,0.8971411785091561
inplane,AMY2A,2,0.999943110388618
outplane,NTN4,1,0.5586009387425033
outplane,TM4SF18,1,0.0
outplane,AMY2A,1,0.9999271072447937
outplane,GATM,1,0.999827359154828
inplane,SLC26A2,1,0.16360746861954056
inplane,ANPEP,1,0.9989395183301909
inplane,CFTR,1,0.9996028535618458
inplane,AMY2A,1,0.9999311042616669
inplane,AMY2A,2,0.9999505449353047
inplane,GATM,2,0.9998884113724653
outplane,PTGDS,1,0.5759191274379694
outplane,FBN1,1,0.3095213303243164
outplane,DPT,2,0.7901980840146315
ambient,CPA3,1,0.636644174169003
ambient,AQP3,1,0.09438080671752791
outplane,MYC,1,0.3539988027316162
outplane,CFTR,1,0.9995982219917076
outplane,AMY2A,2,0.9999297487200577
outplane,GATM,1,0.9998335625303757
induction,FKBP11,2,0.24708546774255624
induction,AQP3,2,0.043325846853396355
induction,AQP3,3,0.07733851883437903
induction,PEBP4,1,0.007833444116149946
ambient,PROX1,1,0.6768023652245125
ambient,PEBP4,1,0.01527112328548419
induction,AQP3,3,0.04633502894899166
induction,PEBP4,1,0.007102508941409624
ambient,ANPEP,1,0.9995968790744523
ambient,DIRAS3,1,0.8699870633297202
induction,FKBP11,4,0.09255609342194715
induction,AQP3,4,0.013308345762578777
induction,PEBP4,2,0.003044224354705638
inplane,MS4A6A,1,0.7223360746264393
inplane,MYLK,1,0.012354652144569989
inplane,CFTR,2,0.9998622810753846
inplane,AMY2A,1,0.9999770913868744
inplane,GATM,2,0.9999514013306366
induction,FKBP11,6,0.11480150793526378
induction,AQP3,2,0.016085425395196196
induction,PEBP4,2,0.00401352505344077
induction,FKBP11,4,0.11185010693818342
induction,AQP3,3,0.015792408453341622
induction,PEBP4,3,0.003913177324362027
inplane,CFTR,1,0.9998684196437853
inplane,AMY2A,4,0.9999780791884719
inplane,GATM,1,0.9999537413756692
outplane,MYC,4,0.7334930702522308
outplane,GATM,2,0.9999579110155296
inplane,AMY2A,3,0.9999773743231899
inplane,COCH,1,0.7812251901588487
outplane,CFTR,1,0.9996281570487445
outplane,AMY2A,3,0.9999399279693466
outplane,GATM,1,0.9998583488526027
outplane,GLIPR1,3,0.5929686228724057
outplane,GATM,1,0.9998343528652655
induction,FKBP11,4,0.09682264854962142
induction,AQP3,2,0.012637669353711689
induction,PEBP4,4,0.0033216855117572663
outplane,INMT,1,0.07953509119053126
outplane,AMY2A,3,0.9999793479774958
outplane,CA4,1,0.6987355871461006
outplane,AMY2A,1,0.9999459949494856
outplane,CXCL2,1,0.3999070499036369
outplane,GATM,2,0.9998762563455776
outplane,FKBP11,1,0.32040318030856585
outplane,AMY2A,3,0.9999795214766519
outplane,GATM,1,0.9999567217870436
outplane,NTN4,1,0.7570899905122871
outplane,DPEP1,1,0.9758804720754881
outplane,AMY2A,2,0.9999736513953358
induction,FKBP11,5,0.10252224742563742
induction,AQP3,1,0.013401967609709131
induction,PEBP4,4,0.0034800089199047424
inplane,GDF15,1,0.8778265599157817
inplane,AMY2A,3,0.9999652970528541
inplane,GATM,2,0.9999223364379324
ambient,KLK11,1,0.9940788713749659
ambient,CA4,1,0.6665812659436638
outplane,MYC,1,0.6132315258040049
outplane,IL2RA,1,0.07175979580500225
outplane,AMY2A,2,0.9999729855013723
induction,FKBP11,5,0.16419618533853775
induction,AQP3,4,0.02769109528932512
induction,PEBP4,1,0.005976677560266874
inplane,CTLA4,1,0.24330402381310445
inplane,AMY2A,1,0.9999777727413671
inplane,GATM,2,0.9999529170221665
outplane,FKBP11,1,0.339001327818123
outplane,CFTR,1,0.9996081017165221
outplane,AMY2A,3,0.9999367904246376
ambient,RIDA,1,0.7290425702827397
ambient,CFTR,1,0.9998483337732254
ambient,KLK11,1,0.9917140904687207
ambient,KCNK3,1,0.8513578252359911
ambient,HAMP,1,0.6688042559563435
ambient,PEBP4,1,0.013104675477602079
ambient,CFTR,1,0.9997779242532424
ambient,PEBP4,1,0.012331230413869076
induction,FKBP11,3,0.11809884256488301
induction,AQP3,3,0.016030177628685305
induction,PEBP4,4,0.004198799805837483
inplane,MPEG1,1,0.6533515432617704
inplane,CFTR,1,0.999870221169965
inplane,AMY2A,1,0.9999753978121968
inplane,FXYD2,1,0.9686927495050391
ambient,DPEP1,1,0.9752255165910727
ambient,ANPEP,1,0.9996637098905674
induction,FKBP11,4,0.1459295957056661
induction,AQP3,3,0.022703539202953205
induction,PEBP4,3,0.005243231959621619
inplane,FKBP11,2,0.29479828399379227
inplane,GATM,1,0.9999582695240908
inplane,AQP8,1,0.9998292311877465
outplane,TCIM,1,0.0
outplane,CRISPLD2,1,0.70936135941302
outplane,PLIN4,1,0.6786189802512076
outplane,AMY2A,3,0.9999794523007725
outplane,OGN,1,0.9051083165504807
induction,FKBP11,5,0.14412000518831636
induction,AQP3,3,0.022744145601167998
induction,PEBP4,2,0.005125382492746744
ambient,HAMP,1,0.7441997162762368
ambient,GLYATL1,1,0.2853984022509981
induction,FKBP11,2,0.1575562405109413
induction,AQP3,6,0.023466297733113706
induction,PEBP4,2,0.005942451942163474
induction,FKBP11,4,0.12335960410352165
induction,AQP3,4,0.01969086639118478
induction,PEBP4,2,0.004365420728627112
inplane,AMY2A,3,0.9999773538133551
inplane,GATM,1,0.9999518558176621
outplane,FKBP11,1,0.3408996829531149
outplane,EPCAM,1,0.9992066437619883
outplane,GATA2,1,0.0
outplane,DERL3,1,0.5116872219633211
outplane,AMY2A,2,0.999976000838835
outplane,GATM,1,0.9999487578868974
induction,FKBP11,3,0.11723868553670114
induction,PEBP4,7,0.0039577608134850895
ambient,AMY2A,1,0.9999673145950178
ambient,AQP3,1,0.05377237826005088
induction,FKBP11,5,0.0986850647049261
induction,AQP3,1,0.014929681556794416
induction,PEBP4,4,0.0032934830506949897
induction,FKBP11,2,0.1953312230464942
induction,PEBP4,2,0.008057784941714607
inplane,MYLK,1,0.13337520288584026
inplane,CRISPLD2,1,0.036824242945054486
inplane,EPCAM,1,0.9996963338707976
inplane,CFTR,2,0.999787659181669
inplane,AMY2A,2,0.9999329256688424
inplane,FXYD2,1,0.955234539459671
inplane,PROX1,1,0.6896853094725887
outplane,CFB,1,0.8362192367767581
outplane,PPP1R1B,2,0.9592955136558716
outplane,AMY2A,2,0.9999764150672564
outplane,FXYD2,1,0.954858752825527
induction,FKBP11,3,0.09883092977610664
induction,AQP3,5,0.015482149105497833
induction,PEBP4,2,0.0031482810190724964
ambient,KCNK3,2,0.9136866925287974
inplane,FBLN1,2,0.775295061139849
inplane,APCDD1,1,0.227800861995883
inplane,CFTR,2,0.9998116323186231
ambient,DPEP1,1,0.9457868905841881
ambient,KLK11,1,0.9952361377020539
induction,FKBP11,3,0.11680715334947123
induction,AQP3,2,0.015584477981331557
induction,PEBP4,5,0.0040635207312094135
outplane,ANPEP,1,0.9992549683329869
outplane,KCNK3,1,0.9643183884117471
outplane,CXCL2,2,0.4600715953266621
outplane,PROX1,1,0.8847121836143512
outplane,GATM,1,0.9998890529961826
inplane,MPEG1,1,0.3131199429890352
inplane,CFTR,1,0.9997042812335931
inplane,CA4,1,0.5900030019194848
inplane,AMY2A,1,0.9999512153964576
induction,FKBP11,4,0.11981933514968579
induction,AQP3,3,0.0181201070835193
induction,PEBP4,3,0.004142432862984435
inplane,CAVIN1,1,0.137118706563362
inplane,SMYD2,1,0.7727959210462017
inplane,AMY2A,1,0.9999742956546703
inplane,GPX2,1,0.9905505457264264
induction,FKBP11,4,0.10298296304719035
induction,AQP3,5,0.013843350659866527
induction,PEBP4,1,0.0036006026968847804
inplane,BCL2L11,1,0.6557012011994664
inplane,AMY2A,3,0.9999777174585346
inplane,GATM,1,0.9999526584355928
inplane,AQP8,1,0.9998052890169877
induction,FKBP11,4,0.10937470002959016
induction,AQP3,2,0.016477487438084193
induction,PEBP4,4,0.003743761442583704
outplane,SOX2,1,0.32750619054837316
outplane,SEMA3C,1,0.7927632114716779
outplane,DST,1,0.48149471940292765
outplane,SCGN,1,0.9902945053879242
induction,FKBP11,3,0.12210692871759832
induction,AQP3,5,0.01816744368082235
induction,PEBP4,2,0.004151801910120101
outplane,FKBP11,1,0.37890314112788026
outplane,AMY2A,2,0.9999714962619433
outplane,AQP8,1,0.9997477215531642
inplane,AMY2A,2,0.9999658535092871
inplane,GATM,2,0.9999255265789
induction,FKBP11,4,0.14792406034488959
induction,AQP3,4,0.020650648116502635
induction,PEBP4,2,0.005417579512889237
inplane,GNG11,1,0.0
inplane,CFTR,1,0.9998686270292436
inplane,AMY2A,1,0.9999781167926058
inplane,AQP8,1,0.9998108280028614
induction,FKBP11,3,0.17848704186982456
induction,AQP3,2,0.026510272823198733
induction,PEBP4,5,0.006689181061527161
ambient,ANPEP,1,0.9997006401996491
ambient,CA4,1,0.8157186958353245
induction,FKBP11,3,0.11664588630838191
induction,AQP3,4,0.015552028894480485
induction,PEBP4,3,0.004082027626518769
ambient,DPEP1,1,0.974906412816206
ambient,KLK11,1,0.9964833537187533
outplane,CD28,1,0.3193386780828128
outplane,PLAC9,1,0.13564147578201824
outplane,AMY2A,1,0.9999745930369353
outplane,COCH,1,0.7420218914876573
outplane,GATM,1,0.9999458474684367
outplane,AMY2A,2,0.9999755612852631
outplane,GATM,1,0.9999477133774001
outplane,AQP8,1,0.9997838672791568
outplane,AMY2A,1,0.9999746243519895
outplane,GATM,3,0.9999456583598471
outplane,AQP8,1,0.9997752223816019
induction,FKBP11,5,0.11871307194682879
induction,AQP3,3,0.017256692186558564
induction,PEBP4,2,0.004141404339410459
induction,FKBP11,5,0.13095073765354015
induction,AQP3,3,0.02850587069525712
induction,FKBP11,3,0.25869278730653333
induction,AQP3,1,0.05516170900138495
induction,FKBP11,1,0.13100946841635186
induction,AQP3,5,0.023027024777593663
induction,PEBP4,4,0.004268270063092716
inplane,MMRN2,1,0.0
inplane,SELL,1,0.11858138555558739
inplane,FCER1A,1,0.6945441869849103
inplane,AMY2A,2,0.9999686611885352
inplane,GATM,1,0.9999322024364559
outplane,MDM2,1,0.48928635759153427
outplane,CNN1,1,0.992142200253675
outplane,AMY2A,1,0.9999693403112959
outplane,GATM,1,0.9999337012683138
outplane,APOLD1,1,0.0
outplane,AMY2A,2,0.9999631010443842
outplane,AQP8,1,0.9996623037597967
outplane,ANPEP,1,0.999700369777046
outplane,CFTR,2,0.9998751353680404
outplane,AMY2A,3,0.9999787986554908
inplane,BCL2L11,1,0.39765713428726257
inplane,AMY2A,2,0.9999668469774061
inplane,GATM,1,0.9999272035895649
inplane,AQP8,1,0.9996942624010732
outplane,CFB,2,0.8933878027961462
outplane,CFTR,2,0.999762500952763
outplane,AMY2A,2,0.9999554357866509
outplane,AQP8,1,0.9995647169932628
outplane,EPCAM,1,0.999160398955565
outplane,AMY2A,1,0.9999611195498654
outplane,AGER,1,0.052316758767010585
outplane,AQP8,1,0.9996372673660254
inplane,TCIM,1,0.0
inplane,ANPEP,1,0.9994812614643169
inplane,AMY2A,3,0.9999637720636795
inplane,GATM,1,0.9999208776759322
inplane,AQP8,1,0.9996679517524942
ambient,ANPEP,1,0.9994208516305629
ambient,AQP3,1,0.08316982440533727
outplane,AMY2A,2,0.9999662558592726
outplane,PROX1,1,0.8176511550966193
outplane,GATM,1,0.9999262035863681
ambient,UMOD,1,0.8315847399251244
ambient,KLK11,1,0.9950112075634946
ambient,CA4,1,0.5219822686832535
ambient,PROX1,1,0.6018468259475724
induction,FKBP11,3,0.1362210986384571
induction,AQP3,5,0.018503745357816404
induction,PEBP4,2,0.004844170906800893
ambient,CFTR,1,0.9998833218338552
ambient,GLYATL1,1,0.5072499673035342
inplane,FKBP11,1,0.4189197345753084
inplane,AMY2A,2,0.9999759308179135
inplane,GPC3,1,0.7011593834614809
ambient,CFTR,1,0.9998619305695531
ambient,KCNK3,1,0.9379158531519073
outplane,MYC,1,0.5630909446062036
outplane,AMY2A,2,0.999974546895026
outplane,GATM,1,0.9999459186049344
outplane,NTN4,1,0.7805006450467998
outplane,AMY2A,1,0.9999778650910061
outplane,EGFR,1,0.8406900383343171
outplane,GATM,2,0.9999530589157815
outplane,CFTR,1,0.9998879602133287
outplane,TIMP4,1,0.19199826345129367
outplane,AMY2A,1,0.9999802814531357
outplane,FXYD2,2,0.9701721007069698
induction,FKBP11,4,0.14822552326432914
induction,AQP3,4,0.023026040221807653
induction,PEBP4,2,0.005354316638156442
induction,FKBP11,4,0.10835077181960351
induction,AQP3,1,0.014305494905468064
induction,PEBP4,5,0.003741535530576323
outplane,CFB,1,0.8648896504253557
outplane,FSTL3,1,0.8556647190779257
outplane,KRT7,1,0.993990893035447
outplane,ADAMTS1,1,0.05443472727604848
outplane,KCNK3,1,0.9247696991172395
induction,FKBP11,6,0.1450425975017372
induction,AQP3,2,0.02386856793079628
induction,PEBP4,2,0.005135088643800079
outplane,GEM,1,0.4919320737046945
outplane,AMY2A,2,0.9999683318352955
outplane,GATM,1,0.9999316201760348
outplane,AMY2A,2,0.9999689120751122
outplane,PROX1,1,0.7731907621613272
outplane,CYP1A1,1,0.08735457874064467
ambient,RIDA,1,0.8056444920686902
ambient,AMY2A,1,0.9999780276406331
induction,FKBP11,4,0.18350004501172457
induction,AQP3,4,0.029691522653583102
induction,PEBP4,2,0.006892400211951144
ambient,FKBP11,1,0.18865809562753888
ambient,GLYATL1,1,0.46181946298284415
outplane,MYC,1,0.4199144671751911
outplane,EHF,1,0.9959470006017083
outplane,CXCL2,1,0.21374986127576945
outplane,RBP5,1,0.0
ambient,AQP8,2,0.9994673962977659
inplane,NTN4,1,0.7437717614555467
inplane,MDM2,1,0.5309083575156052
inplane,DST,1,0.5305200280051652
inplane,AMY2A,3,0.9999591916402345
inplane,GCG,1,0.9974145708438938
ambient,AMY2A,1,0.9999666489121976
ambient,KCNK3,1,0.9209085170549385
outplane,CAVIN1,2,0.06593625345087173
outplane,LILRB2,1,0.6169744829662258
outplane,SMYD2,1,0.7441801569497772
outplane,MDM2,1,0.5865037146705243
outplane,CFTR,1,0.9998471651749312
outplane,AMY2A,1,0.9999746220156062
outplane,GATM,1,0.999945828140355
induction,FKBP11,2,0.12805664588205723
induction,AQP3,5,0.01848165073490904
induction,PEBP4,3,0.004450605470026514
inplane,AMY2A,3,0.9999759516329558
inplane,GPC3,1,0.8070477803790612
inplane,GATM,1,0.999948791609361
inplane,AQP8,1,0.9997890466320081
outplane,CFB,1,0.39395194179597737
outplane,CFTR,1,0.9995559845138011
outplane,AMY2A,1,0.999928297324029
outplane,FXYD2,1,0.7324101562867044
induction,FKBP11,2,0.10156926271932987
induction,AQP3,3,0.014823557211298133
induction,PEBP4,5,0.00344289720282398
induction,AQP3,3,0.03471453630801269
induction,PEBP4,1,0.00715999334627937
inplane,MYLK,1,0.27370332357545213
inplane,COL5A2,1,0.48265201260223656
inplane,ADAMTS1,1,0.02451090838043024
inplane,EDNRB,1,0.0
inplane,AQP8,1,0.9993051041649805
ambient,DIRAS3,1,0.95043929219986
ambient,GLYATL1,1,0.6294642350766222
inplane,CD14,2,0.765482161625613
inplane,FCGR1A,1,0.6937696846864061
inplane,PTPRC,1,0.9981682760273701
inplane,BCL2L11,1,0.3144293520916116
inplane,MYC,1,0.489914878209868
inplane,AMY2A,1,0.99996021759151
inplane,GATM,1,0.9999123270584581
inplane,AQP8,1,0.9996295521246885
outplane,PCNA,1,0.2224326645085729
outplane,CFTR,1,0.9997080920892966
outplane,AMY2A,2,0.9999438602489156
outplane,GATM,1,0.9998708873646842
outplane,AQP8,1,0.9994357410141163
inplane,AMY2A,3,0.9999437842940313
inplane,GATM,1,0.9998707001275325
induction,AQP3,2,0.03938412660167456
induction,PEBP4,2,0.007265699665700898
outplane,AMY2A,3,0.9999613316664867
outplane,GATM,1,0.999914807753023
outplane,FSTL3,1,0.5720749045027465
outplane,AMY2A,3,0.9999486101142804
ambient,RIDA,1,0.7331650657196758
ambient,CA4,1,0.710722659813376
induction,FKBP11,6,0.12395038029454175
induction,AQP3,1,0.02330052637128399
induction,PEBP4,1,0.004067473939328048
ambient,DIRAS3,1,0.8161275383262043
ambient,PEBP4,1,0.013981674938475797
inplane,FKBP11,1,0.33205432966581117
inplane,DPEP1,1,0.9405488062410364
inplane,AMY2A,2,0.9999412764307894
inplane,GATM,2,0.9998651841243796
inplane,AMY2A,2,0.9999641214928353
inplane,CXCL6,1,0.9990527948020482
inplane,HEMGN,1,0.211591628869649
outplane,NTN4,1,0.39057403713198957
outplane,AMY2A,3,0.9999254115939505
induction,FKBP11,1,0.1949615937403214
induction,AQP3,2,0.03719033965835894
induction,PEBP4,1,0.006795847966617141
ambient,AMY2A,1,0.9999401918642942
ambient,PROX1,1,0.5104938266041128
ambient,CFTR,1,0.9995747954305318
ambient,GLYATL1,1,0.4841081531748028
inplane,AMY2A,3,0.9999272411422634
inplane,GATM,1,0.999827589559597
outplane,CFB,1,0.8818134455588849
outplane,FAS,1,0.3004599036432164
outplane,ACTG2,1,0.3392628822148237
outplane,CFTR,1,0.9997490297762279
outplane,AMY2A,1,0.9999401439135815
outplane,FXYD2,1,0.9208396978801443
ambient,DPEP1,1,0.9013149793110494
ambient,AQP3,1,0.14172200759402387
induction,FKBP11,1,0.22433546939491633
induction,AQP3,1,0.07449986259495778
induction,PEBP4,2,0.007077355487985382
inplane,AMY2A,3,0.9999378714936306
inplane,SST,1,0.9944299709149989
inplane,GATM,1,0.9998526555223284
outplane,VCAN,1,0.9992989359174409
outplane,CYP2F1,1,0.4199682034635728
outplane,EPCAM,1,0.9988391813559586
outplane,CFTR,2,0.999619068175403
outplane,AMY2A,2,0.9999295075631544
outplane,AMY2A,3,0.9999331689418864
outplane,GATM,1,0.9998417800903291
induction,AQP3,1,0.034489337187267544
induction,PEBP4,3,0.007449394317470159
outplane,TMC5,1,0.9941232053702824
outplane,CFTR,1,0.9998233455960839
outplane,EHF,1,0.9982184566337917
outplane,AMY2A,2,0.9999687712523495
outplane,GATM,1,0.9999325121785544
inplane,ANPEP,1,0.999480988961069
inplane,AMY2A,4,0.9999630306939569
induction,FKBP11,3,0.27075057143156345
induction,AQP3,1,0.08358485738397481
outplane,CFTR,2,0.9998613168405189
outplane,AMY2A,1,0.9999769526781083
outplane,FXYD2,1,0.9696119891268146
ambient,CA4,1,0.6704157514216156
ambient,PROX1,1,0.736300246219256
ambient,RIDA,1,0.6281536663427167
ambient,AMY2A,1,0.9999449325786989
induction,FKBP11,1,0.11758933300385255
induction,AQP3,4,0.01843262562889747
induction,PEBP4,5,0.003937708613395818
induction,FKBP11,7,0.1165354764135006
induction,AQP3,1,0.01441938165521206
induction,PEBP4,2,0.0037688066718921664
induction,FKBP11,4,0.1406418105307612
induction,AQP3,4,0.01895597514872971
induction,PEBP4,2,0.004962397313002409
ambient,ANPEP,1,0.9995613599750226
ambient,PEBP4,1,0.011926035196429652
outplane,AMY2A,1,0.9999621347516786
outplane,COCH,2,0.6424659414283566
outplane,AQP8,3,0.9996548651348874
outplane,AMY2A,4,0.9999754415294931
outplane,GATM,1,0.9999476368490916
inplane,CFB,1,0.627612115834826
inplane,AMY2A,3,0.9999640857728685
inplane,CFB,1,0.6837059604569855
inplane,EPCAM,1,0.9987701907397835
inplane,TM4SF18,1,0.0
inplane,GPX2,1,0.9776391939747142
inplane,GPR183,1,0.9327448011458689
inplane,FBN1,1,0.6303313635749781
inplane,TIMP4,1,0.7141627919068076
inplane,GATM,1,0.9998729179874288
induction,FKBP11,3,0.12096948687016118
induction,AQP3,4,0.01751490928883881
induction,PEBP4,3,0.004303764300260693
outplane,PPP1R1B,1,0.9570909824744258
outplane,GEM,1,0.29975457409545647
outplane,AMY2A,1,0.9999631516115698
outplane,PROX1,1,0.7837158151915938
induction,FKBP11,1,0.11668404557014778
induction,AQP3,3,0.02029284131369491
induction,PEBP4,6,0.0037714989838285584
inplane,MMRN2,1,0.0
inplane,AMY2A,2,0.999965904066714
inplane,GATM,1,0.9999250358082623
ambient,DPEP1,1,0.9610982125236581
ambient,GATM,1,0.9999445640379696
inplane,CFTR,1,0.9998266248893904
inplane,CXCL6,3,0.9981075809843724
inplane,ESR1,1,0.14104324243248156
induction,FKBP11,1,0.23434494503563563
induction,AQP3,2,0.06480560900593513
induction,PEBP4,1,0.007656544219126982
induction,FKBP11,4,0.14401328523005552
induction,AQP3,6,0.022531829891745958
induction,FKBP11,2,0.1253828549683903
induction,AQP3,3,0.019506363610538258
induction,PEBP4,5,0.0043806889054239795
ambient,KCNK3,1,0.9519040436465476
ambient,DIRAS3,1,0.9188438964418055
outplane,FBLN1,1,0.8004116325606194
outplane,ANPEP,1,0.9997105591914387
outplane,AMY2A,1,0.9999796298396326
outplane,PROX1,1,0.9434739899406698
inplane,CFTR,1,0.999872909825603
inplane,AMY2A,2,0.9999784172081744
inplane,AQP8,1,0.9998119487873635
ambient,FKBP11,1,0.46173763398296863
ambient,GLYATL1,1,0.5428182371387491
induction,FKBP11,3,0.10939022244968932
induction,AQP3,5,0.015581171618813783
induction,PEBP4,2,0.0037199754307277733
inplane,CD68,1,0.43123417832340116
inplane,CFTR,2,0.9998823396111289
inplane,DPT,1,0.8191563620822901
inplane,AMY2A,3,0.9999800133387159
inplane,GATM,2,0.9999578429443406
inplane,AQP8,1,0.9998275028350003
inplane,TCIM,1,0.0
inplane,MYC,1,0.6203233359757367
inplane,EHF,1,0.9985009212519855
inplane,GATM,2,0.9999505842137898
inplane,EHF,1,0.9986266708784752
inplane,AMY2A,2,0.9999745001928925
inplane,GATM,1,0.9999452899526501
inplane,MMRN2,1,0.0
inplane,CD34,2,0.0
inplane,ADAMTS1,2,0.02557812507676227
inplane,AMY2A,1,0.9999764806497476
inplane,GATM,1,0.9999501139122075
ambient,UMOD,1,0.8299024701420314
ambient,PROX1,1,0.809824514422497
induction,FKBP11,5,0.11130272759723392
induction,AQP3,2,0.015085682816287194
induction,PEBP4,3,0.0038206138551771796
induction,FKBP11,3,0.11186875909679639
induction,AQP3,5,0.016140429091035968
induction,PEBP4,2,0.0038908820214260675
inplane,AMY2A,2,0.9999357823723717
inplane,CPA3,1,0.6823129784851836
inplane,GATM,1,0.9998481615145165
inplane,AQP8,1,0.9993207394397993
inplane,ACTG2,1,0.40850791815595777
inplane,AMY2A,2,0.9999675506027237
inplane,GATM,1,0.999928814326779
inplane,AQP8,1,0.9997002484544402
ambient,CPA3,1,0.7160759494699966
ambient,HAMP,1,0.8088126674157521
inplane,AMY2A,3,0.9999668366030814
inplane,GATM,1,0.9999272864061536
ambient,ANPEP,1,0.9996684076853114
ambient,GLYATL1,1,0.641966367087744
inplane,MAMDC2,1,0.26641356839317987
inplane,AMY2A,1,0.9999747298024659
inplane,C7,1,0.21178495529048902
inplane,OGN,1,0.38870912769586097
ambient,FKBP11,1,0.24627101071728164
ambient,CA4,1,0.6009689745559248
induction,FKBP11,3,0.1394725241240341
induction,AQP3,3,0.01950268028973834
induction,PEBP4,4,0.005112398120235451
inplane,CD34,1,0.0
inplane,EGFL7,1,0.0
inplane,AMY2A,1,0.9999667518037535
inplane,RBP5,1,0.0
ambient,ANPEP,1,0.999513200969059
ambient,CPA3,1,0.7603657405818471
inplane,EPCAM,1,0.9993730859501765
inplane,CFTR,1,0.9998730870280962
inplane,AMY2A,2,0.9999784072677532
inplane,ERBB2,1,0.8825100297030352
inplane,GATM,2,0.9999544108385022
induction,FKBP11,3,0.15257925578548936
induction,AQP3,2,0.02145236562468844
induction,PEBP4,5,0.005638785945341063
inplane,SFRP4,2,0.18115203340837804
inplane,AMY2A,2,0.9999694840580237
inplane,GPX2,1,0.9972125627737776
inplane,EGFR,1,0.8392759611293159
induction,FKBP11,2,0.13387316464960786
induction,AQP3,6,0.02090873547374006
induction,PEBP4,2,0.004722886051079289
ambient,CFTR,1,0.999569776651508
ambient,PEBP4,1,0.013621562965713596
inplane,MS4A6A,1,0.8539388954917997
inplane,MYC,1,0.49208311882358835
inplane,AMY2A,3,0.9999370412795416
inplane,GATM,1,0.9998509331368435
ambient,CPA3,2,0.8593643579839907
induction,FKBP11,3,0.1319622051992917
induction,AQP3,5,0.018469989571554435
induction,PEBP4,2,0.00459039009465223
outplane,AMY2A,2,0.9999804701135098
outplane,GATM,2,0.9999587511847372
inplane,SFRP2,1,0.9986234579541416
inplane,CD34,1,0.0
inplane,CD163,1,0.9950268756798796
inplane,AMY2A,3,0.9999757243414185
induction,FKBP11,5,0.12039634245002273
induction,AQP3,3,0.019143433707339397
induction,PEBP4,2,0.004147640072142189
inplane,ACTG2,1,0.32260305027122493
inplane,CA4,2,0.8218235349706923
inplane,AMY2A,1,0.9999779586961258
outplane,RND1,1,0.11586335418092941
outplane,AMY2A,4,0.9999790159096561
outplane,GATM,1,0.9999557203716731
outplane,MYLK,1,0.027077474436303595
outplane,AMY2A,1,0.9999797226486389
outplane,CCNB2,1,0.16313593514335056
outplane,PROX1,1,0.8624431632395879
outplane,CFB,1,0.7181264690455399
outplane,CNN1,1,0.9934914155801696
outplane,CCL5,1,0.6953684485037797
outplane,AMY2A,1,0.999974405187885
outplane,MCF2L,1,0.0
outplane,FCGR1A,1,0.3940092281184274
outplane,CFTR,2,0.9998832251474261
induction,FKBP11,5,0.1532927519267988
induction,AQP3,3,0.02232860087562427
induction,PEBP4,2,0.005634546564080911
ambient,COCH,1,0.7424037961241476
ambient,AQP3,1,0.0713318112368505
outplane,AMY2A,3,0.9999774290362454
outplane,GATM,1,0.999952028087521
outplane,AQP8,1,0.9998026449873435
induction,FKBP11,4,0.17029787201249202
induction,AQP3,2,0.027180539277698368
induction,PEBP4,4,0.0062733450943426305
outplane,FSTL3,1,0.8402145160339614
outplane,CFTR,1,0.9998821822121728
outplane,AMY2A,2,0.9999795833377088
ambient,KCNK3,1,0.9748930219385273
ambient,HAMP,1,0.9139173045929005
induction,FKBP11,4,0.1352737463948962
induction,AQP3,2,0.023249556806675176
induction,PEBP4,4,0.004659581536974988
induction,FKBP11,3,0.11545350242984753
induction,AQP3,6,0.02131942326323022
induction,PEBP4,1,0.0038114012218074533
induction,FKBP11,1,0.11996977066045666
induction,AQP3,6,0.01784682009691052
induction,PEBP4,3,0.0041710693627232676
ambient,UMOD,1,0.5380437377078335
ambient,GLYATL1,1,0.16950105205798494
ambient,COCH,1,0.6366208348949608
ambient,PEBP4,1,0.015122403124867012
induction,FKBP11,2,0.11562856148628908
induction,AQP3,5,0.016118625505265438
induction,PEBP4,3,0.003966009416834337
inplane,FCGR1A,1,0.5016605896267075
inplane,SMYD2,1,0.7445220216307552
inplane,CFTR,1,0.9998756544563485
inplane,FXYD2,1,0.9672427731561872
induction,FKBP11,4,0.15471360614675977
induction,PEBP4,6,0.005507869216414885
ambient,CA4,1,0.5539209467707431
ambient,CPA3,1,0.5838088694810211
inplane,CD34,1,0.0
inplane,MYC,1,0.33634472416342454
inplane,CD163,1,0.9979068198995381
inplane,CFTR,1,0.9996462880624907
inplane,AMY2A,1,0.9999424742783233
inplane,GATM,2,0.9998676728917566
ambient,KLK11,1,0.9955435058528305
ambient,AQP3,1,0.03748907018135916
inplane,TCIM,1,0.0
inplane,CFTR,3,0.9997779727625001
inplane,GATM,1,0.9999165266672915
induction,FKBP11,2,0.12044958253099414
induction,AQP3,5,0.016826338801175456
induction,PEBP4,3,0.004139085285624899
ambient,CA4,1,0.7882201629591934
ambient,AQP3,1,0.057676263297378294
ambient,PEBP4,1,0.012823390170290105
ambient,GLYATL1,1,0.38552108132149165
inplane,CFTR,4,0.9998255261052578
induction,FKBP11,4,0.1164983417196126
induction,AQP3,3,0.01675980939860522
induction,PEBP4,3,0.003995309848707107
induction,FKBP11,3,0.10588880494882014
induction,AQP3,1,0.014979505706999241
induction,PEBP4,6,0.0036193251343792365
induction,FKBP11,5,0.11886972739288282
induction,AQP3,2,0.015961903106904707
induction,PEBP4,3,0.004160851932676235
inplane,TCIM,1,0.0
inplane,AMY2A,4,0.9999774724664844
induction,FKBP11,4,0.1011914928384624
induction,AQP3,5,0.01594194214675737
induction,PEBP4,1,0.0034043174704947443
inplane,SMYD2,1,0.6680337101717944
inplane,ANPEP,2,0.9996699737008258
inplane,AMY2A,2,0.9999764446610226
ambient,FKBP11,1,0.37989631530885437
ambient,AMY2A,1,0.9999747891902012
outplane,CFB,1,0.7371320134532735
outplane,FSTL3,1,0.6613431812523572
outplane,MEST,1,0.782990484340762
outplane,CFTR,1,0.9998534215320002
induction,FKBP11,4,0.1445794452454826
induction,AQP3,3,0.02021516281620661
induction,PEBP4,3,0.005303088731574479
ambient,RIDA,1,0.8638272661096132
ambient,CPA3,1,0.8565752711104057
induction,FKBP11,2,0.11708608619328154
induction,AQP3,1,0.01650782038094023
induction,PEBP4,7,0.004130122642653444
outplane,ADGRL4,1,0.0
outplane,APOLD1,1,0.0
outplane,CFTR,1,0.9998849483333864
outplane,AMY2A,1,0.9999804575493306
ambient,KLK11,1,0.9948922606167679
ambient,HAMP,1,0.825511368890665
induction,FKBP11,2,0.09836914714192802
induction,AQP3,3,0.014776830983499134
induction,PEBP4,5,0.0033072519363755992
induction,FKBP11,3,0.10873110312952727
induction,AQP3,2,0.015593081669043385
induction,PEBP4,5,0.003760966213399941
inplane,EPCAM,1,0.9991843804432696
inplane,CFTR,1,0.9997952228717794
inplane,EHF,1,0.9980521666277642
inplane,AMY2A,2,0.999963961589783
inplane,C7,1,0.2941354566725537
induction,FKBP11,4,0.10664839611022914
induction,AQP3,2,0.015314842766622871
induction,PEBP4,4,0.003687284021867465
induction,FKBP11,6,0.12271282840451825
induction,PEBP4,4,0.0042905922013066755
inplane,AMY2A,1,0.999976848489359
inplane,FXYD2,1,0.9633717012112033
inplane,GATM,1,0.9999508525638932
inplane,AQP8,1,0.9997979814104399
ambient,GATM,1,0.9999501314791264
ambient,AQP3,1,0.06002626840392089
inplane,GNG11,1,0.0
inplane,TMC5,1,0.9971842948492589
inplane,FXYD2,1,0.9585265937391109
inplane,GPX2,2,0.9970881460031575
inplane,PROX1,1,0.8351684220792012
ambient,FKBP11,1,0.2734621375958395
ambient,PEBP4,1,0.0115569431802226
inplane,PMP22,1,0.11631588070542831
inplane,CFB,1,0.8794581260916143
inplane,CFTR,1,0.999880624628133
inplane,AMY2A,3,0.9999789024095124
inplane,ACE2,1,0.2922882785758214
ambient,AQP8,1,0.9998250040934231
ambient,PEBP4,1,0.012659547175115193
inplane,PDGFRA,1,3.5968228395688584e-11
inplane,HPGDS,1,0.3789268922708884
inplane,AMY2A,3,0.9999781074280298
inplane,C7,1,0.2191916172219861
outplane,ANPEP,2,0.9997137877021463
outplane,GATM,3,0.9999572461419504
induction,FKBP11,3,0.1372343338300177
induction,AQP3,3,0.023960712863394407
induction,PEBP4,4,0.004737269876430639
outplane,MS4A4A,1,0.32387890503644867
outplane,MYC,1,0.6493966843029044
outplane,TBX3,1,0.026344058152660943
outplane,CCL5,1,0.3493096705740232
outplane,AMY2A,1,0.9999792903757009
outplane,GATM,1,0.9999563081785995
induction,FKBP11,2,0.1187531087633441
induction,AQP3,3,0.017245139158467038
induction,PEBP4,5,0.004157883889319924
ambient,COCH,1,0.7320438052509235
ambient,PROX1,1,0.8503774124897241
ambient,RIDA,2,0.8283117436196208
induction,FKBP11,4,0.18718745996622055
induction,PEBP4,6,0.007132361755723626
outplane,CFTR,1,0.9998826010372254
outplane,AMY2A,3,0.9999794197955755
inplane,C5orf46,1,0.6647014684060393
inplane,LIF,1,0.9868501951433666
inplane,FXYD2,2,0.9562843403250116
inplane,AQP3,1,0.08857349107953949
ambient,RIDA,1,0.7359953635047025
ambient,GATM,1,0.9999471513464299
induction,FKBP11,4,0.1708831554285536
induction,AQP3,5,0.025964949558219486
induction,PEBP4,1,0.006414060129133259
ambient,RIDA,1,0.6531554500147803
ambient,CFTR,1,0.9998054124483784
inplane,ANPEP,1,0.9993213611398715
inplane,AMY2A,2,0.999954374727238
inplane,GATM,1,0.999897161641315
induction,FKBP11,2,0.12484043685416502
induction,AQP3,6,0.018735556115245022
induction,PEBP4,2,0.004387913355801576
inplane,ADAM28,1,0.8244888006314275
inplane,AMY2A,2,0.9999755585881278
inplane,GATM,1,0.999947767136519
inplane,GCG,1,0.9974782318583956
inplane,TNFRSF9,1,0.36031095031515814
inplane,AMY2A,2,0.9999756421207339
inplane,CYP4B1,1,0.0
inplane,GATM,1,0.9999480545532524
outplane,CFTR,2,0.9996968658608181
outplane,AMY2A,1,0.9999478744036706
outplane,PROX1,1,0.5664276719580388
induction,FKBP11,3,0.10671858491527852
induction,AQP3,2,0.01691071976269065
induction,PEBP4,5,0.0033356420223072947
ambient,DPEP1,2,0.9686064357160161
induction,FKBP11,1,0.13056027135918746
induction,AQP3,5,0.020046961607461777
induction,PEBP4,4,0.004605529074989345
outplane,CAVIN1,1,0.08663799274388828
outplane,APOLD1,1,0.0
outplane,CFB,1,0.9316951945689107
outplane,FSTL3,1,0.9007482295178754
outplane,CFTR,1,0.9998719793860468
outplane,AQP2,1,0.3410196642585074
ambient,COCH,1,0.6461697251217406
ambient,GATM,1,0.9999416239742959
ambient,FKBP11,1,0.3068297109134124
ambient,AQP8,1,0.9998099220568257
inplane,PDPN,1,0.6171430495395103
inplane,INMT,1,0.23589616453643636
inplane,AMY2A,2,0.9999757201847865
inplane,GATM,1,0.9999481570065324
inplane,FBLN1,2,0.5252557514593605
inplane,VWA5A,1,0.5719313427107545
inplane,AMY2A,2,0.9999520949586541
ambient,AQP8,1,0.9998228033534935
ambient,PEBP4,1,0.015270752211008598
inplane,PPP1R1B,1,0.963400099395632
inplane,CFTR,1,0.999866969312358
inplane,C7,1,0.2757246247605163
inplane,GATM,1,0.9999519430453009
ambient,RIDA,1,0.8613989038015955
ambient,CPA3,1,0.835478025524227
induction,FKBP11,4,0.11066276449522772
induction,AQP3,2,0.016559001796234818
induction,PEBP4,4,0.0038041869358310665
ambient,PROX1,1,0.8825137882585645
ambient,GATM,1,0.9999559806854368
outplane,AIF1,1,0.6975137165819936
outplane,STEAP4,1,0.0
outplane,AMY2A,1,0.999979373448847
outplane,GATM,1,0.9999564030506207
inplane,AMY2A,3,0.9999791886660981
inplane,AQP8,1,0.9998198494626281
outplane,EPCAM,1,0.9994356687447093
outplane,TENT5C,1,0.997411838346873
outplane,AMY2A,1,0.9999786968073718
outplane,GATM,1,0.9999547254387081
outplane,CFTR,1,0.9998584917830527
outplane,AMY2A,1,0.9999759487297106
outplane,GATM,2,0.9999489372596267
inplane,PLCG2,1,0.0
inplane,AMY2A,3,0.9999749332182398
inplane,AQP8,1,0.9997797415044386
induction,FKBP11,4,0.15089748627796917
induction,AQP3,3,0.022562022180387165
induction,PEBP4,3,0.005497985638541092
induction,FKBP11,3,0.12045024159949613
induction,AQP3,4,0.017096502364811417
induction,PEBP4,3,0.004269293474284397
induction,FKBP11,8,0.1373487903952646
induction,AQP3,1,0.020901093733211806
induction,PEBP4,1,0.0048844473118064835
induction,FKBP11,4,0.10558793849830017
induction,AQP3,3,0.015367601269990261
induction,PEBP4,3,0.003638927040495732
induction,FKBP11,1,0.09862574300244387
induction,AQP3,5,0.01557430943393312
induction,PEBP4,4,0.003230129742789245
outplane,MDM2,1,0.5313820073411667
outplane,KLRD1,1,0.159926620419219
outplane,GATM,2,0.9999431846282991
inplane,ANPEP,1,0.9997038642202638
inplane,AMY2A,2,0.9999789071045343
inplane,GATM,1,0.9999552867948014
induction,FKBP11,4,0.1003903226596412
induction,AQP3,4,0.015456970747093957
induction,PEBP4,2,0.0033823018966400165
inplane,CFTR,1,0.9998738666760721
inplane,AMY2A,1,0.9999782129412522
inplane,GATM,2,0.9999537735082754
inplane,AMY2A,3,0.9999780929870864
inplane,AQP8,1,0.999809284912129
outplane,AMY2A,3,0.9999807651301037
outplane,GATM,1,0.9999594722539632
outplane,ANPEP,1,0.9996991361706173
outplane,AMY2A,3,0.99997862432075
inplane,CFB,1,0.8331403690589946
inplane,SMYD2,1,0.789704398656568
inplane,AMY2A,2,0.9999799527975661
ambient,PROX1,1,0.8447130325291018
ambient,GLYATL1,1,0.49415938178772234
inplane,ANPEP,1,0.999644250054325
inplane,AMY2A,1,0.999975014279848
inplane,APOA5,1,0.4831823577151625
inplane,GATM,1,0.9999462272122496
outplane,CFTR,1,0.9998815993478765
outplane,AMY2A,3,0.9999799066607311
outplane,AQP8,1,0.9998261628029209
induction,FKBP11,3,0.1340804085607502
induction,AQP3,6,0.019942732213747205
induction,PEBP4,1,0.004780312151278943
induction,FKBP11,5,0.11082886071641818
induction,AQP3,3,0.015567568846992619
induction,PEBP4,2,0.0038458525498544782
ambient,CA4,1,0.8122959259241582
ambient,KCNK3,1,0.9586033577900245
induction,FKBP11,2,0.11688776441077398
induction,AQP3,5,0.017019348367565912
induction,PEBP4,3,0.004063688954113798
induction,FKBP11,3,0.13453677202532555
induction,AQP3,4,0.01935113838442315
induction,PEBP4,3,0.004842528364302989
induction,FKBP11,4,0.1962936114946997
induction,AQP3,6,0.03183956665995391
induction,FKBP11,2,0.12200342459033897
induction,AQP3,3,0.0175879398254718
induction,PEBP4,5,0.004171848437057646
ambient,FKBP11,1,0.30542256276975355
ambient,GATM,1,0.9999477132940863
induction,FKBP11,1,0.15967612954111543
induction,AQP3,3,0.04656509419691868
induction,PEBP4,2,0.007262920642001958
induction,FKBP11,4,0.1332446179075838
induction,AQP3,2,0.01967205373526104
induction,PEBP4,4,0.004763259968222577
inplane,FBN1,1,0.017843222348964072
inplane,TFPI,1,0.0
inplane,AMY2A,1,0.9999796516793411
inplane,C7,2,0.30873834750343865
outplane,MYC,1,0.6400887880971551
outplane,ANPEP,1,0.9996756847470111
outplane,AMY2A,1,0.999976638618149
outplane,GATM,1,0.999950367341008
ambient,CA4,1,0.8257397845686685
ambient,AQP3,1,0.05049868205218211
inplane,LAMP3,1,0.8228389257417854
inplane,GPC1,1,0.7116998930598191
inplane,CD34,1,0.0
inplane,CFB,1,0.8693585991258316
inplane,MYC,1,0.727013278485234
inplane,MALL,1,0.05356077767397538
inplane,AMY2A,1,0.9999798620980359
inplane,GATM,1,0.9999575386587388
ambient,AQP8,1,0.9998252913358829
ambient,GLYATL1,1,0.5992402092452803
ambient,UMOD,1,0.9105748187773525
ambient,AQP8,1,0.9998169836126459
ambient,COCH,1,0.6028996753952856
ambient,AQP3,1,0.06144414743245252
inplane,AMY2A,4,0.9999649196302002
induction,FKBP11,4,0.24095568552350632
induction,AQP3,3,0.04060959362773431
induction,PEBP4,3,0.009718336223956014
ambient,AMY2A,1,0.9999794023964316
ambient,COCH,1,0.8878797878355824
inplane,CD93,1,0.0
inplane,AMY2A,4,0.999975759045381
inplane,AMY2A,2,0.9999743740754764
inplane,GATM,1,0.9999451973576402
inplane,AQP8,1,0.9997735405462047
ambient,CA4,1,0.74097469003143
ambient,GATM,1,0.9999478117141397
induction,FKBP11,1,0.16004711390311288
induction,AQP3,4,0.027150020809688202
induction,PEBP4,5,0.00592709172326733
induction,FKBP11,3,0.12693250292408653
induction,AQP3,2,0.01785422312117979
induction,PEBP4,5,0.004488317547578946
induction,FKBP11,4,0.1274443754024852
induction,AQP3,3,0.01987134826262582
induction,PEBP4,3,0.004398329843088633
ambient,DIRAS3,1,0.7241640290395861
ambient,PEBP4,1,0.012512031418191683
ambient,ANPEP,1,0.9995644502480637
ambient,HAMP,1,0.8368967159280967
induction,FKBP11,3,0.15313978691305385
induction,AQP3,4,0.02319837949873993
induction,PEBP4,3,0.005632299602641222
outplane,CFTR,1,0.9998684561857817
outplane,AMY2A,3,0.9999766798045212
outplane,KCNK3,1,0.9535486478926466
induction,FKBP11,7,0.10267903204717288
induction,AQP3,1,0.01570441077870932
induction,PEBP4,2,0.003476964579341657
ambient,KLK11,1,0.9945713562633073
ambient,CA4,1,0.661150967490665
inplane,CCR7,1,0.08784409691642747
inplane,CFTR,1,0.9998684881966095
inplane,CD300E,1,0.15403026549050103
inplane,SNCA,1,0.19063944053812665
inplane,CA4,1,0.7966790137377825
inplane,GATM,1,0.9999463654318018
inplane,GCG,1,0.9975755614239714
outplane,AMY2A,3,0.9999777271286108
outplane,GATM,2,0.9999525897093318
induction,FKBP11,2,0.10053215975910024
induction,AQP3,4,0.024373080802351788
induction,PEBP4,4,0.003930791585891047
ambient,ANPEP,1,0.9995627607864528
ambient,AQP8,1,0.9997224420077359
outplane,RAPGEF3,1,0.0
outplane,AMY2A,1,0.9999578883498744
outplane,GATM,1,0.9999030563901357
outplane,CSF3,1,0.19551232965539733
induction,FKBP11,4,0.1259724650298336
induction,AQP3,3,0.02002118488954674
induction,PEBP4,3,0.004348298298530673
induction,FKBP11,4,0.09850299972968501
induction,AQP3,2,0.016706800405196565
induction,PEBP4,4,0.0032269783666487584
outplane,ANPEP,1,0.9996469600406788
outplane,AMY2A,1,0.9999749165927231
outplane,KCNK3,1,0.9441413127178874
outplane,GATM,2,0.9999465728936793
outplane,FCGR1A,1,0.8152493188874789
outplane,CFB,1,0.9171527980049998
outplane,CFTR,1,0.9998888830113086
outplane,CCNB2,1,0.15151573294847753
outplane,CFTR,1,0.9998937971914141
outplane,AMY2A,3,0.9999814814153509
outplane,GATM,1,0.9999609798975078
outplane,NTN4,1,0.6265522385603683
outplane,CFTR,3,0.9998239040843541
outplane,KRT7,1,0.9918990437634121
outplane,SPIB,1,0.5857920963358572
outplane,ANPEP,1,0.9996708529428349
outplane,CFTR,1,0.9998614250320857
outplane,AMY2A,2,0.9999769637589827
outplane,GATM,1,0.999951021810129
outplane,PMP22,1,0.1713669034046833
outplane,FKBP11,1,0.3232956894958908
outplane,TM4SF18,2,0.0
outplane,APOBEC3A,1,0.2822864089882775
inplane,FSTL3,1,0.5136454768470231
inplane,FKBP11,1,0.4952838234430562
inplane,CFTR,1,0.9998274572805529
inplane,AMY2A,1,0.9999712878623563
inplane,COL5A2,1,2.5127677716341168e-12
inplane,CFTR,1,0.9998705757334264
inplane,AMY2A,1,0.9999757877161127
inplane,FXYD2,1,0.9567950197416605
outplane,MS4A6A,1,0.4345703118546701
outplane,CFTR,1,0.9998793967869408
outplane,AMY2A,3,0.9999791375149155
inplane,CFTR,2,0.9998839296921735
inplane,AMY2A,2,0.9999793285997749
outplane,DST,1,0.36378191760486267
outplane,SERPINB9,1,0.18630367810073123
outplane,MET,1,0.2502961966321693
outplane,LAG3,1,0.20503139596433717
outplane,AMY2A,1,0.9999656590296047
induction,FKBP11,3,0.10976763771323006
induction,AQP3,4,0.01568134400863197
induction,PEBP4,3,0.003740950233264595
outplane,APOLD1,1,0.0
outplane,LY86,1,0.6208842046219318
outplane,AMY2A,2,0.9999675808489795
outplane,KLRB1,1,0.6947627716931366
outplane,GATM,1,0.9999293421392621
outplane,CFB,1,0.8853135449099846
outplane,GATM,4,0.9999035788657953
outplane,AMY2A,1,0.9999457689488951
outplane,GATM,3,0.999875450666488
induction,FKBP11,7,0.20272347099282617
induction,AQP3,2,0.029775866025128384
induction,PEBP4,1,0.007878917830787424
ambient,ANPEP,1,0.9992856561900052
ambient,KLK11,1,0.992540076869062
ambient,CFTR,1,0.9998835806982851
ambient,GLYATL1,1,0.7402230236930369
inplane,CD14,1,0.7062735604676307
inplane,NTN4,1,0.6511936346828977
inplane,AMY2A,1,0.9999710278658543
inplane,FXYD2,1,0.9320803149357859
ambient,GATM,1,0.9999453738844369
ambient,DIRAS3,1,0.9162436793916002
induction,FKBP11,1,0.10366911155802483
induction,AQP3,6,0.014907673369307872
induction,PEBP4,3,0.003575457013552552
outplane,GPC1,1,0.7875279797493752
outplane,EPCAM,1,0.999240296573507
outplane,CFTR,1,0.9998616165742826
outplane,AMY2A,1,0.9999770221554976
ambient,PROX1,1,0.8622827816146041
ambient,GATM,1,0.9999590540911422
ambient,ANPEP,1,0.9996342273555326
ambient,GATM,1,0.999944995942554
ambient,GATM,1,0.9999493613887633
ambient,GLYATL1,1,0.5079874876488071
induction,FKBP11,6,0.10515275550754732
induction,AQP3,2,0.015110773156304824
induction,PEBP4,2,0.0034733695888814475
ambient,FKBP11,1,0.34424078213061515
ambient,CFTR,1,0.999679219097598
outplane,SMYD2,1,0.6284656776603197
outplane,AMY2A,1,0.9999774952608635
outplane,GATM,2,0.9999523049417981
ambient,DPEP1,1,0.9855810360001368
ambient,RIDA,1,0.8965413179894176
ambient,KLK11,1,0.9970327338360134
ambient,GATM,1,0.999958961333317
induction,FKBP11,4,0.11818019321105067
induction,AQP3,2,0.016020619693877913
induction,PEBP4,4,0.0041824563343367815
inplane,ANPEP,1,0.9997216346082538
inplane,AMY2A,2,0.999980264165097
inplane,GATM,1,0.9999584186365246
inplane,PRDM1,1,0.1674258572030961
inplane,ANPEP,2,0.9996587167941305
inplane,AMY2A,1,0.9999761219750293
inplane,VCAN,1,0.9988441426131278
inplane,CD28,1,0.37996424691591746
inplane,AMY2A,2,0.9999722383325496
outplane,SNCA,1,0.389195983727202
outplane,AMY2A,2,0.9999639597751907
outplane,AQP8,1,0.9996665937273953
inplane,AMY2A,3,0.9999674333657013
inplane,GATM,2,0.9999271303276281
inplane,AQP8,1,0.999696451714064
ambient,CFTR,2,0.999841216163765
induction,FKBP11,2,0.10683987727704625
induction,AQP3,4,0.01655587495906774
induction,PEBP4,4,0.0037973811426836868
ambient,FKBP11,1,0.29226058702378954
ambient,CFTR,1,0.9996576967470893
inplane,MET,1,0.2018343374727507
inplane,AMY2A,3,0.999933986124912
inplane,GATM,2,0.9998169462512733
inplane,MNDA,1,0.27577803832286585
inplane,GPR183,1,0.4763531824338061
inplane,AMY2A,1,0.9999803603196721
inplane,AQP8,1,0.9998305661210152
outplane,SMYD2,1,0.7903143392966241
outplane,CFTR,2,0.9998492641080737
outplane,AMY2A,2,0.9999743193273489
outplane,PROX1,1,0.9037759828325679
outplane,GATM,1,0.9999449523489725
induction,FKBP11,5,0.1051523199787564
induction,AQP3,2,0.013730095529440378
induction,PEBP4,3,0.003564826629712692
induction,FKBP11,5,0.12079506635087955
induction,AQP3,2,0.019306369733015805
induction,PEBP4,3,0.004168552781133927
induction,FKBP11,3,0.09875940164471797
induction,AQP3,4,0.01462198801727621
induction,PEBP4,3,0.0033430283765395474
inplane,CFTR,1,0.9998835948926436
inplane,AMY2A,2,0.9999795621086656
inplane,PROX1,1,0.8943309077124918
ambient,CFTR,1,0.9998831315184546
ambient,CPA3,1,0.8834286222320648
ambient,DPEP1,1,0.9617084597451266
ambient,CFTR,1,0.9998595937452888
induction,FKBP11,3,0.15563281324266565
induction,AQP3,4,0.02185923230858755
induction,PEBP4,3,0.005756296275659434
ambient,FKBP11,1,0.23350981841537766
ambient,AMY2A,1,0.9999803911803086
outplane,LILRA4,1,0.3766521370933583
outplane,AMY2A,3,0.9999764721599403
outplane,CD2,1,0.8058767256689643
outplane,GATM,1,0.9999500175832144
ambient,CFTR,2,0.9998769581010085
ambient,CFTR,1,0.9998830372206076
ambient,CPA3,1,0.8061562123683494
inplane,MYC,1,0.6949056179200582
inplane,AMY2A,2,0.9999755786025705
inplane,FXYD2,1,0.9625548450991521
inplane,GATM,1,0.999947969584106
induction,FKBP11,7,0.14543315714056929
induction,AQP3,1,0.021018102368551284
induction,PEBP4,2,0.005299523330775768
ambient,UMOD,2,0.808105477384154
outplane,AMY2A,2,0.9999740770089257
outplane,GATM,1,0.9999444870243158
outplane,AQP8,1,0.9997703804164144
induction,FKBP11,1,0.10673013131576636
induction,AQP3,5,0.01671659744326004
induction,PEBP4,4,0.003574914647693883
outplane,CFB,1,0.8642754840234139
outplane,CFTR,1,0.9998688128823991
outplane,AMY2A,1,0.9999768002184506
outplane,GATM,1,0.999950646453599
induction,FKBP11,7,0.12060414917451034
induction,AQP3,3,0.017203231004511044
inplane,PECAM1,1,0.0
inplane,TMC5,1,0.9914557719096282
inplane,ANPEP,1,0.9996127878353348
inplane,ADAMTS1,1,1.7680301667155618e-12
inplane,AMY2A,2,0.9999729311582728
inplane,GATM,1,0.9999419769410487
ambient,CA4,1,0.772345674505103
ambient,KCNK3,1,0.948001048869792
outplane,CFB,1,0.9292687300301277
outplane,CFTR,2,0.9998535548020504
outplane,TFPI,1,0.0
outplane,AMY2A,2,0.9999705125966064
outplane,PROX1,1,0.8503651733398627
outplane,GCG,1,0.9974181457714534
ambient,DPEP1,1,0.9812042045345472
ambient,PEBP4,1,0.01698512731363966
induction,FKBP11,3,0.12198714487799522
induction,AQP3,3,0.020082099135650955
induction,PEBP4,4,0.004107202468636828
outplane,CFTR,1,0.999768075253045
outplane,AMY2A,2,0.9999602216614637
outplane,GATM,1,0.9999086369443788
induction,FKBP11,2,0.13667886982850364
induction,AQP3,2,0.020179182912338334
induction,PEBP4,6,0.004840674431286884
ambient,HAMP,1,0.8809592675320898
ambient,COCH,1,0.7770166364529693
induction,FKBP11,5,0.14003739435297602
induction,AQP3,2,0.02527874452523604
induction,PEBP4,3,0.0047742852245499234
outplane,CFB,1,0.9230531184074682
outplane,EPCAM,1,0.9994831496932656
outplane,CFTR,1,0.9998673229081414
outplane,PROX1,1,0.9105171214225825
ambient,KLK11,1,0.9941883194343719
ambient,KCNK3,1,0.9001783158946126
ambient,PROX1,2,0.8056301407704278
ambient,DPEP1,1,0.9662715240026704
ambient,PEBP4,1,0.015458888082311661
outplane,ECSCR,1,0.0
outplane,INMT,1,0.07329090727855869
outplane,PECAM1,1,0.0
outplane,SOX18,1,0.0
ambient,CFTR,1,0.9998028947970014
ambient,GLYATL1,1,0.3767025975711793
induction,FKBP11,2,0.12925313073272804
induction,AQP3,3,0.020090369231950622
induction,PEBP4,5,0.004370402759272807
ambient,CFTR,1,0.9998638813922978
ambient,AQP3,1,0.09627686217769582
induction,FKBP11,4,0.15237254135128153
induction,AQP3,1,0.023663727790288025
induction,PEBP4,5,0.005494118572644813
inplane,FCN1,1,0.20705160819725177
inplane,TM4SF18,1,0.0
inplane,AMY2A,2,0.9999758116805388
inplane,GATM,1,0.9999485864676857
outplane,AMY2A,2,0.9999586246633358
outplane,GATM,2,0.9999091374597774
outplane,AQP8,1,0.999617107689545
induction,FKBP11,4,0.14235319485671083
induction,AQP3,3,0.022693836265932132
induction,PEBP4,3,0.005019171589093152
ambient,AMY2A,1,0.9999704870163496
ambient,KCNK3,1,0.9435755298678148
inplane,VSIG4,1,0.6212255480910502
inplane,EPCAM,1,0.9992200937096863
inplane,TENT5C,1,0.9959432272554317
inplane,AMY2A,1,0.9999669841157721
outplane,MYC,1,0.6507395336938141
outplane,CD163,1,0.9917110096309523
outplane,AMY2A,2,0.9999784895469152
outplane,GATM,1,0.9999545184508566
induction,FKBP11,6,0.1423308472211745
induction,PEBP4,4,0.005160485448922114
induction,FKBP11,5,0.12579745666005537
induction,AQP3,1,0.019660429677160307
induction,PEBP4,4,0.004404224140854174
inplane,FSTL3,1,0.7215571283894113
inplane,ANPEP,1,0.9995883825338144
inplane,CFTR,2,0.999833685378845
inplane,AMY2A,1,0.9999723209917868
inplane,GATM,1,0.9999388204906686
outplane,PECAM1,1,0.0
outplane,CFTR,2,0.999879905353356
outplane,AMY2A,1,0.9999777206516466
outplane,KCNK3,1,0.9546780274568836
outplane,GATM,1,0.9999526847092253
ambient,ANPEP,1,0.9994269347735619
ambient,KCNK3,1,0.8976752121239324
induction,FKBP11,2,0.1230460940437369
induction,AQP3,3,0.02172982255898348
induction,PEBP4,3,0.003922109381201189
induction,FKBP11,5,0.1560359683285767
induction,AQP3,3,0.026260608017941833
induction,PEBP4,2,0.005334856319406778
inplane,AMY2A,3,0.9999499399287604
inplane,FXYD2,1,0.9174678926744303
inplane,GATM,1,0.9998872624856664
ambient,DPEP1,1,0.9745954787524566
ambient,AMY2A,1,0.9999762486591207
ambient,KLK11,1,0.996578469352524
ambient,AQP3,1,0.07575839555731201
ambient,CA4,1,0.6994057897654817
ambient,AQP8,1,0.9997242419332262
outplane,MNDA,1,0.5072572264353832
outplane,BCL2L11,1,0.30346273120197664
outplane,CXCL6,2,0.9977685771324939
induction,FKBP11,3,0.12627390756607937
induction,AQP3,6,0.017263545913903777
induction,PEBP4,1,0.004534272669251438
ambient,DPEP1,1,0.8885016000257211
ambient,KCNK3,1,0.9274509093988323
induction,FKBP11,3,0.12007247920771968
induction,AQP3,5,0.020118204744340007
induction,PEBP4,2,0.004507401394785782
outplane,EHF,1,0.9985484981313728
outplane,AMY2A,3,0.9999816060090345
induction,FKBP11,2,0.15557180588048458
induction,AQP3,3,0.024643926022042684
induction,PEBP4,5,0.005662277714180819
outplane,VWA5A,1,0.6512393662489055
outplane,AMY2A,2,0.9999783338005134
outplane,GATM,1,0.9999541686902312
inplane,TCIM,2,0.0
inplane,ANPEP,1,0.9994142444481797
inplane,AMY2A,1,0.9999576506234531
outplane,AMY2A,3,0.999973637088979
outplane,GATM,1,0.9999435107337867
induction,FKBP11,4,0.1257041850109396
induction,AQP3,2,0.01707765493860436
induction,PEBP4,4,0.00444988983555028
induction,FKBP11,1,0.2204647670905454
induction,AQP3,4,0.06219458965824387
induction,PEBP4,1,0.0071469730123733255
induction,FKBP11,3,0.11229684359560899
induction,AQP3,2,0.015144108003801837
induction,PEBP4,5,0.0039229728901658545
induction,FKBP11,4,0.1645168521340652
induction,AQP3,5,0.023058549684674245
induction,PEBP4,1,0.006040456985504372
inplane,CFTR,1,0.9998922053489144
inplane,AMY2A,1,0.9999814366276587
inplane,AQP8,2,0.999839810400469
induction,FKBP11,5,0.17581764298174796
induction,PEBP4,1,0.005915704528725252
inplane,CFTR,1,0.999877211018922
inplane,AMY2A,1,0.999978748833471
inplane,CXCL6,1,0.9982350302317138
inplane,GATM,1,0.9999549457436553
outplane,PCNA,1,0.6701876608513854
outplane,AMY2A,2,0.9999779334516931
outplane,GATM,1,0.9999530400339574
inplane,MDM2,1,0.7736222921625191
inplane,CD4,1,0.3190884282700148
inplane,MET,1,0.6244106277609158
inplane,SERPINB3,1,0.9863419543906431
inplane,AMY2A,2,0.9999765520346161
inplane,FXYD2,1,0.9814173227809916
inplane,GATM,1,0.9999500860378783
inplane,DIRAS3,2,0.9579075999617658
induction,FKBP11,1,0.13333042289193808
induction,AQP3,5,0.019665369085290374
induction,PEBP4,4,0.004740968304923432
outplane,MYC,1,0.6055260301263985
outplane,AMY2A,3,0.9999775282419605
outplane,GATM,1,0.999952767894262
induction,FKBP11,4,0.10696176966181015
induction,AQP3,5,0.017491210412626024
induction,PEBP4,1,0.003646474036716363
ambient,CA4,1,0.8464320510444965
ambient,AQP8,1,0.9997960108298948
inplane,CD83,1,0.3536118477854856
inplane,CAV1,1,0.04476983013532365
inplane,CFTR,1,0.9998746441345899
inplane,AMY2A,2,0.999978354139101
inplane,GATM,1,0.9999542658747843
induction,FKBP11,5,0.1486240956038133
induction,AQP3,2,0.021763181530205622
induction,PEBP4,3,0.005467693095235648
inplane,MS4A6A,1,0.8241818907246107
inplane,CFB,2,0.8145515080732911
inplane,SERPINB9,1,0.2696435835084625
inplane,CFTR,1,0.9998026694685308
inplane,AMY2A,1,0.9999657127075086
outplane,CTSK,1,0.2752883855735998
outplane,HAVCR2,1,0.8380619068727497
outplane,TM4SF18,1,0.0
outplane,AMY2A,1,0.9999743507246512
outplane,FXYD2,1,0.967175546822961
outplane,CXCL6,1,0.9982604923061097
outplane,GCG,1,0.9974896226383198
inplane,MEST,1,0.7837803220975577
inplane,TENT5C,1,0.9975292401525686
inplane,KCNK3,1,0.9549363735015272
inplane,GATM,1,0.9999545001955564
inplane,TMC5,1,0.990978612427393
inplane,PPARG,1,0.07049662811700663
inplane,CFTR,1,0.9998814605220532
inplane,CAVIN2,1,0.0
outplane,TCIM,1,0.0
outplane,CFTR,1,0.9998780069563525
outplane,EHF,1,0.9987361294513127
outplane,CXCL6,1,0.9986310247938148
induction,FKBP11,4,0.1313753712041179
induction,AQP3,1,0.022977741730328183
induction,PEBP4,5,0.0044205752846978585
induction,FKBP11,2,0.12933732450476398
induction,AQP3,5,0.018473165682174497
induction,PEBP4,3,0.004629254835569863
inplane,VCAN,1,0.9987044864482912
inplane,CFTR,1,0.9998795258384992
inplane,GATM,2,0.9999567361258896
outplane,AMY2A,3,0.9999785107502367
outplane,GATM,1,0.9999545067832971
outplane,FAS,1,0.36973696362145003
outplane,AMY2A,3,0.9999728785981205
inplane,EDN1,1,0.3513774076524372
inplane,CFTR,2,0.9998799679485552
inplane,AMY2A,1,0.9999796103233879
inplane,AMY2A,4,0.9999791855987366
inplane,GATM,1,0.9999560862824741
outplane,CFTR,1,0.9998601966803392
outplane,TFPI,1,0.0
outplane,AMY2A,1,0.9999762016537013
outplane,GATM,1,0.9999491945718569
outplane,AQP8,1,0.999790321081082
inplane,BASP1,1,0.08773078641729104
inplane,DST,1,0.6175603012277884
inplane,GATA2,1,0.0
inplane,FXYD2,1,0.976510934261764
ambient,CFTR,1,0.9998779850680951
ambient,UMOD,1,0.9233113625490612
induction,FKBP11,4,0.17922812936442511
induction,AQP3,3,0.026010322614687942
induction,PEBP4,3,0.006866256491501965
inplane,BCL2L11,1,0.37050866223760814
inplane,AMY2A,2,0.999978301418525
inplane,GATM,1,0.9999539918181345
induction,FKBP11,3,0.1151616794563356
induction,AQP3,2,0.019309020932885668
induction,PEBP4,5,0.003875588907720773
inplane,TM4SF18,1,0.0
inplane,AMY2A,2,0.9999802465027285
inplane,ERBB2,1,0.9607413748883954
inplane,CFB,1,0.858248664085166
inplane,MYC,1,0.6829265811023459
inplane,AMY2A,2,0.999972315159756
inplane,GATM,1,0.9999406926763773
ambient,CPA3,1,0.8387261138659406
ambient,GATM,1,0.9999518697313303
ambient,FKBP11,1,0.38451822174349204
ambient,AQP3,1,0.0917536020390779
ambient,CA4,1,0.8561496497650894
ambient,COCH,1,0.8083787021107449
inplane,AMY2A,2,0.9999733027121024
inplane,GATM,2,0.9999427161439467
inplane,FKBP11,1,0.3210860961707733
inplane,MYC,1,0.6192963955693422
inplane,PPP1R1A,1,0.9725787634685729
inplane,AMY2A,4,0.9999661532559078
inplane,GPX2,1,0.9903791006008182
inplane,CLCA2,1,0.2146344594664007
ambient,RIDA,1,0.884675379007554
ambient,CA4,1,0.8810752059118386
induction,AQP3,3,0.04687452170790496
induction,PEBP4,1,0.008303536742089501
induction,FKBP11,4,0.13195156384361517
induction,AQP3,1,0.01935462537595123
induction,PEBP4,5,0.004597352182172054
ambient,CFTR,1,0.9998566882354095
ambient,CPA3,1,0.8534307418870306
ambient,COCH,1,0.8778552373587598
ambient,AQP3,1,0.07137402244799296
induction,FKBP11,3,0.10205087818041814
induction,AQP3,2,0.014745301601514105
induction,PEBP4,5,0.0035066751553547437
ambient,CA4,1,0.717100628468057
ambient,GLYATL1,1,0.4121111677755699
ambient,FKBP11,1,0.36405158383706815
ambient,CFTR,1,0.9996795363501301
inplane,PPP1R1B,1,0.9588116233352028
inplane,AMY2A,4,0.9999626983222678
inplane,MDM2,1,0.4997882334743221
inplane,ANPEP,1,0.9995053673756716
inplane,AMY2A,3,0.9999659675916514
inplane,CDK1,1,0.27417032981256384
inplane,GATM,1,0.9999258372542635
ambient,RIDA,1,0.8638259697976215
ambient,HAMP,1,0.9107153796031344
induction,FKBP11,5,0.14486239514735644
induction,PEBP4,5,0.005237419295792467
outplane,NTN4,1,0.7412182722881375
outplane,CFB,1,0.857330861451199
outplane,MS4A1,1,0.46317175625058815
outplane,C1orf162,1,0.7418392774439949
outplane,AMY2A,1,0.9999732927364696
outplane,CFB,1,0.8598847422964427
outplane,MET,1,0.3918528001480258
outplane,ANPEP,1,0.999660545253571
outplane,SMIM24,1,0.37241920425486486
inplane,TCIM,1,0.0
inplane,CD93,1,0.0
inplane,AMY2A,2,0.9999800285532991
induction,FKBP11,2,0.18523972686661094
induction,AQP3,3,0.02697402422740469
induction,PEBP4,5,0.007140307699032955
inplane,MEST,1,0.7786146317767944
inplane,AMY2A,1,0.9999758181620607
inplane,GATM,2,0.9999486113448044
induction,FKBP11,1,0.1480990096922128
induction,AQP3,3,0.024616581122206105
induction,PEBP4,4,0.0048429416548425586
ambient,CFTR,1,0.9998867629818271
ambient,CPA3,1,0.8620110941402703
induction,FKBP11,4,0.15916729974620458
induction,AQP3,2,0.028351825374454465
induction,PEBP4,4,0.005632262097682417
induction,FKBP11,3,0.1480004982146811
induction,AQP3,4,0.021595492086188717
induction,PEBP4,3,0.005382088191214773
inplane,CFTR,1,0.9998393560805143
inplane,KLK11,1,0.9954318180663124
inplane,AMY2A,2,0.9999689595943977
inplane,FXYD2,1,0.9479674309279309
inplane,GATM,1,0.9999329693094695
induction,FKBP11,4,0.14762031458572789
induction,AQP3,5,0.023377895871570797
induction,PEBP4,1,0.005271657526421669
outplane,C5orf46,1,0.4599655681242423
outplane,CFTR,1,0.9998556627313437
outplane,AMY2A,2,0.999975348836418
inplane,PRDM1,1,0.25143713484867325
inplane,CFTR,1,0.9998453606213884
inplane,ADAM28,1,0.7519992046825209
inplane,AMY2A,2,0.999973667493466
inplane,PPP1R1B,1,0.9732256477524533
inplane,DPEP1,1,0.98403115182541
inplane,CFTR,1,0.9998731328047511
inplane,GATM,1,0.9999552974622666
outplane,SMYD2,1,0.720495358805426
outplane,STEAP4,1,0.0
outplane,CFTR,1,0.9998697738046678
outplane,FXYD2,1,0.9601558810965277
inplane,ASPN,1,0.2616575738199376
inplane,TCIM,1,0.0
inplane,CFTR,1,0.9995932788507561
inplane,EHF,1,0.9956433401556934
inplane,CXCL6,1,0.9958243571575337
ambient,RIDA,1,0.8490475150137339
ambient,KCNK3,1,0.9673345549685879
ambient,CA4,1,0.5980161676549969
ambient,PEBP4,1,0.012838789457908506
induction,FKBP11,1,0.13472989401720847
induction,AQP3,4,0.02182904876405345
induction,PEBP4,1,0.005012085769719787
outplane,CFTR,1,0.9998689967874533
outplane,AMY2A,2,0.999975303107354
outplane,GPX2,1,0.996971258789307
outplane,GATM,2,0.9999472435862133
induction,FKBP11,4,0.11165430778416807
induction,AQP3,6,0.017296046176684565
induction,FKBP11,3,0.104529090114034
induction,AQP3,5,0.015676899171910952
induction,PEBP4,2,0.0035644226407256507
ambient,ANPEP,1,0.9996595340257738
ambient,UMOD,1,0.8436356569118881
inplane,AMY2A,2,0.9999687674178546
inplane,CXCL2,1,0.3924829226304527
inplane,AQP8,1,0.999718793820478
induction,FKBP11,5,0.13211262806509105
induction,AQP3,3,0.019530924034304453
induction,PEBP4,2,0.004713709752464212
induction,FKBP11,4,0.10437726312319284
induction,AQP3,4,0.01571145409451924
induction,PEBP4,2,0.0035662500726306723
inplane,C1orf194,1,0.6255614516742802
inplane,ANPEP,1,0.9996905024288848
inplane,AMY2A,1,0.9999779509079564
inplane,AQP8,1,0.9998072196113597
induction,FKBP11,2,0.1140787846043726
induction,AQP3,5,0.015374488208849901
induction,PEBP4,3,0.004009908960963204
inplane,STC1,1,0.0
inplane,AMY2A,2,0.9999756470785828
inplane,GATM,1,0.9999480937644076
induction,FKBP11,6,0.12293561642577289
induction,AQP3,1,0.02050095755958714
induction,PEBP4,3,0.0041860401185892515
ambient,RIDA,1,0.7563825372322385
ambient,AMY2A,1,0.9999733503469855
inplane,MYC,1,0.5165023960983502
inplane,EPCAM,1,0.9990346526393379
inplane,CXCL2,1,0.43404579504688856
inplane,GATM,1,0.9999162453940057
induction,FKBP11,8,0.13973931245092885
induction,AQP3,1,0.01963436406576513
induction,PEBP4,1,0.005110789886031419
induction,FKBP11,1,0.18643918416645022
induction,AQP3,7,0.028233880248303977
induction,PEBP4,2,0.007120473290525231
outplane,PTGDS,1,0.9267072190608907
outplane,FSTL3,1,0.9298222779819869
outplane,KLK11,1,0.9946084342663064
outplane,ARFGEF3,1,0.9071305888060358
outplane,AMY2A,3,0.9999647147672189
outplane,GATM,1,0.9999479745151298
outplane,GCG,4,0.9976490114648231
induction,FKBP11,2,0.09320780811137908
induction,AQP3,6,0.012913001615181607
induction,PEBP4,2,0.0031977098567048667
inplane,MYLK,1,0.3592713193494499
inplane,CRISPLD2,1,0.4209410442616621
inplane,COL5A2,1,0.6030358501846373
inplane,AMY2A,2,0.9999732240650243
inplane,C7,1,0.6536777761952949
inplane,AQP8,1,0.9997626236503219
induction,FKBP11,2,0.12531338942738346
induction,AQP3,6,0.01836172620073251
induction,PEBP4,2,0.004009823752144759
induction,FKBP11,5,0.1024476373598433
induction,AQP3,2,0.02124003617851289
induction,PEBP4,3,0.0031840907718327927
ambient,GATM,2,0.9998874454080137
induction,FKBP11,2,0.136599940009005
induction,AQP3,2,0.026993569181124166
induction,PEBP4,6,0.004209588139818199
ambient,RIDA,1,0.6913391356980474
ambient,CFTR,1,0.9997368469203335
inplane,CD14,1,0.5531444419372685
inplane,CFB,1,0.9447499749201818
inplane,CFTR,2,0.9997685459459414
outplane,STC1,1,0.0
outplane,AMY2A,4,0.999948612422199
outplane,GATM,1,0.9998822919299057
outplane,AQP8,1,0.999487265287298
outplane,MFAP5,1,0.2738779146804039
outplane,AMY2A,1,0.9999766833284409
outplane,FXYD2,1,0.9576111466636885
outplane,GATM,1,0.9999504592947285
ambient,HAMP,1,0.7222409990115412
ambient,GATM,1,0.9999080952589909
inplane,CFTR,1,0.9997512629993713
inplane,TM4SF18,1,0.0
inplane,AMY2A,1,0.9999521499399274
inplane,GATM,1,0.9998922931039995
induction,FKBP11,2,0.1098863709119231
induction,AQP3,5,0.01616748355055031
induction,PEBP4,3,0.0036209484755596044
induction,FKBP11,4,0.10200654784271646
induction,AQP3,2,0.01658136473212901
induction,PEBP4,4,0.0033541913795659406
outplane,EPCAM,1,0.9992198322614596
outplane,AMY2A,2,0.9999601327676747
outplane,SCGN,1,0.9900949484497019
induction,FKBP11,6,0.11367719522573327
induction,AQP3,2,0.023644848347655123
induction,PEBP4,2,0.004499678590048184
outplane,ANPEP,1,0.9996626129113252
outplane,AMY2A,3,0.9999762384029672
ambient,KLK11,1,0.9947592249499951
ambient,PEBP4,1,0.01692020326909205
outplane,EPCAM,1,0.9993070327090013
outplane,ANPEP,1,0.9995899088603437
outplane,CFTR,1,0.9998344489970739
outplane,GPC3,1,0.7229478511267993
inplane,FCGR1A,1,0.7228422441096102
inplane,PLD4,1,0.5506972278662343
inplane,CD247,1,0.5757981956390859
inplane,AMY2A,2,0.9999694833293917
inplane,SPIB,1,0.7059839554770935
inplane,ACTG2,1,0.3615196967351664
inplane,EPCAM,1,0.9994563163848761
inplane,ANPEP,1,0.9997090789417444
inplane,AMY2A,1,0.9999793480222313
inplane,GATM,1,0.9999563624039246
inplane,EPCAM,1,0.999582538563746
inplane,AMY2A,4,0.9999554141052671
inplane,GATM,1,0.9998997129783975
ambient,KLK11,1,0.9962859036114612
ambient,PEBP4,1,0.010523317035915913
ambient,FKBP11,1,0.34720211095350806
ambient,AMY2A,1,0.99997892662662
ambient,DPEP1,1,0.9544814745539419
ambient,AQP8,1,0.9997125079285383
induction,FKBP11,3,0.13561894263986463
induction,AQP3,5,0.020954054481333695
induction,PEBP4,2,0.00484098348098716
inplane,IRF8,1,0.3210487889527438
inplane,MDM2,1,0.4962700187021736
inplane,CFTR,1,0.9998675236802883
inplane,AMY2A,4,0.9999774579818217
induction,FKBP11,5,0.12418261177410939
induction,AQP3,4,0.018449567527982547
induction,PEBP4,1,0.004307623229298341
induction,FKBP11,5,0.11835636417002604
induction,AQP3,3,0.016019761833863333
induction,PEBP4,2,0.004155468654906125
ambient,DPEP1,1,0.9618343330473429
ambient,UMOD,1,0.8287459751700998
inplane,GYPA,1,0.2633450783004688
inplane,AMY2A,1,0.9999316743314515
inplane,CYP2B6,1,0.11803651881283694
inplane,GATM,1,0.9998412232343417
inplane,AQP8,1,0.9993056312275994
outplane,CFTR,1,0.9998801552253418
outplane,AMY2A,2,0.999978979302004
outplane,GATM,2,0.9999554433453873
inplane,CFTR,1,0.9998621243000391
inplane,AMY2A,1,0.9999733931696704
inplane,FXYD2,2,0.9664183929274268
ambient,PROX1,1,0.8055130721884357
ambient,GATM,1,0.999929105339134
inplane,PLAC9,1,0.2270764920827535
inplane,GATA2,1,0.0
inplane,DPT,1,0.9172566887551853
inplane,AMY2A,2,0.9999288228314661
inplane,C20orf85,1,0.29092583499910585
induction,FKBP11,3,0.1362309672933918
induction,AQP3,3,0.021326047808098436
induction,PEBP4,4,0.004747320721379844
outplane,CFB,1,0.8295681055083549
outplane,C1orf162,1,0.6327242008935469
outplane,AMY2A,2,0.9999762980902476
outplane,PEBP4,1,0.015152065187178931
ambient,FKBP11,1,0.4132485321243723
ambient,HAMP,1,0.9088652698907436
outplane,CFB,1,0.8078113832089437
outplane,TMC5,1,0.9904083374908722
outplane,GDF15,1,0.9071544187096471
outplane,GATM,1,0.9999486266196823
outplane,KCNMA1,1,0.5414496426543525
outplane,MTRNR2L11,1,0.44910208458458933
outplane,AMY2A,1,0.9999801357191724
outplane,GATM,1,0.9999581608295887
outplane,DIRAS3,1,0.936932533410752
induction,FKBP11,2,0.10981817066573363
induction,AQP3,2,0.015002833073129773
induction,PEBP4,6,0.0038856345983965257
inplane,CFB,1,0.8399499658448761
inplane,EHF,1,0.9985212565604374
inplane,AMY2A,1,0.9999767664360184
inplane,SPIB,1,0.6803440204494704
induction,FKBP11,4,0.099982590049843
induction,AQP3,3,0.013341729475052966
induction,PEBP4,3,0.003473471473206091
ambient,ANPEP,1,0.9996378455400662
ambient,KCNK3,1,0.9367661529537841
ambient,FKBP11,1,0.3354057473972981
ambient,CFTR,1,0.9998616397135994
ambient,DPEP1,1,0.9575526799294813
ambient,AQP8,1,0.9996856692593282
inplane,HAVCR2,1,0.7184963864898112
inplane,AMY2A,1,0.9999791910139827
inplane,PROX1,1,0.8961284099790469
inplane,GATM,1,0.9999560424046667
inplane,AQP8,1,0.9998199445186878
induction,FKBP11,3,0.16865525341232857
induction,AQP3,3,0.027235687385304352
induction,PEBP4,4,0.006252613807217533
induction,FKBP11,3,0.13405630986195227
induction,AQP3,1,0.02372995174464476
induction,PEBP4,4,0.004224216290117266
induction,FKBP11,3,0.11586744407308869
induction,AQP3,2,0.01979297662136459
induction,PEBP4,5,0.003975041258321932
inplane,SMYD2,1,0.6960318521803366
inplane,AMY2A,3,0.9999735755098234
inplane,GATM,1,0.999943417326889
inplane,AMY2A,3,0.9999789795706737
inplane,GATM,1,0.9999555721796645
ambient,ANPEP,1,0.9996687296805815
ambient,CPA3,1,0.7819395865259386
inplane,CD14,1,0.39392796900458404
inplane,FSTL3,1,0.7971236080299949
inplane,CFTR,1,0.9998654302370614
inplane,TM4SF18,1,0.0
induction,FKBP11,5,0.1148495692237006
induction,AQP3,3,0.017765705681040966
induction,PEBP4,2,0.003938535184537795
ambient,DPEP1,1,0.9640867712860788
ambient,CPA3,1,0.7500821837618282
outplane,AMY2A,2,0.9999783639460157
outplane,CXCL6,1,0.9987259640300334
outplane,GATM,1,0.9999541272726536
outplane,THBS2,1,0.9959068299449207
outplane,PDGFRA,1,5.3558268930942177e-11
outplane,SLC26A2,1,0.28442270707354933
outplane,ACTA2,1,5.960676396910003e-12
induction,FKBP11,5,0.14999558040621574
induction,AQP3,1,0.022998695230608046
induction,PEBP4,4,0.005418642055755041
outplane,MYC,2,0.5892436289029985
outplane,AMY2A,2,0.9999729840797054
outplane,GATM,2,0.9999424226031001
inplane,VCAN,1,0.9988253623441168
inplane,CFB,1,0.893542301562077
inplane,MNDA,1,0.4371694260332908
inplane,AIF1,1,0.7521227240756055
inplane,CFTR,1,0.9998758453570846
inplane,AMY2A,2,0.9999775257191676
inplane,AMY2A,3,0.999980930186978
inplane,GATM,1,0.9999599310673795
ambient,CPA3,1,0.7566587536523945
ambient,KCNK3,1,0.9422583925467454
ambient,KLK11,1,0.9968620837008971
ambient,KCNK3,1,0.9588954161455805
inplane,DST,1,0.5910844895470171
inplane,AMY2A,2,0.999974835922064
inplane,GATM,2,0.9999461500088058
inplane,AMY2A,4,0.9999651144374277
inplane,BTNL9,1,0.0
outplane,FGL2,1,0.7097969786497569
outplane,MS4A6A,1,0.8348796967122513
outplane,BAMBI,1,0.7753428018520732
outplane,AMY2A,2,0.9999797440190841
outplane,PROX1,1,0.9218682963490298
outplane,GATM,1,0.9999571820073112
ambient,CPA3,1,0.7619515845708698
ambient,COCH,1,0.6992368604441587
inplane,NTN4,1,0.7205279394344565
inplane,MEST,1,0.7852388043359698
inplane,IGSF6,1,0.5690875668159879
inplane,AMY2A,2,0.9999753236441016
induction,FKBP11,6,0.10710048388808646
induction,AQP3,3,0.014917709190886641
induction,PEBP4,1,0.0036847750688361325
induction,FKBP11,3,0.09789734205505884
induction,AQP3,2,0.014440207769438218
induction,PEBP4,5,0.0033199080216912424
inplane,AMY2A,4,0.9999784230738924
inplane,GATM,1,0.9999542889875631
inplane,AQP8,1,0.9998123799270577
ambient,RIDA,1,0.6029996243667817
ambient,CPA3,1,0.594538311972552
outplane,TCIM,2,0.0
outplane,BCL2L11,1,0.2880513087293898
outplane,CFTR,1,0.9997809135266688
inplane,CFTR,1,0.9996516221392947
inplane,EHF,1,0.997665940389535
inplane,AMY2A,1,0.9999301680661158
inplane,FXYD2,1,0.8559902954471066
inplane,INS,1,0.9974661755087505
induction,FKBP11,6,0.13992686212033656
induction,AQP3,1,0.028914389436482058
induction,PEBP4,1,0.004477717457545882
outplane,MYC,1,0.5520985504791753
outplane,AMY2A,3,0.999972631165933
ambient,CPA3,1,0.7246718957722134
ambient,GATM,1,0.9999343095422616
induction,FKBP11,1,0.09984451938807914
induction,AQP3,4,0.01410571935981364
induction,PEBP4,5,0.00339101376623141
inplane,CFB,1,0.407265235224764
inplane,MDM2,1,0.3624250418227125
inplane,CFTR,1,0.9996493037495123
inplane,GDF15,1,0.691804587336365
inplane,AMY2A,1,0.9999429209646848
ambient,HAMP,1,0.5935603039726687
ambient,GATM,1,0.9998297527063811
inplane,MDM2,1,0.4973991952844443
inplane,AMY2A,3,0.9999405417284943
inplane,GATM,1,0.9998631497785291
inplane,DST,1,0.2867248996296884
inplane,AMY2A,2,0.9999425515778493
inplane,KCNK3,1,0.8280370387277391
outplane,AMY2A,2,0.9999337623217026
outplane,FXYD2,1,0.7356451584785787
outplane,GATM,2,0.9998433963503253
outplane,FKBP11,1,0.4078805810851156
outplane,AMY2A,2,0.999972111389536
outplane,GATM,1,0.9999402034623833
ambient,FKBP11,1,0.30848788626070256
ambient,AQP3,1,0.05577688409928616
outplane,TMC5,1,0.9836972228899437
outplane,PPARG,1,0.17980305643975492
outplane,CFTR,1,0.9995815590328335
outplane,CAVIN2,1,0.0
inplane,AMY2A,2,0.9999360198583083
inplane,CXCL2,1,0.21391412967818657
inplane,GATM,1,0.999848469377189
outplane,MMRN2,1,0.0
outplane,SFRP4,1,0.9090898040090076
outplane,CFTR,1,0.9998722004880586
outplane,TM4SF18,1,0.0
outplane,AMY2A,1,0.9999782868506807
outplane,PECAM1,1,0.0
outplane,MDM2,1,0.4462805411779919
outplane,TFPI,1,0.0
outplane,AMY2A,2,0.9999771632222938
outplane,GATM,1,0.9999518918243002
inplane,MS4A6A,1,0.7776430868515174
inplane,FBN1,1,0.012180865167221278
inplane,AMY2A,2,0.9999798965036722
induction,FKBP11,3,0.12653730676147668
induction,AQP3,4,0.017284144581577787
induction,PEBP4,3,0.004538900825012404
ambient,UMOD,1,0.8382285545339283
ambient,AQP3,1,0.055166759425762546
induction,FKBP11,2,0.12492675648579143
induction,AQP3,4,0.017566480287835473
induction,PEBP4,4,0.004409561786576699
inplane,CFB,1,0.8003988794278402
inplane,EDN1,1,0.16802698639497538
inplane,EPCAM,1,0.9993241625590461
inplane,CFTR,2,0.999877864668804
inplane,GATM,1,0.9999570167510106
ambient,DIRAS3,1,0.9538340762238429
ambient,GLYATL1,1,0.6524053775057836
ambient,FKBP11,1,0.39209911313423795
ambient,GATM,1,0.9999591990611313
induction,FKBP11,1,0.11390399835433396
induction,AQP3,5,0.016438517017898557
induction,PEBP4,4,0.003976189133709673
ambient,FKBP11,1,0.500448761533851
ambient,RIDA,1,0.7656193544343031
outplane,SFTA2,1,0.2971566331990858
outplane,FBN1,1,0.27226672014857445
outplane,EPCAM,1,0.9994676019170771
outplane,TENT5C,1,0.9976230781711207
outplane,GATM,1,0.9999574710208327
ambient,KLK11,1,0.9964162823174264
ambient,AQP8,1,0.9997952365474236
inplane,VSIG4,1,8.427103459496266e-11
inplane,PTPRC,1,0.995367775029478
inplane,KCNMA1,1,0.4549144009381033
inplane,PPARG,1,0.04573130579302398
inplane,PRDM1,1,0.05485157271062768
inplane,ACTA2,1,2.8376190286394376e-12
inplane,TCIM,1,0.0
inplane,CRISPLD2,1,3.845923579604005e-12
inplane,AMY2A,1,0.9999769258863337
inplane,GATM,1,0.9999510866993039
outplane,AMY2A,3,0.9999764180544004
outplane,SOX17,1,0.0
ambient,FKBP11,1,0.31864535525537907
ambient,RIDA,1,0.8783859634200247
ambient,CFTR,1,0.9998172335413552
ambient,UMOD,1,0.8365764277584736
outplane,AMY2A,1,0.9999803837438137
outplane,PROX1,1,0.9383387591560889
outplane,GATM,2,0.9999585781193077
outplane,AQP8,1,0.999830376859963
outplane,DST,1,0.46143623084010466
outplane,PPP1R1B,1,0.9645643824755182
outplane,EPCAM,1,0.9993408329881849
outplane,KRT7,1,0.9866323705939448
outplane,AMY2A,1,0.9999801770697332
ambient,DPEP1,1,0.9682668068739356
ambient,PROX1,1,0.8399816035847782
induction,FKBP11,3,0.10734640177322674
induction,AQP3,3,0.014358767890333857
induction,PEBP4,4,0.0037786392308748473
ambient,GATM,1,0.9999557210747488
ambient,DIRAS3,1,0.9711490622851874
induction,FKBP11,2,0.2177169555823294
induction,AQP3,3,0.034792799120204054
induction,PEBP4,5,0.008548472517897032
inplane,CTSK,1,0.022766705382007313
inplane,CFB,1,0.8516887896811336
inplane,CFTR,1,0.9998863851251745
inplane,AMY2A,2,0.9999806705495765
inplane,FXYD2,1,0.9691210165375264
outplane,GLIPR1,1,0.5176715187973955
outplane,TMC5,1,0.995869865236082
outplane,CFTR,1,0.9998508703362381
outplane,GDF15,1,0.9171051391357236
outplane,CD163,1,0.9950650996888889
outplane,AMY2A,2,0.9999795962319148
outplane,AQP8,1,0.9998232615075748
outplane,CAVIN1,1,0.04252532047013713
outplane,FBN1,1,0.014940296131966457
outplane,AMY2A,3,0.9999797577200701
induction,FKBP11,3,0.11778329800132681
induction,AQP3,1,0.01661355840277845
induction,PEBP4,6,0.004154155172369833
outplane,AMY2A,5,0.9999772814562928
inplane,PMP22,1,0.2005248193312963
inplane,PECAM1,1,0.0
inplane,PLAC9,1,0.23585881272334352
inplane,EPCAM,1,0.9993834974946354
inplane,GEM,1,0.3099017998786574
inplane,AMY2A,1,0.9999788525195991
inplane,SOX17,1,0.0
ambient,ANPEP,1,0.9996862144684888
ambient,KCNK3,1,0.9806104687304364
outplane,AMY2A,5,0.9999776278168777
outplane,AQP8,2,0.9998043563756596
inplane,AMY2A,3,0.9999729129906834
inplane,GATM,1,0.9999417902253508
ambient,DPEP1,1,0.97948897465795
ambient,ANPEP,1,0.9997243572942401
induction,FKBP11,2,0.1303150435346836
induction,AQP3,3,0.019115690681488662
induction,PEBP4,5,0.004647454808489493
outplane,AMY2A,4,0.9999786109450093
outplane,GATM,1,0.9999546448431954
ambient,KLK11,1,0.9958335840343295
ambient,GATM,1,0.9999417957491449
induction,FKBP11,2,0.11074781942182743
induction,AQP3,2,0.015332279771932078
induction,PEBP4,6,0.0037566240497169945
inplane,VCAN,1,0.9997283638737109
inplane,MYLK,1,0.6973038032854468
inplane,AMY2A,2,0.9999335174002161
inplane,GATM,1,0.999842475722252
inplane,ANPEP,1,0.9989317429951158
inplane,AMY2A,3,0.99993241407631
inplane,GATM,1,0.9998398027723833
inplane,C15orf48,2,0.9956377452680772
inplane,CPA3,1,0.857069626537267
inplane,GATM,1,0.9999585453444145
inplane,TBX3,1,0.07996928843216022
inplane,PLIN4,1,0.5063266228954777
inplane,CD79A,1,0.9630259313398047
inplane,AMY2A,3,0.9999777546353235
inplane,CFAP53,1,0.7740147883095433
ambient,AMY2A,1,0.9999762139754296
ambient,KCNK3,1,0.9660959365242279
induction,FKBP11,3,0.1152713064334483
induction,AQP3,4,0.0185737321523749
induction,PEBP4,3,0.003897381278898493
outplane,MS4A4A,1,0.8794092216224223
outplane,ANPEP,1,0.999617536229729
outplane,AMY2A,1,0.9999727686570627
outplane,GATM,1,0.9999412254255439
outplane,CAVIN1,1,0.055188783451465384
outplane,LILRB2,1,0.24383443025238816
outplane,MDM2,1,0.5999732684759841
outplane,CFTR,1,0.9998833734858015
outplane,AMY2A,2,0.9999799077238559
outplane,GATM,1,0.9999576370437547
outplane,FKBP11,1,0.3481292366325671
outplane,CFTR,1,0.9998567332892065
outplane,AMY2A,1,0.9999713111817847
outplane,GATM,1,0.9999380417353589
outplane,KCNMA1,1,0.4952178250821524
outplane,AMY2A,3,0.9999759404095468
outplane,AQP8,1,0.9997880492533352
ambient,ANPEP,1,0.9995942956329954
ambient,CA4,1,0.7241234735863189
outplane,CFTR,1,0.9997802572086693
outplane,AMY2A,3,0.9999584531623302
outplane,GATM,1,0.9999043264550436
induction,FKBP11,2,0.10658530096899643
induction,AQP3,5,0.01708198811361694
induction,PEBP4,3,0.003306851453872439
ambient,CFTR,1,0.9998719544764733
ambient,AQP3,1,0.05701771926973087
induction,FKBP11,2,0.1386064312192875
induction,AQP3,3,0.028070349566188812
induction,PEBP4,3,0.004137008076665949
ambient,DPEP1,1,0.9110246026090494
ambient,GLYATL1,1,0.33664804254575675
induction,FKBP11,1,0.3260833025790669
induction,AQP3,2,0.1477129228997205
induction,PEBP4,1,0.009811244484251413
outplane,PDGFRA,1,0.8667376954003059
outplane,CFB,1,0.8124400072555786
outplane,PPP1R1B,1,0.9245513812169176
outplane,GATM,1,0.9998330158770412
induction,AQP3,2,0.022004224293318497
induction,PEBP4,4,0.004717141720801954
outplane,NTN4,1,0.5676373127101662
outplane,CFB,1,0.816816600703137
outplane,TMC5,1,0.9957932838238606
outplane,CNN1,1,0.9939139372015273
outplane,IL1RL1,1,0.4141390824166207
inplane,PECAM1,1,0.0
inplane,AMY2A,3,0.9999608698933101
induction,FKBP11,4,0.10971315994047737
induction,AQP3,4,0.024597553343389422
induction,PEBP4,2,0.0033349392044218495
outplane,CFB,1,0.8265354587638765
outplane,FKBP11,1,0.35670412756928804
outplane,KLRD1,1,0.16769375576081602
outplane,AMY2A,1,0.9999737517089302
induction,FKBP11,5,0.09757658067934794
induction,AQP3,2,0.01370993494502315
induction,PEBP4,3,0.003321329715480159
induction,AQP3,6,0.01674379716142227
induction,PEBP4,4,0.0030447161515977372
induction,FKBP11,2,0.16857173621545618
induction,AQP3,2,0.02495821697409817
induction,PEBP4,6,0.006131864712356716
induction,FKBP11,4,0.1310159139631797
induction,AQP3,2,0.02033980447603323
induction,PEBP4,4,0.0045974424040635675
outplane,MS4A6A,1,0.7096743863835211
outplane,FAS,1,0.21752656262057624
outplane,MALL,1,0.016336755541303316
outplane,AMY2A,1,0.999972018656452
outplane,AMY2A,1,0.9999688506026929
outplane,GATM,2,0.9999326884963239
outplane,AQP8,1,0.9997197358624604
outplane,PGR,1,0.3654675399300512
outplane,ADGRL4,1,0.0
outplane,CFB,1,0.7931093207795096
outplane,THAP2,1,0.37406739288876767
outplane,AMY2A,2,0.9999653801753949
outplane,GATM,1,0.9999245185937946
outplane,PECAM1,2,0.0
outplane,CFTR,2,0.9997466137693612
outplane,TFPI,1,0.0
outplane,AMY2A,3,0.9999455055443872
induction,FKBP11,3,0.11701988420534082
induction,AQP3,3,0.02172613803252388
induction,PEBP4,4,0.0038374941524801365
outplane,NTN4,1,0.6446018589281279
outplane,MDM2,1,0.5542502840036518
outplane,AMY2A,2,0.9999360607110154
outplane,GATM,1,0.9998417169663778
induction,FKBP11,3,0.10847704089500998
induction,AQP3,3,0.016503379083312564
induction,PEBP4,4,0.003948103931509128
ambient,AMY2A,1,0.9999663919966141
ambient,DIRAS3,1,0.8954890852218828
outplane,ACTG2,1,0.33888475333061907
outplane,MYC,1,0.6810258054140077
outplane,CFTR,2,0.9998831822402136
outplane,AMY2A,1,0.9999798347680127
induction,FKBP11,4,0.11472879659865853
induction,AQP3,4,0.016714883815942327
induction,PEBP4,2,0.004019135836916599
ambient,ANPEP,1,0.9996571889592188
ambient,AQP8,1,0.9997859589196115
induction,FKBP11,1,0.10744142932113276
induction,AQP3,6,0.02031896920270604
induction,PEBP4,3,0.0034644994174802823
outplane,EPCAM,1,0.9995172256274818
outplane,AMY2A,2,0.9999546748131782
outplane,GATM,1,0.9998982141537625
induction,FKBP11,5,0.1223444133934477
induction,AQP3,4,0.023993602208819187
induction,PEBP4,1,0.003996443599733057
outplane,NTN4,1,0.4847576329618577
outplane,CFTR,1,0.9997685932664244
outplane,AMY2A,1,0.9999618220833071
outplane,FXYD2,2,0.8809857707291537
inplane,AMY2A,3,0.9999687356071643
inplane,C7,1,0.6472308821805799
inplane,GATM,1,0.9999326294524886
inplane,FKBP11,1,0.4789604352242768
inplane,AMY2A,4,0.9999804767474829
inplane,KCNK3,1,0.9762507972062274
inplane,GATM,2,0.999958535260363
induction,FKBP11,2,0.1168855626082036
induction,AQP3,6,0.016584055745080928
induction,PEBP4,2,0.00410635015463956
inplane,DST,1,0.794409017409612
inplane,CFTR,1,0.9997112998772626
inplane,CA4,1,0.8425886858675793
inplane,AMY2A,2,0.9999522866852457
inplane,SMYD2,1,0.4949003686710708
inplane,CFTR,1,0.9996526120774455
inplane,GATM,2,0.9998632189262661
ambient,KCNK3,1,0.9398085210622356
ambient,GATM,1,0.9999241427065556
induction,FKBP11,3,0.11526344644332942
induction,AQP3,5,0.019659409490189517
induction,PEBP4,2,0.003681434612733625
inplane,FSTL3,1,0.8131980874453311
inplane,PPP1R1B,1,0.9302634787564297
inplane,SLC4A1,1,0.08979855404029069
inplane,FXYD2,1,0.909402617729889
inplane,CLCA1,1,0.2008672821066283
inplane,GPX2,1,0.9956931629810739
ambient,CA4,1,0.7954583498395195
ambient,CPA3,1,0.7777940195540631
ambient,FKBP11,2,0.3511292761843484
outplane,FGL2,1,0.6574025878735275
outplane,CD14,1,0.7344797558125528
outplane,TCIM,1,0.0
outplane,KCNMA1,1,0.5184326325987714
inplane,FAS,1,0.24317251469423118
inplane,AMY2A,1,0.9999691485280533
inplane,GATM,2,0.9999333583977136
inplane,PDGFRA,1,0.2091278812514359
inplane,MYC,1,0.405612475265934
inplane,AMY2A,3,0.9999526739232105
induction,AQP3,1,0.07425290795889727
induction,PEBP4,3,0.009091961128781079
ambient,FKBP11,1,0.3436305695178319
ambient,DIRAS3,1,0.8368308719686552
inplane,AMY2A,4,0.9999631767117951
inplane,EDNRB,1,0.0
inplane,GATM,1,0.9999191828189209
inplane,CFTR,2,0.999842148614283
inplane,AMY2A,1,0.9999730436453024
inplane,PROX1,1,0.8565950477310836
outplane,AMY2A,3,0.9999749808107031
outplane,AQP8,1,0.9997791807087314
induction,FKBP11,1,0.14035472019335338
induction,AQP3,2,0.02048787150834608
induction,PEBP4,7,0.005107335954458225
ambient,RIDA,1,0.7440903301184141
ambient,CFTR,1,0.9998766634342913
induction,FKBP11,3,0.13057107035436977
induction,AQP3,3,0.017826875164631106
induction,PEBP4,4,0.004661794561073407
inplane,EPCAM,2,0.9995507012946437
inplane,PPP1R1A,1,0.9703722477894303
inplane,CFTR,1,0.9998420718468808
inplane,GATM,1,0.9999326677651644
ambient,COCH,1,0.7670919004936558
ambient,PEBP4,1,0.013743512350483988
inplane,AMY2A,4,0.9999767532375775
inplane,GATM,1,0.9999505186035245
induction,FKBP11,1,0.1161123578215063
induction,AQP3,5,0.01633302707573081
induction,PEBP4,4,0.0040887198095047594
ambient,CFTR,1,0.9998909452446101
ambient,COCH,1,0.8918199546233179
outplane,MCF2L,1,0.0
outplane,CFTR,1,0.9998843670948964
outplane,EHF,2,0.9987678508355168
outplane,AMY2A,2,0.9999796394155281
induction,FKBP11,3,0.1139064962195605
induction,AQP3,6,0.017725024381845866
induction,PEBP4,1,0.0038610485021818297
induction,AQP3,7,0.02497808304076754
induction,PEBP4,3,0.005720312130443883
ambient,CFTR,1,0.9998820911224796
ambient,AQP8,1,0.9998303263733824
outplane,CAVIN1,1,0.16200468688579506
outplane,NPDC1,1,0.0
outplane,AMY2A,3,0.9999784090882092
inplane,ANPEP,1,0.9996439031400748
inplane,AMY2A,2,0.9999742300524641
inplane,GATM,1,0.9999445517367545
inplane,AQP8,1,0.999769851067573
inplane,AMY2A,3,0.999975165498897
inplane,FOXP3,1,0.688405661092766
inplane,GPC3,1,0.7658638212406316
ambient,CFTR,1,0.999856313897275
ambient,PEBP4,1,0.016956077151902282
outplane,CFB,1,0.9382461733319591
outplane,MYC,1,0.8192798097158007
outplane,ANPEP,1,0.9997003783089303
outplane,GATM,1,0.9999546318489763
induction,FKBP11,4,0.16563426826303762
induction,AQP3,5,0.02784624570964911
induction,PEBP4,1,0.006010907294371259
inplane,CFTR,1,0.9998739046636645
inplane,AMY2A,2,0.9999785580281393
inplane,GATM,1,0.9999546155374762
inplane,GNG11,1,0.0
inplane,CFTR,1,0.9998789590204711
inplane,AMY2A,1,0.9999793985284796
inplane,GPX2,1,0.9896848199386554
outplane,NTN4,1,0.750531921593658
outplane,ACTG2,1,0.3194799013008346
outplane,ARFGEF3,1,0.8127241130211734
outplane,AMY2A,2,0.9999800782348715
outplane,GATM,1,0.9999579655185717
ambient,PROX1,1,0.9175384440922494
ambient,PEBP4,1,0.01365893792494477
ambient,HAMP,1,0.9135163530984793
ambient,AQP8,1,0.9998346797778369
induction,FKBP11,3,0.1250808917031001
induction,AQP3,3,0.01771851649117473
induction,PEBP4,4,0.004437785608951139
induction,FKBP11,2,0.09991724817464931
induction,AQP3,4,0.013585936616838823
induction,PEBP4,4,0.003364740467435956
inplane,MDM2,1,0.5082970897886151
inplane,AMY2A,2,0.9999771160989085
inplane,GATM,1,0.9999514751712528
ambient,CPA3,1,0.6558097871348106
ambient,DIRAS3,1,0.8468602894637749
inplane,MCF2L,1,0.0
inplane,CD300E,1,0.20428001799998585
inplane,AMY2A,1,0.9999796677628482
inplane,GATM,1,0.9999570664634949
outplane,NTN4,1,0.4037204989461268
outplane,CFTR,1,0.999592449666645
outplane,AMY2A,1,0.9999336974631083
outplane,GATM,1,0.9998476358161328
induction,FKBP11,3,0.134272408915605
induction,AQP3,4,0.024052225133960325
induction,PEBP4,3,0.004378379801361798
outplane,AMY2A,4,0.9999651841023128
inplane,AMY2A,3,0.9999655134721595
inplane,AQP8,1,0.9996831761958065
inplane,AMY2A,2,0.9999767876211592
inplane,GATM,2,0.9999506640502461
inplane,CFTR,2,0.9997546466499144
inplane,AMY2A,2,0.999959584447949
inplane,GATM,1,0.9999106881583553
outplane,AMY2A,3,0.9999724943147779
outplane,GATM,1,0.9999409365669596
induction,FKBP11,2,0.10107343117475909
induction,AQP3,1,0.013383112778234896
induction,PEBP4,7,0.0034982529578660992
ambient,KLK11,1,0.9967676875514758
ambient,CPA3,1,0.8377500221474334
outplane,CFTR,2,0.9998257627191018
outplane,AMY2A,2,0.9999657692524336
induction,FKBP11,3,0.10183658383000338
induction,AQP3,5,0.013642424746592607
induction,PEBP4,2,0.003558467199897164
inplane,VCAN,1,0.9993861802176565
inplane,PRDM1,1,0.20443204809019977
inplane,TM4SF18,1,0.0
inplane,AQP8,1,0.9997849734971332
ambient,ANPEP,1,0.9997183293098857
ambient,CA4,1,0.824101957735572
inplane,COL5A2,1,3.3953950762111162e-12
inplane,RIDA,1,0.8353574834820293
inplane,AMY2A,2,0.9999803354588876
induction,FKBP11,3,0.11860616239927901
induction,AQP3,5,0.016054316754331666
induction,PEBP4,2,0.004211183375492977
ambient,AMY2A,1,0.9999780136522589
ambient,KCNK3,1,0.9707212340394605
induction,FKBP11,5,0.1371827922035369
induction,AQP3,3,0.020235146348031363
induction,PEBP4,2,0.004921838712644844
inplane,NTN4,1,0.7173287506166817
inplane,CFB,1,0.8714073346295771
inplane,CFTR,1,0.9998342473083274
inplane,AMY2A,2,0.9999681098289607
inplane,MAMDC2,1,0.38870609035426906
inplane,AMY2A,2,0.9999786772947312
inplane,AQP8,2,0.9998147020280037
inplane,TCIM,1,0.0
inplane,MDM2,1,0.5705892529560432
inplane,AMY2A,2,0.9999780965693587
induction,FKBP11,3,0.09873003152627535
induction,AQP3,3,0.01362928470958602
induction,PEBP4,4,0.0033924410944706773
outplane,AMY2A,2,0.9999769854899168
outplane,PROX1,1,0.86839836982744
outplane,GATM,1,0.9999511023657921
ambient,RIDA,1,0.7606410051076345
ambient,ANPEP,1,0.999642946215124
outplane,TENT5C,1,0.9969364301912259
outplane,AMY2A,2,0.9999734476587362
outplane,AQP8,1,0.9997647519042031
induction,AQP3,3,0.024402357831557975
induction,PEBP4,3,0.004634654526400439
ambient,AMY2A,1,0.9999535361882375
ambient,PROX1,1,0.6882363201837705
ambient,CFTR,1,0.9996117205833889
ambient,DIRAS3,1,0.6582578521000929
induction,FKBP11,2,0.1545616771817626
induction,AQP3,1,0.02838977827840361
induction,PEBP4,3,0.005038469927787448
inplane,DST,1,0.41883402311585494
inplane,CFTR,1,0.9997321758782801
inplane,PROX1,1,0.6122756256947226
inplane,GATM,1,0.9998679142107693
ambient,DPEP1,1,0.856690498248187
ambient,KCNK3,1,0.7950666149188674
induction,FKBP11,2,0.12276881143885943
induction,AQP3,2,0.01741285564557704
induction,PEBP4,2,0.004522989693962587
induction,FKBP11,1,0.15388761819654861
induction,AQP3,3,0.022594528278804815
induction,FKBP11,2,0.17074657340374866
induction,AQP3,1,0.02645731570957688
induction,PEBP4,1,0.00682059402428048
ambient,PROX1,1,0.8163864212858596
ambient,AQP8,1,0.9996596029302216
outplane,EPCAM,1,0.99912275932563
outplane,AMY2A,2,0.999943718436182
outplane,AQP8,1,0.9994336733557768
outplane,NTN4,1,0.4162380559886355
outplane,ALDH1A3,2,0.4134252407940343
outplane,CFTR,1,0.9996297996072108
outplane,EGFR,1,0.5985754259252609
inplane,CFTR,1,0.9997515913470093
inplane,AMY2A,3,0.9999329866178014
inplane,GATM,1,0.9998416729550005
ambient,CA4,1,0.7049261790473585
ambient,DIRAS3,1,0.8674532318551469
outplane,AMY2A,2,0.9999545355752654
outplane,GATM,2,0.9999000527833762
induction,FKBP11,5,0.0964010611377899
induction,AQP3,2,0.015885601812791417
induction,PEBP4,3,0.003165285548256902
induction,FKBP11,4,0.12991063798202462
induction,AQP3,1,0.02006203509337301
induction,PEBP4,5,0.0046019667337870995
induction,FKBP11,3,0.1290975810944427
induction,AQP3,3,0.02361307384842315
induction,PEBP4,2,0.0041585112496907994
inplane,CD4,1,0.34478823328984465
inplane,LIF,1,0.9866112178736014
inplane,AMY2A,3,0.9999747504422558
ambient,CFTR,1,0.9998766205955514
ambient,AQP8,1,0.9998221485482705
ambient,COCH,1,0.562816502993124
ambient,PEBP4,1,0.01594204538841215
outplane,AMY2A,3,0.9999625549042431
outplane,GATM,1,0.9999176128041037
inplane,AMY2A,3,0.999976696092705
inplane,GATM,1,0.9999505771225848
inplane,AQP8,1,0.9997969905759064
inplane,MYC,1,0.7301290374873033
inplane,AMY2A,3,0.9999755538509422
outplane,ADGRL4,1,0.0
outplane,CD34,1,0.0
outplane,LILRB2,1,0.29760173470219087
outplane,SNCG,1,0.03967101627557146
outplane,AMY2A,3,0.9999590630305033
outplane,KCNK3,1,0.904352004039672
inplane,CD3D,1,0.18508482879596966
inplane,PPP1R1B,1,0.9418341114539026
inplane,AMY2A,2,0.9999776143668965
outplane,RIDA,1,0.8923026593293615
outplane,AMY2A,2,0.9999776634850336
outplane,AQP8,2,0.99980494454989
induction,FKBP11,3,0.15363815611386822
induction,AQP3,4,0.025713843260505076
induction,PEBP4,3,0.005363753196127474
ambient,RIDA,1,0.8870322830498617
ambient,KCNK3,1,0.9740274033731399
ambient,COCH,1,0.3441261060120653
ambient,PROX1,1,0.47846572081966576
ambient,FKBP11,1,0.31781512378514054
ambient,RIDA,1,0.8791843576563366
inplane,AMY2A,2,0.9999754968933694
inplane,GCG,2,0.9974733330308171
inplane,GNG11,1,0.0
inplane,AMY2A,2,0.9999768282500469
inplane,FXYD2,1,0.9656951627587597
ambient,FKBP11,1,0.33602288659921586
ambient,AQP8,1,0.9996696737635838
induction,FKBP11,1,0.12323759859196648
induction,AQP3,5,0.020121572643684527
induction,PEBP4,4,0.0039843406767726686
ambient,DIRAS3,1,0.8675460834740122
ambient,PEBP4,1,0.018729258340239974
outplane,CFTR,1,0.9997079459050587
outplane,AMY2A,3,0.9999448912723694
outplane,GATM,1,0.9998708443528515
induction,FKBP11,4,0.13764383349847165
induction,AQP3,3,0.019550482956762316
induction,PEBP4,3,0.004841249540378789
induction,FKBP11,4,0.11567326821174195
induction,AQP3,5,0.017916300269033902
induction,PEBP4,1,0.003960435222753356
outplane,EGFR,2,0.7950829886854166
outplane,GATM,2,0.9999331929105436
outplane,AQP8,1,0.9997220174290758
induction,FKBP11,3,0.11611934655158196
induction,AQP3,2,0.01691316043183022
induction,PEBP4,5,0.004009354081716654
outplane,MET,1,0.09174650056028955
outplane,AMY2A,2,0.999944216236457
outplane,GATM,1,0.9998716377258716
inplane,TCIM,1,0.0
inplane,SMYD2,1,0.7128688840965991
inplane,ANPEP,1,0.9995881929107033
inplane,LPL,1,0.2276112797797325
inplane,CFAP53,1,0.6909808588847627
ambient,KLK11,1,0.9944124743724299
ambient,GLYATL1,1,0.38956777940280274
outplane,CFTR,1,0.9998723147003595
outplane,EHF,1,0.9984688551215551
outplane,AMY2A,2,0.9999782878329534
ambient,CFTR,1,0.999798961518018
ambient,HAMP,1,0.8959636092956748
outplane,CRISPLD2,1,0.17905864796475035
outplane,MDM2,1,0.5189147547153368
outplane,AMY2A,2,0.9999798010315966
outplane,NTN4,1,0.6650328128567747
outplane,CFB,2,0.8284637852381947
outplane,CFTR,1,0.9998047034896219
outplane,ADAM28,1,0.7523411052014499
induction,FKBP11,3,0.11288702149723595
induction,AQP3,2,0.016995766086218445
induction,PEBP4,5,0.0037501679617781836
outplane,TENT5C,1,0.9974241125934254
outplane,AMY2A,4,0.9999785000241345
ambient,UMOD,1,0.7548706655619777
ambient,KCNK3,1,0.9087960097672968
ambient,PROX1,1,0.9293816883588868
ambient,DIRAS3,1,0.9600657825057606
inplane,CFTR,1,0.999835840117496
inplane,GATA2,1,0.0
inplane,AMY2A,2,0.999971283888586
inplane,ANPEP,1,0.9991712120231582
inplane,AMY2A,1,0.9999460623617416
inplane,FXYD2,1,0.8263289726643599
inplane,CYP4B1,1,0.0
inplane,ACE2,1,0.03299686888481035
induction,FKBP11,5,0.11498548595025448
induction,AQP3,2,0.017179624029665552
induction,PEBP4,3,0.003975523997485242
ambient,UMOD,1,0.7077655319544285
ambient,KLK11,1,0.9932167091697585
ambient,CFTR,1,0.9998799245605844
ambient,GLYATL1,1,0.576720339295334
outplane,AMY2A,2,0.999973468081022
outplane,GATM,1,0.9999430885671693
outplane,DIRAS3,1,0.926545501599926
inplane,MMRN2,1,0.0
inplane,TMC5,1,0.9969262771661367
inplane,EPCAM,1,0.9995297966385849
inplane,MET,1,0.38021270406136065
inplane,FXYD2,1,0.9516712620056033
outplane,PPP1R1A,1,0.9727028525163178
outplane,AMY2A,4,0.9999766312691478
induction,FKBP11,5,0.1995900678931679
induction,AQP3,3,0.03034064113092505
induction,PEBP4,2,0.007686066077393194
inplane,AMY2A,4,0.9999792185510709
inplane,GATM,1,0.9999558533572219
induction,FKBP11,5,0.1254140877767993
induction,AQP3,4,0.017892562756916974
induction,PEBP4,1,0.0044548413285540045
ambient,CPA3,1,0.7945806913060127
ambient,PROX1,1,0.8617278475530717
induction,FKBP11,4,0.10714646381920268
induction,AQP3,4,0.018202702686648475
induction,PEBP4,2,0.0035786672099877848
outplane,FBLN1,1,0.6442945282530274
outplane,CAVIN1,1,0.0929060832140981
outplane,CLEC4E,1,0.23573918210218392
outplane,CFTR,1,0.9998774974192138
outplane,CXCL6,1,0.9964280528459316
inplane,CD247,1,0.18799673177549925
inplane,AMY2A,2,0.9999801795992151
inplane,MCEMP1,1,0.11689728148649114
inplane,GATM,1,0.9999582089228191
outplane,DST,1,0.4716843740322587
outplane,MYC,1,0.7423298296349324
outplane,KIT,1,0.21428512411562417
outplane,AMY2A,3,0.9999807304962721
ambient,UMOD,1,0.8798295985215703
ambient,PEBP4,1,0.013756887399812623
outplane,PMP22,1,0.3183432771059892
outplane,BCL2L11,1,0.3052356052455877
outplane,CFTR,1,0.9998019599625992
outplane,AMY2A,2,0.9999607340832366
inplane,KRT7,1,0.9931908344403746
inplane,AMY2A,2,0.9999438848488248
inplane,HMGCS2,1,0.4512360609726236
inplane,GATM,1,0.9998707833706065
outplane,AMY2A,3,0.9999538085954881
outplane,HAMP,1,0.7378863563592325
ambient,DPEP1,1,0.9478199562332302
ambient,UMOD,1,0.8020863914149816
ambient,KLK11,1,0.994446973672902
ambient,HAMP,1,0.8539950285295552
ambient,DPEP1,1,0.9709550665768496
ambient,CA4,1,0.7995539494166446
outplane,NTN4,1,0.8587980623501088
outplane,CNN1,1,0.9917015061390786
outplane,ANPEP,1,0.9997204689448748
outplane,CFTR,1,0.9998870949488547
outplane,AMY2A,1,0.9999800275502393
induction,FKBP11,3,0.1269634589630415
induction,AQP3,3,0.019670773466109015
induction,PEBP4,4,0.004343556361153356
inplane,MYC,1,0.6217975840359642
inplane,EPCAM,1,0.9993574290767412
inplane,AMY2A,1,0.9999776405913886
inplane,GATM,1,0.9999525874395908
induction,FKBP11,4,0.14003194498411897
induction,AQP3,2,0.0196518353214451
induction,PEBP4,4,0.0051477757234962285
induction,FKBP11,3,0.10952055255433524
induction,AQP3,4,0.015512812138717025
induction,PEBP4,3,0.0038157788123734937
outplane,AMY2A,3,0.9999730333445869
outplane,GATM,2,0.9999411556866398
induction,FKBP11,2,0.15792649933188663
induction,AQP3,4,0.027852475349408823
induction,PEBP4,4,0.0055495026606743325
outplane,ANPEP,1,0.9996576264437219
outplane,KLK11,1,0.9963283803741119
outplane,AMY2A,3,0.9999759204647025
outplane,GATM,2,0.9999486237802975
inplane,STC2,2,0.0
inplane,AMY2A,1,0.9999733996814937
inplane,AQP8,1,0.9997636032364847
ambient,PROX1,1,0.9113847103752072
ambient,DIRAS3,1,0.9525290619511769
induction,FKBP11,6,0.11239518258591663
induction,AQP3,2,0.01517685986612749
induction,PEBP4,2,0.003980769730089984
induction,FKBP11,2,0.1290687186135535
induction,AQP3,5,0.021881092720088646
induction,PEBP4,3,0.004422436393703766
induction,FKBP11,4,0.14876569984449806
induction,AQP3,3,0.02138504820862741
induction,PEBP4,3,0.005327190053164288
ambient,CFTR,1,0.9998275477943159
ambient,PEBP4,1,0.013481852594931176
ambient,UMOD,1,0.8945431071977628
ambient,GATM,1,0.9999540905715222
ambient,ANPEP,1,0.9996793761051204
ambient,CA4,1,0.9415056900415995
ambient,FKBP11,1,0.41002387827382236
ambient,UMOD,1,0.9143789689287076
induction,FKBP11,6,0.14506579643886286
induction,AQP3,2,0.020991967263821243
induction,PEBP4,2,0.005287461646615754
ambient,ANPEP,1,0.9996883586927764
ambient,GLYATL1,1,0.5092893564622312
ambient,RIDA,1,0.830700970379304
ambient,PROX1,1,0.8702982317735815
induction,FKBP11,3,0.11154990171214285
induction,AQP3,2,0.01712054656912876
induction,PEBP4,5,0.00378506558127778
outplane,FKBP11,1,0.32177373944585075
outplane,AMY2A,3,0.9999742227182816
induction,FKBP11,5,0.10929935155924053
induction,AQP3,2,0.016164683307924976
induction,PEBP4,3,0.0037261441055288502
inplane,ASPN,1,0.3064085818410075
inplane,DST,1,0.42821984569217975
inplane,RGS16,1,0.339038618582835
inplane,EHF,1,0.9974280757285707
inplane,AMY2A,1,0.9999651006463225
ambient,RIDA,1,0.8340071410237713
ambient,HAMP,1,0.8818975262255041
outplane,BCL2L11,1,0.2929212359629615
outplane,MYC,1,0.6081485618554178
outplane,CFTR,1,0.9998685104205801
outplane,AMY2A,2,0.9999767399572854
inplane,PCNA,1,0.33601559457142627
inplane,CFB,2,0.8225523750485361
inplane,FBN1,1,9.449108162584707e-13
inplane,ACTG2,1,0.28562483681052975
outplane,MDM2,1,0.5292424314875457
outplane,AMY2A,2,0.9999779282487725
outplane,GATM,2,0.9999532204590686
outplane,CFTR,1,0.9998837871894359
outplane,SNCA,1,0.12078765658318036
outplane,ERBB2,1,0.8562020920306237
outplane,CHGA,1,0.969451882273414
induction,FKBP11,5,0.12613771459517265
induction,AQP3,1,0.01905782168033987
induction,PEBP4,4,0.004437619326016939
ambient,DPEP1,1,0.9621161784683385
ambient,ANPEP,1,0.9996429492675848
outplane,PMP22,1,0.16505660317850457
outplane,CFTR,1,0.9998749029545502
outplane,ADAMTS1,1,0.010108000316736754
outplane,AMY2A,1,0.9999791679257776
outplane,GATM,1,0.9999559766973978
ambient,CFTR,1,0.9998319339502382
ambient,AQP3,1,0.05058622033585225
ambient,CFTR,1,0.9998080561996546
ambient,DIRAS3,1,0.8540187190902403
outplane,GATM,2,0.9999539476338575
outplane,GLYATL1,2,0.5501462056237038
outplane,AMY2A,2,0.99996741528148
outplane,GATM,2,0.9999296135500163
inplane,VCAN,1,0.9987257474324921
inplane,AMY2A,3,0.9999772488212736
outplane,CFB,1,0.7372979749935514
outplane,PPP1R1B,1,0.950320245143802
outplane,CFTR,1,0.9998772223157194
outplane,EHF,1,0.9983846892728343
outplane,TM4SF18,1,0.0
inplane,AMY2A,2,0.9999458628786351
inplane,SH2D3C,1,0.0
inplane,GATM,1,0.9998755317981753
ambient,DPEP1,1,0.9792767076434239
ambient,HAMP,1,0.9002242266491459
ambient,ANPEP,1,0.9994911101799667
ambient,COCH,1,0.6603025549239216
ambient,KLK11,1,0.9891563600807778
ambient,AQP3,1,0.13969980158817186
outplane,EPCAM,2,0.9994665624684941
outplane,AMY2A,1,0.9999528674758627
outplane,KCNK3,1,0.9277450250865877
outplane,GATM,1,0.9998888455504327
outplane,APOLD1,1,0.0
outplane,IL3RA,1,0.0
outplane,AMY2A,2,0.9999639582260835
outplane,GATM,1,0.9999206530211974
outplane,AQP8,1,0.999664989458493
ambient,PROX1,1,0.8744029840343629
ambient,AQP8,1,0.9998286137055297
induction,AQP3,5,0.014917950382935197
induction,PEBP4,5,0.0032850437624700746
ambient,AMY2A,1,0.9999643431628551
ambient,PEBP4,1,0.016503804271380762
inplane,CFB,1,0.9033220872783021
inplane,DST,1,0.589147008958051
inplane,CYP2A7,1,0.6209290972916376
inplane,CFTR,1,0.9998772005329162
inplane,EHF,1,0.9986413284805044
inplane,SERPINB9,2,0.08437455078978373
inplane,CFTR,1,0.9998820161581207
inplane,AMY2A,1,0.9999803277876941
outplane,PPARG,1,0.09726838991488729
outplane,AMY2A,1,0.9999802330842152
outplane,GATM,2,0.9999582522805158
ambient,DPEP1,1,0.9789298349696116
ambient,DIRAS3,1,0.9443063180613834
inplane,PRDM1,1,0.07859666877290883
inplane,CFB,1,0.8857349160399073
inplane,CLEC14A,1,0.0
inplane,CD93,1,0.0
outplane,GNG11,1,0.0
outplane,CFTR,1,0.9996293237781521
outplane,AMY2A,1,0.9999316027960782
outplane,AQP8,1,0.9992728831531072
ambient,UMOD,1,0.8569069792524902
ambient,AMY2A,1,0.9999790897326646
inplane,NTN4,1,0.808610678704579
inplane,EPCAM,1,0.9994649797202252
inplane,AMY2A,2,0.9999760749646581
ambient,DPEP1,1,0.9626851124069222
ambient,AMY2A,1,0.9999749790821723
outplane,TENT5C,1,0.9936949614187985
outplane,AMY2A,3,0.9999440641352435
outplane,GATM,1,0.9998717556708067
ambient,PROX1,1,0.7809857907728888
ambient,PEBP4,1,0.01153951060059022
outplane,ANPEP,1,0.9996535721626594
outplane,AMY2A,1,0.9999753737108787
outplane,GATM,2,0.9999475506244112
outplane,AMY2A,2,0.99997512453075
outplane,GATM,2,0.9999468086108226
outplane,INS,1,0.9975225562874636
outplane,GCG,1,0.9974587729697669
ambient,FKBP11,1,0.32171297445033964
ambient,PROX1,1,0.8335568174341772
outplane,VCAN,1,0.9988169964771291
outplane,ANPEP,1,0.9997009439826054
outplane,AMY2A,1,0.9999786907024839
outplane,CXCL6,1,0.9987183003218708
inplane,STC2,1,0.0
inplane,PLD4,1,0.3485765963792745
inplane,TCIM,1,0.0
inplane,AMY2A,1,0.9999803955206018
outplane,SLAMF7,1,0.9713309527891166
outplane,PMP22,1,0.20362355875089633
outplane,AMY2A,1,0.9999792393496849
outplane,GATM,1,0.9999561527154412
ambient,CPA3,1,0.5871704066776856
ambient,COCH,1,0.43315824258934377
outplane,EPCAM,1,0.9984290007949942
outplane,MET,1,0.11845700111997104
outplane,ANPEP,1,0.9992693648244593
outplane,MPEG1,1,0.7701278320781701
outplane,AMY2A,1,0.999951236108175
ambient,RIDA,1,0.7224282457552933
ambient,KCNK3,1,0.9337889002757539
inplane,DST,1,0.5508448892837029
inplane,CFTR,1,0.9998771624105166
inplane,AMY2A,4,0.9999781831198437
inplane,GATM,2,0.9999537481111703
outplane,CFB,1,0.8059100050596488
outplane,CFHR3,1,0.0
outplane,CFTR,1,0.999880269514824
outplane,GATM,2,0.99995705107136
ambient,DPEP1,1,0.9788929717529096
ambient,CFTR,1,0.9998752346790263
inplane,ADGRL4,1,0.0
inplane,CFTR,1,0.9998317272877554
inplane,AMY2A,3,0.9999705262677445
inplane,TSPAN19,1,0.375433246794568
outplane,AMY2A,3,0.9999798774006374
outplane,GATM,1,0.9999575425484667
induction,FKBP11,2,0.19797088074613156
induction,AQP3,2,0.031500612960735475
induction,FKBP11,4,0.10743721358434921
induction,AQP3,4,0.017599644191457542
induction,PEBP4,2,0.0036005013594702096
outplane,CFTR,2,0.9998861345680379
outplane,AMY2A,2,0.9999806503474302
outplane,GATM,1,0.9999591974868561
outplane,MDM2,1,0.6163222971895725
outplane,CFTR,1,0.9998532011794136
outplane,LIF,1,0.9901124972372061
outplane,PROX1,1,0.8564306155293785
outplane,NPDC1,1,0.0
outplane,AMY2A,1,0.999953474201893
outplane,GATM,1,0.9998953579788392
outplane,DIRAS3,1,0.848005150883303
inplane,APOLD1,1,0.0
inplane,MDM2,1,0.7145563697003549
inplane,CFTR,1,0.9998009826496617
inplane,FXYD2,1,0.9704465553753947
outplane,KCNMA1,1,0.48813868380891845
outplane,AMY2A,1,0.9999757246445513
outplane,GATM,2,0.9999482085616864
outplane,CRISPLD2,1,0.31186211051347457
outplane,SFRP4,1,0.05082356692940715
outplane,AMY2A,1,0.9999788713889882
outplane,GATM,1,0.9999553389516573
inplane,SMYD2,1,0.7712460467558742
inplane,KLK11,1,0.995189212300664
inplane,AMY2A,2,0.9999666292302294
inplane,GATM,1,0.9999271162289631
induction,FKBP11,3,0.10484793978309226
induction,AQP3,4,0.01392719721625868
induction,PEBP4,3,0.003648449884489313
outplane,AMY2A,3,0.9999538676328212
outplane,GATM,1,0.9998961609435927
inplane,CFTR,2,0.9998718146103784
inplane,PLCG2,2,0.0
inplane,SFRP2,1,0.9986421194981482
inplane,ACTA2,1,2.932876164152276e-12
inplane,KCNMA1,1,0.44055905323732625
inplane,GATM,1,0.9999554117256418
ambient,AMY2A,1,0.9999776601367761
ambient,HAMP,1,0.8317931774043759
induction,FKBP11,1,0.0992653493683332
induction,AQP3,4,0.01674352211517882
induction,PEBP4,5,0.003266989715971058
inplane,DST,1,0.3480152378391608
inplane,GATM,2,0.999948102625029
inplane,AQP8,1,0.9997865472279377
induction,FKBP11,2,0.10742206288739675
induction,AQP3,3,0.015043207574635509
induction,PEBP4,5,0.0037404782116513546
ambient,ANPEP,1,0.9996876099983543
ambient,DIRAS3,1,0.911955355341415
ambient,AMY2A,1,0.9999807453007634
ambient,DIRAS3,1,0.9509744705018991
ambient,AMY2A,1,0.9999801068814073
ambient,GLYATL1,1,0.6007600246601483
outplane,DST,1,0.5187822234309627
outplane,EPCAM,1,0.999515444391885
outplane,STC1,1,0.0
outplane,AMY2A,1,0.999979570323807
outplane,FXYD2,1,0.9669105452283275
inplane,GATM,3,0.9999569922781433
inplane,AQP8,1,0.9998238186408215
ambient,CPA3,1,0.7929823268033992
ambient,DIRAS3,1,0.930994110373609
induction,FKBP11,4,0.14484213592615636
induction,AQP3,4,0.020851542134409873
induction,PEBP4,2,0.00526041240215791
ambient,CA4,1,0.8291328947626919
ambient,HAMP,1,0.8840304554327062
outplane,APOLD1,1,0.0
outplane,SOX18,1,0.0
outplane,AMY2A,1,0.9999782492392191
outplane,GATM,1,0.9999540558346428
outplane,LY6D,1,0.10604049815193195
outplane,VCAN,1,0.9993058659692311
outplane,CFHR1,1,0.0
outplane,SFRP2,1,0.9992804729201842
outplane,MYC,2,0.6780948438966842
induction,FKBP11,2,0.10895920341574561
induction,AQP3,3,0.016302660976041605
induction,PEBP4,5,0.0037526956914190057
inplane,CFTR,2,0.9998760988418549
inplane,TFPI,1,0.0
inplane,AMY2A,1,0.999976887299429
outplane,ADGRL4,1,0.0
outplane,MYC,1,0.6975090429525183
outplane,AMY2A,2,0.9999795315784022
ambient,FKBP11,1,0.3317505345891333
ambient,KCNK3,1,0.9621043103031874
ambient,CPA3,1,0.7023741806234989
ambient,KCNK3,1,0.9270171467177879
outplane,CFTR,1,0.9998491568979115
outplane,AMY2A,2,0.9999737426474901
outplane,MLPH,1,0.5600393402121236
induction,FKBP11,3,0.11963121310111835
induction,AQP3,2,0.01751578352412242
induction,PEBP4,3,0.003961768175754887
induction,FKBP11,5,0.1280315645045933
induction,AQP3,1,0.01828789164345046
induction,PEBP4,4,0.004569831106271183
ambient,ANPEP,1,0.9997021873400449
ambient,GLYATL1,1,0.45910276898099966
outplane,EPCAM,1,0.9994478478567569
outplane,ANPEP,1,0.9997008205239145
outplane,CFTR,2,0.9998772491348112
outplane,AMY2A,1,0.9999787429220341
outplane,PROX1,1,0.912015443875936
induction,FKBP11,5,0.10215407199202253
induction,AQP3,4,0.01397835673244352
induction,PEBP4,1,0.0034238400491061194
outplane,CFTR,1,0.9998703772094972
outplane,EHF,1,0.9986711215470272
outplane,AMY2A,3,0.9999769590278622
outplane,C7,1,0.2334887878594225
outplane,FXYD2,1,0.9640907396813494
outplane,PROX1,1,0.8716580904516444
outplane,CFB,2,0.7779312874216857
outplane,SMYD2,1,0.6555356347086083
outplane,CFTR,1,0.9998790000003522
outplane,AMY2A,1,0.9999793856562234
outplane,GATM,1,0.9999565781776001
outplane,DST,1,0.41611904660804844
outplane,AMY2A,1,0.9999799389541792
outplane,GATM,2,0.9999576639214763
induction,FKBP11,5,0.11975633358012339
induction,AQP3,2,0.016777386051231247
induction,PEBP4,3,0.004194590703083367
inplane,TCIM,1,0.0
inplane,MDM2,2,0.4481539432659878
inplane,AMY2A,1,0.999979564867081
inplane,KCNK3,1,0.952591181603724
inplane,GATM,1,0.9999569515917356
outplane,CFB,1,0.8914972387069928
outplane,AMY2A,2,0.9999750609138168
outplane,GCG,1,0.9973707550674611
inplane,APOLD1,1,0.0
inplane,TMC5,1,0.9919411971962108
inplane,MYH11,1,0.9961836778499273
inplane,CFTR,1,0.9998826326997158
inplane,TM4SF18,1,0.0
outplane,CD14,1,0.8144666109763562
outplane,SFRP4,1,0.47437395128540993
outplane,CFTR,1,0.9998074267045515
outplane,ADAMTS1,1,3.0272451212454143e-12
outplane,AGR3,1,0.7879854569122291
ambient,KLK11,1,0.9957498532775548
ambient,CA4,1,0.6916957952734264
inplane,TCIM,1,0.0
inplane,PCOLCE,1,0.08790932672972507
inplane,CFTR,1,0.9997671723245661
inplane,TFPI,1,0.0
inplane,AMY2A,1,0.9999616467317681
inplane,DIRAS3,2,0.8533407773418795
inplane,BASP1,1,0.5813373057478979
inplane,MEST,1,0.8119851629598709
inplane,AMY2A,1,0.9999789088847701
inplane,GATM,1,0.9999554591037231
inplane,AQP8,1,0.9998175923787598
inplane,GLIPR1,2,0.5408941350054269
inplane,CD93,2,0.0
inplane,GATM,2,0.9999231811893711
outplane,AMY2A,3,0.9999348210998297
outplane,GATM,1,0.9998457043215205
ambient,COCH,1,0.7045252278149625
ambient,AQP8,1,0.9997791840019474
ambient,FKBP11,1,0.32497153392911815
ambient,AQP8,1,0.9997382262849831
outplane,AMY2A,1,0.9999787562090269
outplane,PROX1,1,0.9134199586048228
outplane,GATM,2,0.9999549274817569
ambient,KLK11,1,0.9969369887808196
ambient,PROX1,1,0.8518784483852164
outplane,AMY2A,2,0.9999793752637438
outplane,AQP8,2,0.9998220120767262
ambient,CA4,1,0.7884825918504804
ambient,PEBP4,1,0.014149228344813691
ambient,CA4,1,0.8283059421352731
ambient,KCNK3,1,0.9635601733928721
ambient,COCH,1,0.7484231232390333
ambient,GATM,1,0.9999568784351088
outplane,AMY2A,1,0.9999772555071741
outplane,SCGN,1,0.990610406380702
outplane,GATM,1,0.9999515924078607
outplane,AQP8,1,0.999800655097559
induction,FKBP11,4,0.13518114060216646
induction,AQP3,2,0.01994463177856831
induction,PEBP4,4,0.0047413135637157655
inplane,AMY2A,1,0.9999735539576363
inplane,CPA3,1,0.7543672174264474
inplane,GATM,2,0.9999433370023578
ambient,ANPEP,1,0.9996653509523178
ambient,UMOD,1,0.8435923935879509
outplane,AMY2A,2,0.9999768356496311
outplane,GATM,2,0.9999507843549172
outplane,AQP8,2,0.999797580424211
induction,FKBP11,3,0.10530391683089646
induction,AQP3,4,0.015602987168760185
induction,PEBP4,3,0.0036119688977626074
ambient,DPEP1,1,0.9770090878698576
ambient,CFTR,1,0.9998842427618143
outplane,AMY2A,3,0.9999736734894585
outplane,KCNK3,1,0.9506229367401088
ambient,HAMP,1,0.7264792589055602
ambient,PEBP4,1,0.012286891359385321
ambient,CA4,2,0.7275509524414608
induction,FKBP11,2,0.10391264839338743
induction,AQP3,4,0.014964579648512055
induction,PEBP4,4,0.0035074054687991296
inplane,CD247,1,0.5775380637444004
inplane,AMY2A,1,0.9999792733213285
inplane,GATM,2,0.9999561665373646
ambient,UMOD,1,0.8815034700096789
ambient,HAMP,1,0.8766735612473346
inplane,PECAM1,1,0.0
inplane,FAS,1,0.3033587550559671
inplane,DST,1,0.4560877140550692
inplane,AMY2A,1,0.9999804303935527
induction,FKBP11,2,0.15370516132351408
induction,AQP3,3,0.02403480779314937
induction,PEBP4,5,0.005602118466021877
induction,FKBP11,2,0.10819895584272066
induction,AQP3,3,0.015516491518522968
induction,PEBP4,5,0.0037163632238138566
outplane,SFRP4,1,0.7430624573196932
outplane,TM4SF18,1,0.0
outplane,AMY2A,2,0.9999757484584983
induction,FKBP11,4,0.10920184498999941
induction,AQP3,1,0.015173604269832275
induction,PEBP4,5,0.0037851842446154915
inplane,CFTR,1,0.9998664132865988
inplane,AMY2A,2,0.9999772207766457
inplane,GATM,1,0.999951494829988
inplane,AQP8,1,0.9998001832160748
ambient,AQP3,2,0.053243104878869074
inplane,MMRN2,1,0.0
inplane,CFHR3,1,0.0
inplane,CFTR,2,0.9998317519139366
inplane,CDK1,1,0.23772455057241149
outplane,ANPEP,1,0.9996995274095724
outplane,AMY2A,2,0.9999787363714574
outplane,GATM,1,0.9999549479867836
inplane,MET,1,0.3121968618276969
inplane,AMY2A,4,0.9999796793995563
induction,FKBP11,2,0.1461984518155588
induction,AQP3,3,0.021254106926812955
induction,PEBP4,5,0.005344466067160214
ambient,CPA3,1,0.8562420140913007
ambient,DIRAS3,1,0.951614647081195
inplane,LAMP3,1,0.7196100496737892
inplane,CLEC14A,1,0.0
inplane,GATM,1,0.9999427106711319
inplane,AQP8,1,0.9997629785598361
outplane,C1orf194,1,0.5929895483645534
outplane,AMY2A,2,0.9999786115608428
outplane,GATM,1,0.9999546549934738
ambient,PEBP4,1,0.01567776786334285
ambient,GLYATL1,1,0.5544080895922288
