cls,gene,n,removal_prob
inplane,PPP1R1B,1,0.9675201979048365
inplane,AMY2A,2,0.9999736365954929
inplane,GATM,1,0.9999434911021752
inplane,FKBP11,1,0.9692474384160916
inplane,RIDA,1,0.9242818119459848
inplane,AMY2A,2,0.9999788406072999
ambient,FKBP11,1,0.9511296906032255
ambient,DIRAS3,1,0.9526565048460011
induction,CFTR,7,0.9998520203198978
induction,KLK11,3,0.2480887586319508
outplane,CLEC10A,1,0.38703660244778115
outplane,CFB,1,0.9194918796484445
outplane,AMY2A,3,0.9999722253938147
induction,ANPEP,4,0.9997478772959991
induction,CFTR,2,0.9998873737081737
induction,KLK11,4,0.1408758522236635
inplane,AMY2A,3,0.9999785638237312
inplane,GATM,2,0.9999546210351039
inplane,FGL2,1,0.7755119252876347
inplane,CXCR4,1,0.4515874916060586
inplane,ANPEP,1,0.9997615995714028
inplane,GATM,1,0.9999610483746523
outplane,CYP2A7,1,0.8029269166256932
outplane,CFTR,2,0.9998872611119888
outplane,AMY2A,1,0.9999804290329456
inplane,CFB,1,0.8116811451504863
inplane,MDM2,1,0.5622994043637091
inplane,EPCAM,1,0.9993273469990274
inplane,AMY2A,1,0.9999797615183148
induction,ANPEP,3,0.9997603177564992
induction,CFTR,3,0.9998945837989001
induction,KLK11,4,0.14853590901676406
inplane,DST,1,0.6446923595906084
inplane,CFTR,1,0.9998705493416947
inplane,PROX1,1,0.9313523912358092
inplane,GATM,1,0.9999506686878573
ambient,FKBP11,2,0.9647325696897152
ambient,KCNK3,1,0.9859945483422945
ambient,GLYATL1,1,0.7627884970439317
inplane,AMY2A,3,0.9999813574871959
inplane,GATM,1,0.999960688260038
inplane,CFTR,1,0.9998875260277077
inplane,AMY2A,2,0.9999781734036864
inplane,AQP8,1,0.9998097891818533
induction,ANPEP,1,0.9996751213562988
induction,CFTR,6,0.9998695129217605
induction,KLK11,3,0.20835079827815806
induction,ANPEP,3,0.9996360468332671
induction,CFTR,4,0.9998425254447775
induction,KLK11,3,0.2737830341645139
outplane,AMY2A,4,0.999980708570611
outplane,APOA5,1,0.4931302998112933
outplane,GATM,2,0.9999593112099319
outplane,INS,1,0.9974922130097518
induction,ANPEP,4,0.9996978402183111
induction,CFTR,3,0.9998700573922551
induction,KLK11,3,0.22368724966036202
induction,ANPEP,5,0.9997517232831182
induction,CFTR,3,0.999890811713621
induction,KLK11,2,0.2525186945282597
inplane,GPRC5A,1,0.9893548296442247
inplane,SLC4A1,1,0.27334065892484305
inplane,AMY2A,2,0.9999813423199393
ambient,CFTR,1,0.9998897261468608
ambient,UMOD,1,0.9240043469568069
outplane,TMC5,1,0.9931654192124243
outplane,CFTR,2,0.999891311328292
outplane,AMY2A,1,0.9999805673810391
ambient,GATM,1,0.9999620330597668
ambient,AQP3,1,0.9439485344690788
induction,ANPEP,1,0.999709322011112
induction,CFTR,1,0.999880455608415
induction,KLK11,8,0.09696171005583842
induction,ANPEP,4,0.9995624363844184
induction,CFTR,4,0.9998093792777116
induction,KLK11,2,0.2879691301072541
induction,ANPEP,5,0.99976420772665
induction,CFTR,4,0.9998960904862776
induction,KLK11,1,0.3139838582614689
inplane,VWA5A,1,0.8743208678122779
inplane,CFTR,2,0.9998932519341963
inplane,AMY2A,1,0.9999810535959924
inplane,AQP8,1,0.9998364886549213
inplane,CFB,1,0.9540439559515097
inplane,MYC,1,0.8610465446319915
inplane,AMY2A,3,0.9999769360800845
inplane,GATM,1,0.999950448272484
ambient,KLK11,1,0.37607456153824015
ambient,COCH,1,0.8766447615770178
ambient,AMY2A,1,0.9999791511082424
ambient,GLYATL1,1,0.7347286318603029
inplane,CFTR,1,0.9998776054180839
inplane,EDNRB,1,0.0
inplane,GATM,2,0.9999533502169479
induction,ANPEP,4,0.9997506480394287
induction,CFTR,2,0.9998931929451799
induction,KLK11,4,0.18982612857039416
inplane,CFTR,1,0.9998572364485941
inplane,AMY2A,2,0.999974469350574
inplane,GATM,1,0.9999455846656925
outplane,MYC,1,0.8719253792892313
outplane,AMY2A,1,0.9999760659298774
outplane,GATM,1,0.9999486282260049
outplane,AQP8,1,0.9997871513425752
outplane,PMP22,1,0.25703108203248914
outplane,CFTR,1,0.9998739953053096
outplane,AMY2A,1,0.9999775244991069
outplane,ELF5,1,0.3324456784479207
ambient,PROX1,2,0.9449774340996272
outplane,APCDD1,1,0.42068417209531384
outplane,DST,2,0.6533474576584049
outplane,PROX1,1,0.9505085690902056
inplane,GHRL,1,0.9664704786453309
inplane,EHF,1,0.9986596325958662
inplane,PLCG2,1,0.0
inplane,AMY2A,1,0.9999755344682336
induction,ANPEP,4,0.999726115101568
induction,CFTR,2,0.9998878917393789
induction,KLK11,4,0.14498000036224423
ambient,KCNK3,2,0.9656106730112008
outplane,CFTR,1,0.9998755327696267
outplane,AMY2A,3,0.9999768911724525
outplane,AQP8,1,0.9997984297458222
outplane,CD163,1,0.9918520264493713
outplane,CFTR,2,0.9998849212262417
outplane,AMY2A,3,0.9999790377424105
inplane,AMY2A,2,0.9999785461440829
inplane,GATM,2,0.9999542594772025
outplane,ANPEP,2,0.9997449546685018
outplane,GATM,2,0.9999579960592772
outplane,PECAM1,1,0.0
outplane,TBX3,1,0.021125710070460935
outplane,GATM,2,0.9999593384994528
inplane,TCIM,1,0.0
inplane,SMYD2,1,0.8418681564125465
inplane,AMY2A,2,0.9999787506275404
inplane,GATM,1,0.9999549735107768
outplane,CFB,1,0.903803562775941
outplane,CFTR,1,0.999882251282573
outplane,GPC3,1,0.8722984140050454
outplane,GATM,1,0.9999554790898505
inplane,MET,1,0.6123718836459284
inplane,AMY2A,3,0.9999809210010756
inplane,GATM,1,0.9999597829089075
ambient,PROX1,1,0.9549932524618533
ambient,AQP3,1,0.9493589736673589
outplane,KLK11,1,0.2881355382568277
outplane,AMY2A,3,0.9999798100129812
outplane,KCNK3,1,0.9846300752187391
inplane,VWA5A,1,0.8484347072227508
inplane,ACTG2,1,0.5695647057779565
inplane,HAVCR2,2,0.6291697713444864
inplane,TFPI,1,0.0
inplane,AMY2A,1,0.9999790056323152
inplane,CXCL6,1,0.9985518062463435
inplane,SFRP4,1,0.6805025098278648
inplane,EHF,1,0.9986234793115482
inplane,AMY2A,2,0.9999474885261526
inplane,GATM,1,0.9998791529776065
induction,ANPEP,2,0.9997601930475007
induction,CFTR,3,0.9998943413722733
induction,KLK11,5,0.15527176529035136
ambient,KCNK3,1,0.9710371985133057
ambient,HAMP,1,0.9023051962255846
ambient,PROX1,1,0.9397351440478956
ambient,AQP8,1,0.9998152624257893
ambient,CA4,1,0.8796876250673246
ambient,AQP8,1,0.9998136303965697
ambient,KLK11,1,0.3033744124288823
ambient,HAMP,1,0.9515947430508143
induction,ANPEP,2,0.9996226646706873
induction,CFTR,5,0.9998392532461494
induction,KLK11,3,0.26606490105128633
induction,ANPEP,4,0.9996463418995352
induction,CFTR,4,0.9998472502881466
induction,KLK11,2,0.26379278867968636
outplane,IRF8,1,0.6021217706000026
outplane,PRDM1,1,0.25644982149252304
outplane,GHRL,1,0.9690486686434174
outplane,AMY2A,3,0.999963073599934
outplane,AMY2A,3,0.9999807579366861
outplane,GATM,1,0.9999593638617671
outplane,CFTR,1,0.9998668692395137
outplane,AMY2A,2,0.9999762273778352
outplane,GATM,1,0.9999493784652491
outplane,MDM2,1,0.9263886935123669
outplane,CFTR,1,0.9998874346529968
outplane,C1orf162,1,0.8474344345585794
outplane,AMY2A,3,0.9999781385956252
inplane,PMP22,1,0.3160257110697452
inplane,AMY2A,2,0.9999818727922282
inplane,GATM,1,0.9999618622970646
ambient,CFTR,1,0.9998538058498017
ambient,PEBP4,1,0.631748767502542
induction,ANPEP,4,0.999765723402981
induction,CFTR,5,0.9998956423342712
induction,KLK11,1,0.2988066868149518
ambient,KLK11,1,0.23404627398561884
ambient,AQP3,1,0.8632437788258568
inplane,CRISPLD2,1,7.375211552584915e-12
inplane,AMY2A,2,0.999979353730006
inplane,GATM,1,0.9999564257944922
outplane,MS4A6A,1,0.6023144711142596
outplane,ADAM28,1,0.774340186909924
outplane,AMY2A,2,0.9999801886283385
outplane,GATM,1,0.9999581270621476
outplane,CRHBP,1,0.1415149378593249
outplane,GATM,3,0.9999443474988513
outplane,AQP8,1,0.9997699886237944
induction,ANPEP,2,0.9994761806615671
induction,CFTR,3,0.9997846111102691
induction,KLK11,3,0.3275152093974013
induction,ANPEP,4,0.9997033006832591
induction,CFTR,1,0.9998725873130743
induction,KLK11,5,0.17884188068372697
inplane,FBN1,1,0.015963418508900262
inplane,MDM2,1,0.7231845123931895
inplane,CYP2A7,1,0.6304304049548448
inplane,AMY2A,4,0.9999711346834305
ambient,CA4,1,0.7554354887265147
ambient,GLYATL1,1,0.4624340238710932
ambient,PROX1,1,0.8587905600723883
ambient,DIRAS3,1,0.922678979016787
ambient,UMOD,1,0.9382308374403914
ambient,GATM,1,0.9999537862020758
ambient,FKBP11,1,0.9794066989095315
ambient,CPA3,1,0.9409465462800901
inplane,ECSCR,1,0.0
inplane,AMY2A,1,0.9999342259031682
inplane,KCNK3,1,0.9691581037621562
inplane,HAMP,1,0.6936628334615782
inplane,GATM,1,0.9998216093216302
induction,ANPEP,5,0.9997579897588655
induction,CFTR,2,0.9998943324768476
induction,KLK11,3,0.19965877442790214
ambient,FKBP11,1,0.9434640385127572
ambient,RIDA,1,0.8799028815102231
ambient,CA4,1,0.8015731690570305
ambient,GLYATL1,1,0.5228704508372077
ambient,CPA3,1,0.8536999632227931
ambient,DIRAS3,1,0.9485342655946779
inplane,MMRN2,1,0.0
inplane,TCIM,1,0.0
inplane,CFTR,1,0.9998847238012919
inplane,GATM,1,0.9999559945164942
outplane,CFTR,1,0.9998817436038263
outplane,SNCA,1,0.405027234708094
outplane,FXYD2,1,0.9774826283982163
outplane,PROX1,1,0.9254141348850398
ambient,CA4,1,0.9512580376923926
ambient,DIRAS3,1,0.9803790185776218
outplane,AMY2A,4,0.9999772536633705
outplane,TCIM,1,0.0
outplane,CLEC14A,1,0.0
outplane,BAMBI,1,0.783428616116578
outplane,AMY2A,1,0.9999780881417499
inplane,MMRN2,2,0.0
inplane,AMY2A,4,0.9999778559141913
induction,ANPEP,3,0.9997343478466614
induction,CFTR,3,0.99988502136145
induction,KLK11,4,0.14548799629213005
inplane,PCNA,1,0.6916641360223267
inplane,CFB,1,0.9427248562928763
inplane,CFTR,1,0.9998976950258907
inplane,ERBB2,1,0.9612322991236275
induction,ANPEP,3,0.9996922203498646
induction,CFTR,5,0.9998679114072073
induction,KLK11,2,0.23857541226501844
ambient,CPA3,1,0.8678480042673552
ambient,AQP8,1,0.9998154617277386
inplane,AMY2A,3,0.9999634108630145
inplane,GATM,1,0.999919557285592
outplane,AMY2A,4,0.999978778108832
ambient,COCH,1,0.8709005457874623
ambient,GATM,1,0.9999439157020227
induction,ANPEP,5,0.9997187732539178
induction,CFTR,4,0.9998838843277721
induction,KLK11,1,0.2877407255811383
outplane,CFTR,1,0.9998739785733437
outplane,AMY2A,1,0.9999771099540938
outplane,CD8A,1,0.5383185354380642
outplane,CXCL6,1,0.9982139002175996
outplane,GATM,2,0.9999511295074903
ambient,ANPEP,1,0.999765505620611
ambient,KLK11,1,0.24852504394219843
inplane,TENT5C,1,0.9976816779582988
inplane,AMY2A,1,0.9999807077507383
inplane,FXYD2,1,0.9787137206025182
inplane,GATM,1,0.9999593072397455
inplane,TCIM,1,0.0
inplane,MYC,1,0.6817991034189542
inplane,CFTR,1,0.9998705038632812
inplane,AMY2A,2,0.9999759742646459
induction,ANPEP,4,0.9997213706849679
induction,CFTR,5,0.9998778686897907
induction,KLK11,1,0.2961836689767552
induction,ANPEP,4,0.9997621193770702
induction,CFTR,3,0.9998953257260402
induction,KLK11,3,0.1849636853794795
outplane,ANPEP,1,0.9997210416919502
outplane,TENT5C,1,0.9975834549353827
outplane,AMY2A,1,0.9999781667386483
outplane,GATM,2,0.9999534955530025
outplane,AQP8,1,0.9998083838897255
outplane,PDGFRB,1,0.22106741035093003
outplane,ASPN,1,0.3252139991655446
outplane,TBX3,1,0.24240572970223528
outplane,EHF,1,0.9987741636350089
outplane,AMY2A,1,0.9999786905310699
ambient,ANPEP,1,0.9996812775617767
ambient,CA4,1,0.8364868749767522
ambient,PROX1,1,0.8951622528766041
ambient,AQP3,1,0.8915465304646633
outplane,MYH11,1,0.996149694675956
outplane,AMY2A,2,0.9999803458939811
outplane,GATM,2,0.9999584713825049
induction,ANPEP,5,0.9997492396391231
induction,CFTR,1,0.9998897174171734
induction,KLK11,4,0.1334379361404382
ambient,UMOD,1,0.9248679195626732
ambient,AQP8,1,0.9998192347466354
inplane,AMY2A,2,0.9999803212055327
inplane,HAMP,1,0.9084460261464001
inplane,GATM,1,0.9999585491420496
outplane,MYC,1,0.8198872922925388
outplane,AMY2A,3,0.9999794973239742
inplane,NTN4,1,0.7596376417974539
inplane,TENT5C,1,0.9976101509818538
inplane,AMY2A,1,0.9999802085733945
inplane,GATM,1,0.9999583256107524
outplane,FKBP11,1,0.976433305337351
outplane,EPCAM,1,0.999554730029483
outplane,MET,1,0.7454461600286817
outplane,AMY2A,2,0.9999760117579456
outplane,GATM,1,0.9999481597067285
ambient,PEBP4,1,0.7874848518277423
ambient,GLYATL1,1,0.6714994308524613
outplane,SRPX,1,0.2488990059049585
outplane,AMY2A,2,0.9999806922215178
outplane,GATM,1,0.9999592654680812
outplane,CD3D,1,0.8276202168756028
outplane,AMY2A,2,0.9999727238827173
outplane,GATM,1,0.9999413675828372
induction,ANPEP,3,0.999716338051431
induction,CFTR,4,0.9998842475771451
induction,KLK11,3,0.18446136034990746
inplane,PCNA,1,0.6931020337578373
inplane,AMY2A,2,0.9999770095326549
inplane,AQP8,1,0.9997971612308145
induction,ANPEP,4,0.9997624171461783
induction,CFTR,3,0.9998953587736145
induction,KLK11,3,0.16237949596776635
outplane,CLEC4E,1,0.8245266046523514
outplane,PPP1R1B,1,0.990092873176814
outplane,AMY2A,1,0.9999787357971449
outplane,AQP8,1,0.9998137297354094
inplane,CXCR4,1,0.07126041584628917
inplane,MYC,1,0.4356754732295013
inplane,C1orf162,2,0.5844278290811095
inplane,AMY2A,1,0.9999249619357288
induction,ANPEP,1,0.9997470048997096
induction,CFTR,6,0.999889461174214
induction,KLK11,3,0.18991979072181742
outplane,NTN4,1,0.8984265145210232
outplane,CFB,1,0.9357815521778778
outplane,KCNK3,1,0.9849084247832132
outplane,CXCL2,1,0.7925152876298516
ambient,CFTR,1,0.9998968720994056
ambient,GATM,1,0.9999614314275029
ambient,RIDA,1,0.9011279327788763
ambient,AMY2A,1,0.9999803037249354
outplane,TIMP4,1,0.3874598388583246
outplane,AMY2A,2,0.9999823600087553
outplane,GATM,1,0.999962861117941
outplane,AQP8,1,0.9998482316184837
induction,ANPEP,4,0.99977165708697
induction,CFTR,5,0.9999015222968789
induction,KLK11,1,0.31101836701395436
ambient,UMOD,1,0.9282676665137534
ambient,COCH,1,0.8486492763395241
outplane,AMY2A,3,0.9999831398458252
outplane,CPA3,1,0.9341821385141266
inplane,AMY2A,3,0.9999819693080807
inplane,FXYD2,1,0.984454797171512
inplane,SMYD2,1,0.7828421788650646
inplane,FKBP11,1,0.9459983868806017
inplane,AMY2A,2,0.9999801002630021
inplane,AMY2A,2,0.9999302543784675
inplane,GATM,1,0.9998348846706689
inplane,AQP8,1,0.9992605713187583
outplane,FKBP11,1,0.7937710881790206
outplane,MYC,1,0.46123010924011154
outplane,ANPEP,1,0.9993021126052066
outplane,RND1,1,0.20256834284291358
outplane,AMY2A,2,0.9999342460294657
outplane,GPC3,1,0.5272568681825922
outplane,GATM,1,0.9998442058808571
outplane,SEMA3C,1,0.8168857348400465
outplane,CFTR,1,0.9997302450143527
outplane,AMY2A,3,0.999933796885248
outplane,AMY2A,2,0.9999235044422602
outplane,FXYD2,2,0.9125165378135911
outplane,AMY2A,4,0.9999436133386025
outplane,GATM,1,0.9998703012783173
outplane,FKBP11,1,0.7879397557356949
outplane,CFTR,1,0.9997104037574182
outplane,AMY2A,1,0.9999443119628153
outplane,CPA3,1,0.650808315206207
outplane,GATM,1,0.9998720322465027
ambient,RIDA,1,0.5475350700839117
ambient,COCH,1,0.42772060144728863
inplane,CFTR,2,0.9997048681103926
inplane,TM4SF4,1,0.9931720972715509
inplane,GATM,1,0.9998399220405838
induction,ANPEP,2,0.9992962469017835
induction,CFTR,2,0.9997087496767347
induction,KLK11,2,0.4126550480269978
outplane,PDGFRA,1,0.8410215878458513
outplane,AMY2A,1,0.9999220113341349
outplane,C7,1,0.6347290608589639
outplane,GATM,1,0.9998160608524012
induction,KLK11,4,0.42793557195075715
outplane,AMY2A,4,0.9999360941293826
outplane,AQP8,1,0.9993127557951783
outplane,GCG,1,0.9976285176791301
outplane,SFRP4,1,0.8968969301945673
outplane,CFTR,2,0.9997138905553266
outplane,AMY2A,1,0.9999427813407104
outplane,PROX1,1,0.6267900528687564
induction,ANPEP,1,0.9994298111953607
induction,CFTR,4,0.999752144887181
induction,KLK11,3,0.313421737358466
ambient,FKBP11,1,0.8327987380168099
ambient,COCH,1,0.5628618671189172
inplane,PMP22,1,0.20920683054704903
inplane,MYC,1,0.507289367972285
inplane,AMY2A,4,0.9999629737963273
induction,CFTR,2,0.9997601703789469
induction,KLK11,2,0.5291121036682548
inplane,MDM2,1,0.7699989556854376
inplane,CFTR,1,0.9998005089616646
inplane,AMY2A,1,0.9999454606190356
inplane,GATM,1,0.9998746348056168
outplane,FGL2,1,0.6026356519209406
outplane,PTPRC,1,0.9978226447318957
outplane,AMY2A,2,0.9999425046735027
ambient,CA4,1,0.47837122003701926
ambient,COCH,1,0.4518907288415086
outplane,CFTR,1,0.9998459220475918
outplane,AMY2A,2,0.9999730048247161
outplane,GATM,2,0.9999420731837301
induction,ANPEP,4,0.9997316927147424
induction,CFTR,2,0.9998833555922159
induction,KLK11,4,0.1438167387793874
inplane,KRT7,1,0.9908184240391334
inplane,AMY2A,5,0.9999805815995823
inplane,GATM,1,0.9999589986070654
outplane,TENT5C,1,0.9962488259023053
outplane,AMY2A,4,0.9999639087601248
outplane,AQP8,1,0.9996697858362
ambient,ANPEP,1,0.9995438161275403
ambient,CPA3,1,0.8020944518756338
induction,ANPEP,6,0.9996789764665267
induction,CFTR,2,0.999869127569095
induction,KLK11,2,0.2527342231020383
ambient,KCNK3,1,0.9329196254886527
ambient,PROX1,1,0.8017692139311308
inplane,GDF15,2,0.8637713136163064
inplane,AMY2A,2,0.9999659270733512
inplane,GATM,1,0.9999264150416233
induction,ANPEP,4,0.9997359075510239
induction,CFTR,3,0.9998862872166985
induction,KLK11,3,0.19718760607474517
inplane,AMY2A,1,0.9999808498581209
inplane,KCNK3,1,0.9765449629000603
inplane,GATM,2,0.9999596573977088
induction,ANPEP,3,0.9997109543671513
induction,CFTR,4,0.9998748726225413
induction,KLK11,3,0.1949279195400001
outplane,SMYD2,1,0.7667383387390718
outplane,ANPEP,1,0.9997499861272959
outplane,AMY2A,1,0.9999806169760712
outplane,AQP8,1,0.9998330911335243
induction,ANPEP,4,0.9995749527492659
induction,CFTR,5,0.9998115217334869
induction,KLK11,1,0.35146990476506057
inplane,ANPEP,1,0.9996633143550385
inplane,AMY2A,3,0.9999733396618605
outplane,EPCAM,1,0.9991785258121877
outplane,ANPEP,1,0.9995527784418908
outplane,GPC3,1,0.6043975182143559
outplane,GATM,2,0.9999203219099394
ambient,UMOD,1,0.8654990539458203
ambient,PEBP4,1,0.6483402678081516
induction,ANPEP,2,0.9997332421747709
induction,CFTR,1,0.9998810848390124
induction,KLK11,7,0.0889716715430171
inplane,AMY2A,1,0.9999804734707123
inplane,COCH,1,0.8228000315483479
inplane,GATM,2,0.9999588162210162
induction,ANPEP,4,0.9997375276124282
induction,CFTR,3,0.9998840687003884
induction,KLK11,3,0.17713065104068604
inplane,AMY2A,2,0.9999742608224091
inplane,EGFR,1,0.8511050574556365
inplane,GATM,2,0.9999448919500683
inplane,AQP8,1,0.9997720890047664
inplane,AMY2A,5,0.9999760785614202
inplane,KCNK3,1,0.9565041793870107
inplane,ANPEP,1,0.9996326049010413
inplane,ADAM28,1,0.8266008851935762
inplane,AMY2A,3,0.9999706643941443
inplane,GPC3,1,0.8525071883200148
inplane,GATM,1,0.9999366510863804
inplane,TCIM,1,0.0
inplane,CYTIP,1,0.9023749382763435
inplane,AMY2A,3,0.9999590195594159
inplane,GATM,1,0.99990968357442
ambient,DPEP1,1,0.943813778062442
ambient,HAMP,1,0.7587334788626972
ambient,ANPEP,1,0.999699339236224
ambient,PEBP4,1,0.6358941618203192
ambient,DPEP1,1,0.9678834424420886
ambient,AQP3,1,0.85075986734457
ambient,RIDA,1,0.8339466714223329
ambient,UMOD,1,0.8866582389415258
ambient,HAMP,1,0.8410048298807531
ambient,GATM,1,0.999943568791775
ambient,HAMP,1,0.841987627002658
ambient,AQP3,1,0.8130215360895118
inplane,TENT5C,1,0.9978264591666112
inplane,AMY2A,2,0.9999792898552053
inplane,GATM,1,0.9999560344848961
ambient,KLK11,1,0.19553644892133493
ambient,AQP3,1,0.8600484780190638
outplane,CD79A,1,0.9727839204255384
outplane,AMY2A,3,0.9999694886247352
outplane,GATM,1,0.9999340492984023
outplane,AQP8,1,0.9997253457065659
outplane,APOLD1,1,0.0
outplane,CFTR,1,0.9998400960037838
outplane,AMY2A,2,0.9999642403835095
inplane,IGF1,1,0.5762967639023113
inplane,AMY2A,2,0.9999612981452346
inplane,GATM,2,0.9999098554320236
inplane,CD1C,1,0.9282198631017948
inplane,AMY2A,1,0.9999747455918117
inplane,GATM,3,0.9999459269505582
induction,ANPEP,5,0.9997315063381184
induction,CFTR,3,0.9998803450197555
induction,KLK11,2,0.19564517066280918
inplane,NTN4,1,0.8804046514042605
inplane,CFTR,1,0.9998708092603669
inplane,AMY2A,2,0.9999741451829424
induction,ANPEP,5,0.9996111501891475
induction,CFTR,1,0.9998430446692672
induction,KLK11,4,0.1899798219343627
inplane,EDN1,1,0.21395885807033288
inplane,ANPEP,1,0.9997376593559909
inplane,AMY2A,1,0.999979589638934
inplane,INS,1,0.9974806010658297
ambient,RIDA,1,0.7764608564871278
ambient,PROX1,1,0.8299262519283638
outplane,FKBP11,1,0.8326464089877755
outplane,SERPINB9,1,0.18509873459251014
outplane,TENT5C,1,0.9960434245611394
outplane,AMY2A,1,0.9999649785856097
ambient,HAMP,1,0.8371087095696554
ambient,COCH,1,0.6790995839402207
induction,ANPEP,2,0.9997058641060431
induction,CFTR,3,0.9998726159671342
induction,KLK11,5,0.14147979922614473
outplane,CD163,1,0.9963308881802753
outplane,CD1E,1,0.7121679958842242
outplane,AMY2A,4,0.999971367360766
ambient,CA4,1,0.809359281798149
ambient,AMY2A,1,0.9999441966737137
ambient,UMOD,1,0.8944728750345938
ambient,AMY2A,1,0.9999735293288947
induction,ANPEP,3,0.9992054416876791
induction,KLK11,1,0.5748366859659744
outplane,CD163,1,0.9919347411422039
outplane,CFTR,1,0.9997646313379256
outplane,CLIC6,1,0.7487810853121308
outplane,AMY2A,1,0.9999444582359153
inplane,FSTL3,1,0.7668617758733414
inplane,PROX1,1,0.7497862360620267
inplane,CYP1A1,1,0.04444416170873344
inplane,DIRAS3,1,0.8376905621464594
outplane,AMY2A,3,0.9999792847096767
outplane,GATM,2,0.9999563714052458
induction,ANPEP,4,0.9997376699018632
induction,CFTR,4,0.999887660548769
induction,KLK11,2,0.21014467716018803
inplane,ANPEP,1,0.9996140924609669
inplane,AMY2A,1,0.9999679779261595
inplane,PROX1,1,0.840834610980227
inplane,GATM,1,0.999930965760991
ambient,GATM,1,0.9999310301032777
ambient,AQP3,1,0.8002648477122789
outplane,MYH11,2,0.9961815471418871
outplane,MET,1,0.2473845739715318
outplane,AMY2A,1,0.9999705555104783
induction,ANPEP,4,0.999660210286618
induction,CFTR,3,0.9998498020303012
induction,KLK11,3,0.1933733791518667
inplane,FCGR1A,1,0.5100577845281729
inplane,TCIM,1,0.0
inplane,ACTG2,1,0.3507507318042977
inplane,AMY2A,1,0.9999687145483862
inplane,FKBP11,1,0.8705169317279315
inplane,CFTR,2,0.9998241672400603
inplane,TRAC,1,0.5529639076665688
inplane,AMY2A,1,0.9999681854222785
inplane,SMYD2,1,0.634829157097955
inplane,AMY2A,3,0.9999753460177067
inplane,GATM,1,0.999947551191944
inplane,PPP1R1B,1,0.988074531583968
inplane,DPEP1,1,0.9852738933901881
inplane,CFTR,2,0.9998814117403421
inplane,AMY2A,2,0.9999765798063638
inplane,SMYD2,1,0.6702649046772757
inplane,AMY2A,3,0.999979158523046
inplane,AQP8,1,0.9998201777403682
ambient,DPEP1,1,0.9838052875677201
ambient,UMOD,1,0.9208185004131315
inplane,GATM,2,0.9999581246703777
inplane,AQP8,3,0.9998286737488723
induction,ANPEP,3,0.9997338242730375
induction,CFTR,4,0.999885862774303
induction,KLK11,3,0.1679490475128469
outplane,AMY2A,2,0.9999794049927326
outplane,GATM,1,0.9999564978582794
outplane,AQP8,1,0.9998218198821688
induction,ANPEP,4,0.9997634302073125
induction,CFTR,5,0.9998959778852539
induction,KLK11,1,0.2429362191062664
inplane,CFTR,2,0.9998626471264594
inplane,AMY2A,2,0.9999743028222429
inplane,GATM,1,0.9999448490760688
inplane,CFTR,1,0.9998424253497281
inplane,EHF,1,0.998268284258727
inplane,AMY2A,3,0.999970835695105
inplane,EPCAM,1,0.9993008872939005
inplane,AMY2A,2,0.9999708600075666
inplane,GATM,1,0.9999370469601234
outplane,EHF,1,0.9986237486549877
outplane,AMY2A,1,0.9999807082231446
outplane,GATM,1,0.9999593283348318
outplane,AQP8,1,0.9998336370596953
outplane,BASP1,1,0.05061474708695546
outplane,TCIM,1,0.0
outplane,AMY2A,1,0.999977579289032
outplane,FXYD2,1,0.9581125334158793
outplane,APCDD1,1,0.18417022684265172
outplane,CFTR,1,0.9998763201701227
outplane,AMY2A,1,0.9999785494405466
outplane,GATM,1,0.9999547515936676
inplane,FBLN1,1,0.8596117678220097
inplane,FSTL3,1,0.830720766899196
inplane,STC1,1,0.0
inplane,MALL,1,0.05554438740754841
inplane,AMY2A,2,0.9999654201970815
inplane,ESR1,1,0.8064326589322395
inplane,MDM2,1,0.5605976452834784
inplane,CFTR,1,0.9998898269840586
inplane,TFPI,1,0.0
inplane,AMY2A,1,0.9999805234291791
induction,ANPEP,4,0.9997546550662705
induction,CFTR,5,0.9998934320256845
induction,KLK11,1,0.23119054730555988
ambient,FKBP11,1,0.9140739768120107
ambient,CFTR,1,0.9998647181661736
induction,ANPEP,3,0.999630987726969
induction,CFTR,5,0.9998398778022726
induction,KLK11,2,0.2467890447649047
induction,ANPEP,1,0.9997397769015538
induction,CFTR,2,0.9998856652682178
induction,KLK11,7,0.0897432236240604
ambient,KCNK3,1,0.9388425413665906
ambient,AQP3,1,0.8039189153172016
outplane,SMYD2,1,0.7553848644365255
outplane,FKBP11,1,0.939369411813496
outplane,CFTR,1,0.9998858092324827
outplane,AMY2A,1,0.9999798293702924
outplane,PROX1,1,0.8945481354808674
inplane,CFTR,1,0.9998782202876009
inplane,AMY2A,2,0.9999788941713957
inplane,EGFR,1,0.7574542591677469
induction,ANPEP,3,0.999568496391114
induction,CFTR,1,0.9998083532363148
induction,KLK11,6,0.1567168172571467
induction,ANPEP,3,0.9997096064604323
induction,CFTR,5,0.9998768769933774
induction,KLK11,2,0.2043879664829762
inplane,FSTL3,1,0.7658374301519839
inplane,DST,1,0.444026003463602
inplane,STC1,1,0.0
inplane,CFTR,2,0.9998831458736529
inplane,APCDD1,1,0.1974909445769797
inplane,VCAN,1,0.9992972275788097
inplane,ASPN,1,0.20709945687249043
inplane,AMY2A,1,0.9999795638535892
ambient,CPA3,1,0.8112564903725712
ambient,PROX1,1,0.8763782989138426
outplane,MDM2,1,0.5084538769137114
outplane,ANPEP,1,0.999534066196289
outplane,KRT7,2,0.9899063486119009
outplane,SPI1,1,0.6731851079019092
inplane,C15orf48,1,0.9932230087346062
inplane,KCNMA1,1,0.46787264389683725
inplane,AMY2A,1,0.99997553274519
inplane,GZMA,1,0.5850005495260866
induction,ANPEP,4,0.9997001108362562
induction,CFTR,3,0.9998675927080165
induction,KLK11,3,0.18662788315463774
induction,ANPEP,4,0.9997202413440408
induction,CFTR,4,0.9998797222672524
induction,KLK11,2,0.2142697975091169
ambient,KLK11,1,0.23942419347458666
ambient,DIRAS3,1,0.9081646343059265
ambient,DPEP1,1,0.9648667335881997
ambient,COCH,1,0.6787487971726096
outplane,ASPN,1,0.08980754896423493
outplane,CFB,1,0.6396411940477242
outplane,AMY2A,2,0.999972862179571
outplane,SRPX,1,0.31640345066907605
outplane,PLA2G7,1,0.9911527157434782
outplane,IGSF6,1,0.5816443516760098
outplane,AMY2A,2,0.9999784957623321
outplane,PROX1,1,0.8718182403497541
outplane,ANPEP,1,0.9997518105147221
outplane,AMY2A,1,0.9999807320643601
outplane,GATM,2,0.9999593513028264
inplane,TFPI,1,0.0
inplane,AMY2A,2,0.9999807624966597
inplane,GATM,1,0.9999594256960492
inplane,AQP8,1,0.9998339858652534
induction,ANPEP,7,0.9995793392554467
induction,CFTR,1,0.9998203861556872
induction,KLK11,2,0.27740157259868714
outplane,UMOD,1,0.7403866053138725
outplane,HLA-DQB2,1,0.15674591563328677
outplane,C1orf162,1,0.39621262339606
outplane,CLIC6,1,0.6761357569321638
outplane,CXCL2,1,0.2825273665711914
outplane,GATM,1,0.9998912665942632
ambient,DIRAS3,1,0.9499512423454965
ambient,PEBP4,1,0.7442724615760827
ambient,UMOD,1,0.9012178140698986
ambient,CPA3,1,0.8426977998730338
induction,ANPEP,4,0.9997281501411518
induction,CFTR,1,0.9998821052551152
induction,KLK11,5,0.11969546026008615
induction,ANPEP,2,0.9995185080886267
induction,CFTR,2,0.9997865921233352
induction,KLK11,6,0.1735466793426993
ambient,CFTR,1,0.9997454938486964
ambient,COCH,1,0.5648480831933955
inplane,PDGFRB,1,0.008511029855237884
inplane,TCF4,1,0.0
inplane,AMY2A,2,0.9999596593940391
inplane,GATM,1,0.9999112505888055
outplane,SMYD2,1,0.5688391418880019
outplane,ALDH1A3,1,0.5702883979512009
outplane,CFTR,1,0.9997344053529785
outplane,PROX1,1,0.7113422753538983
ambient,DPEP1,1,0.8274279235352935
ambient,AMY2A,1,0.9999311638819214
inplane,FBN1,1,0.006688065980818503
inplane,MYC,1,0.5867808956902913
inplane,AMY2A,2,0.999973337152679
inplane,CD14,1,0.43192089980067483
inplane,CD4,2,0.13431860604705592
inplane,CFTR,1,0.9998763170608228
inplane,FXYD2,1,0.959941703341193
induction,ANPEP,3,0.999619087968318
induction,CFTR,2,0.9998319046478547
induction,KLK11,5,0.15667726744260657
inplane,AMY2A,3,0.9999679832647869
inplane,GATM,1,0.9999309479446359
ambient,AMY2A,1,0.9999769181745491
ambient,DIRAS3,1,0.9221582143509882
induction,ANPEP,3,0.999728984516658
induction,CFTR,4,0.9998822257100413
induction,KLK11,3,0.1631300046305899
outplane,CTSK,1,1.1946998945688847e-11
outplane,CFB,1,0.8187350067539791
outplane,MDM2,1,0.5599862795774408
outplane,CFTR,2,0.9998871875605578
outplane,FXYD2,1,0.9703529051531616
ambient,ANPEP,1,0.9997148156189738
ambient,GLYATL1,1,0.5977492236235487
outplane,CCR7,1,0.20357539087510124
outplane,CFTR,1,0.9998852185192729
outplane,AMY2A,1,0.9999793352356345
outplane,HAMP,1,0.9278540631139278
inplane,CA4,1,0.8132603475508664
inplane,AMY2A,2,0.9999778046331221
inplane,FXYD2,1,0.9568251907037811
induction,ANPEP,4,0.9995316432543193
induction,CFTR,3,0.9998005273010334
induction,KLK11,3,0.2417152338276667
ambient,ANPEP,2,0.9996242036641424
induction,ANPEP,4,0.9996615955027954
induction,CFTR,4,0.999855937666358
induction,KLK11,2,0.2317633382454859
outplane,EPCAM,1,0.9992980075420508
outplane,ANPEP,1,0.9996359028298046
outplane,AMY2A,1,0.9999707968893787
outplane,GATM,2,0.9999369401406026
inplane,MYC,1,0.4491791554212715
inplane,PPP1R1A,1,0.9719958315523454
inplane,CFTR,1,0.9996927212829652
inplane,AMY2A,4,0.9999338050307207
inplane,GATM,1,0.9998430749265093
outplane,DST,1,0.4293414802122756
outplane,CFTR,1,0.9998243481734186
outplane,AMY2A,2,0.9999627868582524
outplane,KCNK3,1,0.9047865632946785
inplane,AMY2A,2,0.9999622083814116
inplane,GATM,1,0.9999175164693564
inplane,AQP8,2,0.9996540190597389
induction,ANPEP,2,0.9992343000944639
induction,CFTR,2,0.9996708027456009
ambient,KLK11,1,0.5629270844957897
ambient,GLYATL1,1,0.15852201109604713
outplane,FKBP11,1,0.9499641437216482
outplane,AMY2A,5,0.9999787426007037
inplane,CAVIN1,1,0.02539036545642559
inplane,CD93,1,0.0
inplane,AMY2A,1,0.9999748758042223
inplane,GATM,1,0.9999465516909651
induction,ANPEP,2,0.9996704376861621
induction,CFTR,5,0.9998655582260939
induction,KLK11,3,0.2005913823983998
outplane,SERPINB9,1,0.21562177598298904
outplane,CFTR,2,0.9998369926199085
outplane,CXCL2,1,0.5852422697303976
induction,ANPEP,3,0.999672264741891
induction,CFTR,4,0.9998661707523857
induction,KLK11,3,0.18929632484877867
outplane,FKBP11,1,0.8954402873906463
outplane,CFTR,1,0.999837501065835
outplane,CXCL2,1,0.6272338908650854
outplane,GATM,1,0.9999257881569338
outplane,CFB,1,0.9067069083211817
outplane,MYC,1,0.5838969818207891
outplane,CFTR,1,0.9998380231047366
outplane,AMY2A,1,0.999966066139819
outplane,AQP8,1,0.9996898751122952
outplane,CYP2A7,1,0.4654126147658978
outplane,CA4,1,0.7689005708732679
outplane,AMY2A,3,0.999970034821504
outplane,CYP3A4,1,0.4711447135695782
induction,ANPEP,2,0.999618984946187
induction,CFTR,3,0.999839666732428
induction,KLK11,5,0.16522535546513706
ambient,UMOD,1,0.8366771985244057
ambient,COCH,1,0.7148891800741564
outplane,CFB,1,0.8027488735712155
outplane,TCIM,1,0.0
outplane,PPP1R1B,1,0.9389787275939008
outplane,CFTR,1,0.9997613085241687
outplane,AMY2A,1,0.9999550724913184
outplane,AMY2A,4,0.9999600479088955
outplane,PROX1,1,0.7317124172935621
induction,CFTR,1,0.999814414648228
induction,KLK11,5,0.30579907692442077
inplane,CFTR,2,0.9997532780346786
inplane,TENT5C,1,0.9952002186988713
inplane,EHF,1,0.9979500560443125
inplane,AMY2A,1,0.9999487847565731
inplane,PLD4,1,0.6092717574275548
inplane,FKBP11,1,0.8677054284938543
inplane,DERL3,1,0.5229293818605567
inplane,PROX1,1,0.758025576304721
ambient,UMOD,1,0.8611256931610138
ambient,GLYATL1,1,0.5045196323298449
ambient,CPA3,1,0.5821534131276478
ambient,AQP3,1,0.623117789525713
ambient,KLK11,1,0.3053626320588695
ambient,CPA3,1,0.7064249463979511
ambient,AMY2A,1,0.9999691757359239
ambient,DIRAS3,1,0.9336102853577115
induction,ANPEP,7,0.9997276336433293
induction,KLK11,3,0.16025297057260846
inplane,TCIM,1,0.0
inplane,AMY2A,4,0.9999377212423585
inplane,GATM,1,0.9998527559396718
ambient,AQP8,2,0.9992068306301184
inplane,CFB,2,0.7990611186599501
inplane,PPP1R1B,1,0.9209045207769624
inplane,CFTR,2,0.9996507151062364
outplane,MET,1,0.3144847165662833
outplane,CFTR,1,0.9998691767585284
outplane,AMY2A,2,0.9999757870319368
outplane,GPC3,1,0.7169983063940568
outplane,PROX1,1,0.8147830994186279
ambient,UMOD,1,0.8334970933488928
ambient,KCNK3,1,0.9455626909808279
inplane,NTN4,1,0.7382376790763518
inplane,ANPEP,1,0.999678810077008
inplane,AMY2A,2,0.9999741699215191
inplane,MYC,1,0.5779511767411474
inplane,AMY2A,2,0.9999763728729986
inplane,GATM,2,0.999949939970431
induction,ANPEP,2,0.9996699418977991
induction,CFTR,5,0.9998653472765858
induction,KLK11,3,0.2024039647860748
inplane,ANPEP,1,0.9996930355570652
inplane,AMY2A,3,0.9999761403197672
inplane,PLA2G7,1,0.9874450966582321
inplane,AMY2A,2,0.9999738276943665
inplane,C7,1,0.18744702568177662
ambient,CPA3,1,0.8034585852961782
ambient,COCH,1,0.7495346069237185
outplane,AMY2A,2,0.9999617757185199
outplane,FXYD2,1,0.9112442301631194
outplane,AQP8,1,0.9996457873683525
induction,ANPEP,4,0.999737861588917
induction,CFTR,2,0.9998861666238769
induction,KLK11,4,0.1427080554873652
ambient,KLK11,1,0.20832622404422152
ambient,CA4,1,0.936824330546651
induction,ANPEP,3,0.9997545275341658
induction,CFTR,4,0.9998905828918537
induction,KLK11,3,0.1637680229567402
outplane,PDPN,2,0.7923189865896758
outplane,CTSK,1,0.7030917224263353
outplane,SRPX,1,0.5402983313749029
outplane,DMBT1,1,0.9818972347006728
outplane,TENT5C,1,0.9963993029658319
outplane,AMY2A,3,0.999970465862794
outplane,AMY2A,3,0.9999747408867767
outplane,PROX1,1,0.8451581868986232
outplane,INS,1,0.997628507156803
inplane,KCNMA1,1,0.5712606686129409
inplane,TMC5,1,0.9911727102601369
inplane,AMY2A,1,0.999967939269421
inplane,DIRAS3,1,0.8739991534700717
ambient,ANPEP,1,0.9997004747700149
ambient,COCH,1,0.728474211506289
ambient,UMOD,1,0.9161791895117656
ambient,KCNK3,1,0.9745440465773988
induction,ANPEP,2,0.9997114921918856
induction,CFTR,6,0.9998762516029717
induction,KLK11,2,0.23213478130592957
outplane,ADGRL4,1,0.0
outplane,STC2,1,0.0
outplane,APOLD1,1,0.0
outplane,AMY2A,3,0.9999809353719227
outplane,GATM,1,0.9999598735350383
outplane,SPIB,1,0.8523804728127322
inplane,SFRP2,1,0.9992747759391429
inplane,ASPN,1,0.2763081274845087
inplane,MDM2,1,0.6085969952109451
inplane,AMY2A,1,0.9999769381533712
induction,CFTR,4,0.9997471792015487
induction,KLK11,4,0.27216972728903066
induction,ANPEP,4,0.9995386523462544
induction,CFTR,2,0.9997976109658544
induction,KLK11,4,0.20481741077514004
inplane,MDM2,1,0.535970247060364
inplane,KLRD1,1,0.22869299167448442
inplane,CFTR,1,0.9998878853804937
inplane,AMY2A,1,0.99998018245222
inplane,PROX1,1,0.8769404943904031
ambient,CA4,1,0.7924654846968169
ambient,AQP3,1,0.8418274834572845
ambient,UMOD,1,0.8609242619474038
ambient,GATM,1,0.9999530358357435
outplane,CFB,1,0.887439333900822
outplane,MYC,1,0.6055614190682563
outplane,CFTR,2,0.9998764546581987
inplane,TCIM,1,0.0
inplane,AMY2A,3,0.9999771844263702
inplane,MYBPC1,1,0.3274199430141982
outplane,C15orf48,1,0.9948449669606626
outplane,CFTR,1,0.9998688881091051
outplane,AMY2A,2,0.9999761464475997
inplane,TENT5C,1,0.9976462870695069
inplane,AMY2A,1,0.999980557111692
inplane,GPC3,1,0.8151370930763362
inplane,GATM,1,0.9999590363784266
ambient,AQP8,1,0.9996998281732374
ambient,PEBP4,1,0.6599139260962822
induction,ANPEP,3,0.9996935288483951
induction,CFTR,3,0.9998628901352754
induction,KLK11,4,0.15367152265709028
outplane,CFTR,1,0.9998677742784327
outplane,FXYD2,1,0.9488172305572887
outplane,PROX1,2,0.8308215972130935
outplane,NTN4,1,0.7830869526282207
outplane,AMY2A,3,0.9999736436633809
ambient,HAMP,1,0.8615343208188249
ambient,DIRAS3,1,0.9279086948097813
inplane,FSTL3,1,0.8754105802864602
inplane,CRISPLD2,1,0.17852940864680367
inplane,MDM2,1,0.6062940075477834
inplane,ALDH1A3,1,0.5353053757368221
inplane,CFTR,2,0.9998502566876452
inplane,CXCL6,1,0.9990957185627456
ambient,RIDA,1,0.5631562571581826
ambient,GLYATL1,1,0.2527592163328416
outplane,CFTR,1,0.9998071654839789
outplane,AMY2A,2,0.9999658584097134
outplane,FXYD2,1,0.9093557570111075
outplane,GATM,1,0.9999253951992768
outplane,PECAM1,1,0.0
outplane,GATA2,1,0.0
outplane,AMY2A,1,0.9999434285499179
outplane,GATM,1,0.9998697592735692
ambient,COCH,1,0.6613712123554216
ambient,PROX1,1,0.8034102766901065
inplane,TCIM,1,0.0
inplane,FKBP11,1,0.9046384911612342
inplane,KLK11,1,0.266647666172919
inplane,AMY2A,1,0.9999757746554336
inplane,AQP8,1,0.9997885379509448
outplane,SEMA3C,1,0.8986118810583955
outplane,ANPEP,1,0.9997114351839321
outplane,EHF,1,0.9984139020715942
outplane,AMY2A,1,0.9999774358066381
inplane,STC2,1,0.0
inplane,TCIM,1,0.0
inplane,C15orf48,1,0.9921876415983768
inplane,AMY2A,1,0.9999321878195202
inplane,FKBP11,1,0.9139875437718066
inplane,AMY2A,2,0.9999694846064212
inplane,GATM,1,0.9999340304386277
inplane,AQP8,1,0.9997252358855734
ambient,KLK11,1,0.4171556900993183
ambient,HAMP,1,0.6615676456760571
inplane,DPEP1,1,0.895240278661825
inplane,AMY2A,3,0.9999310997659311
outplane,CFTR,1,0.9998841988366406
outplane,BAMBI,1,0.5602088641507785
outplane,AMY2A,1,0.9999798967439683
outplane,CD1A,1,0.16144901895618657
outplane,AQP8,1,0.9998259968761721
inplane,AMY2A,3,0.9999755350105669
inplane,DIRAS3,1,0.9247873327331397
induction,ANPEP,4,0.9996958861954217
induction,CFTR,4,0.9998658689987042
induction,KLK11,2,0.2135585837416094
inplane,CFTR,2,0.9998894969042821
inplane,AMY2A,3,0.9999798115403519
outplane,HAMP,1,0.894147370220094
outplane,GATM,2,0.9999571583456058
outplane,AQP8,1,0.9998245096116842
ambient,GATM,1,0.9999568694216662
ambient,DIRAS3,1,0.940175417389063
ambient,PEBP4,2,0.6396816281383907
induction,ANPEP,2,0.9993441768685795
induction,CFTR,3,0.9996928716365775
induction,KLK11,1,0.4775311168209224
ambient,CFTR,1,0.9998903023553702
ambient,AQP8,1,0.9998299481963153
ambient,GATM,1,0.9999591373034966
ambient,GLYATL1,1,0.5825819006756612
inplane,FBLN1,1,0.3762243974049181
inplane,ANPEP,1,0.9996825176231825
inplane,AMY2A,1,0.9999750261679013
inplane,KCNK3,1,0.9521540914730783
outplane,CFTR,1,0.9998642847468533
outplane,AMY2A,3,0.9999763662036211
outplane,GATM,1,0.999949806193401
ambient,CFTR,1,0.9998846931408503
ambient,KCNK3,1,0.9648931065134295
induction,ANPEP,2,0.999722635056034
induction,CFTR,5,0.999879723165325
induction,KLK11,3,0.1819805969884103
induction,ANPEP,2,0.9996724205445353
induction,CFTR,4,0.9998511519270722
induction,KLK11,4,0.15856763847212918
induction,ANPEP,3,0.999637495793336
induction,CFTR,4,0.9998446367287176
induction,KLK11,3,0.1938923331320932
outplane,MYLK,1,0.01273116845405231
outplane,CA4,1,0.8490817084287319
outplane,AMY2A,1,0.9999804116040896
outplane,GATM,1,0.9999587329835139
outplane,AQP8,1,0.9998312887829628
ambient,KLK11,1,0.24300422886322415
ambient,AMY2A,1,0.9999779226402415
outplane,RIDA,1,0.878971361769359
outplane,AMY2A,3,0.9999760818777423
outplane,GPC1,1,0.6082647479089209
outplane,CD93,2,0.0
outplane,CXCL6,2,0.9960696986893633
induction,ANPEP,6,0.9997142548653194
induction,CFTR,1,0.9998717605036745
induction,KLK11,3,0.1740644925763768
induction,ANPEP,2,0.9997308566162294
induction,CFTR,3,0.9998800856347442
induction,KLK11,5,0.12438503888844532
inplane,APCDD1,1,0.16708633817018137
inplane,CAVIN1,1,0.12201646218622342
inplane,AMY2A,3,0.9999658044364284
inplane,FXYD2,1,0.8960863870645664
outplane,MYC,1,0.47717256631362304
outplane,CFTR,1,0.999738271763574
outplane,AMY2A,2,0.999952855513218
ambient,ANPEP,1,0.9997224084900711
ambient,CA4,1,0.8116653306275649
ambient,CPA3,1,0.774530046702572
ambient,PEBP4,1,0.6488512354874085
induction,ANPEP,4,0.999733578903176
induction,CFTR,3,0.9998842694033688
induction,KLK11,3,0.17967947288884467
induction,ANPEP,3,0.9994562704914031
induction,CFTR,2,0.9997503380823717
induction,KLK11,3,0.33351170005787956
outplane,VCAN,1,0.9996206966032696
outplane,CFB,1,0.6454986264341589
outplane,TCIM,1,0.0
outplane,FXYD2,1,0.925670338055631
ambient,KLK11,1,0.28941834636398955
ambient,KCNK3,1,0.9614326375246732
induction,ANPEP,2,0.9997100306028955
induction,CFTR,5,0.9998693569285673
induction,KLK11,3,0.17135936520292505
ambient,UMOD,1,0.9019856539259727
ambient,CPA3,1,0.8460884589180602
inplane,AMY2A,6,0.9999424828479647
ambient,ANPEP,1,0.9994992011282551
ambient,CA4,1,0.579842314397593
ambient,FKBP11,2,0.9244459869960493
ambient,RIDA,1,0.5233530196917722
ambient,PROX1,1,0.5634763053240459
outplane,EDN1,3,0.16468558878370543
outplane,CFTR,1,0.9998097425257488
inplane,MYC,1,0.6942046668094869
inplane,GATM,1,0.9999434260801849
inplane,AQP8,2,0.999764401158401
outplane,LAMP3,1,0.6377873106012101
outplane,TNC,1,0.9951649279549096
outplane,DST,1,0.3737505510834894
outplane,AMY2A,2,0.9999591710774034
outplane,SCGN,1,0.9898919135276512
induction,ANPEP,5,0.9997141532695387
induction,CFTR,1,0.9998787110680012
induction,KLK11,4,0.14866584933421212
induction,ANPEP,5,0.9997499316221105
induction,CFTR,3,0.9998900503546259
induction,KLK11,2,0.23231296047366135
outplane,RAPGEF3,1,0.0
outplane,AMY2A,4,0.9999737825444216
outplane,GATM,1,0.9999442477568786
outplane,GNG11,1,0.0
outplane,GPR183,1,0.6917616445952762
outplane,MALL,1,0.11389112997357675
outplane,GATM,1,0.9999326602393852
outplane,EHF,1,0.9988430681668633
outplane,AMY2A,2,0.9999738466199839
outplane,RBP5,1,0.0
outplane,GATM,1,0.9999439385378057
induction,ANPEP,5,0.9994007633994256
induction,KLK11,3,0.31191535987747254
induction,ANPEP,1,0.9996894790306641
induction,CFTR,5,0.9998676549668098
induction,KLK11,4,0.14488375113665064
induction,ANPEP,3,0.9996979651788175
induction,CFTR,2,0.999868373001357
induction,KLK11,5,0.12921635187733105
ambient,RIDA,1,0.6361017851437876
ambient,CFTR,1,0.9998016251653887
induction,ANPEP,3,0.9995632616147545
induction,CFTR,3,0.9998151431689476
induction,KLK11,4,0.20080367128604282
inplane,AMY2A,4,0.9999626589815958
inplane,AQP8,1,0.9996542969604965
induction,ANPEP,1,0.9995749189041297
induction,KLK11,9,0.1180219974083212
ambient,AMY2A,1,0.9999758322584363
ambient,PEBP4,1,0.6135702621436907
inplane,DST,1,0.5855620084079461
inplane,EPCAM,1,0.9994023702196405
inplane,CFTR,1,0.9998691196497428
inplane,GATM,1,0.9999491500024217
induction,ANPEP,5,0.9997264751059227
induction,KLK11,5,0.12227443006406147
ambient,ANPEP,1,0.9996510000887748
ambient,HAMP,1,0.8475773016918283
inplane,THBS2,1,0.9977140392604327
inplane,ACTA2,1,0.11981487124989132
inplane,AMY2A,1,0.9999790608684771
inplane,EDNRB,1,0.0
outplane,CFB,1,0.7591247260705136
outplane,GPR183,1,0.5671203209974365
outplane,AMY2A,2,0.9999756472771631
ambient,COCH,1,0.8258660285987047
ambient,GLYATL1,1,0.6474407975346217
induction,ANPEP,3,0.9996775727709101
induction,CFTR,7,0.9998610557426308
inplane,NTN4,1,0.7493960300701465
inplane,DST,1,0.49963910828064173
inplane,CFTR,1,0.9998665288067581
inplane,AMY2A,1,0.9999751630272897
outplane,ADGRL4,1,0.0
outplane,AMY2A,2,0.9999780057652774
outplane,GATM,1,0.9999533885167086
outplane,FKBP11,1,0.9530068238990346
outplane,PPP1R1A,1,0.9730219768370614
outplane,AMY2A,2,0.9999799336173744
outplane,CHGA,1,0.9716423457988139
outplane,GATM,1,0.9999574996200342
inplane,TCIM,1,0.0
inplane,KCNK3,1,0.9585367401350194
inplane,GATM,2,0.9999534446140446
ambient,DPEP1,1,0.939760324466142
ambient,DIRAS3,1,0.8496732266184475
inplane,RIDA,1,0.8482885372289103
inplane,AMY2A,2,0.9999802675240984
inplane,GATM,1,0.9999583562025014
outplane,CFTR,1,0.999798162646934
outplane,AMY2A,1,0.9999604710372155
outplane,FOXP3,1,0.8800932860463896
outplane,GATM,1,0.9999129537732937
outplane,AMY2A,2,0.999942327495499
outplane,GATM,2,0.9998675888073226
ambient,DPEP1,1,0.9123877238472894
ambient,UMOD,1,0.7111299339521135
induction,ANPEP,1,0.9993639244587103
induction,CFTR,3,0.9997070342076375
induction,KLK11,4,0.27247331189656976
outplane,STC2,1,0.0
outplane,MDM2,1,0.5297438908498824
outplane,AMY2A,1,0.9999766327902214
outplane,CXCL2,1,0.5158904274383473
outplane,GATM,1,0.9999503626632597
ambient,AMY2A,1,0.9999259198503018
ambient,GLYATL1,1,0.3101187838317334
induction,ANPEP,3,0.9997393890752196
induction,CFTR,4,0.9998855941805554
induction,KLK11,3,0.18573657927994947
induction,ANPEP,2,0.9996343031927141
induction,CFTR,4,0.9998438025754279
induction,KLK11,4,0.16287100463790194
induction,ANPEP,1,0.9993764961747695
induction,CFTR,3,0.9997776373624475
induction,KLK11,2,0.4329781253462184
induction,ANPEP,3,0.9995644294465919
induction,CFTR,4,0.99981446689325
induction,KLK11,3,0.2539362143545766
induction,ANPEP,4,0.9995738880099363
induction,CFTR,5,0.9998166538026686
induction,KLK11,1,0.34199345502816214
inplane,NPDC1,1,0.0
inplane,FKBP11,1,0.7943117775630384
inplane,DST,1,0.4373523205949048
inplane,PRF1,1,0.3221467548487028
inplane,AMY2A,2,0.9999315915562167
ambient,KLK11,1,0.25025572111253414
ambient,HAMP,1,0.8197487853744295
outplane,COL5A2,1,3.028910455782352e-12
outplane,MYC,1,0.6770691543227463
outplane,RIDA,1,0.8182927113598901
outplane,AMY2A,1,0.999977694366033
outplane,GATM,1,0.9999527109772947
ambient,PEBP4,2,0.7225048024330055
outplane,PECAM1,1,0.0
outplane,RAPGEF3,1,0.0
outplane,CFTR,1,0.9998281162491012
outplane,AMY2A,2,0.9999671675943678
ambient,RIDA,1,0.7856793292072
ambient,AMY2A,1,0.9999708066470139
inplane,MMRN2,1,0.0
inplane,CFTR,1,0.9998364539193546
inplane,AMY2A,2,0.9999704039548057
inplane,MZB1,1,0.8893862121515211
ambient,CPA3,1,0.8381069906575466
ambient,HAMP,1,0.8946651708323609
outplane,CAVIN1,3,0.44005507095238816
outplane,ANPEP,1,0.9991175915458294
ambient,UMOD,1,0.8172527793205373
ambient,COCH,1,0.6560202014088654
induction,ANPEP,2,0.9997121157049973
induction,CFTR,4,0.9998711950591072
induction,KLK11,4,0.14373614606958418
induction,ANPEP,3,0.9991859854672458
induction,CFTR,1,0.9996126267617685
induction,ANPEP,4,0.9996433284997931
induction,CFTR,2,0.9998473349426792
induction,KLK11,4,0.17930062884307918
outplane,FKBP11,1,0.8238297012820978
outplane,ANPEP,1,0.9995122320310492
outplane,AMY2A,1,0.9999626742065583
outplane,KCNK3,1,0.9362472126686864
outplane,TCL1A,1,0.17350617252208278
inplane,APOLD1,1,0.0
inplane,TENT5C,1,0.9969437893084155
inplane,SCGN,2,0.99026375149349
induction,ANPEP,3,0.9995683436506245
induction,CFTR,4,0.9998104577696197
induction,KLK11,3,0.23736247551360612
inplane,CFB,1,0.8936578251548918
inplane,C15orf48,1,0.995324486610427
inplane,TENT5C,1,0.9970382984315066
inplane,AMY2A,3,0.9999754929047361
outplane,PDPN,1,0.4716534928328593
outplane,TNC,1,0.9953886472849839
outplane,PLA2G7,1,0.9940367193886893
outplane,AMY2A,1,0.9999696444307018
outplane,EHF,1,0.99639276622315
outplane,AMY2A,2,0.9999284137426798
outplane,LYVE1,1,0.0
induction,ANPEP,3,0.9993054448880598
induction,KLK11,3,0.3676813801781427
inplane,TCIM,1,0.0
inplane,CD163,1,0.996269400954232
inplane,C1orf162,1,0.5209875855599735
inplane,KCNK3,1,0.7759372699615653
ambient,PROX1,1,0.5076639916868937
ambient,GATM,1,0.9998388057176197
induction,ANPEP,2,0.9997228765023
induction,CFTR,5,0.999882094716343
induction,KLK11,3,0.1825108743083229
outplane,MET,1,0.37393548321798553
outplane,AMY2A,3,0.9999664305267912
outplane,GATM,1,0.9999262266743449
inplane,AMY2A,3,0.9999732023823081
inplane,DUSP2,1,0.5763110507678312
inplane,ADH1C,1,0.5970040885941057
ambient,ANPEP,1,0.9995788392110521
ambient,KLK11,1,0.3200136628728494
outplane,CFB,2,0.7275701686926996
outplane,AMY2A,1,0.9999712373801242
outplane,AGR3,1,0.6691838191450592
inplane,EPCAM,1,0.9986332490748668
inplane,AMY2A,2,0.9999385074123002
inplane,GATM,2,0.9998545563665665
inplane,SMYD2,1,0.6120627522333835
inplane,AMY2A,1,0.9999658202714758
inplane,GATM,2,0.9999254284387525
inplane,AQP8,1,0.9996872896254096
inplane,CFTR,1,0.999840414047175
inplane,AMY2A,2,0.9999667994866751
inplane,CXCL2,1,0.6818453104460742
ambient,FKBP11,1,0.7900459996524589
ambient,UMOD,1,0.6837345822823635
outplane,FKBP11,1,0.8497951721644545
outplane,UMOD,1,0.7698609495279145
outplane,PLIN4,1,0.31308581485720677
outplane,SPIB,1,0.7164135211978384
ambient,ANPEP,1,0.9996982235564627
ambient,UMOD,1,0.8539814184286867
outplane,MCF2L,1,0.0
outplane,CXCR4,1,0.40239735707660473
outplane,PTPRC,1,0.9977421142492823
outplane,AMY2A,2,0.9999753757340688
outplane,GATM,1,0.9999474982836426
induction,ANPEP,4,0.9996208798560323
induction,CFTR,1,0.9998470730658512
induction,KLK11,5,0.1604019789031047
ambient,CPA3,1,0.8338583781835155
ambient,COCH,1,0.7905056294640256
inplane,PECAM1,1,0.0
inplane,SMYD2,1,0.7877986449584933
inplane,CFTR,1,0.999858565985532
inplane,AMY2A,3,0.9999746418853367
inplane,GATM,2,0.9999457348959883
induction,ANPEP,2,0.9996370303687494
induction,CFTR,4,0.9998536483706164
induction,KLK11,4,0.17908567242584328
induction,ANPEP,4,0.9996216466954839
induction,CFTR,6,0.9998477844121219
outplane,AMY2A,3,0.9999736167474839
outplane,GATM,1,0.9999438273840892
outplane,AQP8,1,0.9997686223117006
outplane,ANPEP,1,0.9996469695577898
outplane,AMY2A,1,0.9999718574698799
outplane,CXCL2,1,0.62555620934856
outplane,GATM,1,0.9999396948944771
inplane,ECSCR,1,0.0
inplane,MEDAG,1,2.5632274081033302e-11
inplane,DST,1,0.47761338401202114
inplane,CFTR,1,0.9998838723653379
outplane,STC2,1,0.0
outplane,ACTA2,1,0.34800857569825105
outplane,TCIM,1,0.0
outplane,AMY2A,1,0.9999718116873566
outplane,GATM,1,0.9999395901968406
outplane,CFTR,1,0.9998537887245887
outplane,AMY2A,2,0.9999723431475132
outplane,GPC3,1,0.8498180816734826
outplane,GATM,1,0.9999404190874693
outplane,AQP8,1,0.9997524791072925
outplane,CD68,1,0.5698000050342024
outplane,AMY2A,2,0.9999808383188691
outplane,GATM,1,0.9999596286336249
outplane,AMY2A,3,0.9999795532552194
outplane,GATM,2,0.9999568587562165
ambient,HAMP,1,0.6701663341075881
ambient,PROX1,1,0.7041666798363098
induction,ANPEP,3,0.9994606327095327
induction,CFTR,2,0.99980144344195
induction,KLK11,3,0.3246169571575811
inplane,CFTR,1,0.9998622538618405
inplane,AMY2A,3,0.9999748369041879
inplane,GATM,1,0.9999461911694701
inplane,TSPAN19,1,0.3292740540492317
outplane,NTN4,1,0.7602469472050146
outplane,MDM2,1,0.6451584315544294
outplane,EPCAM,1,0.9993395103066179
outplane,GATM,2,0.9999348912334572
inplane,VCAN,1,0.99964512363598
inplane,MFAP5,1,0.8050364473895482
inplane,DST,1,0.45784809932731285
inplane,LILRA4,1,0.27419498370908246
outplane,ANPEP,2,0.99957436842168
outplane,GATM,2,0.9999238795010359
ambient,PROX1,1,0.7960510874720085
ambient,AQP3,1,0.8035945216419469
ambient,CFTR,1,0.9998687948133719
ambient,AQP3,1,0.7880390652924107
outplane,CFB,1,0.8733644961294704
outplane,EHF,1,0.9983013474318986
outplane,AMY2A,2,0.9999716234507364
induction,ANPEP,4,0.9996959689115927
induction,CFTR,3,0.9998756021072972
induction,KLK11,3,0.22138081261570752
inplane,TNC,1,0.9956247591719659
inplane,FCGR3A,1,0.7488893778235081
inplane,MET,1,0.30804669534928963
inplane,ANPEP,1,0.9996530199779968
inplane,AMY2A,3,0.9999724946039209
inplane,GATM,1,0.9999410877456748
induction,ANPEP,2,0.9996417616013004
induction,CFTR,2,0.9998421403518234
induction,KLK11,6,0.12109126509720947
ambient,CPA3,1,0.6228581120970952
ambient,COCH,1,0.5416336531820535
inplane,DPEP1,1,0.963271263644411
inplane,MYC,1,0.6049910202234425
inplane,AMY2A,1,0.9999663505208986
inplane,GATM,1,0.9999265461371505
inplane,PPP1R1A,1,0.9665482158085571
inplane,AMY2A,2,0.9999690559295267
inplane,GATM,1,0.9999336963195335
induction,ANPEP,3,0.9996902656884649
induction,CFTR,3,0.999863865992527
induction,KLK11,4,0.15180130160646954
ambient,CA4,1,0.7254421076196155
ambient,KCNK3,1,0.932048617768117
ambient,DPEP1,1,0.9662943545963764
ambient,UMOD,1,0.8502021257827514
inplane,CFTR,1,0.9997000981248542
inplane,AMY2A,2,0.9999425807563742
inplane,GATM,1,0.9998680517077275
induction,ANPEP,2,0.9993274261002795
induction,CFTR,3,0.9996876597688266
induction,KLK11,1,0.4815143860781521
ambient,FKBP11,1,0.910833082942296
ambient,HAMP,1,0.8522426712082812
ambient,CFTR,1,0.9998808581486202
ambient,DIRAS3,1,0.9186244066449585
outplane,MMRN2,1,0.0
outplane,CFTR,2,0.9998281223680671
outplane,AMY2A,1,0.9999669221761849
outplane,GATM,1,0.9999285503078492
inplane,TCIM,1,0.0
inplane,AMY2A,2,0.9999780813415028
inplane,AQP8,1,0.9998091058278852
ambient,FKBP11,1,0.9455137871265086
ambient,DIRAS3,1,0.9499668478249665
inplane,CFB,1,0.8210514475315847
inplane,SLC4A1,1,0.09502327222839502
inplane,AMY2A,1,0.9999786695508115
inplane,GATM,1,0.9999549321236849
inplane,AQP8,1,0.9998153718624605
induction,ANPEP,2,0.9995040848232267
induction,CFTR,2,0.9997854210642392
induction,KLK11,6,0.1685636159901629
ambient,RIDA,1,0.7147720705171262
ambient,GATM,1,0.9998729182951313
inplane,C15orf48,1,0.9954368114807475
inplane,SMYD2,1,0.4985955131959775
inplane,GATM,2,0.9998329596763039
inplane,MCF2L,1,0.0
inplane,VWA5A,1,0.7119809804872581
inplane,MS4A6A,1,0.39667878836104487
inplane,CFTR,1,0.9998803558767932
inplane,AMY2A,1,0.9999765594220035
outplane,EDN1,1,0.23215431883337667
outplane,CCL5,1,0.18358398752612903
outplane,AMY2A,1,0.9999512899265746
outplane,GATM,1,0.999880284435958
outplane,AQP8,1,0.9994764757614174
outplane,MEDAG,1,0.34950113008393346
outplane,RND1,1,0.09742346401190394
outplane,FXYD2,1,0.9418074435585789
outplane,EGFR,1,0.761280685242547
outplane,AMY2A,2,0.9999752019294729
outplane,KCNK3,1,0.9481323280988517
outplane,AQP8,1,0.9997820945059073
induction,ANPEP,3,0.9995557340011079
induction,CFTR,5,0.9998151676818819
induction,KLK11,2,0.2777027364293654
outplane,CFTR,1,0.9998234494511786
outplane,AMY2A,3,0.9999659335863506
outplane,GATM,1,0.9999254691455988
inplane,CLEC14A,1,0.0
inplane,CFTR,1,0.9998413741610969
inplane,AMY2A,2,0.9999701115641294
induction,ANPEP,3,0.9997428511142065
induction,CFTR,4,0.9998884731177201
induction,KLK11,3,0.16483621187833564
ambient,DPEP1,1,0.9716972320515876
ambient,AQP8,1,0.9998012675989243
inplane,TCF4,1,0.0
inplane,APOLD1,1,0.0
inplane,CFTR,1,0.9998637253920184
inplane,SPI1,1,0.4883640377986126
outplane,BCL2L11,1,0.29102828774729583
outplane,AMY2A,3,0.999976157391902
outplane,GATM,1,0.9999492809185284
induction,ANPEP,4,0.9996717912718769
induction,CFTR,5,0.9998601943228108
induction,KLK11,1,0.27872718752376036
ambient,KLK11,1,0.5649336049179152
ambient,AQP8,1,0.9992007406502427
inplane,ACTA2,1,0.11851288938031623
inplane,AMY2A,2,0.9999586771177735
inplane,GATM,1,0.9999090225800925
inplane,ASPN,1,0.21291635349142002
inplane,CFTR,1,0.9997978069487231
inplane,AMY2A,2,0.9999516070884229
inplane,GATM,1,0.9998908883111706
ambient,CFTR,1,0.9997803988346204
ambient,KLK11,1,0.40924590522925863
ambient,ANPEP,1,0.9993215343842067
ambient,AMY2A,1,0.9999394204609396
induction,ANPEP,4,0.9995123518570663
induction,CFTR,1,0.9997950944398848
induction,KLK11,5,0.18667329550309086
induction,ANPEP,1,0.9992257512045734
induction,CFTR,2,0.9997144366175043
induction,KLK11,1,0.581439380326632
ambient,KLK11,1,0.5726227603019616
ambient,AQP3,1,0.6587914629994025
outplane,BANK1,1,0.39938632191085544
outplane,AMY2A,4,0.9999279937198847
inplane,AMY2A,3,0.9999349460484318
inplane,GATM,2,0.9998454471029787
outplane,AMY2A,2,0.9999347514633828
outplane,GATM,1,0.9998457795083975
outplane,AQP8,1,0.999310303561234
ambient,GATM,2,0.9998691012341899
outplane,CFB,1,0.8581676046291229
outplane,EDN1,1,0.21724482098388276
outplane,EPCAM,1,0.999322255540259
outplane,CFTR,1,0.9998027325713402
outplane,EHF,1,0.9982554521979925
inplane,MDM2,1,0.5886557250131622
inplane,AMY2A,2,0.9999306414434012
inplane,GATM,1,0.9998356994372851
inplane,AQP3,1,0.7352191075358534
outplane,ACTG2,2,0.3621887247648805
outplane,AMY2A,2,0.9999233675139975
outplane,CD83,1,0.6154003806623989
outplane,EPCAM,1,0.9991783379484299
outplane,CFTR,2,0.9996718613903062
inplane,SLAMF7,1,0.9799465077118839
inplane,AMY2A,2,0.9999279539869469
inplane,CD2,1,0.6523089073166912
ambient,GATM,1,0.9998660766794306
ambient,GLYATL1,1,0.2857454908895146
inplane,AMY2A,4,0.9999368470411529
inplane,CXCL2,1,0.38770197610809076
induction,ANPEP,2,0.9991829846023814
induction,CFTR,1,0.9996370383127301
induction,KLK11,1,0.5678387432113561
outplane,MET,1,0.3368842423053555
outplane,CFTR,1,0.9997469217196601
outplane,AMY2A,2,0.9999308044515404
outplane,GATM,1,0.9998338691533111
inplane,BCL2L11,1,0.23256828110515315
inplane,FKBP11,1,0.7187329906799111
inplane,AMY2A,3,0.9999335107055635
inplane,GATM,1,0.9998410594275854
outplane,KLK11,1,0.4766066892006363
outplane,AMY2A,1,0.9999438384267688
outplane,KCNK3,1,0.8309128615641689
outplane,PROX1,1,0.6284349452368656
outplane,GATM,2,0.9998712124512062
induction,ANPEP,1,0.9992324521674376
induction,CFTR,1,0.9996685796742676
induction,KLK11,2,0.5426126157298321
ambient,AQP8,1,0.999303520949379
ambient,PEBP4,1,0.549301730802031
outplane,AMY2A,1,0.9999382660248781
outplane,GATM,3,0.9998578277322916
induction,ANPEP,1,0.9992142540132313
induction,CFTR,1,0.9996874444267153
induction,KLK11,2,0.5375908338171438
ambient,GATM,1,0.9998171159246648
ambient,GLYATL1,1,0.2918879139758994
outplane,CFB,1,0.7912926124383621
outplane,TFPI,1,0.0
outplane,AMY2A,1,0.9999289819918014
outplane,EGFR,1,0.7106288020292735
ambient,KLK11,1,0.45438680487790495
ambient,CPA3,1,0.5916875066534317
ambient,KLK11,1,0.40488508112303667
ambient,PEBP4,1,0.38824003357208214
inplane,CFB,1,0.8254710077771495
inplane,CFTR,1,0.9997282218917228
inplane,AMY2A,1,0.9999421098869414
inplane,GATM,1,0.999866757990289
outplane,CD68,1,0.7423558575183247
outplane,ANPEP,1,0.9994473441854056
outplane,AMY2A,1,0.999954708134184
outplane,GATM,1,0.9999002978036551
inplane,AMY2A,2,0.9999351715986105
inplane,AQP8,1,0.9993121432422347
inplane,DIRAS3,1,0.7801526989851386
ambient,RIDA,1,0.66472490114574
ambient,AMY2A,1,0.999948453271059
ambient,HAMP,1,0.6198324532509703
ambient,DIRAS3,1,0.7854050923410617
inplane,VCAN,1,0.9996935873246853
inplane,FHL2,1,0.3485033909199188
inplane,CFTR,3,0.9995840023030423
ambient,AMY2A,1,0.999922887215952
ambient,KCNK3,1,0.7854019644884638
inplane,AMY2A,1,0.9999515917773742
inplane,GATM,1,0.9998908336383918
inplane,AQP8,2,0.9995304130677052
outplane,DST,1,0.5603572113832669
outplane,MYC,1,0.5178864661740127
outplane,AMY2A,1,0.9999461456825831
outplane,COCH,1,0.624493813399617
outplane,AQP8,1,0.9994616811155919
outplane,FHL2,1,0.5035607110249971
outplane,ACTG2,1,0.7362530016227284
outplane,EPCAM,1,0.9991601581367208
outplane,ANPEP,1,0.9992371317325548
outplane,KLRB1,1,0.7450754603484595
outplane,CXCL10,1,0.7598420151287717
outplane,GATM,2,0.9998615936014623
outplane,AQP8,1,0.999393672522851
outplane,CAVIN1,1,0.11097034169701414
outplane,PRDM1,1,0.17494863230789126
outplane,CYTIP,1,0.6815197626999694
outplane,TMEM52B,1,0.4824874844970213
outplane,CFTR,1,0.9997841367435192
outplane,AMY2A,1,0.9999253396380153
outplane,GATM,1,0.999823005629832
ambient,AMY2A,1,0.9999435279739604
ambient,KCNK3,1,0.8591117910800177
inplane,AMY2A,1,0.9999285948454449
inplane,GPC3,1,0.6272651021768005
inplane,PROX1,1,0.559990870383815
inplane,GATM,1,0.9998307911769252
outplane,FSTL3,1,0.8250246555131233
outplane,CFTR,1,0.9997995753121677
outplane,AMY2A,1,0.99996043510851
outplane,CSF3,1,0.11356261984895966
inplane,AMY2A,2,0.9999360312133609
inplane,PROX1,1,0.5875489237406143
inplane,GLYATL1,1,0.2638131604807564
inplane,CFTR,1,0.9997676687529906
inplane,AMY2A,3,0.9999530870666439
ambient,ANPEP,1,0.9993972740412603
ambient,PEBP4,1,0.33744845964822623
outplane,EPCAM,2,0.9994272693871145
outplane,AMY2A,1,0.9999441419863319
outplane,KCNK3,1,0.8598576610768487
outplane,GATM,1,0.9998718705778292
ambient,COCH,1,0.5101126063854224
ambient,PEBP4,1,0.3397526564481559
inplane,NTN4,1,0.6215496031099882
inplane,RIDA,1,0.5775593454361386
inplane,AMY2A,1,0.9999413651022456
inplane,MMRN1,1,0.010273822206236072
inplane,TFPI,2,0.0
inplane,CXCL6,1,0.9990861143753745
inplane,PROX1,1,0.6278216273824739
inplane,AMY2A,2,0.9999425805323873
inplane,GATM,1,0.9998679509039985
inplane,AQP8,1,0.9994229368570178
inplane,CFTR,1,0.9998200680375449
inplane,AMY2A,2,0.9999673984552178
inplane,GATM,1,0.9999295850007043
inplane,NTN4,1,0.5636422320348967
inplane,KCNMA1,1,0.3717869645094437
inplane,AMY2A,2,0.9999419500982079
inplane,NTN4,1,0.4944430956617477
inplane,BAMBI,1,0.4507471685333392
inplane,TFPI,1,0.0
inplane,AMY2A,1,0.9999509812101344
induction,ANPEP,5,0.9995224651254736
induction,CFTR,2,0.9997920145942903
induction,KLK11,3,0.2586926938913072
induction,ANPEP,5,0.9995268892679965
induction,CFTR,1,0.9998039566693571
induction,KLK11,4,0.19935074757113647
inplane,DPEP1,1,0.925436737586577
inplane,ANPEP,1,0.9994852915037957
inplane,TENT5C,1,0.9947208820727341
inplane,GATM,1,0.9999066572413674
outplane,AMY2A,2,0.9999425193792588
outplane,GPC3,1,0.5699793207975278
outplane,GATM,1,0.9998680432542635
inplane,AMY2A,3,0.9999500719417717
inplane,GATM,1,0.9998874436451063
outplane,AMY2A,6,0.9999630018754959
outplane,FKBP11,1,0.7554884911263442
outplane,AMY2A,2,0.9999418853689608
outplane,GATM,2,0.9998666253070554
outplane,DST,1,0.40731613634634967
outplane,EPCAM,1,0.9991644638578587
outplane,BAMBI,1,0.5942897836975158
outplane,AMY2A,1,0.9999483815104726
inplane,TENT5C,1,0.9920262499489966
inplane,AMY2A,4,0.9999324107304646
outplane,TCIM,1,0.0
outplane,EPCAM,2,0.9992354623024489
outplane,AMY2A,2,0.9999457178028407
outplane,AQP8,1,0.999455304524804
outplane,THAP2,1,0.329103749154149
outplane,CFTR,1,0.9997039581143502
outplane,IGSF6,1,0.6885176847225121
outplane,AMY2A,1,0.9999360831129921
outplane,GATM,1,0.9998534183951162
inplane,LAMP3,1,0.6056390852792147
inplane,NTN4,1,0.34102016158654425
inplane,AMY2A,1,0.9999210464163937
inplane,SST,1,0.9929649661653948
inplane,GATM,2,0.9998126032728598
ambient,FKBP11,1,0.715781811681744
ambient,AMY2A,1,0.9999306445060102
inplane,SFRP2,1,0.999714408017797
inplane,PPARG,1,0.08539141295531971
inplane,CFTR,1,0.9997953286454865
inplane,AMY2A,2,0.9999622414184826
inplane,GATM,1,0.9999168842738783
inplane,CRISPLD2,1,0.4703207382524134
inplane,FKBP11,1,0.8531130608877763
inplane,MDM2,2,0.5288470413987426
inplane,AMY2A,1,0.9999617480061803
inplane,GATM,1,0.9999158614238822
inplane,EPCAM,1,0.9993439488994517
inplane,AMY2A,2,0.999959941507899
inplane,GATM,1,0.9999114291549306
ambient,CA4,1,0.6316751206118731
ambient,KCNK3,1,0.8729270607749156
ambient,PROX1,1,0.6090650313127727
ambient,DIRAS3,1,0.7704941702539843
ambient,KLK11,1,0.5700923816879114
ambient,COCH,1,0.4657279941491649
ambient,CFTR,1,0.9997682027097221
ambient,COCH,1,0.44539730418206425
outplane,ANPEP,1,0.999224354432404
outplane,EHF,1,0.9976969810993651
outplane,AMY2A,2,0.9999292981409468
outplane,MLPH,1,0.4918984266776181
outplane,GATM,1,0.9998316811944506
inplane,CFTR,1,0.9997014191320199
inplane,IL1R2,1,0.44127739666831667
inplane,AMY2A,2,0.9999333369679779
inplane,GATM,2,0.9998422055628245
inplane,AMY2A,2,0.9999325746697528
inplane,GPC3,1,0.5816492257259049
inplane,AQP8,1,0.999283520294616
inplane,MS4A6A,1,0.9169774366058064
inplane,CXCR4,2,0.6543782905735473
inplane,MYC,1,0.460180724021347
inplane,ADAM28,1,0.7862842281988272
inplane,FCER1A,1,0.8975822232585767
inplane,AMY2A,2,0.999942864537194
outplane,NTN4,1,0.5585411099339369
outplane,TM4SF18,1,0.0
outplane,AMY2A,1,0.999926906515773
outplane,GATM,1,0.9998269142864765
inplane,SLC26A2,1,0.16349356792593683
inplane,ANPEP,1,0.9992234338902385
inplane,CFTR,1,0.9996502208316721
inplane,AMY2A,1,0.9999309746790475
inplane,AMY2A,2,0.9999504630326133
inplane,GATM,2,0.9998882410913377
outplane,PTGDS,1,0.5762419273010728
outplane,FBN1,1,0.30978013822376604
outplane,DPT,2,0.7935197712765892
ambient,CPA3,1,0.6347663107968394
ambient,AQP3,1,0.7792152775314254
outplane,MYC,1,0.35392751997016325
outplane,CFTR,1,0.999645074538773
outplane,AMY2A,2,0.9999295916096483
outplane,GATM,1,0.999833197736601
induction,CFTR,2,0.9996335954782788
induction,KLK11,2,0.5136477828736554
induction,ANPEP,1,0.9993308632258049
induction,CFTR,3,0.9997685868256921
ambient,PROX1,1,0.6676583252106356
ambient,PEBP4,1,0.3441425613713389
induction,ANPEP,1,0.9992447468869838
induction,CFTR,3,0.9996902674025568
ambient,ANPEP,1,0.9996438224816447
ambient,DIRAS3,1,0.8697821246800217
induction,ANPEP,2,0.9996331340888072
induction,CFTR,4,0.9998413971978676
induction,KLK11,4,0.17666237907353177
inplane,MS4A6A,1,0.722465722773965
inplane,MYLK,1,0.012359761937671188
inplane,CFTR,2,0.9998680974942665
inplane,AMY2A,1,0.9999770454553093
inplane,GATM,2,0.9999513031641182
induction,ANPEP,2,0.9997248836749396
induction,CFTR,2,0.9998788880764953
induction,KLK11,6,0.10212108435716649
induction,ANPEP,3,0.9997084447524229
induction,CFTR,3,0.9998716130073851
induction,KLK11,4,0.14880643864641707
inplane,CFTR,1,0.9998735061053893
inplane,AMY2A,4,0.9999780586200264
inplane,GATM,1,0.9999537067339787
outplane,MYC,4,0.7334758311157838
outplane,GATM,2,0.9999578742336063
inplane,AMY2A,3,0.999977359893008
inplane,COCH,1,0.781330096550342
outplane,CFTR,1,0.9996725435790144
outplane,AMY2A,3,0.9999395701640701
outplane,GATM,1,0.9998573366607062
outplane,GLIPR1,3,0.5931655654332932
outplane,GATM,1,0.9998340631954441
induction,ANPEP,4,0.99956406150158
induction,CFTR,2,0.9998022406210755
induction,KLK11,4,0.19729784671320805
outplane,INMT,1,0.07957077976697102
outplane,AMY2A,3,0.9999793352856674
outplane,CA4,1,0.6995251327040115
outplane,AMY2A,1,0.9999459468615548
outplane,CXCL2,1,0.40049141181285774
outplane,GATM,2,0.9998761653657857
outplane,FKBP11,1,0.9280488866064812
outplane,AMY2A,3,0.9999795762818163
outplane,GATM,1,0.9999568456628687
outplane,NTN4,1,0.7571718787655302
outplane,DPEP1,1,0.9758819261087183
outplane,AMY2A,2,0.999973627521242
induction,ANPEP,4,0.9995582255899187
induction,CFTR,1,0.9997989223468713
induction,KLK11,5,0.17623810820112373
inplane,GDF15,1,0.8778560522395118
inplane,AMY2A,3,0.9999652265464875
inplane,GATM,2,0.9999222027292192
ambient,KLK11,1,0.3359246396258806
ambient,CA4,1,0.665443060644203
outplane,MYC,1,0.6137657996532415
outplane,IL2RA,1,0.07176076495514971
outplane,AMY2A,2,0.999973023526851
induction,ANPEP,1,0.9996618871936438
induction,CFTR,4,0.9998570318769864
induction,KLK11,5,0.15455734589265147
inplane,CTLA4,1,0.24325656550504804
inplane,AMY2A,1,0.9999777360844249
inplane,GATM,2,0.9999528423055841
outplane,FKBP11,1,0.7549134498597656
outplane,CFTR,1,0.9996583098786999
outplane,AMY2A,3,0.9999368042051261
ambient,RIDA,1,0.7290925500866282
ambient,CFTR,1,0.9998554770963753
ambient,KLK11,1,0.4814513029132613
ambient,KCNK3,1,0.8498857146696377
ambient,HAMP,1,0.6544776974561137
ambient,PEBP4,1,0.2805776687210765
ambient,CFTR,1,0.9997942718592476
ambient,PEBP4,1,0.4532674287606201
induction,ANPEP,4,0.999747554894209
induction,CFTR,3,0.9998872732785294
induction,KLK11,3,0.15967535977619807
inplane,MPEG1,1,0.6533343389406758
inplane,CFTR,1,0.9998756190098997
inplane,AMY2A,1,0.999975362423481
inplane,FXYD2,1,0.9686652566987343
ambient,DPEP1,1,0.9752240989991067
ambient,ANPEP,1,0.9996982555835782
induction,ANPEP,3,0.9997370017497401
induction,CFTR,3,0.999887569671162
induction,KLK11,4,0.14709617843982903
inplane,FKBP11,2,0.9450912038378588
inplane,GATM,1,0.9999585215010356
inplane,AQP8,1,0.9998303111795726
outplane,TCIM,1,0.0
outplane,CRISPLD2,1,0.7096391284607608
outplane,PLIN4,1,0.6789014595610797
outplane,AMY2A,3,0.9999793900957991
outplane,OGN,1,0.9056932718491292
induction,ANPEP,2,0.9996977061021981
induction,CFTR,3,0.9998716226287704
induction,KLK11,5,0.13377331796360314
ambient,HAMP,1,0.7441980345850328
ambient,GLYATL1,1,0.28518512156514186
induction,ANPEP,2,0.9996656838961805
induction,CFTR,6,0.999853041316661
induction,KLK11,2,0.23090395550779774
induction,ANPEP,2,0.9996329807632576
induction,CFTR,4,0.9998442211475124
induction,KLK11,4,0.16408412441014608
inplane,AMY2A,3,0.9999773444732994
inplane,GATM,1,0.9999518405087592
outplane,FKBP11,1,0.9311669600908853
outplane,EPCAM,1,0.9992081268395812
outplane,GATA2,1,0.0
outplane,DERL3,1,0.5116688238172744
outplane,AMY2A,2,0.9999760516457686
outplane,GATM,1,0.9999488920113188
induction,ANPEP,7,0.9997232228035086
induction,KLK11,3,0.1807651680654253
ambient,AMY2A,1,0.9999674569204472
ambient,AQP3,1,0.7267732141481793
induction,ANPEP,4,0.9996671805240055
induction,CFTR,1,0.9998575080420714
induction,KLK11,5,0.136678630232703
induction,ANPEP,2,0.9992323733613993
induction,KLK11,2,0.5287379657314899
inplane,MYLK,1,0.1331644860738781
inplane,CRISPLD2,1,0.03683412480574
inplane,EPCAM,1,0.9996957068828343
inplane,CFTR,2,0.9998022065253198
inplane,AMY2A,2,0.9999328874464513
inplane,FXYD2,1,0.9551777202819025
inplane,PROX1,1,0.6893092575951865
outplane,CFB,1,0.8363245520949161
outplane,PPP1R1B,2,0.9593020522940219
outplane,AMY2A,2,0.99997640083019
outplane,FXYD2,1,0.9548850263837272
induction,ANPEP,2,0.999544604822645
induction,CFTR,5,0.999808329240508
induction,KLK11,3,0.2533633931427176
ambient,KCNK3,2,0.9135600835352052
inplane,FBLN1,2,0.7754555201051321
inplane,APCDD1,1,0.2276593230485524
inplane,CFTR,2,0.9998225984342521
ambient,DPEP1,1,0.9454720359598342
ambient,KLK11,1,0.28904874526299773
induction,ANPEP,5,0.9996915455732689
induction,CFTR,2,0.9998611054321811
induction,KLK11,3,0.18380557194601044
outplane,ANPEP,1,0.9993983784026682
outplane,KCNK3,1,0.9642473517502392
outplane,CXCL2,2,0.45923950510622524
outplane,PROX1,1,0.8845186469869116
outplane,GATM,1,0.9998887364047335
inplane,MPEG1,1,0.3132771695039218
inplane,CFTR,1,0.9997291770796728
inplane,CA4,1,0.5903523752330675
inplane,AMY2A,1,0.999951122624709
induction,ANPEP,3,0.9997232595509932
induction,CFTR,3,0.9998808979047197
induction,KLK11,4,0.14888428952711186
inplane,CAVIN1,1,0.13718432607870557
inplane,SMYD2,1,0.7729350161301269
inplane,AMY2A,1,0.9999742752627668
inplane,GPX2,1,0.990537018540617
induction,ANPEP,1,0.9996632007282795
induction,CFTR,5,0.9998478836038417
induction,KLK11,4,0.16329080826092657
inplane,BCL2L11,1,0.6558818334565198
inplane,AMY2A,3,0.9999776953007586
inplane,GATM,1,0.9999526201684625
inplane,AQP8,1,0.9998051576096018
induction,ANPEP,4,0.9996556435712186
induction,CFTR,2,0.9998515492288308
induction,KLK11,4,0.191165942236457
outplane,SOX2,1,0.32776653278955803
outplane,SEMA3C,1,0.7926233779666381
outplane,DST,1,0.48183574587238076
outplane,SCGN,1,0.9902381110423844
induction,ANPEP,2,0.9996944620096951
induction,CFTR,5,0.9998683137886342
induction,KLK11,3,0.18585698446380505
outplane,FKBP11,1,0.8841085626679273
outplane,AMY2A,2,0.9999715556042481
outplane,AQP8,1,0.9997484301847627
inplane,AMY2A,2,0.9999659743567957
inplane,GATM,2,0.9999258254264773
induction,ANPEP,2,0.9997581109956183
induction,CFTR,4,0.9998917805470929
induction,KLK11,4,0.15215374149152894
inplane,GNG11,1,0.0
inplane,CFTR,1,0.999873725884659
inplane,AMY2A,1,0.9999780907378684
inplane,AQP8,1,0.9998106715178888
induction,ANPEP,5,0.9997138325612352
induction,CFTR,2,0.9998744001494863
induction,KLK11,3,0.18529438377864005
ambient,ANPEP,1,0.9997274962681564
ambient,CA4,1,0.81585245130099
induction,ANPEP,3,0.9996978887908434
induction,CFTR,4,0.9998650316465838
induction,KLK11,3,0.1755474243115539
ambient,DPEP1,1,0.9747697156543428
ambient,KLK11,1,0.24794665058796184
outplane,CD28,1,0.31934245176108045
outplane,PLAC9,1,0.13559000017016976
outplane,AMY2A,1,0.9999745686315296
outplane,COCH,1,0.7419268291789918
outplane,GATM,1,0.999945794121906
outplane,AMY2A,2,0.9999755257261683
outplane,GATM,1,0.9999476545966232
outplane,AQP8,1,0.9997836761764497
outplane,AMY2A,1,0.9999745989691896
outplane,GATM,3,0.999945616740813
outplane,AQP8,1,0.9997750885219788
induction,ANPEP,2,0.9996418831194471
induction,CFTR,3,0.9998427150267403
induction,KLK11,5,0.14174136128508819
induction,CFTR,3,0.999785052222725
induction,KLK11,5,0.24728382171698815
induction,CFTR,1,0.9996436491434557
induction,KLK11,3,0.4499106299817952
induction,ANPEP,4,0.9995856713447651
induction,CFTR,5,0.9998299799985723
induction,KLK11,1,0.3854915634996189
inplane,MMRN2,1,0.0
inplane,SELL,1,0.11863213269435735
inplane,FCER1A,1,0.695595198478196
inplane,AMY2A,2,0.9999685927258855
inplane,GATM,1,0.9999320763030135
outplane,MDM2,1,0.4893896313449225
outplane,CNN1,1,0.9921131086950524
outplane,AMY2A,1,0.999969301458471
outplane,GATM,1,0.999933630144954
outplane,APOLD1,1,0.0
outplane,AMY2A,2,0.9999630771125232
outplane,AQP8,1,0.9996621642481097
outplane,ANPEP,1,0.999729143541647
outplane,CFTR,2,0.9998803544777163
outplane,AMY2A,3,0.9999787782553257
inplane,BCL2L11,1,0.3976910328646862
inplane,AMY2A,2,0.9999667862268516
inplane,GATM,1,0.9999270922367732
inplane,AQP8,1,0.9996938664065725
outplane,CFB,2,0.8931961022219232
outplane,CFTR,2,0.9997816338815079
outplane,AMY2A,2,0.9999552674797562
outplane,AQP8,1,0.9995631506867875
outplane,EPCAM,1,0.9991596090191741
outplane,AMY2A,1,0.9999610673198568
outplane,AGER,1,0.05235706261281192
outplane,AQP8,1,0.9996369498400847
inplane,TCIM,1,0.0
inplane,ANPEP,1,0.9995570860028423
inplane,AMY2A,3,0.9999637274245349
inplane,GATM,1,0.9999207786362209
inplane,AQP8,1,0.9996675313283234
ambient,ANPEP,1,0.9995134462275299
ambient,AQP3,1,0.7695021933761956
outplane,AMY2A,2,0.9999662197450481
outplane,PROX1,1,0.8177012367123955
outplane,GATM,1,0.9999261342322796
ambient,UMOD,1,0.8303353061532407
ambient,KLK11,1,0.3388735863320148
ambient,CA4,1,0.521824521951483
ambient,PROX1,1,0.6013621900432559
induction,ANPEP,2,0.9996511286761051
induction,CFTR,5,0.9998428236684459
induction,KLK11,3,0.2062356162810337
ambient,CFTR,1,0.9998877843013382
ambient,GLYATL1,1,0.5068883871471062
inplane,FKBP11,1,0.8931603502597727
inplane,AMY2A,2,0.9999759620474583
inplane,GPC3,1,0.70168386035243
ambient,CFTR,1,0.9998675853297934
ambient,KCNK3,1,0.9379286166681232
outplane,MYC,1,0.5631685207148209
outplane,AMY2A,2,0.9999745249638886
outplane,GATM,1,0.9999458773472106
outplane,NTN4,1,0.7807104184179312
outplane,AMY2A,1,0.9999778429642378
outplane,EGFR,1,0.840877912984408
outplane,GATM,2,0.9999530232610867
outplane,CFTR,1,0.9998921270851707
outplane,TIMP4,1,0.19197667203321456
outplane,AMY2A,1,0.999980276738549
outplane,FXYD2,2,0.9701935703125004
induction,ANPEP,2,0.9997264214211068
induction,CFTR,4,0.9998827825560902
induction,KLK11,4,0.12980184133608874
induction,ANPEP,5,0.9997195552493899
induction,CFTR,1,0.9998745235444761
induction,KLK11,4,0.14095159315278205
outplane,CFB,1,0.8650308984894243
outplane,FSTL3,1,0.8558382059591453
outplane,KRT7,1,0.993988235156091
outplane,ADAMTS1,1,0.05445687386666753
outplane,KCNK3,1,0.9248239101387786
induction,ANPEP,2,0.9996478146825993
induction,CFTR,2,0.999850648539689
induction,KLK11,6,0.15857770936960947
outplane,GEM,1,0.4921549915693333
outplane,AMY2A,2,0.9999682934157149
outplane,GATM,1,0.999931555723771
outplane,AMY2A,2,0.999968869108319
outplane,PROX1,1,0.773334835818607
outplane,CYP1A1,1,0.08739026482876922
ambient,RIDA,1,0.8055530301410319
ambient,AMY2A,1,0.9999780136679797
induction,ANPEP,2,0.9997204471124529
induction,CFTR,4,0.9998798300295302
induction,KLK11,4,0.17965872624370638
ambient,FKBP11,1,0.9008661988762884
ambient,GLYATL1,1,0.45292855946121446
outplane,MYC,1,0.42012756643030746
outplane,EHF,1,0.9959396319031202
outplane,CXCL2,1,0.21386270991321765
outplane,RBP5,1,0.0
ambient,AQP8,2,0.999466356836316
inplane,NTN4,1,0.7440246903641327
inplane,MDM2,1,0.5311473083592637
inplane,DST,1,0.5307439502777218
inplane,AMY2A,3,0.9999591104413771
inplane,GCG,1,0.9973992587524436
ambient,AMY2A,1,0.9999666792525013
ambient,KCNK3,1,0.921027559736253
outplane,CAVIN1,2,0.0656468325175733
outplane,LILRB2,1,0.6156132334225726
outplane,SMYD2,1,0.7436101615479511
outplane,MDM2,1,0.5855714977617759
outplane,CFTR,1,0.9998552418888206
outplane,AMY2A,1,0.9999747194347824
outplane,GATM,1,0.9999460496218839
induction,ANPEP,3,0.9996000445822838
induction,CFTR,5,0.9998227365976388
induction,KLK11,2,0.25587698526993075
inplane,AMY2A,3,0.9999759333568164
inplane,GPC3,1,0.8071880333436995
inplane,GATM,1,0.999948755701595
inplane,AQP8,1,0.9997889076492875
outplane,CFB,1,0.3939228080505497
outplane,CFTR,1,0.9996112094844727
outplane,AMY2A,1,0.9999282217220055
outplane,FXYD2,1,0.7321981370865375
induction,ANPEP,5,0.9996669344879441
induction,CFTR,3,0.9998547179394314
induction,KLK11,2,0.2252274158820745
induction,ANPEP,1,0.9992066122424732
induction,CFTR,3,0.9996435612487758
inplane,MYLK,1,0.27382144569506905
inplane,COL5A2,1,0.48282692025199925
inplane,ADAMTS1,1,0.024524436045893605
inplane,EDNRB,1,0.0
inplane,AQP8,1,0.9993041423527251
ambient,DIRAS3,1,0.9503569682869181
ambient,GLYATL1,1,0.6289918202538394
inplane,CD14,2,0.7658075758117397
inplane,FCGR1A,1,0.6940231272080206
inplane,PTPRC,1,0.9981649851617721
inplane,BCL2L11,1,0.3146600924681159
inplane,MYC,1,0.4902397495828018
inplane,AMY2A,1,0.9999601507993842
inplane,GATM,1,0.9999122100755806
inplane,AQP8,1,0.9996291554060968
outplane,PCNA,1,0.22244257646447485
outplane,CFTR,1,0.9997340274498285
outplane,AMY2A,2,0.9999436697363351
outplane,GATM,1,0.9998705046863627
outplane,AQP8,1,0.9994342689326934
inplane,AMY2A,3,0.999943631297102
inplane,GATM,1,0.9998703757978327
induction,ANPEP,2,0.9992341210293363
induction,CFTR,2,0.9996681989322037
outplane,AMY2A,3,0.99996126534938
outplane,GATM,1,0.9999146918598839
outplane,FSTL3,1,0.5724239219769134
outplane,AMY2A,3,0.9999485237334135
ambient,RIDA,1,0.7331633156410959
ambient,CA4,1,0.7110241191133815
induction,ANPEP,1,0.9994171344382704
induction,CFTR,1,0.9997592380911708
induction,KLK11,6,0.21078078396216904
ambient,DIRAS3,1,0.8130067846123055
ambient,PEBP4,1,0.3741204020422969
inplane,FKBP11,1,0.860419193576791
inplane,DPEP1,1,0.9409048395606673
inplane,AMY2A,2,0.9999414576143703
inplane,GATM,2,0.9998657648937
inplane,AMY2A,2,0.9999642237044313
inplane,CXCL6,1,0.9990608607618284
inplane,HEMGN,1,0.21144900452094784
outplane,NTN4,1,0.3904577376424583
outplane,AMY2A,3,0.9999252560133831
induction,ANPEP,1,0.999246001731449
induction,CFTR,2,0.9996755487177913
induction,KLK11,1,0.5792525397615829
ambient,AMY2A,1,0.9999404222338981
ambient,PROX1,1,0.5094335345974437
ambient,CFTR,1,0.9996278351059958
ambient,GLYATL1,1,0.48351788760022096
inplane,AMY2A,3,0.9999270113465868
inplane,GATM,1,0.9998271223639862
outplane,CFB,1,0.8818284348775429
outplane,FAS,1,0.3003417664915552
outplane,ACTG2,1,0.3391760819383184
outplane,CFTR,1,0.9997682123511065
outplane,AMY2A,1,0.9999403360265523
outplane,FXYD2,1,0.9209204236384533
ambient,DPEP1,1,0.9012392375730928
ambient,AQP3,1,0.7888407523051952
induction,ANPEP,2,0.9992956698065992
induction,CFTR,1,0.999756985265994
induction,KLK11,1,0.5848376311480582
inplane,AMY2A,3,0.9999377975421276
inplane,SST,1,0.9944626067521312
inplane,GATM,1,0.9998522963215194
outplane,VCAN,1,0.9992997397960676
outplane,CYP2F1,1,0.4190639001589429
outplane,EPCAM,1,0.998839981636887
outplane,CFTR,2,0.999662178124565
outplane,AMY2A,2,0.9999295599511279
outplane,AMY2A,3,0.9999329016307419
outplane,GATM,1,0.9998412407641729
induction,ANPEP,3,0.9991986098194647
induction,CFTR,1,0.9996413551754729
outplane,TMC5,1,0.9941184171315453
outplane,CFTR,1,0.9998330642130547
outplane,EHF,1,0.9982167671889145
outplane,AMY2A,2,0.999968742279092
outplane,GATM,1,0.9999324456959677
inplane,ANPEP,1,0.9995608515122655
inplane,AMY2A,4,0.9999629977169716
induction,CFTR,1,0.9997281292389479
induction,KLK11,3,0.47114597637963246
outplane,CFTR,2,0.999867517804623
outplane,AMY2A,1,0.9999769043936856
outplane,FXYD2,1,0.969624651113131
ambient,CA4,1,0.6706780339437342
ambient,PROX1,1,0.7362748881174298
ambient,RIDA,1,0.6276539274027327
ambient,AMY2A,1,0.9999449135792805
induction,ANPEP,5,0.9996618604948463
induction,CFTR,4,0.9998574049187235
induction,KLK11,1,0.2816486788011272
induction,ANPEP,2,0.9995236556476241
induction,CFTR,1,0.9997839750565489
induction,KLK11,7,0.1542442861459065
induction,ANPEP,2,0.9996653938464658
induction,CFTR,4,0.9998493593597861
induction,KLK11,4,0.17757874737109713
ambient,ANPEP,1,0.9996195614708191
ambient,PEBP4,1,0.5073221926195369
outplane,AMY2A,1,0.9999620864308337
outplane,COCH,2,0.6426480195119033
outplane,AQP8,3,0.9996545928837873
outplane,AMY2A,4,0.9999754290250907
outplane,GATM,1,0.9999476162707843
inplane,CFB,1,0.6275856231012962
inplane,AMY2A,3,0.9999640564942076
inplane,CFB,1,0.6839948509933385
inplane,EPCAM,1,0.9987692571470074
inplane,TM4SF18,1,0.0
inplane,GPX2,1,0.9775918924572549
inplane,GPR183,1,0.9327927627781092
inplane,FBN1,1,0.6303995457415128
inplane,TIMP4,1,0.7141636905460054
inplane,GATM,1,0.9998726431825533
induction,ANPEP,3,0.9996346054367633
induction,CFTR,4,0.9998384239614115
induction,KLK11,3,0.1896249637630515
outplane,PPP1R1B,1,0.9570144843117957
outplane,GEM,1,0.29978720021691596
outplane,AMY2A,1,0.9999631116983547
outplane,PROX1,1,0.7833204104724704
induction,ANPEP,6,0.9995572370939779
induction,CFTR,3,0.9998183732696544
induction,KLK11,1,0.3750684947829317
inplane,MMRN2,1,0.0
inplane,AMY2A,2,0.9999657622113975
inplane,GATM,1,0.9999247582808072
ambient,DPEP1,1,0.9611088161986586
ambient,GATM,1,0.9999445257764064
inplane,CFTR,1,0.9998351286286941
inplane,CXCL6,3,0.998103302650754
inplane,ESR1,1,0.14105482517088763
induction,ANPEP,1,0.9992761556997097
induction,CFTR,2,0.9997299314338554
induction,KLK11,1,0.5806739644762273
induction,CFTR,6,0.9998691996391607
induction,KLK11,4,0.16254951144762175
induction,ANPEP,5,0.9997306919335468
induction,CFTR,3,0.999885714033209
induction,KLK11,2,0.19963057851685562
ambient,KCNK3,1,0.9520234568396636
ambient,DIRAS3,1,0.9189199433656657
outplane,FBLN1,1,0.8005184043855684
outplane,ANPEP,1,0.9997371769463327
outplane,AMY2A,1,0.9999795982502907
outplane,PROX1,1,0.9434289702027865
inplane,CFTR,1,0.9998782413033054
inplane,AMY2A,2,0.9999783912073982
inplane,AQP8,1,0.9998117409172087
ambient,FKBP11,1,0.9249230778972957
ambient,GLYATL1,1,0.5430962758236474
induction,ANPEP,2,0.9997203234490873
induction,CFTR,5,0.9998786494874959
induction,KLK11,3,0.16793408133923093
inplane,CD68,1,0.43114136287390203
inplane,CFTR,2,0.9998871111601801
inplane,DPT,1,0.8219950538114504
inplane,AMY2A,3,0.9999800564688978
inplane,GATM,2,0.9999579371770794
inplane,AQP8,1,0.9998278978118124
inplane,TCIM,1,0.0
inplane,MYC,1,0.6201980122970896
inplane,EHF,1,0.9984993363425532
inplane,GATM,2,0.9999505294303165
inplane,EHF,1,0.9986239118970313
inplane,AMY2A,2,0.999974444780995
inplane,GATM,1,0.9999451820774369
inplane,MMRN2,1,0.0
inplane,CD34,2,0.0
inplane,ADAMTS1,2,0.025590270758899636
inplane,AMY2A,1,0.9999764418116694
inplane,GATM,1,0.9999500452082745
ambient,UMOD,1,0.8300144948096322
ambient,PROX1,1,0.8099427094930562
induction,ANPEP,3,0.9995355007056747
induction,CFTR,2,0.9997826447567842
induction,KLK11,5,0.2048983730374816
induction,ANPEP,2,0.9997402658361186
induction,CFTR,5,0.9998871356170793
induction,KLK11,3,0.16313235971401452
inplane,AMY2A,2,0.9999355718809881
inplane,CPA3,1,0.6823504540764704
inplane,GATM,1,0.9998476900325648
inplane,AQP8,1,0.9993187328881799
inplane,ACTG2,1,0.4087252673172992
inplane,AMY2A,2,0.9999674600420916
inplane,GATM,1,0.9999286585642679
inplane,AQP8,1,0.999699729438138
ambient,CPA3,1,0.7162456299811162
ambient,HAMP,1,0.8088073863804789
inplane,AMY2A,3,0.9999667193721804
inplane,GATM,1,0.9999270784421678
ambient,ANPEP,1,0.9997031287743454
ambient,GLYATL1,1,0.641491069063193
inplane,MAMDC2,1,0.2665185898743314
inplane,AMY2A,1,0.9999747074805178
inplane,C7,1,0.21187948223631947
inplane,OGN,1,0.39019135433902563
ambient,FKBP11,1,0.8036041755990214
ambient,CA4,1,0.6036598536103374
induction,ANPEP,4,0.999695289733773
induction,CFTR,3,0.9998632333806025
induction,KLK11,3,0.1780367164973654
inplane,CD34,1,0.0
inplane,EGFL7,1,0.0
inplane,AMY2A,1,0.9999667173845148
inplane,RBP5,1,0.0
ambient,ANPEP,1,0.9995829643079687
ambient,CPA3,1,0.7604152906409067
inplane,EPCAM,1,0.9993724301047948
inplane,CFTR,1,0.9998779291551206
inplane,AMY2A,2,0.9999783842396432
inplane,ERBB2,1,0.882439851564264
inplane,GATM,2,0.9999543725465883
induction,ANPEP,5,0.999702275618776
induction,CFTR,2,0.9998664754868435
induction,KLK11,3,0.19126428034563647
inplane,SFRP4,2,0.18122286668308696
inplane,AMY2A,2,0.9999694416739985
inplane,GPX2,1,0.9972100136309748
inplane,EGFR,1,0.8393732068218221
induction,ANPEP,2,0.9996869113110531
induction,CFTR,6,0.9998655769977761
induction,KLK11,2,0.21592564269522818
ambient,CFTR,1,0.9996253492537047
ambient,PEBP4,1,0.2483069428032343
inplane,MS4A6A,1,0.8540459508591206
inplane,MYC,1,0.4916970460839831
inplane,AMY2A,3,0.9999368371204728
inplane,GATM,1,0.999850408359415
ambient,CPA3,2,0.8590966219981886
induction,ANPEP,2,0.9997037159178405
induction,CFTR,5,0.9998696692840502
induction,KLK11,3,0.1987186355089573
outplane,AMY2A,2,0.9999804501973143
outplane,GATM,2,0.99995871947825
inplane,SFRP2,1,0.9986164593664336
inplane,CD34,1,0.0
inplane,CD163,1,0.9950132294649396
inplane,AMY2A,3,0.9999757002597587
induction,ANPEP,2,0.9996758736671658
induction,CFTR,3,0.9998630436107045
induction,KLK11,5,0.14954224321697274
inplane,ACTG2,1,0.3227206636732156
inplane,CA4,2,0.822117403274653
inplane,AMY2A,1,0.9999779284684921
outplane,RND1,1,0.11587480508609416
outplane,AMY2A,4,0.9999790080913038
outplane,GATM,1,0.9999557039951712
outplane,MYLK,1,0.027084127465950347
outplane,AMY2A,1,0.9999797150200781
outplane,CCNB2,1,0.163172126380974
outplane,PROX1,1,0.862476740081337
outplane,CFB,1,0.7183742584486025
outplane,CNN1,1,0.993468680311242
outplane,CCL5,1,0.6955068026271882
outplane,AMY2A,1,0.999974381186645
outplane,MCF2L,1,0.0
outplane,FCGR1A,1,0.3940369340278336
outplane,CFTR,2,0.9998876046905905
induction,ANPEP,2,0.9997458561035626
induction,CFTR,3,0.9998882306377253
induction,KLK11,5,0.13353741087639714
ambient,COCH,1,0.7425246390996854
ambient,AQP3,1,0.8485400603488733
outplane,AMY2A,3,0.9999774146764603
outplane,GATM,1,0.9999520047257927
outplane,AQP8,1,0.9998025700059311
induction,ANPEP,4,0.9996951370519219
induction,CFTR,2,0.9998695461564072
induction,KLK11,4,0.17073931205755288
outplane,FSTL3,1,0.8403207356168785
outplane,CFTR,1,0.9998868666058014
outplane,AMY2A,2,0.9999795621166956
ambient,KCNK3,1,0.9749120991880882
ambient,HAMP,1,0.9139161569994704
induction,ANPEP,4,0.999708405842672
induction,CFTR,2,0.9998806887241927
induction,KLK11,4,0.1615201856475137
induction,ANPEP,1,0.999589945920214
induction,CFTR,6,0.9998347523773655
induction,KLK11,3,0.24648203660622636
induction,ANPEP,3,0.9997574509614009
induction,CFTR,6,0.9998957843598815
induction,KLK11,1,0.24631404135881974
ambient,UMOD,1,0.5382551294398169
ambient,GLYATL1,1,0.16934291142959645
ambient,COCH,1,0.6362352019719741
ambient,PEBP4,1,0.5405175543663111
induction,ANPEP,3,0.9996697028467799
induction,CFTR,5,0.9998543774061295
induction,KLK11,2,0.234203055185916
inplane,FCGR1A,1,0.5016968000835049
inplane,SMYD2,1,0.7445789636673001
inplane,CFTR,1,0.9998807573064539
inplane,FXYD2,1,0.9672664381681718
induction,ANPEP,6,0.9997123710466341
induction,KLK11,4,0.16850580195803933
ambient,CA4,1,0.5552852851100194
ambient,CPA3,1,0.5845761128094438
inplane,CD34,1,0.0
inplane,MYC,1,0.33628270161072327
inplane,CD163,1,0.9979055428563899
inplane,CFTR,1,0.9996833941726737
inplane,AMY2A,1,0.9999423501190446
inplane,GATM,2,0.9998674014664036
ambient,KLK11,1,0.2978460122015357
ambient,AQP3,1,0.9329642770398435
inplane,TCIM,1,0.0
inplane,CFTR,3,0.9997932134827815
inplane,GATM,1,0.9999162492080577
induction,ANPEP,3,0.9996783556431673
induction,CFTR,5,0.999858615849893
induction,KLK11,2,0.24446092026632305
ambient,CA4,1,0.7877302192483671
ambient,AQP3,1,0.8330796534413039
ambient,PEBP4,1,0.5129233401199846
ambient,GLYATL1,1,0.3818604765066066
inplane,CFTR,4,0.9998353748765436
induction,ANPEP,3,0.999606210831632
induction,CFTR,3,0.9998258692840861
induction,KLK11,4,0.22699891306099773
induction,ANPEP,6,0.9996380243418389
induction,CFTR,1,0.9998409920510499
induction,KLK11,3,0.21915682475240816
induction,ANPEP,3,0.9996880365770409
induction,CFTR,2,0.9998594211988585
induction,KLK11,5,0.13837093973773007
inplane,TCIM,1,0.0
inplane,AMY2A,4,0.9999775114011176
induction,ANPEP,1,0.9996639349645233
induction,CFTR,5,0.9998576967558788
induction,KLK11,4,0.15789088864256462
inplane,SMYD2,1,0.6679306877585075
inplane,ANPEP,2,0.9997031782491256
inplane,AMY2A,2,0.9999764327015424
ambient,FKBP11,1,0.9064556022305807
ambient,AMY2A,1,0.9999748271202005
outplane,CFB,1,0.7371034574608265
outplane,FSTL3,1,0.6614285348638674
outplane,MEST,1,0.7830055170277948
outplane,CFTR,1,0.9998603581917885
induction,ANPEP,3,0.9997316682922996
induction,CFTR,3,0.999879749850035
induction,KLK11,4,0.15445789320018788
ambient,RIDA,1,0.8638793157107936
ambient,CPA3,1,0.8566069237684955
induction,ANPEP,7,0.9997473164478899
induction,CFTR,1,0.9998889880279316
induction,KLK11,2,0.19399278723283064
outplane,ADGRL4,1,0.0
outplane,APOLD1,1,0.0
outplane,CFTR,1,0.999889377706253
outplane,AMY2A,1,0.9999804464311942
ambient,KLK11,1,0.32971529463698457
ambient,HAMP,1,0.8246223092609632
induction,ANPEP,5,0.9997360197575216
induction,CFTR,3,0.9998874390291141
induction,KLK11,2,0.19966457102475077
induction,ANPEP,5,0.9997498296575908
induction,CFTR,2,0.9998910565035191
induction,KLK11,3,0.1581688326365851
inplane,EPCAM,1,0.9991834316907855
inplane,CFTR,1,0.9998082908501907
inplane,EHF,1,0.9980497795405768
inplane,AMY2A,2,0.9999639108789502
inplane,C7,1,0.2942482397988916
induction,ANPEP,4,0.9997387986081844
induction,CFTR,2,0.9998865038959805
induction,KLK11,4,0.1355077097400489
induction,ANPEP,4,0.999711073512445
induction,KLK11,6,0.12146198995310664
inplane,AMY2A,1,0.9999768303231598
inplane,FXYD2,1,0.9633816898595732
inplane,GATM,1,0.9999508101743154
inplane,AQP8,1,0.9997977959376947
ambient,GATM,1,0.9999502932453815
ambient,AQP3,1,0.840650652199334
inplane,GNG11,1,0.0
inplane,TMC5,1,0.9971827638649182
inplane,FXYD2,1,0.9585741251630617
inplane,GPX2,2,0.997087008965406
inplane,PROX1,1,0.8352803852853319
ambient,FKBP11,1,0.9485679933213529
ambient,PEBP4,1,0.7531379416455367
inplane,PMP22,1,0.11624328651633442
inplane,CFB,1,0.8794427178175466
inplane,CFTR,1,0.9998851188811825
inplane,AMY2A,3,0.9999788867288701
inplane,ACE2,1,0.29215014902898795
ambient,AQP8,1,0.9998255615592234
ambient,PEBP4,1,0.6293185668854532
inplane,PDGFRA,1,3.5951130961109357e-11
inplane,HPGDS,1,0.378851223122747
inplane,AMY2A,3,0.9999780982327164
inplane,C7,1,0.2191743678460798
outplane,ANPEP,2,0.9997396484435905
outplane,GATM,3,0.999957218553949
induction,ANPEP,4,0.9996987416244969
induction,CFTR,3,0.9998771365044862
induction,KLK11,3,0.18734202623413243
outplane,MS4A4A,1,0.32394777721446677
outplane,MYC,1,0.6493730995619005
outplane,TBX3,1,0.02634477772348709
outplane,CCL5,1,0.3494028970299723
outplane,AMY2A,1,0.9999792808739484
outplane,GATM,1,0.999956284355022
induction,ANPEP,5,0.9997420304489225
induction,CFTR,3,0.9998876855874571
induction,KLK11,2,0.1993449757823067
ambient,COCH,1,0.7321827345570131
ambient,PROX1,1,0.8504909819007366
ambient,RIDA,2,0.8281369066061719
induction,ANPEP,6,0.9996925975487321
induction,KLK11,4,0.19194126430310565
outplane,CFTR,1,0.9998871155843824
outplane,AMY2A,3,0.9999794465551094
inplane,C5orf46,1,0.6662551076089789
inplane,LIF,1,0.9868118289609907
inplane,FXYD2,2,0.956483702490349
inplane,AQP3,1,0.8463461533903689
ambient,RIDA,1,0.7359812230858225
ambient,GATM,1,0.9999471265760999
induction,ANPEP,1,0.9996943174998034
induction,CFTR,5,0.9998651952905819
induction,KLK11,4,0.17328099455225598
ambient,RIDA,1,0.6531876185702381
ambient,CFTR,1,0.9998166134775832
inplane,ANPEP,1,0.9994552883514286
inplane,AMY2A,2,0.9999543105210548
inplane,GATM,1,0.9998969945611599
induction,ANPEP,2,0.9996784346660668
induction,CFTR,6,0.999860244539757
induction,KLK11,2,0.24811172628884504
inplane,ADAM28,1,0.8246190756767079
inplane,AMY2A,2,0.9999755181455293
inplane,GATM,1,0.9999476929009603
inplane,GCG,1,0.9974639896781815
inplane,TNFRSF9,1,0.3603881778742539
inplane,AMY2A,2,0.9999756306040908
inplane,CYP4B1,1,0.0
inplane,GATM,1,0.9999480355574465
outplane,CFTR,2,0.9997228876200451
outplane,AMY2A,1,0.999947789181638
outplane,PROX1,1,0.5661183331040328
induction,ANPEP,5,0.9995554637936938
induction,CFTR,2,0.9998134189811921
induction,KLK11,3,0.25663027536467553
ambient,DPEP1,2,0.9686287780009855
induction,ANPEP,4,0.9997128664138704
induction,CFTR,5,0.9998768747800358
induction,KLK11,1,0.2770242030593273
outplane,CAVIN1,1,0.08698940429206803
outplane,APOLD1,1,0.0
outplane,CFB,1,0.9321599463146454
outplane,FSTL3,1,0.9014760581296271
outplane,CFTR,1,0.9998778524490046
outplane,AQP2,1,0.34192470911458206
ambient,COCH,1,0.6463063154739808
ambient,GATM,1,0.9999416047524329
ambient,FKBP11,1,0.9157182087133691
ambient,AQP8,1,0.9998105475650193
inplane,PDPN,1,0.6174190405465649
inplane,INMT,1,0.2360470896632928
inplane,AMY2A,2,0.9999756630254004
inplane,GATM,1,0.9999480668311976
inplane,FBLN1,2,0.5255479242046899
inplane,VWA5A,1,0.5721990350472952
inplane,AMY2A,2,0.9999520161542375
ambient,AQP8,1,0.9998233685620398
ambient,PEBP4,1,0.7377884044746901
inplane,PPP1R1B,1,0.963413881661115
inplane,CFTR,1,0.999872732508759
inplane,C7,1,0.2758216182669909
inplane,GATM,1,0.999951915617017
ambient,RIDA,1,0.8614436908880275
ambient,CPA3,1,0.8355576716254989
induction,ANPEP,4,0.999726962871714
induction,CFTR,2,0.9998827045137387
induction,KLK11,4,0.14351132696829094
ambient,PROX1,1,0.8827387039019255
ambient,GATM,1,0.9999560612635022
outplane,AIF1,1,0.6976824723081045
outplane,STEAP4,1,0.0
outplane,AMY2A,1,0.9999793706219409
outplane,GATM,1,0.9999563984405662
inplane,AMY2A,3,0.999979178731056
inplane,AQP8,1,0.9998197844945991
outplane,EPCAM,1,0.999434785646862
outplane,TENT5C,1,0.9974088318696568
outplane,AMY2A,1,0.9999786584572831
outplane,GATM,1,0.999954649745192
outplane,CFTR,1,0.9998645241339502
outplane,AMY2A,1,0.999975916801618
outplane,GATM,2,0.9999488696327455
inplane,PLCG2,1,0.0
inplane,AMY2A,3,0.9999748917567658
inplane,AQP8,1,0.9997795273143061
induction,ANPEP,3,0.9997485720770629
induction,CFTR,3,0.999890735312735
induction,KLK11,4,0.14758023310704393
induction,ANPEP,3,0.9997293013202478
induction,CFTR,4,0.9998808386798254
induction,KLK11,3,0.16361894748941053
induction,ANPEP,1,0.9997424539980926
induction,CFTR,1,0.9998894590563099
induction,KLK11,8,0.08724762271669118
induction,ANPEP,3,0.9997208473112661
induction,CFTR,3,0.999879147319958
induction,KLK11,4,0.14145211459473894
induction,ANPEP,4,0.9995649975437211
induction,CFTR,5,0.9998112678342693
induction,KLK11,1,0.3617051737592927
outplane,MDM2,1,0.5314217026719169
outplane,KLRD1,1,0.15990349882249866
outplane,GATM,2,0.9999431548798049
inplane,ANPEP,1,0.9997320279105391
inplane,AMY2A,2,0.9999788814196644
inplane,GATM,1,0.9999552358050753
induction,ANPEP,2,0.9996991334307408
induction,CFTR,4,0.9998726284428373
induction,KLK11,4,0.15199531130132904
inplane,CFTR,1,0.9998791367103096
inplane,AMY2A,1,0.9999781934806008
inplane,GATM,2,0.9999537397825604
inplane,AMY2A,3,0.9999780764440295
inplane,AQP8,1,0.9998092001927953
outplane,AMY2A,3,0.9999807510690726
outplane,GATM,1,0.9999594457601707
outplane,ANPEP,1,0.9997280019373561
outplane,AMY2A,3,0.9999786106701806
inplane,CFB,1,0.832637679246123
inplane,SMYD2,1,0.7890393106048577
inplane,AMY2A,2,0.9999799146977828
ambient,PROX1,1,0.8441998800746575
ambient,GLYATL1,1,0.4927112960867458
inplane,ANPEP,1,0.9996858671244471
inplane,AMY2A,1,0.9999748305445766
inplane,APOA5,1,0.481474243217341
inplane,GATM,1,0.999945820745158
outplane,CFTR,1,0.9998858019318112
outplane,AMY2A,3,0.9999798136747947
outplane,AQP8,1,0.9998252834215751
induction,ANPEP,1,0.9997402685598891
induction,CFTR,6,0.9998872705489741
induction,KLK11,3,0.16890878463786319
induction,ANPEP,2,0.9996974046429109
induction,CFTR,3,0.9998660607129796
induction,KLK11,5,0.12739305028282466
ambient,CA4,1,0.8124794000332102
ambient,KCNK3,1,0.958596235411413
induction,ANPEP,3,0.9997124502664942
induction,CFTR,5,0.9998746892097937
induction,KLK11,2,0.20178409632018346
induction,ANPEP,3,0.9997414328096448
induction,CFTR,4,0.9998862447119956
induction,KLK11,3,0.1663521837567472
induction,CFTR,6,0.999878968030149
induction,KLK11,4,0.12826707872558696
induction,ANPEP,5,0.9996950529799392
induction,CFTR,3,0.9998678671044231
induction,KLK11,2,0.21272568669262948
ambient,FKBP11,1,0.9697831083366627
ambient,GATM,1,0.9999480674993212
induction,ANPEP,2,0.9993601754181515
induction,CFTR,3,0.9997267924444034
induction,KLK11,1,0.5020510112366361
induction,ANPEP,4,0.9997316441112412
induction,CFTR,2,0.9998833591764325
induction,KLK11,4,0.14511085445951288
inplane,FBN1,1,0.017848955175620573
inplane,TFPI,1,0.0
inplane,AMY2A,1,0.9999796342101034
inplane,C7,2,0.30881719995309587
outplane,MYC,1,0.6400240476566609
outplane,ANPEP,1,0.9997077186419294
outplane,AMY2A,1,0.9999766272732329
outplane,GATM,1,0.9999503372785942
ambient,CA4,1,0.8243492103843091
ambient,AQP3,1,0.8621394555277148
inplane,LAMP3,1,0.8230168875602591
inplane,GPC1,1,0.711814396717378
inplane,CD34,1,0.0
inplane,CFB,1,0.8695200143056812
inplane,MYC,1,0.7272890513212055
inplane,MALL,1,0.05357243211229312
inplane,AMY2A,1,0.9999798894345925
inplane,GATM,1,0.9999576026483126
ambient,AQP8,1,0.9998251740134805
ambient,GLYATL1,1,0.5986994649351642
ambient,UMOD,1,0.9106288211741025
ambient,AQP8,1,0.9998171615608452
ambient,COCH,1,0.6030547368738556
ambient,AQP3,1,0.7467887439504637
inplane,AMY2A,4,0.9999648432092034
induction,ANPEP,3,0.9997612860941931
induction,CFTR,3,0.9998972749348126
induction,KLK11,4,0.19942942062607738
ambient,AMY2A,1,0.9999794227488877
ambient,COCH,1,0.8880340770035955
inplane,CD93,1,0.0
inplane,AMY2A,4,0.9999757458225748
inplane,AMY2A,2,0.9999743104435121
inplane,GATM,1,0.9999450839748675
inplane,AQP8,1,0.9997731400279719
ambient,CA4,1,0.7412561773587036
ambient,GATM,1,0.9999477897830648
induction,ANPEP,5,0.9996618061512617
induction,CFTR,4,0.9998549687587087
induction,KLK11,1,0.3184167856929927
induction,ANPEP,5,0.9997549569552413
induction,CFTR,2,0.9998921925023931
induction,KLK11,3,0.16956560580934055
induction,ANPEP,3,0.9996969084603041
induction,CFTR,3,0.9998711449848846
induction,KLK11,4,0.1666886274524878
ambient,DIRAS3,1,0.717494182223233
ambient,PEBP4,1,0.277062323613789
ambient,ANPEP,1,0.9996216072845335
ambient,HAMP,1,0.836721337249338
induction,ANPEP,3,0.999728503762588
induction,CFTR,4,0.999882105217432
induction,KLK11,3,0.19704197707914772
outplane,CFTR,1,0.9998739729068832
outplane,AMY2A,3,0.9999766664493187
outplane,KCNK3,1,0.9535688476068066
induction,ANPEP,2,0.9996891746101266
induction,CFTR,1,0.9998675827382396
induction,KLK11,7,0.10157007063767642
ambient,KLK11,1,0.3161852264738444
ambient,CA4,1,0.6598401549511772
inplane,CCR7,1,0.08792084027372427
inplane,CFTR,1,0.9998747895838281
inplane,CD300E,1,0.15412535551333795
inplane,SNCA,1,0.19071017097283927
inplane,CA4,1,0.7971424923508494
inplane,GATM,1,0.9999464603029813
inplane,GCG,1,0.9975576397340535
outplane,AMY2A,3,0.9999777080864288
outplane,GATM,2,0.9999525516943757
induction,ANPEP,4,0.9995308622278254
induction,CFTR,4,0.9998075963395736
induction,KLK11,2,0.29719850589579266
ambient,ANPEP,1,0.9996176956292183
ambient,AQP8,1,0.9997220478828156
outplane,RAPGEF3,1,0.0
outplane,AMY2A,1,0.99995767652973
outplane,GATM,1,0.9999026198391088
outplane,CSF3,1,0.19557678234341325
induction,ANPEP,3,0.9996672997735135
induction,CFTR,3,0.9998588605570827
induction,KLK11,4,0.15571057849869774
induction,ANPEP,4,0.9995546903506813
induction,CFTR,2,0.9998124885069375
induction,KLK11,4,0.2223328458664623
outplane,ANPEP,1,0.9996837756880878
outplane,AMY2A,1,0.9999749033454997
outplane,KCNK3,1,0.9441418672623277
outplane,GATM,2,0.9999465431039924
outplane,FCGR1A,1,0.8150679454643646
outplane,CFB,1,0.9170344094966294
outplane,CFTR,1,0.9998928238277167
outplane,CCNB2,1,0.15152428971571807
outplane,CFTR,1,0.9998976808983224
outplane,AMY2A,3,0.9999814821988818
outplane,GATM,1,0.9999609987926178
outplane,NTN4,1,0.6265043713869611
outplane,CFTR,3,0.9998336593678196
outplane,KRT7,1,0.9918953575000393
outplane,SPIB,1,0.5857155245245425
outplane,ANPEP,1,0.9997046041229565
outplane,CFTR,1,0.9998677288765196
outplane,AMY2A,2,0.9999769501540737
outplane,GATM,1,0.9999509893710906
outplane,PMP22,1,0.171235943775655
outplane,FKBP11,1,0.7884049113522977
outplane,TM4SF18,2,0.0
outplane,APOBEC3A,1,0.28224046090840504
inplane,FSTL3,1,0.5142894473239941
inplane,FKBP11,1,0.8584690053070004
inplane,CFTR,1,0.9998349390650635
inplane,AMY2A,1,0.9999713012966108
inplane,COL5A2,1,2.513433905448892e-12
inplane,CFTR,1,0.9998756810363065
inplane,AMY2A,1,0.9999757720922537
inplane,FXYD2,1,0.9568347165591957
outplane,MS4A6A,1,0.43441409709767775
outplane,CFTR,1,0.999884033797485
outplane,AMY2A,3,0.9999791240872686
inplane,CFTR,2,0.999888550944377
inplane,AMY2A,2,0.9999793691238343
outplane,DST,1,0.3639473197737415
outplane,SERPINB9,1,0.18636598893338674
outplane,MET,1,0.2504081910217002
outplane,LAG3,1,0.20509324363999493
outplane,AMY2A,1,0.9999656449520026
induction,ANPEP,3,0.9995365348905784
induction,CFTR,4,0.999794854622615
induction,KLK11,3,0.23050671756445784
outplane,APOLD1,1,0.0
outplane,LY86,1,0.619860435709907
outplane,AMY2A,2,0.9999672921604247
outplane,KLRB1,1,0.6941552183893707
outplane,GATM,1,0.9999286959475907
outplane,CFB,1,0.8855260046966944
outplane,GATM,4,0.999903237864322
outplane,AMY2A,1,0.9999457021653584
outplane,GATM,3,0.9998753227247662
induction,ANPEP,1,0.9997386043822041
induction,CFTR,2,0.9998831800205743
induction,KLK11,7,0.14078403201308887
ambient,ANPEP,1,0.9994227082905288
ambient,KLK11,1,0.42149058672161743
ambient,CFTR,1,0.999888079552832
ambient,GLYATL1,1,0.7397828064709298
inplane,CD14,1,0.7065215085309087
inplane,NTN4,1,0.6513393983162721
inplane,AMY2A,1,0.9999709848937657
inplane,FXYD2,1,0.9321250549381489
ambient,GATM,1,0.9999452488385553
ambient,DIRAS3,1,0.9161581128807591
induction,ANPEP,3,0.9997379031379006
induction,CFTR,6,0.9998862538190707
induction,KLK11,1,0.23644806433435606
outplane,GPC1,1,0.7874626595690959
outplane,EPCAM,1,0.9992389346470297
outplane,CFTR,1,0.9998682097107986
outplane,AMY2A,1,0.9999769830748225
ambient,PROX1,1,0.862372296521407
ambient,GATM,1,0.9999590508757698
ambient,ANPEP,1,0.9996736138092168
ambient,GATM,1,0.9999451325748853
ambient,GATM,1,0.999949328264307
ambient,GLYATL1,1,0.5075364900978159
induction,ANPEP,2,0.9996277884883923
induction,CFTR,2,0.9998385247835028
induction,KLK11,6,0.13721461248918665
ambient,FKBP11,1,0.8653445592066429
ambient,CFTR,1,0.9997124381396089
outplane,SMYD2,1,0.6285668521067282
outplane,AMY2A,1,0.9999774901276658
outplane,GATM,2,0.9999522940893241
ambient,DPEP1,1,0.9855964889959377
ambient,RIDA,1,0.8966185535480415
ambient,KLK11,1,0.22068930394371444
ambient,GATM,1,0.9999587844900227
induction,ANPEP,4,0.9996910388794935
induction,CFTR,2,0.9998609392338832
induction,KLK11,4,0.17918472038120048
inplane,ANPEP,1,0.9997467717285887
inplane,AMY2A,2,0.9999803666768772
inplane,GATM,1,0.9999586464795177
inplane,PRDM1,1,0.16721624744033803
inplane,ANPEP,2,0.9996950243778763
inplane,AMY2A,1,0.9999761791364731
inplane,VCAN,1,0.9988384956833251
inplane,CD28,1,0.3801943407091104
inplane,AMY2A,2,0.9999721972247644
outplane,SNCA,1,0.38931916196212246
outplane,AMY2A,2,0.9999639111099329
outplane,AQP8,1,0.9996663115767453
inplane,AMY2A,3,0.9999674041705818
inplane,GATM,2,0.9999270772880394
inplane,AQP8,1,0.9996962758287977
ambient,CFTR,2,0.999849242829373
induction,ANPEP,4,0.9996872516390054
induction,CFTR,4,0.9998640115648723
induction,KLK11,2,0.2154313950838812
ambient,FKBP11,1,0.8107651974058797
ambient,CFTR,1,0.9996945371640821
inplane,MET,1,0.20203482398772898
inplane,AMY2A,3,0.9999336509079563
inplane,GATM,2,0.9998160224493712
inplane,MNDA,1,0.27607150262610036
inplane,GPR183,1,0.47690030481311696
inplane,AMY2A,1,0.999980395912406
inplane,AQP8,1,0.9998309512339592
outplane,SMYD2,1,0.7903578873628752
outplane,CFTR,2,0.9998568347239968
outplane,AMY2A,2,0.9999742871455519
outplane,PROX1,1,0.903799910209737
outplane,GATM,1,0.9999448911359674
induction,ANPEP,3,0.9995793492710844
induction,CFTR,2,0.9998086192206108
induction,KLK11,5,0.18264017211819428
induction,ANPEP,3,0.9996434471771983
induction,CFTR,2,0.9998477276417204
induction,KLK11,5,0.18450448075864923
induction,ANPEP,3,0.9997292491499389
induction,CFTR,4,0.9998837100359854
induction,KLK11,3,0.16492870942190563
inplane,CFTR,1,0.9998879804415958
inplane,AMY2A,2,0.9999795486111475
inplane,PROX1,1,0.8943901219757766
ambient,CFTR,1,0.9998875470018574
ambient,CPA3,1,0.8834845943218499
ambient,DPEP1,1,0.9615909418770292
ambient,CFTR,1,0.9998654746300492
induction,ANPEP,3,0.9997130289540267
induction,CFTR,4,0.9998717626181927
induction,KLK11,3,0.17405168147328953
ambient,FKBP11,1,0.9365346603576119
ambient,AMY2A,1,0.9999805945213431
outplane,LILRA4,1,0.37667085440556913
outplane,AMY2A,3,0.9999764526584575
outplane,CD2,1,0.8058945924175187
outplane,GATM,1,0.9999499860888746
ambient,CFTR,2,0.9998818621569301
ambient,CFTR,1,0.9998873676278881
ambient,CPA3,1,0.8062458716801149
inplane,MYC,1,0.6951312898106037
inplane,AMY2A,2,0.9999756425720845
inplane,FXYD2,1,0.962609008954107
inplane,GATM,1,0.999948122293217
induction,ANPEP,2,0.9997463159939921
induction,CFTR,1,0.9998883357777915
induction,KLK11,7,0.10313572137066906
ambient,UMOD,2,0.8080157445529756
outplane,AMY2A,2,0.9999740547302538
outplane,GATM,1,0.9999444209339088
outplane,AQP8,1,0.9997700518141411
induction,ANPEP,4,0.9996326924221831
induction,CFTR,5,0.9998434694885351
induction,KLK11,1,0.3057042604479141
outplane,CFB,1,0.8643802795479674
outplane,CFTR,1,0.9998744432286925
outplane,AMY2A,1,0.9999767796206926
outplane,GATM,1,0.9999506101462036
induction,CFTR,3,0.999864840259942
induction,KLK11,7,0.10834363914138423
inplane,PECAM1,1,0.0
inplane,TMC5,1,0.9915846563577834
inplane,ANPEP,1,0.9996605679078645
inplane,ADAMTS1,1,1.7643664307342988e-12
inplane,AMY2A,2,0.9999731253028529
inplane,GATM,1,0.9999423991334272
ambient,CA4,1,0.7725762068751751
ambient,KCNK3,1,0.9479975723770182
outplane,CFB,1,0.9292667671619008
outplane,CFTR,2,0.9998605568000225
outplane,TFPI,1,0.0
outplane,AMY2A,2,0.9999704776074451
outplane,PROX1,1,0.850312314735028
outplane,GCG,1,0.9974149015636308
ambient,DPEP1,1,0.9811747386354823
ambient,PEBP4,1,0.7477282930599342
induction,ANPEP,4,0.9996212918052453
induction,CFTR,3,0.9998412285525307
induction,KLK11,3,0.23085670668691605
outplane,CFTR,1,0.9997837782517821
outplane,AMY2A,2,0.9999601224344215
outplane,GATM,1,0.9999084381612994
induction,ANPEP,6,0.9997260656518443
induction,CFTR,2,0.9998809314043734
induction,KLK11,2,0.2065941905630041
ambient,HAMP,1,0.8808617104352238
ambient,COCH,1,0.7769777438545515
induction,ANPEP,3,0.9996022530757592
induction,CFTR,2,0.999837892709765
induction,KLK11,5,0.16369477947773658
outplane,CFB,1,0.9230641486326283
outplane,EPCAM,1,0.9994825905811076
outplane,CFTR,1,0.9998731427943512
outplane,PROX1,1,0.9104991463005844
ambient,KLK11,1,0.3501981430739908
ambient,KCNK3,1,0.899670378602633
ambient,PROX1,2,0.8057471320324485
ambient,DPEP1,1,0.9659151894387406
ambient,PEBP4,1,0.6212836008337147
outplane,ECSCR,1,0.0
outplane,INMT,1,0.07332179810449746
outplane,PECAM1,1,0.0
outplane,SOX18,1,0.0
ambient,CFTR,1,0.9998147834497643
ambient,GLYATL1,1,0.3752609194354335
induction,ANPEP,5,0.9996532444705102
induction,CFTR,3,0.999851966623395
induction,KLK11,2,0.23463056783833114
ambient,CFTR,1,0.9998696332027013
ambient,AQP3,1,0.8020524891903225
induction,ANPEP,5,0.9997367906353599
induction,CFTR,1,0.9998868016977406
induction,KLK11,4,0.17543873971678536
inplane,FCN1,1,0.20711214647282028
inplane,TM4SF18,1,0.0
inplane,AMY2A,2,0.9999757965511048
inplane,GATM,1,0.9999485546548678
outplane,AMY2A,2,0.9999585458578883
outplane,GATM,2,0.99990899378649
outplane,AQP8,1,0.999616596357041
induction,ANPEP,3,0.9996893371342612
induction,CFTR,3,0.9998672764643949
induction,KLK11,4,0.18565826345298653
ambient,AMY2A,1,0.9999704672663337
ambient,KCNK3,1,0.9435596497504778
inplane,VSIG4,1,0.6212849414675573
inplane,EPCAM,1,0.9992189386060768
inplane,TENT5C,1,0.9959421396258216
inplane,AMY2A,1,0.9999669250345247
outplane,MYC,1,0.6507673338483524
outplane,CD163,1,0.9917083086136631
outplane,AMY2A,2,0.9999784756063408
outplane,GATM,1,0.9999544884395807
induction,ANPEP,4,0.999731911781032
induction,KLK11,6,0.1134074970594302
induction,ANPEP,4,0.9997143240968009
induction,CFTR,1,0.9998782936372711
induction,KLK11,5,0.1296855286467491
inplane,FSTL3,1,0.7216114557034581
inplane,ANPEP,1,0.9996374335974311
inplane,CFTR,2,0.9998421759067014
inplane,AMY2A,1,0.9999722857075696
inplane,GATM,1,0.999938737602871
outplane,PECAM1,1,0.0
outplane,CFTR,2,0.9998846680815682
outplane,AMY2A,1,0.9999776990573558
outplane,KCNK3,1,0.954663166181327
outplane,GATM,1,0.999952638636418
ambient,ANPEP,1,0.9995109829496505
ambient,KCNK3,1,0.8975716060229171
induction,ANPEP,3,0.9994675585221398
induction,CFTR,3,0.9997768832165356
induction,KLK11,2,0.3780205939293483
induction,ANPEP,2,0.9996032437347365
induction,CFTR,3,0.9998322242537335
induction,KLK11,5,0.20505274475102564
inplane,AMY2A,3,0.9999498608622834
inplane,FXYD2,1,0.9175597387539219
inplane,GATM,1,0.9998871175986088
ambient,DPEP1,1,0.9746051579656527
ambient,AMY2A,1,0.9999763080790086
ambient,KLK11,1,0.25941622183244983
ambient,AQP3,1,0.8601809906287425
ambient,CA4,1,0.6997250827971795
ambient,AQP8,1,0.999724069549013
outplane,MNDA,1,0.5073805796748189
outplane,BCL2L11,1,0.30349007688043705
outplane,CXCL6,2,0.9977679960787864
induction,ANPEP,1,0.9997454367516705
induction,CFTR,6,0.9998865479066948
induction,KLK11,3,0.1669900195244527
ambient,DPEP1,1,0.8885792823939014
ambient,KCNK3,1,0.9275003623919043
induction,ANPEP,2,0.9996614869378097
induction,CFTR,5,0.9998510815766254
induction,KLK11,3,0.1852650851638824
outplane,EHF,1,0.9985448692268344
outplane,AMY2A,3,0.9999815695468048
induction,ANPEP,5,0.9996945115473361
induction,CFTR,3,0.9998685212730161
induction,KLK11,2,0.21705785468621863
outplane,VWA5A,1,0.6514745498002299
outplane,AMY2A,2,0.9999783169113365
outplane,GATM,1,0.9999541414530079
inplane,TCIM,2,0.0
inplane,ANPEP,1,0.9995035538655893
inplane,AMY2A,1,0.9999575620318863
outplane,AMY2A,3,0.9999736212329591
outplane,GATM,1,0.9999434843949867
induction,ANPEP,4,0.9996549974164536
induction,CFTR,2,0.9998440720279543
induction,KLK11,4,0.17561909431122913
induction,ANPEP,1,0.9994239543152046
induction,CFTR,4,0.9997952306357507
induction,KLK11,1,0.512335208989721
induction,ANPEP,5,0.9995656243560568
induction,CFTR,2,0.9998017031900218
induction,KLK11,3,0.24230756402998466
induction,ANPEP,1,0.9997050748767299
induction,CFTR,5,0.9998670921199899
induction,KLK11,4,0.18306870511756135
inplane,CFTR,1,0.9998961031844116
inplane,AMY2A,1,0.999981404084322
inplane,AQP8,2,0.9998396027980073
induction,ANPEP,1,0.9993579054148548
induction,KLK11,5,0.3126514944458394
inplane,CFTR,1,0.9998822532228802
inplane,AMY2A,1,0.9999787279119243
inplane,CXCL6,1,0.9982336549346749
inplane,GATM,1,0.9999549017327926
outplane,PCNA,1,0.6702027426907678
outplane,AMY2A,2,0.9999779130275277
outplane,GATM,1,0.9999530000010758
inplane,MDM2,1,0.7736456862316667
inplane,CD4,1,0.31910871507019023
inplane,MET,1,0.6244026561661024
inplane,SERPINB3,1,0.9863263533690766
inplane,AMY2A,2,0.9999765291951942
inplane,FXYD2,1,0.9814266116423929
inplane,GATM,1,0.9999500415258239
inplane,DIRAS3,2,0.9578502806395686
induction,ANPEP,4,0.9997239659255668
induction,CFTR,5,0.9998801479493068
induction,KLK11,1,0.2536383658248669
outplane,MYC,1,0.6054672203906006
outplane,AMY2A,3,0.9999774940748261
outplane,GATM,1,0.9999527020416062
induction,ANPEP,1,0.9995887177820528
induction,CFTR,5,0.9998224426565072
induction,KLK11,4,0.2097644281753983
ambient,CA4,1,0.846481643276152
ambient,AQP8,1,0.9997956509551384
inplane,CD83,1,0.35349321135240197
inplane,CAV1,1,0.04473406998090579
inplane,CFTR,1,0.9998794996420549
inplane,AMY2A,2,0.9999783394523951
inplane,GATM,1,0.9999542288681021
induction,ANPEP,3,0.9997208780222756
induction,CFTR,2,0.9998774360730369
induction,KLK11,5,0.1253089063439805
inplane,MS4A6A,1,0.8243458685720433
inplane,CFB,2,0.8144798649811655
inplane,SERPINB9,1,0.26962246245853727
inplane,CFTR,1,0.9998149884561256
inplane,AMY2A,1,0.9999656900182567
outplane,CTSK,1,0.27535393461356517
outplane,HAVCR2,1,0.838211843693905
outplane,TM4SF18,1,0.0
outplane,AMY2A,1,0.9999743127879221
outplane,FXYD2,1,0.9672060749146671
outplane,CXCL6,1,0.9982567504283623
outplane,GCG,1,0.9974747460235092
inplane,MEST,1,0.7839443359170937
inplane,TENT5C,1,0.9975288657130281
inplane,KCNK3,1,0.9549584315718502
inplane,GATM,1,0.9999544792155083
inplane,TMC5,1,0.9909800254196321
inplane,PPARG,1,0.07064540038109379
inplane,CFTR,1,0.9998861036743677
inplane,CAVIN2,1,0.0
outplane,TCIM,1,0.0
outplane,CFTR,1,0.9998831487755265
outplane,EHF,1,0.9987355763427073
outplane,CXCL6,1,0.998629063024011
induction,ANPEP,5,0.9996527132105992
induction,CFTR,1,0.9998581961236493
induction,KLK11,4,0.19923538944188235
induction,ANPEP,3,0.999736635499776
induction,CFTR,5,0.9998841305618595
induction,KLK11,2,0.21328910983542104
inplane,VCAN,1,0.9986912736161326
inplane,CFTR,1,0.9998845445400364
inplane,GATM,2,0.9999568109039841
outplane,AMY2A,3,0.9999785238749561
outplane,GATM,1,0.9999545573015732
outplane,FAS,1,0.3700243195937749
outplane,AMY2A,3,0.9999729219708072
inplane,EDN1,1,0.3511044392128597
inplane,CFTR,2,0.9998851175831324
inplane,AMY2A,1,0.9999796433168139
inplane,AMY2A,4,0.9999791745159915
inplane,GATM,1,0.9999560685437738
outplane,CFTR,1,0.9998670146207427
outplane,TFPI,1,0.0
outplane,AMY2A,1,0.9999762211798208
outplane,GATM,1,0.9999492633200161
outplane,AQP8,1,0.9997906854165434
inplane,BASP1,1,0.08759151881956995
inplane,DST,1,0.6169157189272796
inplane,GATA2,1,0.0
inplane,FXYD2,1,0.9764510392573111
ambient,CFTR,1,0.9998829919174975
ambient,UMOD,1,0.9233403072493219
induction,ANPEP,3,0.99973575332264
induction,CFTR,3,0.9998819422256796
induction,KLK11,4,0.16595408003402867
inplane,BCL2L11,1,0.3705183477937828
inplane,AMY2A,2,0.999978273601985
inplane,GATM,1,0.9999539415874364
induction,ANPEP,5,0.9997023869227369
induction,CFTR,2,0.9998776872739
induction,KLK11,3,0.18508430772233597
inplane,TM4SF18,1,0.0
inplane,AMY2A,2,0.9999801594787586
inplane,ERBB2,1,0.9605815940315574
inplane,CFB,1,0.8583291714607304
inplane,MYC,1,0.6829633363175738
inplane,AMY2A,2,0.9999722584913758
inplane,GATM,1,0.999940587006306
ambient,CPA3,1,0.8387554376450667
ambient,GATM,1,0.999951792249981
ambient,FKBP11,1,0.9255145932038195
ambient,AQP3,1,0.8819698829869504
ambient,CA4,1,0.8564209478994038
ambient,COCH,1,0.808443534161298
inplane,AMY2A,2,0.999973270495855
inplane,GATM,2,0.9999426544469707
inplane,FKBP11,1,0.9029968207187222
inplane,MYC,1,0.6192184711370454
inplane,PPP1R1A,1,0.9724220765143556
inplane,AMY2A,4,0.9999662436630674
inplane,GPX2,1,0.9903748779203994
inplane,CLCA2,1,0.2142261485321022
ambient,RIDA,1,0.8849270179798436
ambient,CA4,1,0.8815004363888898
induction,ANPEP,1,0.9992080119925006
induction,CFTR,3,0.9996430451729882
induction,ANPEP,5,0.9996078395774358
induction,CFTR,1,0.9998269697098465
induction,KLK11,4,0.19061942921182684
ambient,CFTR,1,0.9998635880381606
ambient,CPA3,1,0.8534758866195091
ambient,COCH,1,0.877318431433273
ambient,AQP3,1,0.9344097539124954
induction,ANPEP,5,0.9997178834112862
induction,CFTR,2,0.9998770157693287
induction,KLK11,3,0.16201593159951366
ambient,CA4,1,0.717548487128344
ambient,GLYATL1,1,0.4118655347753183
ambient,FKBP11,1,0.7679937597960741
ambient,CFTR,1,0.9997131910554685
inplane,PPP1R1B,1,0.9588164480405587
inplane,AMY2A,4,0.9999626608836564
inplane,MDM2,1,0.4997986138193208
inplane,ANPEP,1,0.9995769658308625
inplane,AMY2A,3,0.9999659314610468
inplane,CDK1,1,0.27412187858611214
inplane,GATM,1,0.9999257544129847
ambient,RIDA,1,0.8632318247081047
ambient,HAMP,1,0.910291056752224
induction,ANPEP,5,0.9997327192261997
induction,KLK11,5,0.1269620964437953
outplane,NTN4,1,0.7414199375259073
outplane,CFB,1,0.8574606940849178
outplane,MS4A1,1,0.4633478208999229
outplane,C1orf162,1,0.7420490831378617
outplane,AMY2A,1,0.9999732576239807
outplane,CFB,1,0.8599659164095926
outplane,MET,1,0.3918534540423435
outplane,ANPEP,1,0.9996958104635018
outplane,SMIM24,1,0.3723911513351562
inplane,TCIM,1,0.0
inplane,CD93,1,0.0
inplane,AMY2A,2,0.9999800080627531
induction,ANPEP,5,0.9997426714909047
induction,CFTR,3,0.99988527570907
induction,KLK11,2,0.24619579894632893
inplane,MEST,1,0.7788153631501828
inplane,AMY2A,1,0.9999757983237646
inplane,GATM,2,0.9999485793111952
induction,ANPEP,4,0.9995174430997326
induction,CFTR,3,0.9997928675754545
induction,KLK11,1,0.4656582945246104
ambient,CFTR,1,0.9998909488930833
ambient,CPA3,1,0.8619767221730694
induction,ANPEP,4,0.9997120168376594
induction,CFTR,2,0.999882877041497
induction,KLK11,4,0.1610138349860588
induction,ANPEP,3,0.9997576502921875
induction,CFTR,4,0.999893845473118
induction,KLK11,3,0.18393119667100577
inplane,CFTR,1,0.9998467706888691
inplane,KLK11,1,0.2874502622927828
inplane,AMY2A,2,0.9999687856347024
inplane,FXYD2,1,0.9477687986243147
inplane,GATM,1,0.9999325745364768
induction,ANPEP,1,0.9996960313667465
induction,CFTR,5,0.9998694921564348
induction,KLK11,4,0.1735920591824609
outplane,C5orf46,1,0.46013309166965954
outplane,CFTR,1,0.999862038371294
outplane,AMY2A,2,0.9999753353694413
inplane,PRDM1,1,0.2514594643053717
inplane,CFTR,1,0.9998531785879112
inplane,ADAM28,1,0.7521941661073147
inplane,AMY2A,2,0.9999736498245976
inplane,PPP1R1B,1,0.9732231358800572
inplane,DPEP1,1,0.9840310547077687
inplane,CFTR,1,0.999878382376824
inplane,GATM,1,0.9999552558482657
outplane,SMYD2,1,0.7204762442415942
outplane,STEAP4,1,0.0
outplane,CFTR,1,0.9998753280778747
outplane,FXYD2,1,0.9601682993805319
inplane,ASPN,1,0.261747429811397
inplane,TCIM,1,0.0
inplane,CFTR,1,0.9996450067451271
inplane,EHF,1,0.9956335403339126
inplane,CXCL6,1,0.9958151126757648
ambient,RIDA,1,0.8491348142517141
ambient,KCNK3,1,0.967361020449733
ambient,CA4,1,0.5949809591858726
ambient,PEBP4,1,0.4087276696563975
induction,ANPEP,1,0.9993888632663773
induction,CFTR,4,0.9997282082277387
induction,KLK11,1,0.49748586240712067
outplane,CFTR,1,0.999874698340395
outplane,AMY2A,2,0.9999752843549913
outplane,GPX2,1,0.9969693805547214
outplane,GATM,2,0.9999472067312135
induction,CFTR,6,0.9998754496510041
induction,KLK11,4,0.1472724158717349
induction,ANPEP,2,0.9997135921743798
induction,CFTR,5,0.9998771791103908
induction,KLK11,3,0.17254987713029024
ambient,ANPEP,1,0.9996932796508807
ambient,UMOD,1,0.8436402618945781
inplane,AMY2A,2,0.9999687501951934
inplane,CXCL2,1,0.3926413826780578
inplane,AQP8,1,0.999718696482308
induction,ANPEP,2,0.999727404774384
induction,CFTR,3,0.9998813671988543
induction,KLK11,5,0.12313126299250676
induction,ANPEP,2,0.999693953058419
induction,CFTR,4,0.9998689305050812
induction,KLK11,4,0.15184489514846666
inplane,C1orf194,1,0.6258069422690652
inplane,ANPEP,1,0.9997212270288769
inplane,AMY2A,1,0.9999779194659081
inplane,AQP8,1,0.9998070183114036
induction,ANPEP,3,0.9997171612972796
induction,CFTR,5,0.9998728970160432
induction,KLK11,2,0.23686606281597244
inplane,STC1,1,0.0
inplane,AMY2A,2,0.9999756389407476
inplane,GATM,1,0.999948080349086
induction,ANPEP,3,0.9997231729242756
induction,CFTR,1,0.9998861445864625
induction,KLK11,6,0.11384981539869321
ambient,RIDA,1,0.756479816060666
ambient,AMY2A,1,0.9999732939027086
inplane,MYC,1,0.5166072988328965
inplane,EPCAM,1,0.9990338960680843
inplane,CXCL2,1,0.4341045394509847
inplane,GATM,1,0.9999161796793489
induction,ANPEP,1,0.9996107626844178
induction,CFTR,1,0.9998230175927968
induction,KLK11,8,0.11849976353044867
induction,ANPEP,2,0.9997287717643044
induction,CFTR,7,0.9998799148431099
induction,KLK11,1,0.3034124693910556
outplane,PTGDS,1,0.9262870927460949
outplane,FSTL3,1,0.9294441476365057
outplane,KLK11,1,0.35522929813650894
outplane,ARFGEF3,1,0.9065150102222288
outplane,AMY2A,3,0.9999646111466418
outplane,GATM,1,0.9999478779682125
outplane,GCG,4,0.9976317077847286
induction,ANPEP,2,0.9997216633903988
induction,CFTR,6,0.9998777993057958
induction,KLK11,2,0.19248986416808322
inplane,MYLK,1,0.3594100631423288
inplane,CRISPLD2,1,0.42109616947342665
inplane,COL5A2,1,0.6032023617148965
inplane,AMY2A,2,0.9999731825631996
inplane,C7,1,0.6538676660383582
inplane,AQP8,1,0.9997623338647619
induction,ANPEP,2,0.9995269511195741
induction,CFTR,6,0.9997953871299299
induction,KLK11,2,0.30714803611849173
induction,ANPEP,3,0.9995826391178914
induction,CFTR,2,0.9998423144514542
induction,KLK11,5,0.17543696074187431
ambient,GATM,2,0.9998873514494268
induction,ANPEP,6,0.999578899711709
induction,CFTR,2,0.999838397425336
induction,KLK11,2,0.32734575412321565
ambient,RIDA,1,0.6909155595793792
ambient,CFTR,1,0.9997584982971887
inplane,CD14,1,0.5515164401229724
inplane,CFB,1,0.9442354862889418
inplane,CFTR,2,0.9997838327334196
outplane,STC1,1,0.0
outplane,AMY2A,4,0.999948442636345
outplane,GATM,1,0.9998817856637812
outplane,AQP8,1,0.999484641621769
outplane,MFAP5,1,0.2739377466604359
outplane,AMY2A,1,0.9999766657235826
outplane,FXYD2,1,0.957636247066568
outplane,GATM,1,0.9999504239526628
ambient,HAMP,1,0.7221569336700058
ambient,GATM,1,0.9999079915512425
inplane,CFTR,1,0.9997703341697962
inplane,TM4SF18,1,0.0
inplane,AMY2A,1,0.9999520525986885
inplane,GATM,1,0.9998920678100531
induction,ANPEP,3,0.9995722666360386
induction,CFTR,5,0.9998149773753143
induction,KLK11,2,0.2797882814087298
induction,ANPEP,4,0.9995975672206036
induction,CFTR,2,0.9998306118938006
induction,KLK11,4,0.2115772803520043
outplane,EPCAM,1,0.9992184420155343
outplane,AMY2A,2,0.9999600232278193
outplane,SCGN,1,0.99000609742029
induction,ANPEP,2,0.9995938942569862
induction,CFTR,2,0.9998253526631516
induction,KLK11,6,0.13425593584792617
outplane,ANPEP,1,0.999695337782493
outplane,AMY2A,3,0.9999762171313847
ambient,KLK11,1,0.3762309203831594
ambient,PEBP4,1,0.5877765634693752
outplane,EPCAM,1,0.9993065191223321
outplane,ANPEP,1,0.999636633583557
outplane,CFTR,1,0.9998425243882255
outplane,GPC3,1,0.7230750844768932
inplane,FCGR1A,1,0.7222832932761882
inplane,PLD4,1,0.5501024171621416
inplane,CD247,1,0.5750844071411885
inplane,AMY2A,2,0.9999695827095679
inplane,SPIB,1,0.7057744547503807
inplane,ACTG2,1,0.3615699105587751
inplane,EPCAM,1,0.9994561733650775
inplane,ANPEP,1,0.9997354387353575
inplane,AMY2A,1,0.999979341287264
inplane,GATM,1,0.9999563464676117
inplane,EPCAM,1,0.9995807422579907
inplane,AMY2A,4,0.9999550732135435
inplane,GATM,1,0.9998988988122026
ambient,KLK11,1,0.2537476356203694
ambient,PEBP4,1,0.6229264877580087
ambient,FKBP11,1,0.915122492487483
ambient,AMY2A,1,0.9999788875867589
ambient,DPEP1,1,0.9544825609084252
ambient,AQP8,1,0.99971230331625
induction,ANPEP,2,0.9996423587197647
induction,CFTR,5,0.9998442580737061
induction,KLK11,3,0.21222553007099898
inplane,IRF8,1,0.3211621708816672
inplane,MDM2,1,0.49640671117389756
inplane,CFTR,1,0.9998731919114382
inplane,AMY2A,4,0.999977438824953
induction,ANPEP,1,0.9996768293005773
induction,CFTR,4,0.9998591235573759
induction,KLK11,5,0.13363785928811267
induction,ANPEP,2,0.9996252058309767
induction,CFTR,3,0.9998295432641592
induction,KLK11,5,0.16246932387885593
ambient,DPEP1,1,0.9619895018652572
ambient,UMOD,1,0.8293883988850848
inplane,GYPA,1,0.26354609126075945
inplane,AMY2A,1,0.9999314456618134
inplane,CYP2B6,1,0.11809076989518996
inplane,GATM,1,0.9998407777762117
inplane,AQP8,1,0.9993040144973163
outplane,CFTR,1,0.9998849492197703
outplane,AMY2A,2,0.9999789478259536
outplane,GATM,2,0.9999553583862552
inplane,CFTR,1,0.9998682354837767
inplane,AMY2A,1,0.9999733673706492
inplane,FXYD2,2,0.9664486009897092
ambient,PROX1,1,0.805211628603003
ambient,GATM,1,0.9999289327765897
inplane,PLAC9,1,0.22720362712611764
inplane,GATA2,1,0.0
inplane,DPT,1,0.9187101982998429
inplane,AMY2A,2,0.9999286055385648
inplane,C20orf85,1,0.29099860125280386
induction,ANPEP,4,0.9996771705435475
induction,CFTR,3,0.9998618936428366
induction,KLK11,3,0.18893545799127232
outplane,CFB,1,0.8277872270495749
outplane,C1orf162,1,0.6295980251910513
outplane,AMY2A,2,0.9999763558743638
outplane,PEBP4,1,0.626747419003972
ambient,FKBP11,1,0.9470351862585348
ambient,HAMP,1,0.9089555299659543
outplane,CFB,1,0.8077928133553642
outplane,TMC5,1,0.9903816851484525
outplane,GDF15,1,0.9070813388412633
outplane,GATM,1,0.9999485164255539
outplane,KCNMA1,1,0.5419258165047611
outplane,MTRNR2L11,1,0.44953462966282576
outplane,AMY2A,1,0.9999801776781169
outplane,GATM,1,0.9999582591204897
outplane,DIRAS3,1,0.9369602755911118
induction,ANPEP,6,0.9995749939312683
induction,CFTR,2,0.9998060144290135
induction,KLK11,2,0.2882960899718542
inplane,CFB,1,0.8401212813899062
inplane,EHF,1,0.9985185302034811
inplane,AMY2A,1,0.9999767239757014
inplane,SPIB,1,0.6805650072364633
induction,ANPEP,3,0.9997228332365834
induction,CFTR,3,0.9998754863347811
induction,KLK11,4,0.14171745245086909
ambient,ANPEP,1,0.9996758232556916
ambient,KCNK3,1,0.9367425617740504
ambient,FKBP11,1,0.9068116752419857
ambient,CFTR,1,0.9998683631440833
ambient,DPEP1,1,0.9575537244590665
ambient,AQP8,1,0.999685389588278
inplane,HAVCR2,1,0.7178128354247775
inplane,AMY2A,1,0.9999792537235657
inplane,PROX1,1,0.8960236511992153
inplane,GATM,1,0.999956185936686
inplane,AQP8,1,0.9998205645184375
induction,ANPEP,4,0.9996935967536503
induction,CFTR,3,0.999868780576091
induction,KLK11,3,0.1920823870366195
induction,ANPEP,4,0.9994446457834836
induction,CFTR,1,0.9997705237674633
induction,KLK11,3,0.3230924910525179
induction,ANPEP,5,0.9996153042524941
induction,CFTR,2,0.999840280074222
induction,KLK11,3,0.2143314384186097
inplane,SMYD2,1,0.6962175393245627
inplane,AMY2A,3,0.9999735620882773
inplane,GATM,1,0.9999433951189964
inplane,AMY2A,3,0.9999789717132376
inplane,GATM,1,0.9999555594576005
ambient,ANPEP,1,0.9997032509688961
ambient,CPA3,1,0.7813435392910872
inplane,CD14,1,0.39377823408997814
inplane,FSTL3,1,0.7971574956394107
inplane,CFTR,1,0.9998709958985315
inplane,TM4SF18,1,0.0
induction,ANPEP,2,0.999715433098986
induction,CFTR,3,0.9998793649935248
induction,KLK11,5,0.1310907359139275
ambient,DPEP1,1,0.9641153839847166
ambient,CPA3,1,0.7502336340606233
outplane,AMY2A,2,0.9999783501309993
outplane,CXCL6,1,0.9987255779749237
outplane,GATM,1,0.9999540968005671
outplane,THBS2,1,0.9959025055095604
outplane,PDGFRA,1,5.3503423913525694e-11
outplane,SLC26A2,1,0.2842909846640289
outplane,ACTA2,1,5.955347326391802e-12
induction,ANPEP,4,0.999695608114297
induction,CFTR,1,0.9998670490291184
induction,KLK11,5,0.14171953957424144
outplane,MYC,2,0.5892421531192071
outplane,AMY2A,2,0.9999729461589261
outplane,GATM,2,0.9999423498948837
inplane,VCAN,1,0.9988244191478749
inplane,CFB,1,0.893529973264747
inplane,MNDA,1,0.4371469036495772
inplane,AIF1,1,0.7521635352363611
inplane,CFTR,1,0.9998808442524124
inplane,AMY2A,2,0.9999775001560219
inplane,AMY2A,3,0.9999809532367121
inplane,GATM,1,0.9999600056781602
ambient,CPA3,1,0.7567854835900567
ambient,KCNK3,1,0.9422894726081744
ambient,KLK11,1,0.23381157241979567
ambient,KCNK3,1,0.9587402796062241
inplane,DST,1,0.5907890578226449
inplane,AMY2A,2,0.9999748015458575
inplane,GATM,2,0.9999460646018937
inplane,AMY2A,4,0.9999649791547838
inplane,BTNL9,1,0.0
outplane,FGL2,1,0.7099379204770588
outplane,MS4A6A,1,0.8350921994390788
outplane,BAMBI,1,0.7754257376324386
outplane,AMY2A,2,0.9999797294083071
outplane,PROX1,1,0.9219332336114958
outplane,GATM,1,0.9999571585037685
ambient,CPA3,1,0.7619896831199793
ambient,COCH,1,0.6992722845713741
inplane,NTN4,1,0.720769191626077
inplane,MEST,1,0.7854505026746679
inplane,IGSF6,1,0.569429150449203
inplane,AMY2A,2,0.9999753044472981
induction,ANPEP,1,0.9996969251135156
induction,CFTR,3,0.9998662159982409
induction,KLK11,6,0.12366993133387316
induction,ANPEP,5,0.9997416275528904
induction,CFTR,2,0.9998893297196804
induction,KLK11,3,0.1551575982376513
inplane,AMY2A,4,0.9999784095049866
inplane,GATM,1,0.9999542650525238
inplane,AQP8,1,0.9998122957794356
ambient,RIDA,1,0.602722220988722
ambient,CPA3,1,0.5944286577470161
outplane,TCIM,2,0.0
outplane,BCL2L11,1,0.2880775762516067
outplane,CFTR,1,0.9997956029048736
inplane,CFTR,1,0.9996879994683238
inplane,EHF,1,0.9976605982173343
inplane,AMY2A,1,0.9999300406305149
inplane,FXYD2,1,0.8557680830170884
inplane,INS,1,0.9974638659813527
induction,ANPEP,1,0.9994270252163001
induction,CFTR,1,0.999777394752098
induction,KLK11,6,0.21534681208437756
outplane,MYC,1,0.5522931862820393
outplane,AMY2A,3,0.9999726201161939
ambient,CPA3,1,0.7246135297613093
ambient,GATM,1,0.9999342346771318
induction,ANPEP,5,0.9995821272545902
induction,CFTR,4,0.9998150336226691
induction,KLK11,1,0.3348632633269861
inplane,CFB,1,0.4072574117418466
inplane,MDM2,1,0.36249763259889023
inplane,CFTR,1,0.9996858767162721
inplane,GDF15,1,0.6917069512471337
inplane,AMY2A,1,0.9999428796542218
ambient,HAMP,1,0.5935364678941131
ambient,GATM,1,0.9998296180915315
inplane,MDM2,1,0.49761442448358584
inplane,AMY2A,3,0.9999403864833101
inplane,GATM,1,0.9998628529654017
inplane,DST,1,0.2869161983963041
inplane,AMY2A,2,0.9999425132155876
inplane,KCNK3,1,0.8281670931865219
outplane,AMY2A,2,0.9999336381512886
outplane,FXYD2,1,0.7358928898313746
outplane,GATM,2,0.9998431444564857
outplane,FKBP11,1,0.9122574476614462
outplane,AMY2A,2,0.9999721457860246
outplane,GATM,1,0.9999403085042201
ambient,FKBP11,1,0.9061502778315861
ambient,AQP3,1,0.8282764451395852
outplane,TMC5,1,0.9836643395020347
outplane,PPARG,1,0.17985684495886867
outplane,CFTR,1,0.9996347980139599
outplane,CAVIN2,1,0.0
inplane,AMY2A,2,0.9999358632902002
inplane,CXCL2,1,0.21403332016874033
inplane,GATM,1,0.9998481513955031
outplane,MMRN2,1,0.0
outplane,SFRP4,1,0.9089758974998574
outplane,CFTR,1,0.999877994816334
outplane,TM4SF18,1,0.0
outplane,AMY2A,1,0.9999783761291307
outplane,PECAM1,1,0.0
outplane,MDM2,1,0.44629681875642946
outplane,TFPI,1,0.0
outplane,AMY2A,2,0.9999771415188015
outplane,GATM,1,0.9999518480364451
inplane,MS4A6A,1,0.7775910576463543
inplane,FBN1,1,0.012184974849415164
inplane,AMY2A,2,0.999979803199758
induction,ANPEP,3,0.9997494693348097
induction,CFTR,4,0.9998883864401094
induction,KLK11,3,0.17124761901973218
ambient,UMOD,1,0.8387466062990134
ambient,AQP3,1,0.799596037795572
induction,ANPEP,4,0.9997442764872329
induction,CFTR,4,0.9998876112464492
induction,KLK11,2,0.19548356550139956
inplane,CFB,1,0.8004589826302237
inplane,EDN1,1,0.16798089156781737
inplane,EPCAM,1,0.9993232062399017
inplane,CFTR,2,0.9998826967526796
inplane,GATM,1,0.9999569653369671
ambient,DIRAS3,1,0.953863339267412
ambient,GLYATL1,1,0.6524618714158679
ambient,FKBP11,1,0.9456815452879851
ambient,GATM,1,0.9999592728470675
induction,ANPEP,4,0.9997495527247433
induction,CFTR,5,0.9998911912067585
induction,KLK11,1,0.240581026594067
ambient,FKBP11,1,0.8980779188253741
ambient,RIDA,1,0.766011591757517
outplane,SFTA2,1,0.2973367113755073
outplane,FBN1,1,0.2724514238958764
outplane,EPCAM,1,0.9994671947271595
outplane,TENT5C,1,0.997623234391513
outplane,GATM,1,0.9999574427964077
ambient,KLK11,1,0.248965223599377
ambient,AQP8,1,0.9997941800721436
inplane,VSIG4,1,8.428391318204831e-11
inplane,PTPRC,1,0.9953558127118682
inplane,KCNMA1,1,0.45519852964243657
inplane,PPARG,1,0.0457469597555058
inplane,PRDM1,1,0.054856563076172815
inplane,ACTA2,1,2.8380631178492877e-12
inplane,TCIM,1,0.0
inplane,CRISPLD2,1,3.84658971341878e-12
inplane,AMY2A,1,0.9999769131890728
inplane,GATM,1,0.9999510639040716
outplane,AMY2A,3,0.9999763938691542
outplane,SOX17,1,0.0
ambient,FKBP11,1,0.9503033894641626
ambient,RIDA,1,0.8778509026375596
ambient,CFTR,1,0.9998279203787422
ambient,UMOD,1,0.8365184179946502
outplane,AMY2A,1,0.9999803630700096
outplane,PROX1,1,0.93834746262867
outplane,GATM,2,0.9999585388557842
outplane,AQP8,1,0.9998302288460852
outplane,DST,1,0.46151880014313973
outplane,PPP1R1B,1,0.9645747813171245
outplane,EPCAM,1,0.9993400528096503
outplane,KRT7,1,0.9865926646949618
outplane,AMY2A,1,0.9999801554129346
ambient,DPEP1,1,0.9682911491265013
ambient,PROX1,1,0.8400880015822705
induction,ANPEP,4,0.9997049792235834
induction,CFTR,3,0.9998678811845821
induction,KLK11,3,0.1734167603470096
ambient,GATM,1,0.9999556966736446
ambient,DIRAS3,1,0.971130154763191
induction,ANPEP,5,0.9997654183132074
induction,CFTR,3,0.9998980695531621
induction,KLK11,2,0.26529792458733314
inplane,CTSK,1,0.02276722191596059
inplane,CFB,1,0.8517566432206364
inplane,CFTR,1,0.9998906488818542
inplane,AMY2A,2,0.9999806627986957
inplane,FXYD2,1,0.9691357013304375
outplane,GLIPR1,1,0.5178227709332375
outplane,TMC5,1,0.9958641687035296
outplane,CFTR,1,0.9998580597386114
outplane,GDF15,1,0.917093610238962
outplane,CD163,1,0.9950565091340791
outplane,AMY2A,2,0.9999795748503969
outplane,AQP8,1,0.9998231064343617
outplane,CAVIN1,1,0.04253182363011676
outplane,FBN1,1,0.014945050331105048
outplane,AMY2A,3,0.9999797470195452
induction,ANPEP,6,0.9997485934116156
induction,CFTR,1,0.9998895391731508
induction,KLK11,3,0.16280689200785692
outplane,AMY2A,5,0.9999773049639321
inplane,PMP22,1,0.20045373964855606
inplane,PECAM1,1,0.0
inplane,PLAC9,1,0.2357582243408718
inplane,EPCAM,1,0.999384641409474
inplane,GEM,1,0.3096026673543184
inplane,AMY2A,1,0.9999788952730814
inplane,SOX17,1,0.0
ambient,ANPEP,1,0.9997182818654933
ambient,KCNK3,1,0.9806070729022085
outplane,AMY2A,5,0.9999776104633586
outplane,AQP8,2,0.9998042498962152
inplane,AMY2A,3,0.9999728538913769
inplane,GATM,1,0.9999416893712103
ambient,DPEP1,1,0.9795050090763215
ambient,ANPEP,1,0.9997481258316313
induction,ANPEP,5,0.9997416156267367
induction,CFTR,3,0.9998876250134371
induction,KLK11,2,0.20297813557551403
outplane,AMY2A,4,0.9999785938425156
outplane,GATM,1,0.9999546170554207
ambient,KLK11,1,0.2741612484115372
ambient,GATM,1,0.9999414609298953
induction,ANPEP,6,0.999684193032125
induction,CFTR,2,0.9998597180501468
induction,KLK11,2,0.23991226821469458
inplane,VCAN,1,0.9997284133925836
inplane,MYLK,1,0.6973804706098723
inplane,AMY2A,2,0.9999333183600642
inplane,GATM,1,0.9998419046232095
inplane,ANPEP,1,0.9992206963553919
inplane,AMY2A,3,0.9999322475123845
inplane,GATM,1,0.999839344563266
inplane,C15orf48,2,0.9956342388911016
inplane,CPA3,1,0.8571469478426746
inplane,GATM,1,0.9999585227651768
inplane,TBX3,1,0.08002223763568606
inplane,PLIN4,1,0.5064788293028604
inplane,CD79A,1,0.9630296694271192
inplane,AMY2A,3,0.9999776958340386
inplane,CFAP53,1,0.7742791670953141
ambient,AMY2A,1,0.9999762022252966
ambient,KCNK3,1,0.966109612054679
induction,ANPEP,3,0.9996486244377372
induction,CFTR,4,0.9998506667692586
induction,KLK11,3,0.22016597121498493
outplane,MS4A4A,1,0.8794027981400221
outplane,ANPEP,1,0.9996648148681831
outplane,AMY2A,1,0.9999726757420185
outplane,GATM,1,0.9999410109800038
outplane,CAVIN1,1,0.05521456122223345
outplane,LILRB2,1,0.24399721482134507
outplane,MDM2,1,0.6001752982768281
outplane,CFTR,1,0.9998877473213987
outplane,AMY2A,2,0.9999799060691813
outplane,GATM,1,0.9999576432568206
outplane,FKBP11,1,0.944091156616794
outplane,CFTR,1,0.9998641025183019
outplane,AMY2A,1,0.9999713842499872
outplane,GATM,1,0.9999382101831072
outplane,KCNMA1,1,0.49552112011905547
outplane,AMY2A,3,0.999975914186119
outplane,AQP8,1,0.9997879109696637
ambient,ANPEP,1,0.9996400522492084
ambient,CA4,1,0.7243246097359297
outplane,CFTR,1,0.9997967855393997
outplane,AMY2A,3,0.9999582892319078
outplane,GATM,1,0.9999038796567709
induction,ANPEP,3,0.999531440449172
induction,CFTR,5,0.9998048120879043
induction,KLK11,2,0.29721835664485174
ambient,CFTR,1,0.9998780137425743
ambient,AQP3,1,0.8907658903349539
induction,ANPEP,3,0.9994356008464043
induction,CFTR,3,0.999783906204052
induction,KLK11,2,0.3650451059923574
ambient,DPEP1,1,0.9110890405660728
ambient,GLYATL1,1,0.3363884417642148
induction,ANPEP,1,0.9993983393392557
induction,CFTR,2,0.9998341213559746
induction,KLK11,1,0.6079896205619773
outplane,PDGFRA,1,0.8667775575378669
outplane,CFB,1,0.8126203002589155
outplane,PPP1R1B,1,0.9246013443255103
outplane,GATM,1,0.9998329237320707
induction,ANPEP,4,0.9993730772304249
induction,CFTR,2,0.9997214385120058
outplane,NTN4,1,0.5679197791928174
outplane,CFB,1,0.8169905387578509
outplane,TMC5,1,0.9957912898498134
outplane,CNN1,1,0.9939050089805804
outplane,IL1RL1,1,0.414332269818119
inplane,PECAM1,1,0.0
inplane,AMY2A,3,0.9999608294164474
induction,ANPEP,2,0.9995576499136798
induction,CFTR,4,0.999837697004628
induction,KLK11,4,0.22293405584530723
outplane,CFB,1,0.826680845273211
outplane,FKBP11,1,0.8815488138019822
outplane,KLRD1,1,0.1677425784904788
outplane,AMY2A,1,0.999973815498195
induction,ANPEP,3,0.999624831079387
induction,CFTR,2,0.9998345319648951
induction,KLK11,5,0.15462783286402448
induction,ANPEP,4,0.9996494932727328
induction,CFTR,6,0.9998584082432489
induction,ANPEP,6,0.9997281453369871
induction,CFTR,2,0.9998812661243858
induction,KLK11,2,0.24183665796021492
induction,ANPEP,4,0.9996638653721203
induction,CFTR,2,0.9998560685383017
induction,KLK11,4,0.15749368543371056
outplane,MS4A6A,1,0.7099283904327718
outplane,FAS,1,0.21753861505043082
outplane,MALL,1,0.016333101539972805
outplane,AMY2A,1,0.9999719976562977
outplane,AMY2A,1,0.999968761827175
outplane,GATM,2,0.9999324926311303
outplane,AQP8,1,0.9997189081145876
outplane,PGR,1,0.3653705597625382
outplane,ADGRL4,1,0.0
outplane,CFB,1,0.7933769577069408
outplane,THAP2,1,0.3742495475538642
outplane,AMY2A,2,0.9999654522561101
outplane,GATM,1,0.999924710719256
outplane,PECAM1,2,0.0
outplane,CFTR,2,0.9997670892907018
outplane,TFPI,1,0.0
outplane,AMY2A,3,0.9999453894509375
induction,ANPEP,4,0.9996749995038688
induction,CFTR,3,0.9998718301732893
induction,KLK11,3,0.1693559969393017
outplane,NTN4,1,0.6445832509739953
outplane,MDM2,1,0.5542292837388682
outplane,AMY2A,2,0.9999359263774587
outplane,GATM,1,0.9998413895987293
induction,ANPEP,4,0.9995933305629089
induction,CFTR,3,0.9998176061884617
induction,KLK11,3,0.20400839851844554
ambient,AMY2A,1,0.999966367647515
ambient,DIRAS3,1,0.8953221472998586
outplane,ACTG2,1,0.3388770991523453
outplane,MYC,1,0.6810638953885031
outplane,CFTR,2,0.9998875871965837
outplane,AMY2A,1,0.9999798251036426
induction,ANPEP,2,0.9997320727312412
induction,CFTR,4,0.9998837405005323
induction,KLK11,4,0.13364175612726692
ambient,ANPEP,1,0.9996933631711811
ambient,AQP8,1,0.9997857936949044
induction,ANPEP,3,0.9995785600213831
induction,CFTR,6,0.9998314382035008
induction,KLK11,1,0.371730999437324
outplane,EPCAM,1,0.9995163019400741
outplane,AMY2A,2,0.9999545572546027
outplane,GATM,1,0.999897968255342
induction,ANPEP,1,0.9995629452942465
induction,CFTR,4,0.9998260292086151
induction,KLK11,5,0.21508559745046152
outplane,NTN4,1,0.48489537315398223
outplane,CFTR,1,0.9997840436066391
outplane,AMY2A,1,0.9999617792396059
outplane,FXYD2,2,0.8810461308004295
inplane,AMY2A,3,0.9999686976131208
inplane,C7,1,0.6473621519025519
inplane,GATM,1,0.9999325439519089
inplane,FKBP11,1,0.9535765501479206
inplane,AMY2A,4,0.9999804530061042
inplane,KCNK3,1,0.9762984103762493
inplane,GATM,2,0.9999585147187801
induction,ANPEP,2,0.9997154789416549
induction,CFTR,6,0.9998747868949712
induction,KLK11,2,0.21559407326078595
inplane,DST,1,0.7945016859859712
inplane,CFTR,1,0.9997355109739534
inplane,CA4,1,0.842778008105088
inplane,AMY2A,2,0.9999521704838301
inplane,SMYD2,1,0.4949110070283175
inplane,CFTR,1,0.9996873968471712
inplane,GATM,2,0.9998628008625811
ambient,KCNK3,1,0.9397629470603941
ambient,GATM,1,0.9999240357972919
induction,ANPEP,2,0.999550334040686
induction,CFTR,5,0.9998148417473794
induction,KLK11,3,0.257407875229822
inplane,FSTL3,1,0.8134044296771762
inplane,PPP1R1B,1,0.930309095900523
inplane,SLC4A1,1,0.0898325399072799
inplane,FXYD2,1,0.9095030251172801
inplane,CLCA1,1,0.20091977468371636
inplane,GPX2,1,0.99568983499361
ambient,CA4,1,0.7955742423595954
ambient,CPA3,1,0.7777209986323157
ambient,FKBP11,2,0.9091401028923717
outplane,FGL2,1,0.6575277481139099
outplane,CD14,1,0.7347257206799558
outplane,TCIM,1,0.0
outplane,KCNMA1,1,0.5187078023124894
inplane,FAS,1,0.24326624209269387
inplane,AMY2A,1,0.9999691255543641
inplane,GATM,2,0.9999333196775165
inplane,PDGFRA,1,0.20917042958427823
inplane,MYC,1,0.4056107871688518
inplane,AMY2A,3,0.999952608693508
induction,ANPEP,3,0.9992426475132045
induction,CFTR,1,0.9997035427964892
ambient,FKBP11,1,0.7601082103321563
ambient,DIRAS3,1,0.836355477222609
inplane,AMY2A,4,0.9999631348582264
inplane,EDNRB,1,0.0
inplane,GATM,1,0.9999191102168272
inplane,CFTR,2,0.9998501099116656
inplane,AMY2A,1,0.9999730295981242
inplane,PROX1,1,0.8566131222055428
outplane,AMY2A,3,0.9999749364573205
outplane,AQP8,1,0.9997788645586749
induction,ANPEP,7,0.9997148661135827
induction,CFTR,2,0.9998745233081442
induction,KLK11,1,0.26061375223756333
ambient,RIDA,1,0.7441476280100738
ambient,CFTR,1,0.9998813712009679
induction,ANPEP,4,0.9996985990820282
induction,CFTR,3,0.9998645448475578
induction,KLK11,3,0.19970285459839288
inplane,EPCAM,2,0.9995502068709735
inplane,PPP1R1A,1,0.970369899857997
inplane,CFTR,1,0.999849894137138
inplane,GATM,1,0.9999325976514889
ambient,COCH,1,0.7637792210640986
ambient,PEBP4,1,0.6928913286200371
inplane,AMY2A,4,0.9999767057697878
inplane,GATM,1,0.9999504382079891
induction,ANPEP,4,0.9997458608394241
induction,CFTR,5,0.9998883570560562
induction,KLK11,1,0.24058176487616856
ambient,CFTR,1,0.9998948280940785
ambient,COCH,1,0.8915366879415568
outplane,MCF2L,1,0.0
outplane,CFTR,1,0.9998887932644606
outplane,EHF,2,0.9987670393030207
outplane,AMY2A,2,0.9999796256546427
induction,ANPEP,1,0.9996881696602717
induction,CFTR,6,0.9998676325301696
induction,KLK11,3,0.1785358640663014
induction,ANPEP,3,0.9996733488291832
induction,CFTR,7,0.9998600185306975
ambient,CFTR,1,0.9998867323663436
ambient,AQP8,1,0.9998302803721995
outplane,CAVIN1,1,0.1620637177104527
outplane,NPDC1,1,0.0
outplane,AMY2A,3,0.9999783797488777
inplane,ANPEP,1,0.9996859426796262
inplane,AMY2A,2,0.9999741863317858
inplane,GATM,1,0.9999444688701036
inplane,AQP8,1,0.999769541225548
inplane,AMY2A,3,0.999975127379885
inplane,FOXP3,1,0.6886511160357096
inplane,GPC3,1,0.7656409560161646
ambient,CFTR,1,0.9998632239165247
ambient,PEBP4,1,0.6233894776897133
outplane,CFB,1,0.9380121183024631
outplane,MYC,1,0.8180978559931882
outplane,ANPEP,1,0.9997300059449385
outplane,GATM,1,0.9999547926785983
induction,ANPEP,1,0.9996994168761674
induction,CFTR,5,0.9998739040362247
induction,KLK11,4,0.1678326191561934
inplane,CFTR,1,0.999878999746527
inplane,AMY2A,2,0.999978538264558
inplane,GATM,1,0.9999545813617042
inplane,GNG11,1,0.0
inplane,CFTR,1,0.9998835588156135
inplane,AMY2A,1,0.9999793826629618
inplane,GPX2,1,0.9896677993541754
outplane,NTN4,1,0.7507354475328193
outplane,ACTG2,1,0.31960017861742485
outplane,ARFGEF3,1,0.8128167705315497
outplane,AMY2A,2,0.9999800723867933
outplane,GATM,1,0.9999579560756022
ambient,PROX1,1,0.9158170705401155
ambient,PEBP4,1,0.7662091350905965
ambient,HAMP,1,0.9135059343585739
ambient,AQP8,1,0.999834638157925
induction,ANPEP,4,0.9997514422759686
induction,CFTR,3,0.9998907889863654
induction,KLK11,3,0.1688186899510331
induction,ANPEP,4,0.999723947573798
induction,CFTR,4,0.9998788077543531
induction,KLK11,2,0.19650445000996786
inplane,MDM2,1,0.5084784834494019
inplane,AMY2A,2,0.9999770975260156
inplane,GATM,1,0.9999514451422897
ambient,CPA3,1,0.6559769417395416
ambient,DIRAS3,1,0.8467391393847307
inplane,MCF2L,1,0.0
inplane,CD300E,1,0.20434383496331632
inplane,AMY2A,1,0.9999796565293303
inplane,GATM,1,0.9999570484581906
outplane,NTN4,1,0.40372085784715595
outplane,CFTR,1,0.9996346798983274
outplane,AMY2A,1,0.9999335151482757
outplane,GATM,1,0.9998472484839446
induction,ANPEP,3,0.9996152286428664
induction,CFTR,4,0.9998451520351187
induction,KLK11,3,0.2605927938547925
outplane,AMY2A,4,0.9999650733607233
inplane,AMY2A,3,0.9999654354139795
inplane,AQP8,1,0.9996827397752495
inplane,AMY2A,2,0.9999767626266324
inplane,GATM,2,0.9999506238495052
inplane,CFTR,2,0.9997720331707515
inplane,AMY2A,2,0.9999594572524082
inplane,GATM,1,0.9999103706370169
outplane,AMY2A,3,0.9999724497949404
outplane,GATM,1,0.9999408587807077
induction,ANPEP,7,0.9997455809241463
induction,CFTR,1,0.9998863315089972
induction,KLK11,2,0.1877266033694105
ambient,KLK11,1,0.25112593240970527
ambient,CPA3,1,0.8371275217184322
outplane,CFTR,2,0.9998354924056868
outplane,AMY2A,2,0.9999656674306522
induction,ANPEP,2,0.9997010989216024
induction,CFTR,5,0.9998658338773572
induction,KLK11,3,0.1773994352700129
inplane,VCAN,1,0.9993844668049195
inplane,PRDM1,1,0.20453253434170027
inplane,TM4SF18,1,0.0
inplane,AQP8,1,0.9997847963442031
ambient,ANPEP,1,0.9997431324546101
ambient,CA4,1,0.8242988992070558
inplane,COL5A2,1,3.4023894812662547e-12
inplane,RIDA,1,0.8356673157705192
inplane,AMY2A,2,0.9999804423960046
induction,ANPEP,2,0.9997629246726066
induction,CFTR,5,0.9998944365099798
induction,KLK11,3,0.15719567427727754
ambient,AMY2A,1,0.9999779848862022
ambient,KCNK3,1,0.9707004714434625
induction,ANPEP,2,0.9997462212270692
induction,CFTR,3,0.9998896097077986
induction,KLK11,5,0.1250791703028129
inplane,NTN4,1,0.7180672921026978
inplane,CFB,1,0.8716725685785179
inplane,CFTR,1,0.9998434744985811
inplane,AMY2A,2,0.999968285763574
inplane,MAMDC2,1,0.38908329960024646
inplane,AMY2A,2,0.9999787112209878
inplane,AQP8,2,0.9998151136325931
inplane,TCIM,1,0.0
inplane,MDM2,1,0.5707046641529583
inplane,AMY2A,2,0.9999780827638107
induction,ANPEP,4,0.9997495439030766
induction,CFTR,3,0.9998894675485233
induction,KLK11,3,0.15345601171337875
outplane,AMY2A,2,0.9999770430488826
outplane,PROX1,1,0.8685094183225951
outplane,GATM,1,0.9999512392320989
ambient,RIDA,1,0.7605422903001532
ambient,ANPEP,1,0.9996799763024288
outplane,TENT5C,1,0.9969357368931016
outplane,AMY2A,2,0.9999734258879628
outplane,AQP8,1,0.9997646076424416
induction,ANPEP,3,0.9993826422232224
induction,CFTR,3,0.9997369338447489
ambient,AMY2A,1,0.9999534235527996
ambient,PROX1,1,0.6882165058391647
ambient,CFTR,1,0.999650835125894
ambient,DIRAS3,1,0.6571540014719794
induction,ANPEP,3,0.9993743334202771
induction,CFTR,1,0.9997401098491336
induction,KLK11,2,0.4389104097260703
inplane,DST,1,0.418625381487292
inplane,CFTR,1,0.9997538994708743
inplane,PROX1,1,0.6120062925835494
inplane,GATM,1,0.9998678428228605
ambient,DPEP1,1,0.8563040741024404
ambient,KCNK3,1,0.7945408022787153
induction,ANPEP,2,0.9993356339682309
induction,CFTR,2,0.9996929467591458
induction,KLK11,2,0.42665086735196744
induction,CFTR,3,0.999637353054721
induction,KLK11,1,0.5775238908171654
induction,ANPEP,1,0.9991466261337798
induction,CFTR,1,0.999595786965166
induction,KLK11,2,0.5069549727748872
ambient,PROX1,1,0.8160509143664196
ambient,AQP8,1,0.9996589191558679
outplane,EPCAM,1,0.9991215105806971
outplane,AMY2A,2,0.9999436171261749
outplane,AQP8,1,0.9994327657527616
outplane,NTN4,1,0.41589371059563174
outplane,ALDH1A3,2,0.41355932722968625
outplane,CFTR,1,0.9996664236613375
outplane,EGFR,1,0.5984676029458016
inplane,CFTR,1,0.999770378520031
inplane,AMY2A,3,0.9999330125480856
inplane,GATM,1,0.9998413804344748
ambient,CA4,1,0.705415476231167
ambient,DIRAS3,1,0.8673876785740731
outplane,AMY2A,2,0.9999544627271871
outplane,GATM,2,0.9998999150486713
induction,ANPEP,3,0.9996014377258396
induction,CFTR,2,0.9998328724867697
induction,KLK11,5,0.18358784947778017
induction,ANPEP,5,0.9996959885331551
induction,CFTR,1,0.9998695863057105
induction,KLK11,4,0.1447563533510141
induction,ANPEP,2,0.9994367610234568
induction,CFTR,3,0.9997680986021055
induction,KLK11,3,0.325957928650462
inplane,CD4,1,0.344938646398106
inplane,LIF,1,0.986581416617557
inplane,AMY2A,3,0.999974729822867
ambient,CFTR,1,0.9998814737096552
ambient,AQP8,1,0.9998220002197304
ambient,COCH,1,0.5612446351207925
ambient,PEBP4,1,0.42451850417109704
outplane,AMY2A,3,0.9999625315412258
outplane,GATM,1,0.999917571676832
inplane,AMY2A,3,0.9999766740304161
inplane,GATM,1,0.9999505415638926
inplane,AQP8,1,0.9997968774855236
inplane,MYC,1,0.7300376167078474
inplane,AMY2A,3,0.9999755276699254
outplane,ADGRL4,1,0.0
outplane,CD34,1,0.0
outplane,LILRB2,1,0.29777970341023785
outplane,SNCG,1,0.03969025181029606
outplane,AMY2A,3,0.9999589928025416
outplane,KCNK3,1,0.9044299060910242
inplane,CD3D,1,0.18524078800195598
inplane,PPP1R1B,1,0.9418686279739094
inplane,AMY2A,2,0.9999776037436684
outplane,RIDA,1,0.8922144321590991
outplane,AMY2A,2,0.9999776494239264
outplane,AQP8,2,0.9998047642208073
induction,ANPEP,3,0.9996449072513967
induction,CFTR,4,0.9998493357748703
induction,KLK11,3,0.2889180460694314
ambient,RIDA,1,0.8869801777502869
ambient,KCNK3,1,0.9740153897275223
ambient,COCH,1,0.34148879841534585
ambient,PROX1,1,0.47475810614705805
ambient,FKBP11,1,0.9485816137502041
ambient,RIDA,1,0.8790100546930038
inplane,AMY2A,2,0.9999754730736005
inplane,GCG,2,0.9974709006453838
inplane,GNG11,1,0.0
inplane,AMY2A,2,0.9999768044545061
inplane,FXYD2,1,0.9656867653798198
ambient,FKBP11,1,0.8827146592947649
ambient,AQP8,1,0.999671074475119
induction,ANPEP,4,0.9995550640814661
induction,CFTR,5,0.9998153434089474
induction,KLK11,1,0.3314319703346028
ambient,DIRAS3,1,0.8670593246755282
ambient,PEBP4,1,0.46708417229864385
outplane,CFTR,1,0.9997344314252932
outplane,AMY2A,3,0.9999447598193573
outplane,GATM,1,0.9998705360084839
induction,ANPEP,3,0.9996644302059247
induction,CFTR,3,0.9998521599132744
induction,KLK11,4,0.14069869641052113
induction,ANPEP,1,0.9995997264184032
induction,CFTR,5,0.999825117622845
induction,KLK11,4,0.2549456829069887
outplane,EGFR,2,0.7952396858595482
outplane,GATM,2,0.9999331604960817
outplane,AQP8,1,0.9997218916223064
induction,ANPEP,5,0.999722150308809
induction,CFTR,2,0.9998790876216694
induction,KLK11,3,0.17029990292196318
outplane,MET,1,0.09183054739777707
outplane,AMY2A,2,0.9999440136048425
outplane,GATM,1,0.9998712524199872
inplane,TCIM,1,0.0
inplane,SMYD2,1,0.7128463712397213
inplane,ANPEP,1,0.9996408842657709
inplane,LPL,1,0.22763351194259196
inplane,CFAP53,1,0.6911017045883794
ambient,KLK11,1,0.32840754380369186
ambient,GLYATL1,1,0.3874125693842868
outplane,CFTR,1,0.9998772315748576
outplane,EHF,1,0.9984652509401931
outplane,AMY2A,2,0.9999782422215336
ambient,CFTR,1,0.9998121211310426
ambient,HAMP,1,0.8959222613851705
outplane,CRISPLD2,1,0.1788991225147406
outplane,MDM2,1,0.5192309235059946
outplane,AMY2A,2,0.9999798374010844
outplane,NTN4,1,0.6651137084608143
outplane,CFB,2,0.8285205694772094
outplane,CFTR,1,0.9998161025156426
outplane,ADAM28,1,0.7525610956477287
induction,ANPEP,5,0.999571148346379
induction,CFTR,2,0.9998129987637171
induction,KLK11,3,0.2384700334480927
outplane,TENT5C,1,0.9974227600061498
outplane,AMY2A,4,0.9999784890657227
ambient,UMOD,1,0.7548908752009342
ambient,KCNK3,1,0.9087600954700468
ambient,PROX1,1,0.9294259997362218
ambient,DIRAS3,1,0.9600318233781395
inplane,CFTR,1,0.9998439724071225
inplane,GATA2,1,0.0
inplane,AMY2A,2,0.9999712671287002
inplane,ANPEP,1,0.9993592914149636
inplane,AMY2A,1,0.9999459913903658
inplane,FXYD2,1,0.8259600740378021
inplane,CYP4B1,1,0.0
inplane,ACE2,1,0.03297855544045769
induction,ANPEP,3,0.999739697801297
induction,CFTR,2,0.9998881324066458
induction,KLK11,5,0.12214314214390076
ambient,UMOD,1,0.706112183331783
ambient,KLK11,1,0.42835725367716515
ambient,CFTR,1,0.9998846246291028
ambient,GLYATL1,1,0.5763804759543958
outplane,AMY2A,2,0.9999733639764472
outplane,GATM,1,0.9999428963039311
outplane,DIRAS3,1,0.9263253918682675
inplane,MMRN2,1,0.0
inplane,TMC5,1,0.9969223582910476
inplane,EPCAM,1,0.9995293947128362
inplane,MET,1,0.3803887071070937
inplane,FXYD2,1,0.9517337095620898
outplane,PPP1R1A,1,0.9725063877214738
outplane,AMY2A,4,0.9999765984639452
induction,ANPEP,2,0.9997571796715657
induction,CFTR,3,0.9998933720411308
induction,KLK11,5,0.15125310125134872
inplane,AMY2A,4,0.9999791674560711
inplane,GATM,1,0.9999557600446927
induction,ANPEP,1,0.9997251754033838
induction,CFTR,4,0.9998793318390058
induction,KLK11,5,0.13026908571455365
ambient,CPA3,1,0.7946970200118599
ambient,PROX1,1,0.8618165338443056
induction,ANPEP,2,0.9995495497146912
induction,CFTR,4,0.9998116869353868
induction,KLK11,4,0.22243930761829156
outplane,FBLN1,1,0.6444806826892353
outplane,CAVIN1,1,0.09290150702103939
outplane,CLEC4E,1,0.23563767253664458
outplane,CFTR,1,0.9998820945520844
outplane,CXCL6,1,0.9964203051897683
inplane,CD247,1,0.18805721943356712
inplane,AMY2A,2,0.9999801672266205
inplane,MCEMP1,1,0.11693999998596127
inplane,GATM,1,0.9999581873396414
outplane,DST,1,0.4717298408631163
outplane,MYC,1,0.7423872148354855
outplane,KIT,1,0.214295248814093
outplane,AMY2A,3,0.9999807227565549
ambient,UMOD,1,0.8778264348388141
ambient,PEBP4,1,0.6749909778397253
outplane,PMP22,1,0.31845715876760383
outplane,BCL2L11,1,0.3052676444443303
outplane,CFTR,1,0.9998143383674916
outplane,AMY2A,2,0.9999606960288293
inplane,KRT7,1,0.9931824052304921
inplane,AMY2A,2,0.9999437587694789
inplane,HMGCS2,1,0.4514961458719031
inplane,GATM,1,0.9998705400140658
outplane,AMY2A,3,0.9999537105340134
outplane,HAMP,1,0.7376470198383108
ambient,DPEP1,1,0.9477683488989941
ambient,UMOD,1,0.8019257328453712
ambient,KLK11,1,0.3535992204382594
ambient,HAMP,1,0.8533310970788788
ambient,DPEP1,1,0.9709711828838506
ambient,CA4,1,0.7998526519424737
outplane,NTN4,1,0.8591739648596018
outplane,CNN1,1,0.9916271566315642
outplane,ANPEP,1,0.9997455906731049
outplane,CFTR,1,0.9998915135520476
outplane,AMY2A,1,0.9999800504830074
induction,ANPEP,4,0.9996941112128598
induction,CFTR,3,0.9998700945031123
induction,KLK11,3,0.18860052741811606
inplane,MYC,1,0.6219813547588333
inplane,EPCAM,1,0.9993571008808806
inplane,AMY2A,1,0.9999776286228007
inplane,GATM,1,0.9999525679892887
induction,ANPEP,4,0.9996734220576162
induction,CFTR,2,0.9998530310481613
induction,KLK11,4,0.15837182512281445
induction,ANPEP,3,0.9997020386434011
induction,CFTR,4,0.9998683383510997
induction,KLK11,3,0.1809618305514883
outplane,AMY2A,3,0.999972991273853
outplane,GATM,2,0.9999410849276404
induction,ANPEP,4,0.9997209085328155
induction,CFTR,4,0.9998861107154978
induction,KLK11,2,0.2673670699258963
outplane,ANPEP,1,0.9996932396682655
outplane,KLK11,1,0.2592411189428243
outplane,AMY2A,3,0.9999757922521659
outplane,GATM,2,0.999948341834959
inplane,STC2,2,0.0
inplane,AMY2A,1,0.999973371710113
inplane,AQP8,1,0.9997634230988837
ambient,PROX1,1,0.9113006339060171
ambient,DIRAS3,1,0.9524118508770655
induction,ANPEP,2,0.9997297254386437
induction,CFTR,2,0.9998794612706787
induction,KLK11,6,0.104001243034058
induction,ANPEP,3,0.9995867024262258
induction,CFTR,5,0.9998240399347177
induction,KLK11,2,0.3396410144607217
induction,ANPEP,3,0.9997055341183095
induction,CFTR,3,0.9998696044794061
induction,KLK11,4,0.156336812787078
ambient,CFTR,1,0.9998379881304769
ambient,PEBP4,1,0.6259403521228484
ambient,UMOD,1,0.8945784621628332
ambient,GATM,1,0.9999540566569648
ambient,ANPEP,1,0.9997149249615398
ambient,CA4,1,0.9417005472470585
ambient,FKBP11,1,0.9486973202085095
ambient,UMOD,1,0.9147016241430888
induction,ANPEP,2,0.9997322070117152
induction,CFTR,2,0.9998821712364444
induction,KLK11,6,0.11287654894785148
ambient,ANPEP,1,0.9997180514443201
ambient,GLYATL1,1,0.508852354266093
ambient,RIDA,1,0.8307078510622804
ambient,PROX1,1,0.8703304032309958
induction,ANPEP,5,0.9997082831026216
induction,CFTR,2,0.9998760536892158
induction,KLK11,3,0.17376867024619436
outplane,FKBP11,1,0.9366941153678682
outplane,AMY2A,3,0.9999742992903363
induction,ANPEP,3,0.9997349697624559
induction,CFTR,2,0.9998863865845686
induction,KLK11,5,0.11865444139443171
inplane,ASPN,1,0.30643654320008207
inplane,DST,1,0.42839719705882084
inplane,RGS16,1,0.33914220618029345
inplane,EHF,1,0.9974266084925181
inplane,AMY2A,1,0.9999650834647813
ambient,RIDA,1,0.8340469570985877
ambient,HAMP,1,0.8818602445829394
outplane,BCL2L11,1,0.2929613471824808
outplane,MYC,1,0.6082711317005416
outplane,CFTR,1,0.9998741226939847
outplane,AMY2A,2,0.9999767336245912
inplane,PCNA,1,0.33614104646446485
inplane,CFB,2,0.8227130186493317
inplane,FBN1,1,9.451328608633958e-13
inplane,ACTG2,1,0.28573851445054665
outplane,MDM2,1,0.5293575895345799
outplane,AMY2A,2,0.9999779173100644
outplane,GATM,2,0.9999532003889577
outplane,CFTR,1,0.9998881082532293
outplane,SNCA,1,0.12071607902302584
outplane,ERBB2,1,0.8560014012114249
outplane,CHGA,1,0.9693807716951646
induction,ANPEP,4,0.999731738492654
induction,CFTR,1,0.9998847587475136
induction,KLK11,5,0.1273548007555909
ambient,DPEP1,1,0.9621180267665864
ambient,ANPEP,1,0.9996813254693162
outplane,PMP22,1,0.16512912933322144
outplane,CFTR,1,0.9998799571213614
outplane,ADAMTS1,1,0.010114049076241471
outplane,AMY2A,1,0.9999791584513721
outplane,GATM,1,0.9999559591980555
ambient,CFTR,1,0.9998419457750363
ambient,AQP3,1,0.7673494745680901
ambient,CFTR,1,0.9998199661947456
ambient,DIRAS3,1,0.8538378215177006
outplane,GATM,2,0.9999539374767148
outplane,GLYATL1,2,0.5498374489948714
outplane,AMY2A,2,0.999967356964012
outplane,GATM,2,0.9999295108863481
inplane,VCAN,1,0.9987203489468088
inplane,AMY2A,3,0.9999772301118572
outplane,CFB,1,0.7374737345977578
outplane,PPP1R1B,1,0.9503409877173815
outplane,CFTR,1,0.9998820144321365
outplane,EHF,1,0.9983840017516316
outplane,TM4SF18,1,0.0
inplane,AMY2A,2,0.9999457443123725
inplane,SH2D3C,1,0.0
inplane,GATM,1,0.9998753053838005
ambient,DPEP1,1,0.9792005712543134
ambient,HAMP,1,0.8998266994396826
ambient,ANPEP,1,0.9995654101008905
ambient,COCH,1,0.6601455536100092
ambient,KLK11,1,0.5603837522108335
ambient,AQP3,1,0.7861264374256722
outplane,EPCAM,2,0.9994663685669374
outplane,AMY2A,1,0.9999528205514975
outplane,KCNK3,1,0.9277932973985846
outplane,GATM,1,0.9998887504603263
outplane,APOLD1,1,0.0
outplane,IL3RA,1,0.0
outplane,AMY2A,2,0.9999639114805496
outplane,GATM,1,0.9999205712733882
outplane,AQP8,1,0.9996647124828754
ambient,PROX1,1,0.874491153119873
ambient,AQP8,1,0.9998285385616471
induction,ANPEP,5,0.9995526742236839
induction,CFTR,5,0.9998072203614953
ambient,AMY2A,1,0.9999643909211628
ambient,PEBP4,1,0.5951971834727217
inplane,CFB,1,0.9034108209575197
inplane,DST,1,0.5892841427362374
inplane,CYP2A7,1,0.6211778405630425
inplane,CFTR,1,0.9998822421492554
inplane,EHF,1,0.9986408879975391
inplane,SERPINB9,2,0.08432133063861869
inplane,CFTR,1,0.9998862938674218
inplane,AMY2A,1,0.999980309420422
outplane,PPARG,1,0.09731069832299344
outplane,AMY2A,1,0.9999802259281373
outplane,GATM,2,0.9999582406525872
ambient,DPEP1,1,0.9789086442690706
ambient,DIRAS3,1,0.9441665599476512
inplane,PRDM1,1,0.07862656353608344
inplane,CFB,1,0.8858557962974034
inplane,CLEC14A,1,0.0
inplane,CD93,1,0.0
outplane,GNG11,1,0.0
outplane,CFTR,1,0.9996705849262788
outplane,AMY2A,1,0.9999314329960055
outplane,AQP8,1,0.9992712219984827
ambient,UMOD,1,0.8570031095235399
ambient,AMY2A,1,0.9999790842102245
inplane,NTN4,1,0.8086561034823502
inplane,EPCAM,1,0.9994646403176531
inplane,AMY2A,2,0.9999760603041753
ambient,DPEP1,1,0.9627040320465804
ambient,AMY2A,1,0.9999749658009024
outplane,TENT5C,1,0.9936956258962698
outplane,AMY2A,3,0.9999439737516619
outplane,GATM,1,0.9998715837228784
ambient,PROX1,1,0.7700683619264932
ambient,PEBP4,1,0.5012436358026292
outplane,ANPEP,1,0.9996896573922494
outplane,AMY2A,1,0.9999753611976396
outplane,GATM,2,0.9999475191559958
outplane,AMY2A,2,0.9999750968191782
outplane,GATM,2,0.9999467626379115
outplane,INS,1,0.9975093160313855
outplane,GCG,1,0.997445192708165
ambient,FKBP11,1,0.8840811865910561
ambient,PROX1,1,0.8337495611235308
outplane,VCAN,1,0.9988144705225922
outplane,ANPEP,1,0.9997307065737923
outplane,AMY2A,1,0.9999787435713297
outplane,CXCL6,1,0.9987254783882585
inplane,STC2,1,0.0
inplane,PLD4,1,0.348720347467132
inplane,TCIM,1,0.0
inplane,AMY2A,1,0.9999803898856735
outplane,SLAMF7,1,0.9713338993536567
outplane,PMP22,1,0.2037431742023431
outplane,AMY2A,1,0.9999792272114079
outplane,GATM,1,0.9999561333766249
ambient,CPA3,1,0.5874702881203865
ambient,COCH,1,0.43342004609564466
outplane,EPCAM,1,0.99842530821589
outplane,MET,1,0.11826646883625525
outplane,ANPEP,1,0.9994124890317712
outplane,MPEG1,1,0.770221923798465
outplane,AMY2A,1,0.9999511207548121
ambient,RIDA,1,0.7225376024289991
ambient,KCNK3,1,0.933832913721889
inplane,DST,1,0.5509670597589197
inplane,CFTR,1,0.9998820899198235
inplane,AMY2A,4,0.999978165220681
inplane,GATM,2,0.9999537169439003
outplane,CFB,1,0.8060317191305186
outplane,CFHR3,1,0.0
outplane,CFTR,1,0.9998848271188434
outplane,GATM,2,0.9999570366612875
ambient,DPEP1,1,0.9789040823694065
ambient,CFTR,1,0.9998803403988255
inplane,ADGRL4,1,0.0
inplane,CFTR,1,0.9998410849555053
inplane,AMY2A,3,0.9999705094032738
inplane,TSPAN19,1,0.37542827894289765
outplane,AMY2A,3,0.9999798662160181
outplane,GATM,1,0.9999575228503957
induction,CFTR,2,0.9996516349628529
induction,KLK11,2,0.5419306814571754
induction,ANPEP,2,0.9997247259908381
induction,CFTR,4,0.9998865715487236
induction,KLK11,4,0.1402590237232213
outplane,CFTR,2,0.9998904648873029
outplane,AMY2A,2,0.9999806446903619
outplane,GATM,1,0.9999591847345953
outplane,MDM2,1,0.6162542681081702
outplane,CFTR,1,0.9998603967141859
outplane,LIF,1,0.9901159188592674
outplane,PROX1,1,0.8563417604379389
outplane,NPDC1,1,0.0
outplane,AMY2A,1,0.9999534295822881
outplane,GATM,1,0.999895275985239
outplane,DIRAS3,1,0.8479052896463191
inplane,APOLD1,1,0.0
inplane,MDM2,1,0.7126314080480167
inplane,CFTR,1,0.9998168526702313
inplane,FXYD2,1,0.9702566052960541
outplane,KCNMA1,1,0.4882226694099133
outplane,AMY2A,1,0.9999757045404802
outplane,GATM,2,0.9999481664268974
outplane,CRISPLD2,1,0.3119355472152012
outplane,SFRP4,1,0.05084077520795116
outplane,AMY2A,1,0.9999788634416376
outplane,GATM,1,0.9999553260724247
inplane,SMYD2,1,0.7704469920211189
inplane,KLK11,1,0.32901141862248173
inplane,AMY2A,2,0.9999664154178459
inplane,GATM,1,0.9999266379083224
induction,ANPEP,3,0.999738015432928
induction,CFTR,4,0.9998831746752053
induction,KLK11,3,0.15877792901481813
outplane,AMY2A,3,0.9999537354432065
outplane,GATM,1,0.9998958781048536
inplane,CFTR,2,0.9998772042880941
inplane,PLCG2,2,0.0
inplane,SFRP2,1,0.9986381806290829
inplane,ACTA2,1,2.933320253362126e-12
inplane,KCNMA1,1,0.4407962308582122
inplane,GATM,1,0.9999553864800031
ambient,AMY2A,1,0.999977649382871
ambient,HAMP,1,0.8317730340276404
induction,ANPEP,5,0.9996974924237886
induction,CFTR,4,0.9998767081935769
induction,KLK11,1,0.2588033974679629
inplane,DST,1,0.3486612740288926
inplane,GATM,2,0.9999484679549384
inplane,AQP8,1,0.9997881339904524
induction,ANPEP,5,0.9997419476629248
induction,CFTR,3,0.999886230639207
induction,KLK11,2,0.18751166962845667
ambient,ANPEP,1,0.9997176306802095
ambient,DIRAS3,1,0.9118127703403562
ambient,AMY2A,1,0.9999807975205541
ambient,DIRAS3,1,0.9508763868158567
ambient,AMY2A,1,0.9999801737761741
ambient,GLYATL1,1,0.5994562831540597
outplane,DST,1,0.5189450221025964
outplane,EPCAM,1,0.999515308022598
outplane,STC1,1,0.0
outplane,AMY2A,1,0.9999795629576588
outplane,FXYD2,1,0.9669472659713083
inplane,GATM,3,0.9999569804087393
inplane,AQP8,1,0.9998237732235279
ambient,CPA3,1,0.7922956656181744
ambient,DIRAS3,1,0.9306206935533697
induction,ANPEP,2,0.9997369751827281
induction,CFTR,4,0.999884318800143
induction,KLK11,4,0.14539873480272858
ambient,CA4,1,0.8291719322298515
ambient,HAMP,1,0.8838461044692243
outplane,APOLD1,1,0.0
outplane,SOX18,1,0.0
outplane,AMY2A,1,0.9999782397114132
outplane,GATM,1,0.9999540364062225
outplane,LY6D,1,0.10602205638325246
outplane,VCAN,1,0.9993063313107338
outplane,CFHR1,1,0.0
outplane,SFRP2,1,0.9992809713656243
outplane,MYC,2,0.6780777534862753
induction,ANPEP,5,0.9997350460389238
induction,CFTR,3,0.9998865390219982
induction,KLK11,2,0.19178700813542537
inplane,CFTR,2,0.9998811462605118
inplane,TFPI,1,0.0
inplane,AMY2A,1,0.9999768766943052
outplane,ADGRL4,1,0.0
outplane,MYC,1,0.6976970774111624
outplane,AMY2A,2,0.9999795195737778
ambient,FKBP11,1,0.9259359033653015
ambient,KCNK3,1,0.9621331376397851
ambient,CPA3,1,0.7025685696669645
ambient,KCNK3,1,0.9270756663330844
outplane,CFTR,1,0.9998570711046488
outplane,AMY2A,2,0.9999738147592693
outplane,MLPH,1,0.5598409010560405
induction,ANPEP,3,0.9994594158049241
induction,CFTR,2,0.9997587114913354
induction,KLK11,3,0.3415357968227862
induction,ANPEP,4,0.9997376907256383
induction,CFTR,1,0.9998845412790782
induction,KLK11,5,0.12166940801195836
ambient,ANPEP,1,0.9997280259760252
ambient,GLYATL1,1,0.4585179303349163
outplane,EPCAM,1,0.999447393584262
outplane,ANPEP,1,0.9997297671619501
outplane,CFTR,2,0.9998823455159749
outplane,AMY2A,1,0.9999787234100064
outplane,PROX1,1,0.9119960113472148
induction,ANPEP,1,0.999670847183383
induction,CFTR,4,0.9998548609077087
induction,KLK11,5,0.139930462807615
outplane,CFTR,1,0.9998757242384114
outplane,EHF,1,0.9986702350066408
outplane,AMY2A,3,0.9999769424352732
outplane,C7,1,0.23362709175055263
outplane,FXYD2,1,0.96413274422376
outplane,PROX1,1,0.8717533006004651
outplane,CFB,2,0.77809069506571
outplane,SMYD2,1,0.6556508284230198
outplane,CFTR,1,0.9998834802421156
outplane,AMY2A,1,0.9999793799848915
outplane,GATM,1,0.9999565672657306
outplane,DST,1,0.4162827767600953
outplane,AMY2A,1,0.999979935127014
outplane,GATM,2,0.9999576577150405
induction,ANPEP,3,0.9997415234749957
induction,CFTR,2,0.9998864682664079
induction,KLK11,5,0.12265477811496539
inplane,TCIM,1,0.0
inplane,MDM2,2,0.4483329925727634
inplane,AMY2A,1,0.9999795599333238
inplane,KCNK3,1,0.9526248726570762
inplane,GATM,1,0.9999569437260662
outplane,CFB,1,0.8915333909637899
outplane,AMY2A,2,0.9999751205689305
outplane,GCG,1,0.9973609028551913
inplane,APOLD1,1,0.0
inplane,TMC5,1,0.9919220726466444
inplane,MYH11,1,0.996166226855546
inplane,CFTR,1,0.9998872619974811
inplane,TM4SF18,1,0.0
outplane,CD14,1,0.8146339293858321
outplane,SFRP4,1,0.47447275634799735
outplane,CFTR,1,0.9998191642003136
outplane,ADAMTS1,1,3.0276892104552644e-12
outplane,AGR3,1,0.7879495570291261
ambient,KLK11,1,0.25900629137782527
ambient,CA4,1,0.690813738473444
inplane,TCIM,1,0.0
inplane,PCOLCE,1,0.0878674689835729
inplane,CFTR,1,0.9997838665496633
inplane,TFPI,1,0.0
inplane,AMY2A,1,0.999961620283634
inplane,DIRAS3,2,0.8529348515305124
inplane,BASP1,1,0.5815285032617998
inplane,MEST,1,0.8121711233290272
inplane,AMY2A,1,0.9999788985441342
inplane,GATM,1,0.9999554425025909
inplane,AQP8,1,0.9998175396106189
inplane,GLIPR1,2,0.5410865159237769
inplane,CD93,2,0.0
inplane,GATM,2,0.9999231598668368
outplane,AMY2A,3,0.9999349494236203
outplane,GATM,1,0.9998461671914867
ambient,COCH,1,0.704612999246498
ambient,AQP8,1,0.9997790490697066
ambient,FKBP11,1,0.9387042880516807
ambient,AQP8,1,0.9997392684917188
outplane,AMY2A,1,0.9999787351154423
outplane,PROX1,1,0.9134918241585139
outplane,GATM,2,0.9999548934191701
ambient,KLK11,1,0.2242791943516501
ambient,PROX1,1,0.8514106163487032
outplane,AMY2A,2,0.9999794344297268
outplane,AQP8,2,0.9998226233424303
ambient,CA4,1,0.7865644199494506
ambient,PEBP4,1,0.6237133191782314
ambient,CA4,1,0.8285177022048894
ambient,KCNK3,1,0.9635645710929869
ambient,COCH,1,0.748487111840224
ambient,GATM,1,0.9999568657071275
outplane,AMY2A,1,0.9999772421707909
outplane,SCGN,1,0.990582251120164
outplane,GATM,1,0.9999515704063242
outplane,AQP8,1,0.999800583397365
induction,ANPEP,4,0.9996869076343977
induction,CFTR,2,0.9998638646683922
induction,KLK11,4,0.16454291119966946
inplane,AMY2A,1,0.9999735421519856
inplane,CPA3,1,0.7545133332967282
inplane,GATM,2,0.9999433173392098
ambient,ANPEP,1,0.9996999317030765
ambient,UMOD,1,0.8436048633973101
outplane,AMY2A,2,0.9999768241265414
outplane,GATM,2,0.9999507655332998
outplane,AQP8,2,0.9997975197072183
induction,ANPEP,3,0.9997437795238268
induction,CFTR,4,0.9998901445529585
induction,KLK11,3,0.15459694386207556
ambient,DPEP1,1,0.9770206884325757
ambient,CFTR,1,0.9998887221318433
outplane,AMY2A,3,0.9999737355587457
outplane,KCNK3,1,0.9506616473132412
ambient,HAMP,1,0.7215767687274521
ambient,PEBP4,1,0.4230672765271145
ambient,CA4,2,0.7280150397484046
induction,ANPEP,4,0.9997037345296615
induction,CFTR,4,0.9998717027078454
induction,KLK11,2,0.20315838125017327
inplane,CD247,1,0.5777265582569013
inplane,AMY2A,1,0.9999792615734637
inplane,GATM,2,0.999956147506058
ambient,UMOD,1,0.8815638517400614
ambient,HAMP,1,0.8766405586075638
inplane,PECAM1,1,0.0
inplane,FAS,1,0.30256696733415844
inplane,DST,1,0.45522017982518515
inplane,AMY2A,1,0.9999803445167691
induction,ANPEP,5,0.9997266362529832
induction,CFTR,3,0.9998828515268995
induction,KLK11,2,0.20966090714322272
induction,ANPEP,5,0.9997436349861102
induction,CFTR,3,0.9998888831718299
induction,KLK11,2,0.18773242606775475
outplane,SFRP4,1,0.7432371264816034
outplane,TM4SF18,1,0.0
outplane,AMY2A,2,0.9999757280791693
induction,ANPEP,5,0.9997331845102417
induction,CFTR,1,0.9998827507572019
induction,KLK11,4,0.13636531906333493
inplane,CFTR,1,0.9998730436286973
inplane,AMY2A,2,0.9999773038370722
inplane,GATM,1,0.9999516870587383
inplane,AQP8,1,0.9998010205083836
ambient,AQP3,2,0.7871101683744993
inplane,MMRN2,1,0.0
inplane,CFHR3,1,0.0
inplane,CFTR,2,0.9998405307564107
inplane,CDK1,1,0.23772339188537184
outplane,ANPEP,1,0.9997281906045288
outplane,AMY2A,2,0.9999787226157415
outplane,GATM,1,0.9999549157302942
inplane,MET,1,0.31232216085340736
inplane,AMY2A,4,0.9999796705184453
induction,ANPEP,5,0.9997377644273236
induction,CFTR,3,0.9998844735433977
induction,KLK11,2,0.2084604650066818
ambient,CPA3,1,0.8563198157244415
ambient,DIRAS3,1,0.9515695783721889
inplane,LAMP3,1,0.7196707655916309
inplane,CLEC14A,1,0.0
inplane,GATM,1,0.9999426889687457
inplane,AQP8,1,0.9997628926989309
outplane,C1orf194,1,0.5933453988655707
outplane,AMY2A,2,0.9999786025135103
outplane,GATM,1,0.999954640269755
ambient,PEBP4,1,0.6851193007068397
ambient,GLYATL1,1,0.5515848386775064
