cls,gene,n,removal_prob
inplane,PPP1R1B,1,0.9675709975621034
inplane,AMY2A,2,0.9999736609512326
inplane,GATM,1,0.9999435642411231
inplane,FKBP11,1,0.9692023229541207
inplane,RIDA,1,0.9242101326579699
inplane,AMY2A,2,0.9999788835609076
ambient,FKBP11,1,0.9509024941638282
ambient,DIRAS3,1,0.09192630031622051
induction,CA4,3,0.017557357309706867
induction,PROX1,7,0.11561090045886946
outplane,CLEC10A,1,0.38603420889713225
outplane,CFB,1,0.9195153978153061
outplane,AMY2A,3,0.9999721957762443
induction,CA4,4,0.014905300590175363
induction,PROX1,2,0.10770357200277836
induction,DIRAS3,4,0.020490771147284148
inplane,AMY2A,3,0.9999783727516572
inplane,GATM,2,0.9999541653253213
inplane,FGL2,1,0.7754494973390456
inplane,CXCR4,1,0.4514609724237272
inplane,ANPEP,1,0.9997402593945309
inplane,GATM,1,0.9999611043305603
outplane,CYP2A7,1,0.8027883213870345
outplane,CFTR,2,0.9998826958381725
outplane,AMY2A,1,0.9999804661298134
inplane,CFB,1,0.8115365598858506
inplane,MDM2,1,0.562153972006391
inplane,EPCAM,1,0.999328379849969
inplane,AMY2A,1,0.9999797900729255
induction,CA4,4,0.017961595712423284
induction,PROX1,3,0.12754401189600784
induction,DIRAS3,3,0.024442974972428422
inplane,DST,1,0.6453648565297532
inplane,CFTR,1,0.9998640405440371
inplane,PROX1,1,0.3304582965482552
inplane,GATM,1,0.9999505505396499
ambient,FKBP11,2,0.9648672541249477
ambient,KCNK3,1,0.9860026514692903
ambient,GLYATL1,1,0.763030371442697
inplane,AMY2A,3,0.9999813405329417
inplane,GATM,1,0.9999606372191768
inplane,CFTR,1,0.9998830678287911
inplane,AMY2A,2,0.9999782065045276
inplane,AQP8,1,0.9998100923060855
induction,CA4,3,0.01849288449099562
induction,PROX1,6,0.12593881436069287
induction,DIRAS3,1,0.02373652770448431
induction,CA4,3,0.02548611011231927
induction,PROX1,4,0.20653093156350186
induction,DIRAS3,3,0.0395778470571877
outplane,AMY2A,4,0.999980737660143
outplane,APOA5,1,0.49286394572343084
outplane,GATM,2,0.9999593563100337
outplane,INS,1,0.9975181513526145
induction,CA4,3,0.02396168391019815
induction,PROX1,3,0.16027223765257692
induction,DIRAS3,4,0.032044222126679456
induction,CA4,2,0.0277712072734565
induction,PROX1,3,0.18475308040670113
induction,DIRAS3,5,0.03764474020230757
inplane,GPRC5A,1,0.9894714704587518
inplane,SLC4A1,1,0.27341407012003593
inplane,AMY2A,2,0.9999813918411347
ambient,CFTR,1,0.9998855804537722
ambient,UMOD,1,0.9240015966652324
outplane,TMC5,1,0.9932266771423987
outplane,CFTR,2,0.9998872432397728
outplane,AMY2A,1,0.9999806052185
ambient,GATM,1,0.9999621099320954
ambient,AQP3,1,0.9440167699753335
induction,CA4,8,0.019956646494212915
induction,PROX1,1,0.1360289092522362
induction,DIRAS3,1,0.026053274648510705
induction,CA4,2,0.016379161950450305
induction,PROX1,4,0.10943631269434195
induction,DIRAS3,4,0.02148879547892868
induction,CA4,1,0.031170443035831386
induction,PROX1,4,0.2033579061410492
induction,DIRAS3,5,0.04226607440443708
inplane,VWA5A,1,0.8742358289498118
inplane,CFTR,2,0.9998891667237345
inplane,AMY2A,1,0.9999810852166531
inplane,AQP8,1,0.9998366718743635
inplane,CFB,1,0.9543276791553161
inplane,MYC,1,0.8625099378332136
inplane,AMY2A,3,0.9999771794561891
inplane,GATM,1,0.9999510021126349
ambient,KLK11,1,0.9956777706304407
ambient,COCH,1,0.8773733036288518
ambient,AMY2A,1,0.9999792692484238
ambient,GLYATL1,1,0.7352319538541399
inplane,CFTR,1,0.9998722342512336
inplane,EDNRB,1,0.0
inplane,GATM,2,0.9999533141903717
induction,CA4,4,0.0280354345805105
induction,PROX1,2,0.18587742571203292
induction,DIRAS3,4,0.03741317764413776
inplane,CFTR,1,0.9998493115876302
inplane,AMY2A,2,0.9999743178930711
inplane,GATM,1,0.9999452408907027
outplane,MYC,1,0.8720049494114264
outplane,AMY2A,1,0.9999761334323911
outplane,GATM,1,0.9999487614913993
outplane,AQP8,1,0.9997876682863943
outplane,PMP22,1,0.2568673020200858
outplane,CFTR,1,0.9998681028722686
outplane,AMY2A,1,0.9999775376194332
outplane,ELF5,1,0.3322827471029912
ambient,PROX1,2,0.3782580478118367
outplane,APCDD1,1,0.4200420467308843
outplane,DST,2,0.6528574897001154
outplane,PROX1,1,0.549138534810031
inplane,GHRL,1,0.9665965692417379
inplane,EHF,1,0.9986613465671923
inplane,PLCG2,1,0.0
inplane,AMY2A,1,0.9999755725062028
induction,CA4,4,0.014576692187385998
induction,PROX1,2,0.10329558682533513
induction,DIRAS3,4,0.01898891192249308
ambient,KCNK3,2,0.9656441918272001
outplane,CFTR,1,0.9998692358869997
outplane,AMY2A,3,0.9999767378881093
outplane,AQP8,1,0.9997969215897828
outplane,CD163,1,0.9919557935393409
outplane,CFTR,2,0.9998800579966458
outplane,AMY2A,3,0.9999790935114913
inplane,AMY2A,2,0.9999785968352933
inplane,GATM,2,0.9999543463515297
outplane,ANPEP,2,0.9997213302033747
outplane,GATM,2,0.9999580460965712
outplane,PECAM1,1,0.0
outplane,TBX3,1,0.021113570892660083
outplane,GATM,2,0.9999593654200297
inplane,TCIM,1,0.0
inplane,SMYD2,1,0.8416819596705926
inplane,AMY2A,2,0.9999787915741675
inplane,GATM,1,0.9999550361103006
outplane,CFB,1,0.9039302889347535
outplane,CFTR,1,0.9998775456238763
outplane,GPC3,1,0.8723747097716772
outplane,GATM,1,0.9999555575641774
inplane,MET,1,0.6122171564012038
inplane,AMY2A,3,0.999980946308111
inplane,GATM,1,0.9999598151415025
ambient,PROX1,1,0.418039523168119
ambient,AQP3,1,0.9493272181779819
outplane,KLK11,1,0.996947158534321
outplane,AMY2A,3,0.9999799143859879
outplane,KCNK3,1,0.9846771394871906
inplane,VWA5A,1,0.8482615578304114
inplane,ACTG2,1,0.5692490159943542
inplane,HAVCR2,2,0.6286684500707427
inplane,TFPI,1,0.0
inplane,AMY2A,1,0.9999790633357427
inplane,CXCL6,1,0.9985580778795546
inplane,SFRP4,1,0.6830934072467204
inplane,EHF,1,0.9986210860348999
inplane,AMY2A,2,0.9999473151182366
inplane,GATM,1,0.999878681091668
induction,CA4,5,0.027858953621697324
induction,PROX1,3,0.18542557993177078
induction,DIRAS3,2,0.03782694497882644
ambient,KCNK3,1,0.9710789276728085
ambient,HAMP,1,0.9023517273435725
ambient,PROX1,1,0.34276059480162924
ambient,AQP8,1,0.9998133687028595
ambient,CA4,1,0.060523893713840926
ambient,AQP8,1,0.9998129860696487
ambient,KLK11,1,0.9968934245433472
ambient,HAMP,1,0.9517233188401333
induction,CA4,3,0.01615699337658194
induction,PROX1,5,0.11223935348714864
induction,DIRAS3,2,0.02136224309271162
induction,CA4,2,0.015093723763255018
induction,PROX1,4,0.1039015903016497
induction,DIRAS3,4,0.019989681962268357
outplane,IRF8,1,0.607748260219733
outplane,PRDM1,1,0.2613345529675214
outplane,GHRL,1,0.9691174536418103
outplane,AMY2A,3,0.9999627879820494
outplane,AMY2A,3,0.9999807721741315
outplane,GATM,1,0.999959386781871
outplane,CFTR,1,0.9998606017887297
outplane,AMY2A,2,0.9999762578354804
outplane,GATM,1,0.9999494477417625
outplane,MDM2,1,0.9263351548480713
outplane,CFTR,1,0.9998827112189325
outplane,C1orf162,1,0.8472854298892364
outplane,AMY2A,3,0.9999781549114688
inplane,PMP22,1,0.31601455327266315
inplane,AMY2A,2,0.9999819075291924
inplane,GATM,1,0.9999619249478052
ambient,CFTR,1,0.9998458804192266
ambient,PEBP4,1,0.6322840061136228
induction,CA4,1,0.027128548736772506
induction,PROX1,5,0.1818901518931526
induction,DIRAS3,4,0.036958714071561816
ambient,KLK11,1,0.9969497464201084
ambient,AQP3,1,0.8636594044572036
inplane,CRISPLD2,1,7.383538225269604e-12
inplane,AMY2A,2,0.9999793755475732
inplane,GATM,1,0.999956477718479
outplane,MS4A6A,1,0.6030863044828368
outplane,ADAM28,1,0.7749403029855431
outplane,AMY2A,2,0.9999801348963044
outplane,GATM,1,0.9999580045502446
outplane,CRHBP,1,0.1418664533343139
outplane,GATM,3,0.9999444437937216
outplane,AQP8,1,0.9997703955907924
induction,CA4,3,0.018543907291141193
induction,PROX1,3,0.11868260911091111
induction,DIRAS3,2,0.023219605323713366
induction,CA4,5,0.019178486971068165
induction,PROX1,1,0.13310983575417812
induction,DIRAS3,4,0.0255781956407215
inplane,FBN1,1,0.016011426447157695
inplane,MDM2,1,0.7230261881983127
inplane,CYP2A7,1,0.6299198642773879
inplane,AMY2A,4,0.9999711706677519
ambient,CA4,1,0.0555969590783435
ambient,GLYATL1,1,0.46512038256387844
ambient,PROX1,1,0.2617313621289986
ambient,DIRAS3,1,0.058853122582157136
ambient,UMOD,1,0.9380927844031639
ambient,GATM,1,0.999953672442388
ambient,FKBP11,1,0.9793501089730523
ambient,CPA3,1,0.9408167642107496
inplane,ECSCR,1,0.0
inplane,AMY2A,1,0.9999342271585429
inplane,KCNK3,1,0.9691691035330651
inplane,HAMP,1,0.6932932167160295
inplane,GATM,1,0.9998215726995123
induction,CA4,3,0.022467892960322144
induction,PROX1,2,0.15374443064999987
induction,DIRAS3,5,0.030298624798873908
ambient,FKBP11,1,0.9434061144260312
ambient,RIDA,1,0.8798613075897973
ambient,CA4,1,0.070841405018924
ambient,GLYATL1,1,0.5235447237631237
ambient,CPA3,1,0.8536572614190389
ambient,DIRAS3,1,0.06235336806920999
inplane,MMRN2,1,0.0
inplane,TCIM,1,0.0
inplane,CFTR,1,0.99987979946262
inplane,GATM,1,0.9999557786419654
outplane,CFTR,1,0.9998763578431957
outplane,SNCA,1,0.40553720422646
outplane,FXYD2,1,0.9774737526922007
outplane,PROX1,1,0.35574043983029957
ambient,CA4,1,0.0662455844794535
ambient,DIRAS3,1,0.0886058314914927
outplane,AMY2A,4,0.9999773107391414
outplane,TCIM,1,0.0
outplane,CLEC14A,1,0.0
outplane,BAMBI,1,0.7833276823748935
outplane,AMY2A,1,0.9999781111862905
inplane,MMRN2,2,0.0
inplane,AMY2A,4,0.9999775136744773
induction,CA4,4,0.020911344294755052
induction,PROX1,3,0.14398204501388312
induction,DIRAS3,3,0.028042892075204273
inplane,PCNA,1,0.6911985418679131
inplane,CFB,1,0.942600796818323
inplane,CFTR,1,0.9998938734572431
inplane,ERBB2,1,0.9611677569464421
induction,CA4,2,0.012885484842182993
induction,PROX1,5,0.09218882428475794
induction,DIRAS3,3,0.017173584408702536
ambient,CPA3,1,0.8683239604632422
ambient,AQP8,1,0.9998163392452767
inplane,AMY2A,3,0.9999633347703984
inplane,GATM,1,0.9999193542935815
outplane,AMY2A,4,0.9999787905126785
ambient,COCH,1,0.8707580796476468
ambient,GATM,1,0.9999440148991297
induction,CA4,1,0.01810225005488597
induction,PROX1,4,0.12538117055752673
induction,DIRAS3,5,0.023664996883429157
outplane,CFTR,1,0.9998679376019177
outplane,AMY2A,1,0.9999771575158837
outplane,CD8A,1,0.5379802553663318
outplane,CXCL6,1,0.9982187136177771
outplane,GATM,2,0.9999512193145712
ambient,ANPEP,1,0.9997462657611818
ambient,KLK11,1,0.9972443449332921
inplane,TENT5C,1,0.9976830502843361
inplane,AMY2A,1,0.9999807524963402
inplane,FXYD2,1,0.9787037040732709
inplane,GATM,1,0.9999593858560717
inplane,TCIM,1,0.0
inplane,MYC,1,0.6815921988019313
inplane,CFTR,1,0.9998645402079986
inplane,AMY2A,2,0.9999759459785326
induction,CA4,1,0.019616292368015542
induction,PROX1,5,0.13604331761317212
induction,DIRAS3,4,0.026439556088264204
induction,CA4,3,0.02953563280312499
induction,PROX1,3,0.19502899261223006
induction,DIRAS3,4,0.04003806120887077
outplane,ANPEP,1,0.9996872771102152
outplane,TENT5C,1,0.9975704333270268
outplane,AMY2A,1,0.9999781535453377
outplane,GATM,2,0.9999534116552995
outplane,AQP8,1,0.9998078724017508
outplane,PDGFRB,1,0.22080940050101772
outplane,ASPN,1,0.32504743240458833
outplane,TBX3,1,0.24214986441593478
outplane,EHF,1,0.9987766778265522
outplane,AMY2A,1,0.9999787420102186
ambient,ANPEP,1,0.999640012952612
ambient,CA4,1,0.06574491617818001
ambient,PROX1,1,0.3154827997380726
ambient,AQP3,1,0.8914755843378976
outplane,MYH11,1,0.9961559273701168
outplane,AMY2A,2,0.9999803263255987
outplane,GATM,2,0.9999584249559038
induction,CA4,4,0.018578772048822967
induction,PROX1,1,0.13076038664084155
induction,DIRAS3,5,0.025275493636381707
ambient,UMOD,1,0.9248559966938243
ambient,AQP8,1,0.9998195322039718
inplane,AMY2A,2,0.9999803408097505
inplane,HAMP,1,0.9082944317607022
inplane,GATM,1,0.9999585797641591
outplane,MYC,1,0.81984906717812
outplane,AMY2A,3,0.9999795347285387
inplane,NTN4,1,0.7589565193625818
inplane,TENT5C,1,0.9976007863162074
inplane,AMY2A,1,0.9999801498924777
inplane,GATM,1,0.9999581929718172
outplane,FKBP11,1,0.9763965676417278
outplane,EPCAM,1,0.9995556399583619
outplane,MET,1,0.7455890345893702
outplane,AMY2A,2,0.9999760694771949
outplane,GATM,1,0.9999482197752733
ambient,PEBP4,1,0.7875821200921183
ambient,GLYATL1,1,0.6716962336322025
outplane,SRPX,1,0.24875974520660482
outplane,AMY2A,2,0.9999807100835505
outplane,GATM,1,0.9999592936846936
outplane,CD3D,1,0.8277678902894585
outplane,AMY2A,2,0.9999728312254006
outplane,GATM,1,0.9999415707298844
induction,CA4,3,0.017049145754025274
induction,PROX1,4,0.1187249708894964
induction,DIRAS3,3,0.022139717009109106
inplane,PCNA,1,0.6928134426538388
inplane,AMY2A,2,0.9999770895473905
inplane,AQP8,1,0.9997975766102791
induction,CA4,3,0.02201045923381173
induction,PROX1,3,0.15217152555793445
induction,DIRAS3,4,0.02994072258695457
outplane,CLEC4E,1,0.8244988415412623
outplane,PPP1R1B,1,0.9900951797613292
outplane,AMY2A,1,0.9999787951828354
outplane,AQP8,1,0.9998141296231065
inplane,CXCR4,1,0.0712891567198689
inplane,MYC,1,0.4337726182658661
inplane,C1orf162,2,0.583704337482966
inplane,AMY2A,1,0.999924888306035
induction,CA4,3,0.02263133124188632
induction,PROX1,6,0.15419393970848816
induction,DIRAS3,1,0.030629010706903603
outplane,NTN4,1,0.8982759209701026
outplane,CFB,1,0.935697037089497
outplane,KCNK3,1,0.9848947633513132
outplane,CXCL2,1,0.7923932860206614
ambient,CFTR,1,0.9998932165774254
ambient,GATM,1,0.999961476652174
ambient,RIDA,1,0.9011322464128365
ambient,AMY2A,1,0.9999802842609601
outplane,TIMP4,1,0.38759698951428645
outplane,AMY2A,2,0.9999823868223642
outplane,GATM,1,0.9999629086769694
outplane,AQP8,1,0.9998484002901157
induction,CA4,1,0.025995899450288684
induction,PROX1,5,0.17506038077046115
induction,DIRAS3,4,0.03487701341211735
ambient,UMOD,1,0.9281829930314732
ambient,COCH,1,0.8485448291567833
outplane,AMY2A,3,0.9999833216762724
outplane,CPA3,1,0.9347527007869731
inplane,AMY2A,3,0.9999820178259503
inplane,FXYD2,1,0.9844592684159099
inplane,SMYD2,1,0.7826894656007892
inplane,FKBP11,1,0.9459293873638795
inplane,AMY2A,2,0.9999801255879158
inplane,AMY2A,2,0.9999303837495236
inplane,GATM,1,0.999835148126257
inplane,AQP8,1,0.999261583738948
outplane,FKBP11,1,0.7940103529615932
outplane,MYC,1,0.461497952912005
outplane,ANPEP,1,0.9990715208583143
outplane,RND1,1,0.20263541351949954
outplane,AMY2A,2,0.9999344226424798
outplane,GPC3,1,0.527394422622433
outplane,GATM,1,0.9998446600423656
outplane,SEMA3C,1,0.8168225546165665
outplane,CFTR,1,0.9997022719535829
outplane,AMY2A,3,0.999933944427328
outplane,AMY2A,2,0.9999241574704887
outplane,FXYD2,2,0.9129225717358094
outplane,AMY2A,4,0.9999437348030106
outplane,GATM,1,0.9998706078670622
outplane,FKBP11,1,0.787861693621532
outplane,CFTR,1,0.9996786295924774
outplane,AMY2A,1,0.9999444132502578
outplane,CPA3,1,0.650678315302204
outplane,GATM,1,0.9998722552891625
ambient,RIDA,1,0.5473008884301543
ambient,COCH,1,0.42752441365136407
inplane,CFTR,2,0.9996712877663981
inplane,TM4SF4,1,0.9931888426602273
inplane,GATM,1,0.9998403473428186
induction,CA4,2,0.020390267587649613
induction,PROX1,2,0.1183285532780376
induction,DIRAS3,2,0.02631820889928982
outplane,PDGFRA,1,0.8409225924436063
outplane,AMY2A,1,0.9999220843354968
outplane,C7,1,0.6344597292214806
outplane,GATM,1,0.999816208848154
induction,CA4,4,0.029180469525845742
outplane,AMY2A,4,0.999936423480895
outplane,AQP8,1,0.9993154038041732
outplane,GCG,1,0.9976496520124807
outplane,SFRP4,1,0.8985259229005123
outplane,CFTR,2,0.9996822068213557
outplane,AMY2A,1,0.9999425573964578
outplane,PROX1,1,0.24520575884504903
induction,CA4,3,0.015570986550436539
induction,PROX1,4,0.098628863832397
induction,DIRAS3,1,0.020268239402158716
ambient,FKBP11,1,0.8326099638608053
ambient,COCH,1,0.5626810876689963
inplane,PMP22,1,0.2097795038333713
inplane,MYC,1,0.5074361321539801
inplane,AMY2A,4,0.9999629125107298
induction,CA4,2,0.04516976964919073
induction,PROX1,2,0.21735640560899872
inplane,MDM2,1,0.7703248365679642
inplane,CFTR,1,0.9997856959034243
inplane,AMY2A,1,0.9999455174038694
inplane,GATM,1,0.9998748088623467
outplane,FGL2,1,0.6024736493009255
outplane,PTPRC,1,0.997825191122848
outplane,AMY2A,2,0.9999425791510697
ambient,CA4,1,0.04985124504896121
ambient,COCH,1,0.45663696384307273
outplane,CFTR,1,0.9998373535627838
outplane,AMY2A,2,0.9999730345092152
outplane,GATM,2,0.9999421271719339
induction,CA4,4,0.015346499870653174
induction,PROX1,2,0.10870011012817193
induction,DIRAS3,4,0.020686462011574758
inplane,KRT7,1,0.9908318002600637
inplane,AMY2A,5,0.9999805937910844
inplane,GATM,1,0.9999590183578824
outplane,TENT5C,1,0.9962499991721134
outplane,AMY2A,4,0.9999639538303187
outplane,AQP8,1,0.9996701059133363
ambient,ANPEP,1,0.9994574688079445
ambient,CPA3,1,0.8020937347446642
induction,CA4,2,0.01689739979199989
induction,PROX1,2,0.11625976923410086
induction,DIRAS3,6,0.021748414325711618
ambient,KCNK3,1,0.9329530102425966
ambient,PROX1,1,0.31796883855827607
inplane,GDF15,2,0.8636401245415184
inplane,AMY2A,2,0.9999659793648833
inplane,GATM,1,0.9999265081487886
induction,CA4,3,0.019354712322546597
induction,PROX1,3,0.1348344589998144
induction,DIRAS3,4,0.025942495962057666
inplane,AMY2A,1,0.9999808605182834
inplane,KCNK3,1,0.9765361913959201
inplane,GATM,2,0.9999596779536684
induction,CA4,3,0.021035039508804698
induction,PROX1,4,0.14333985914036051
induction,DIRAS3,3,0.028186085796504723
outplane,SMYD2,1,0.7676411549862363
outplane,ANPEP,1,0.9997249602524962
outplane,AMY2A,1,0.9999805009769278
outplane,AQP8,1,0.9998320543986894
induction,CA4,1,0.01263814870576574
induction,PROX1,5,0.08812803101400657
induction,DIRAS3,4,0.016938648970406867
inplane,ANPEP,1,0.999620941052379
inplane,AMY2A,3,0.9999733753980309
outplane,EPCAM,1,0.9991750368416594
outplane,ANPEP,1,0.9994713033991436
outplane,GPC3,1,0.6033090811938218
outplane,GATM,2,0.9999198877581178
ambient,UMOD,1,0.8653497337946606
ambient,PEBP4,1,0.6482885655170045
induction,CA4,7,0.012818340671691186
induction,PROX1,1,0.0937473953170136
induction,DIRAS3,2,0.017610523628575625
inplane,AMY2A,1,0.9999804923676139
inplane,COCH,1,0.8227772027331743
inplane,GATM,2,0.9999588515111043
induction,CA4,3,0.014421286844738312
induction,PROX1,3,0.10413686378013065
induction,DIRAS3,4,0.01968010757582417
inplane,AMY2A,2,0.9999741332234138
inplane,EGFR,1,0.851087995124414
inplane,GATM,2,0.9999445951757758
inplane,AQP8,1,0.9997707909310077
inplane,AMY2A,5,0.9999761084442054
inplane,KCNK3,1,0.9564678711939264
inplane,ANPEP,1,0.9995784733612195
inplane,ADAM28,1,0.8265342492305792
inplane,AMY2A,3,0.9999707111556528
inplane,GPC3,1,0.8524742622847296
inplane,GATM,1,0.9999367615109087
inplane,TCIM,1,0.0
inplane,CYTIP,1,0.9023372729548879
inplane,AMY2A,3,0.9999591084258114
inplane,GATM,1,0.9999099069472593
ambient,DPEP1,1,0.943778929781515
ambient,HAMP,1,0.7585496829330275
ambient,ANPEP,1,0.9996655465176583
ambient,PEBP4,1,0.6361324702022276
ambient,DPEP1,1,0.9678853943020773
ambient,AQP3,1,0.8509348299916767
ambient,RIDA,1,0.8338565424422015
ambient,UMOD,1,0.8865524650991545
ambient,HAMP,1,0.8408146954442286
ambient,GATM,1,0.9999436434474896
ambient,HAMP,1,0.8417583839522284
ambient,AQP3,1,0.812916501674676
inplane,TENT5C,1,0.9978286472157238
inplane,AMY2A,2,0.9999793663550443
inplane,GATM,1,0.9999561752163014
ambient,KLK11,1,0.9968954437864075
ambient,AQP3,1,0.8609969250037196
outplane,CD79A,1,0.9727819925216792
outplane,AMY2A,3,0.9999695292105947
outplane,GATM,1,0.9999341174513376
outplane,AQP8,1,0.9997255692611299
outplane,APOLD1,1,0.0
outplane,CFTR,1,0.9998315797919416
outplane,AMY2A,2,0.9999642898955069
inplane,IGF1,1,0.576183907773347
inplane,AMY2A,2,0.9999613244490447
inplane,GATM,2,0.9999098781199702
inplane,CD1C,1,0.9282928382757034
inplane,AMY2A,1,0.9999747933291532
inplane,GATM,3,0.9999460150382019
induction,CA4,2,0.01612462123378089
induction,PROX1,3,0.11439857064388359
induction,DIRAS3,5,0.022045077808809266
inplane,NTN4,1,0.8803547287594756
inplane,CFTR,1,0.9998647781194261
inplane,AMY2A,2,0.9999741711179786
induction,CA4,4,0.016319823535496658
induction,PROX1,1,0.11067626907030081
induction,DIRAS3,5,0.020910703051008395
inplane,EDN1,1,0.2142105942968464
inplane,ANPEP,1,0.9997104228508902
inplane,AMY2A,1,0.9999795549951613
inplane,INS,1,0.9974878007758075
ambient,RIDA,1,0.7764327375688611
ambient,PROX1,1,0.3302473194093025
outplane,FKBP11,1,0.832505678770967
outplane,SERPINB9,1,0.18504895522499976
outplane,TENT5C,1,0.9960444230977706
outplane,AMY2A,1,0.9999649928476604
ambient,HAMP,1,0.8368713050501458
ambient,COCH,1,0.6789440717572978
induction,CA4,5,0.02079266140988978
induction,PROX1,3,0.14075434399261544
induction,DIRAS3,2,0.027760329255772875
outplane,CD163,1,0.996344900255472
outplane,CD1E,1,0.7119270863824976
outplane,AMY2A,4,0.9999714343260121
ambient,CA4,1,0.06644976705275041
ambient,AMY2A,1,0.9999440152871114
ambient,UMOD,1,0.8943391136859918
ambient,AMY2A,1,0.9999735336717845
induction,CA4,1,0.038779655800179724
induction,DIRAS3,3,0.05377265305299539
outplane,CD163,1,0.9919561072140445
outplane,CFTR,1,0.9997439715637928
outplane,CLIC6,1,0.7486722826247831
outplane,AMY2A,1,0.9999445590662376
inplane,FSTL3,1,0.7662040840092295
inplane,PROX1,1,0.3536039724200001
inplane,CYP1A1,1,0.04433699180285511
inplane,DIRAS3,1,0.08228177986235818
outplane,AMY2A,3,0.9999792550028996
outplane,GATM,2,0.9999563014795969
induction,CA4,2,0.018548766247012183
induction,PROX1,4,0.1293750749887167
induction,DIRAS3,4,0.024827041913129233
inplane,ANPEP,1,0.9995599404079926
inplane,AMY2A,1,0.999967941341087
inplane,PROX1,1,0.41779258331468605
inplane,GATM,1,0.9999308863489791
ambient,GATM,1,0.9999312729051628
ambient,AQP3,1,0.8002710851168252
outplane,MYH11,2,0.9962036514835797
outplane,MET,1,0.24741241542460868
outplane,AMY2A,1,0.99997061917753
induction,CA4,3,0.013893383544637539
induction,PROX1,3,0.09663628627525711
induction,DIRAS3,4,0.01865842271771856
inplane,FCGR1A,1,0.509722268532832
inplane,TCIM,1,0.0
inplane,ACTG2,1,0.35060615713697196
inplane,AMY2A,1,0.9999687248551338
inplane,FKBP11,1,0.8704962489428846
inplane,CFTR,2,0.9998137447563482
inplane,TRAC,1,0.5527225177188719
inplane,AMY2A,1,0.9999682241985158
inplane,SMYD2,1,0.6347350185437322
inplane,AMY2A,3,0.9999753663982439
inplane,GATM,1,0.9999475901235986
inplane,PPP1R1B,1,0.9880727586052916
inplane,DPEP1,1,0.9852669901330819
inplane,CFTR,2,0.9998762857834368
inplane,AMY2A,2,0.9999765977725332
inplane,SMYD2,1,0.670047351613597
inplane,AMY2A,3,0.9999791825690231
inplane,AQP8,1,0.9998202954305289
ambient,DPEP1,1,0.983787869010317
ambient,UMOD,1,0.9207450132267532
inplane,GATM,2,0.9999581515084801
inplane,AQP8,3,0.9998287574865677
induction,CA4,3,0.015006583265299245
induction,PROX1,4,0.10649566111223119
induction,DIRAS3,3,0.02005033551480684
outplane,AMY2A,2,0.999979419340697
outplane,GATM,1,0.9999565208123946
outplane,AQP8,1,0.9998218925112236
induction,CA4,1,0.014079125883285193
induction,PROX1,5,0.10274994697962825
induction,DIRAS3,4,0.019176233565796785
inplane,CFTR,2,0.9998558035519763
inplane,AMY2A,2,0.9999743882857373
inplane,GATM,1,0.9999450092635911
inplane,CFTR,1,0.9998331366974025
inplane,EHF,1,0.998269967384312
inplane,AMY2A,3,0.9999708646440006
inplane,EPCAM,1,0.9993016386201988
inplane,AMY2A,2,0.9999708913726588
inplane,GATM,1,0.9999371162869555
outplane,EHF,1,0.9986243614623743
outplane,AMY2A,1,0.9999807158851984
outplane,GATM,1,0.999959340660891
outplane,AQP8,1,0.9998336763970247
outplane,BASP1,1,0.05058450524825164
outplane,TCIM,1,0.0
outplane,AMY2A,1,0.9999775935048895
outplane,FXYD2,1,0.9580694273844158
outplane,APCDD1,1,0.18404161980016864
outplane,CFTR,1,0.999870921922111
outplane,AMY2A,1,0.9999784954838433
outplane,GATM,1,0.9999546243592615
inplane,FBLN1,1,0.8593130409724163
inplane,FSTL3,1,0.8299880940202106
inplane,STC1,1,0.0
inplane,MALL,1,0.055472281051846206
inplane,AMY2A,2,0.9999658071893114
inplane,ESR1,1,0.8061230472145988
inplane,MDM2,1,0.5606856205167605
inplane,CFTR,1,0.9998855550211537
inplane,TFPI,1,0.0
inplane,AMY2A,1,0.9999805347131602
induction,CA4,1,0.013058578514249408
induction,PROX1,5,0.09514225971519674
induction,DIRAS3,4,0.017665586592120253
ambient,FKBP11,1,0.9140280780872891
ambient,CFTR,1,0.9998582875813821
induction,CA4,2,0.012112556087561455
induction,PROX1,5,0.08478040272942655
induction,DIRAS3,3,0.01600911929771842
induction,CA4,7,0.012680543297066471
induction,PROX1,2,0.09225448624081456
induction,DIRAS3,1,0.017200480713927102
ambient,KCNK3,1,0.9388026545764503
ambient,AQP3,1,0.8038153045838726
outplane,SMYD2,1,0.7552940774686094
outplane,FKBP11,1,0.9393128454926506
outplane,CFTR,1,0.999881118402902
outplane,AMY2A,1,0.9999798055136228
outplane,PROX1,1,0.3908713217129244
inplane,CFTR,1,0.9998734269825009
inplane,AMY2A,2,0.9999789041813035
inplane,EGFR,1,0.7572050621310977
induction,CA4,6,0.011648676913804779
induction,PROX1,1,0.08207698901988181
induction,DIRAS3,3,0.01576562682465954
induction,CA4,2,0.012769143816228623
induction,PROX1,5,0.09204950920459909
induction,DIRAS3,3,0.01698401898428281
inplane,FSTL3,1,0.7656669992175097
inplane,DST,1,0.443903618175307
inplane,STC1,1,0.0
inplane,CFTR,2,0.9998784836422553
inplane,APCDD1,1,0.19782336117995258
inplane,VCAN,1,0.9992985037797294
inplane,ASPN,1,0.20717648829416602
inplane,AMY2A,1,0.9999796571180625
ambient,CPA3,1,0.8112537515821632
ambient,PROX1,1,0.3472011140515946
outplane,MDM2,1,0.5084564211319098
outplane,ANPEP,1,0.9994429126478369
outplane,KRT7,2,0.9899267241334337
outplane,SPI1,1,0.6728728084236464
inplane,C15orf48,1,0.9932261284966517
inplane,KCNMA1,1,0.4676273841511457
inplane,AMY2A,1,0.9999755510812124
inplane,GZMA,1,0.5802642078344424
induction,CA4,3,0.013738872091151766
induction,PROX1,3,0.09884723979498
induction,DIRAS3,4,0.018724551895373587
induction,CA4,2,0.01585068424281122
induction,PROX1,4,0.11194871169682352
induction,DIRAS3,4,0.02126636339938115
ambient,KLK11,1,0.9964899305926054
ambient,DIRAS3,1,0.05217530693011263
ambient,DPEP1,1,0.9648152163562702
ambient,COCH,1,0.678556533438806
outplane,ASPN,1,0.08973576073418998
outplane,CFB,1,0.6393700024454425
outplane,AMY2A,2,0.999972879610673
outplane,SRPX,1,0.31648470016586305
outplane,PLA2G7,1,0.9911784204221689
outplane,IGSF6,1,0.581669326204992
outplane,AMY2A,2,0.9999784769892888
outplane,PROX1,1,0.40363139262825687
outplane,ANPEP,1,0.9997279612037361
outplane,AMY2A,1,0.9999807468855573
outplane,GATM,2,0.9999593793530149
inplane,TFPI,1,0.0
inplane,AMY2A,2,0.9999807806681311
inplane,GATM,1,0.9999594543939168
inplane,AQP8,1,0.999834075376408
induction,CA4,2,0.012450086249877201
induction,PROX1,1,0.1067941877306301
induction,DIRAS3,7,0.018758158638611966
outplane,UMOD,1,0.7402460779801288
outplane,HLA-DQB2,1,0.15668832484269224
outplane,C1orf162,1,0.39592937235821757
outplane,CLIC6,1,0.6758849533233747
outplane,CXCL2,1,0.2825328580170011
outplane,GATM,1,0.9998915782180535
ambient,DIRAS3,1,0.06552535474456189
ambient,PEBP4,1,0.7438901827380882
ambient,UMOD,1,0.9010957610116271
ambient,CPA3,1,0.8425429649313424
induction,CA4,5,0.011516742849242867
induction,PROX1,1,0.08493303872507885
induction,DIRAS3,4,0.015552850609410807
induction,CA4,6,0.013810562635930612
induction,PROX1,2,0.09574600071292028
induction,DIRAS3,2,0.018744417389916723
ambient,CFTR,1,0.9997214553977808
ambient,COCH,1,0.564871545141163
inplane,PDGFRB,1,0.008505546409521947
inplane,TCF4,1,0.0
inplane,AMY2A,2,0.9999597397694856
inplane,GATM,1,0.9999114016254014
outplane,SMYD2,1,0.5715559556456982
outplane,ALDH1A3,1,0.5730984053643605
outplane,CFTR,1,0.9997074190959534
outplane,PROX1,1,0.28841403469989313
ambient,DPEP1,1,0.8274807168133016
ambient,AMY2A,1,0.9999313066776621
inplane,FBN1,1,0.006740874487253912
inplane,MYC,1,0.5875362786446798
inplane,AMY2A,2,0.9999732813659564
inplane,CD14,1,0.4320258541943859
inplane,CD4,2,0.1343691400456879
inplane,CFTR,1,0.999871257300164
inplane,FXYD2,1,0.9599410421255727
induction,CA4,5,0.012024090426905332
induction,PROX1,2,0.08599440513169354
induction,DIRAS3,3,0.016210687879023022
inplane,AMY2A,3,0.9999680204046586
inplane,GATM,1,0.9999310095058374
ambient,AMY2A,1,0.9999768087001984
ambient,DIRAS3,1,0.054776824561451276
induction,CA4,3,0.0250545282987944
induction,PROX1,4,0.16846081710934724
induction,DIRAS3,3,0.0337289696498595
outplane,CTSK,1,1.193478649241797e-11
outplane,CFB,1,0.8185137746008174
outplane,MDM2,1,0.5597101996387313
outplane,CFTR,2,0.9998825274231162
outplane,FXYD2,1,0.9703166774337483
ambient,ANPEP,1,0.9996838024084397
ambient,GLYATL1,1,0.5978962400807251
outplane,CCR7,1,0.2036949995055296
outplane,CFTR,1,0.9998804746069969
outplane,AMY2A,1,0.9999793691407789
outplane,HAMP,1,0.9278555746645699
inplane,CA4,1,0.05410948851818653
inplane,AMY2A,2,0.9999777315021429
inplane,FXYD2,1,0.9569468208076326
induction,CA4,3,0.01695193325790878
induction,PROX1,3,0.16018927911928516
induction,DIRAS3,4,0.028102189901704766
ambient,ANPEP,2,0.9995678824404928
induction,CA4,2,0.01283736496690635
induction,PROX1,4,0.09153815143871091
induction,DIRAS3,4,0.017068255743461602
outplane,EPCAM,1,0.9992986741549436
outplane,ANPEP,1,0.999582358969658
outplane,AMY2A,1,0.9999708270384275
outplane,GATM,2,0.9999370158842685
inplane,MYC,1,0.44928660897890305
inplane,PPP1R1A,1,0.9722097343782069
inplane,CFTR,1,0.9996566444663797
inplane,AMY2A,4,0.9999341747244295
inplane,GATM,1,0.9998438889944735
outplane,DST,1,0.4295450979047092
outplane,CFTR,1,0.9998137968904094
outplane,AMY2A,2,0.9999626876836631
outplane,KCNK3,1,0.9047515758157596
inplane,AMY2A,2,0.9999619984257305
inplane,GATM,1,0.9999169994535475
inplane,AQP8,2,0.9996516655746407
induction,PROX1,2,0.23478045789926538
induction,DIRAS3,2,0.053640159227949624
ambient,KLK11,1,0.9892270428143813
ambient,GLYATL1,1,0.15982570458912493
outplane,FKBP11,1,0.9498990386244417
outplane,AMY2A,5,0.9999787498925621
inplane,CAVIN1,1,0.02544470537133714
inplane,CD93,1,0.0
inplane,AMY2A,1,0.9999747389893877
inplane,GATM,1,0.9999462428704604
induction,CA4,3,0.014316711008731997
induction,PROX1,5,0.10051535349218599
induction,DIRAS3,2,0.018495899474818445
outplane,SERPINB9,1,0.21610279202676363
outplane,CFTR,2,0.999828479694186
outplane,CXCL2,1,0.5864239423348571
induction,CA4,3,0.013557192874372959
induction,PROX1,4,0.09489046200423834
induction,DIRAS3,3,0.017504805825575676
outplane,FKBP11,1,0.8954314533705556
outplane,CFTR,1,0.9998278415849536
outplane,CXCL2,1,0.6273962702452156
outplane,GATM,1,0.9999258278973784
outplane,CFB,1,0.9067322177604988
outplane,MYC,1,0.5840180628553617
outplane,CFTR,1,0.9998285968894125
outplane,AMY2A,1,0.9999661087764434
outplane,AQP8,1,0.9996903004287976
outplane,CYP2A7,1,0.4680378601439311
outplane,CA4,1,0.04689819062315548
outplane,AMY2A,3,0.9999699132188556
outplane,CYP3A4,1,0.47341415983409985
induction,CA4,5,0.015779171010059545
induction,PROX1,3,0.10596722510192336
induction,DIRAS3,2,0.020258667362415328
ambient,UMOD,1,0.8365390459135615
ambient,COCH,1,0.7147671766999157
outplane,CFB,1,0.8023495947204671
outplane,TCIM,1,0.0
outplane,PPP1R1B,1,0.938681231590651
outplane,CFTR,1,0.9997377412212307
outplane,AMY2A,1,0.9999548952570606
outplane,AMY2A,4,0.9999599380452108
outplane,PROX1,1,0.27809353817929094
induction,CA4,5,0.032996209290828804
induction,PROX1,1,0.18311763889960542
inplane,CFTR,2,0.9997323264558177
inplane,TENT5C,1,0.9952045978611918
inplane,EHF,1,0.997953168802911
inplane,AMY2A,1,0.9999488641467074
inplane,PLD4,1,0.6100864307895157
inplane,FKBP11,1,0.86761299797401
inplane,DERL3,1,0.5234238620005682
inplane,PROX1,1,0.319071638831916
ambient,UMOD,1,0.860995814419107
ambient,GLYATL1,1,0.5045992530003041
ambient,CPA3,1,0.5823293425546441
ambient,AQP3,1,0.623646427688447
ambient,KLK11,1,0.9953912239517229
ambient,CPA3,1,0.7073904038141317
ambient,AMY2A,1,0.9999690306602137
ambient,DIRAS3,1,0.06741030042217788
induction,CA4,3,0.013451524222987232
induction,DIRAS3,7,0.018160822538686894
inplane,TCIM,1,0.0
inplane,AMY2A,4,0.9999379716094395
inplane,GATM,1,0.9998532983775245
ambient,AQP8,2,0.999208323422285
inplane,CFB,2,0.7993851542017426
inplane,PPP1R1B,1,0.9211146534451532
inplane,CFTR,2,0.999606508437666
outplane,MET,1,0.314758728253546
outplane,CFTR,1,0.9998630169066589
outplane,AMY2A,2,0.9999757275774769
outplane,GPC3,1,0.7170186971628136
outplane,PROX1,1,0.3114246532917433
ambient,UMOD,1,0.8334896935488314
ambient,KCNK3,1,0.9455856071964966
inplane,NTN4,1,0.7382892837311941
inplane,ANPEP,1,0.9996405831999347
inplane,AMY2A,2,0.9999741133258471
inplane,MYC,1,0.5778305372912478
inplane,AMY2A,2,0.9999763845305539
inplane,GATM,2,0.9999499651538
induction,CA4,3,0.01684761494444631
induction,PROX1,5,0.11548957959454054
induction,DIRAS3,2,0.021845968807444494
inplane,ANPEP,1,0.9996592004895075
inplane,AMY2A,3,0.9999761630725715
inplane,PLA2G7,1,0.9874676030686784
inplane,AMY2A,2,0.9999738451895618
inplane,C7,1,0.18732960599461823
ambient,CPA3,1,0.80374080849829
ambient,COCH,1,0.7499454871928745
outplane,AMY2A,2,0.9999618253468926
outplane,FXYD2,1,0.9111516611135105
outplane,AQP8,1,0.9996460771239478
induction,CA4,4,0.016793627992643168
induction,PROX1,2,0.11876172251639383
induction,DIRAS3,4,0.022680582833136564
ambient,KLK11,1,0.9971734720964371
ambient,CA4,1,0.056041941261606665
induction,CA4,3,0.014557529306721828
induction,PROX1,4,0.10582605649968724
induction,DIRAS3,3,0.019986317625437566
outplane,PDPN,2,0.7922356982858065
outplane,CTSK,1,0.7029042391346338
outplane,SRPX,1,0.5401018272412619
outplane,DMBT1,1,0.9819245058897949
outplane,TENT5C,1,0.996389097101036
outplane,AMY2A,3,0.9999704285525639
outplane,AMY2A,3,0.9999746512431124
outplane,PROX1,1,0.2929081382878598
outplane,INS,1,0.9976442102267222
inplane,KCNMA1,1,0.5710152503952577
inplane,TMC5,1,0.991171234562708
inplane,AMY2A,1,0.9999677797780387
inplane,DIRAS3,1,0.0660975438300383
ambient,ANPEP,1,0.9996669144594296
ambient,COCH,1,0.7284452479087843
ambient,UMOD,1,0.9160976241528249
ambient,KCNK3,1,0.974529796024106
induction,CA4,2,0.01572401975809523
induction,PROX1,6,0.11013889107172015
induction,DIRAS3,2,0.020865551551170092
outplane,ADGRL4,1,0.0
outplane,STC2,1,0.0
outplane,APOLD1,1,0.0
outplane,AMY2A,3,0.9999807271895389
outplane,GATM,1,0.9999593947176372
outplane,SPIB,1,0.8517404536031594
inplane,SFRP2,1,0.9992752757636534
inplane,ASPN,1,0.27618408879221246
inplane,MDM2,1,0.6084523290571463
inplane,AMY2A,1,0.9999769572251458
induction,CA4,4,0.017993495923928404
induction,PROX1,4,0.1856257369296963
induction,CA4,4,0.01531818832878551
induction,PROX1,2,0.13296165977923202
induction,DIRAS3,4,0.024116067347997205
inplane,MDM2,1,0.5364409342383204
inplane,KLRD1,1,0.22914593308379305
inplane,CFTR,1,0.9998831307879752
inplane,AMY2A,1,0.9999801435173206
inplane,PROX1,1,0.3212606313465034
ambient,CA4,1,0.05720496781697315
ambient,AQP3,1,0.8420388302242973
ambient,UMOD,1,0.8610523586185685
ambient,GATM,1,0.9999529136534892
outplane,CFB,1,0.8874317107098922
outplane,MYC,1,0.6056708151756498
outplane,CFTR,2,0.9998712813629987
inplane,TCIM,1,0.0
inplane,AMY2A,3,0.9999772047017762
inplane,MYBPC1,1,0.32707783391236467
outplane,C15orf48,1,0.9948383849714034
outplane,CFTR,1,0.9998621969244409
outplane,AMY2A,2,0.9999760912449935
inplane,TENT5C,1,0.9976476853363085
inplane,AMY2A,1,0.9999805701742226
inplane,GPC3,1,0.814959491213123
inplane,GATM,1,0.9999590631942415
ambient,AQP8,1,0.9997003041048667
ambient,PEBP4,1,0.6599986383367682
induction,CA4,4,0.015858300499203004
induction,PROX1,3,0.11416978321824545
induction,DIRAS3,3,0.022040731361611665
outplane,CFTR,1,0.9998604314841907
outplane,FXYD2,1,0.9488253543890729
outplane,PROX1,2,0.2431697779411678
outplane,NTN4,1,0.7828897048063292
outplane,AMY2A,3,0.9999736643396943
ambient,HAMP,1,0.8608997215398176
ambient,DIRAS3,1,0.07947232786857861
inplane,FSTL3,1,0.8756725500654483
inplane,CRISPLD2,1,0.17910355867781114
inplane,MDM2,1,0.6069480890190307
inplane,ALDH1A3,1,0.5358416688758976
inplane,CFTR,2,0.9998421034320278
inplane,CXCL6,1,0.9990947015064774
ambient,RIDA,1,0.5637595121939789
ambient,GLYATL1,1,0.25340483835928984
outplane,CFTR,1,0.9997931818929497
outplane,AMY2A,2,0.9999658855738807
outplane,FXYD2,1,0.9093233503462715
outplane,GATM,1,0.9999254517575691
outplane,PECAM1,1,0.0
outplane,GATA2,1,0.0
outplane,AMY2A,1,0.9999435451044038
outplane,GATM,1,0.9998699834320903
ambient,COCH,1,0.6612024266157617
ambient,PROX1,1,0.3375633081388233
inplane,TCIM,1,0.0
inplane,FKBP11,1,0.9049199096920986
inplane,KLK11,1,0.9963590753792422
inplane,AMY2A,1,0.9999758949131067
inplane,AQP8,1,0.9997895583381083
outplane,SEMA3C,1,0.8990096616991637
outplane,ANPEP,1,0.9996779363435139
outplane,EHF,1,0.998411096848657
outplane,AMY2A,1,0.9999773900361668
inplane,STC2,1,0.0
inplane,TCIM,1,0.0
inplane,C15orf48,1,0.9921939804798846
inplane,AMY2A,1,0.9999322556007673
inplane,FKBP11,1,0.9139033956663598
inplane,AMY2A,2,0.999969513913051
inplane,GATM,1,0.9999340859670628
inplane,AQP8,1,0.9997254430355073
ambient,KLK11,1,0.9925138974782873
ambient,HAMP,1,0.6633579030708785
inplane,DPEP1,1,0.8950760323853357
inplane,AMY2A,3,0.999931333551691
outplane,CFTR,1,0.9998794655060207
outplane,BAMBI,1,0.560218654837898
outplane,AMY2A,1,0.9999799279378999
outplane,CD1A,1,0.16140226366903154
outplane,AQP8,1,0.9998261981867373
inplane,AMY2A,3,0.9999753141707624
inplane,DIRAS3,1,0.051304623997458165
induction,CA4,2,0.012501296955159447
induction,PROX1,4,0.08990745916004761
induction,DIRAS3,4,0.016967279508423916
inplane,CFTR,2,0.9998851825965075
inplane,AMY2A,3,0.9999798313318027
outplane,HAMP,1,0.8939845122259222
outplane,GATM,2,0.9999571749505355
outplane,AQP8,1,0.9998245625178973
ambient,GATM,1,0.9999566821103906
ambient,DIRAS3,1,0.06262232433749348
ambient,PEBP4,2,0.6396947215429841
induction,CA4,1,0.01725180559542494
induction,PROX1,3,0.09919732253308533
induction,DIRAS3,2,0.022824473794020972
ambient,CFTR,1,0.9998859721633133
ambient,AQP8,1,0.9998299806768
ambient,GATM,1,0.9999591489402377
ambient,GLYATL1,1,0.5826114936107758
inplane,FBLN1,1,0.3759712946932111
inplane,ANPEP,1,0.99964575156322
inplane,AMY2A,1,0.9999750502010065
inplane,KCNK3,1,0.9521476718800389
outplane,CFTR,1,0.9998579911456159
outplane,AMY2A,3,0.999976385381952
outplane,GATM,1,0.9999498471812717
ambient,CFTR,1,0.9998800072915138
ambient,KCNK3,1,0.9648926286054476
induction,CA4,3,0.017879310195072717
induction,PROX1,5,0.12551606275852079
induction,DIRAS3,2,0.02409619731016266
induction,CA4,4,0.01122105328900369
induction,PROX1,4,0.0812070529747333
induction,DIRAS3,2,0.015584837547149122
induction,CA4,3,0.015136180687201017
induction,PROX1,4,0.10361849526211309
induction,DIRAS3,3,0.02002607867184869
outplane,MYLK,1,0.012785095130895208
outplane,CA4,1,0.05786027391647619
outplane,AMY2A,1,0.9999803531507169
outplane,GATM,1,0.9999586016347738
outplane,AQP8,1,0.9998307281480645
ambient,KLK11,1,0.9966656529791013
ambient,AMY2A,1,0.9999780257809046
outplane,RIDA,1,0.8788637909464554
outplane,AMY2A,3,0.9999761153621638
outplane,GPC1,1,0.608116450607809
outplane,CD93,2,0.0
outplane,CXCL6,2,0.996093640374879
induction,CA4,3,0.014985859994738115
induction,PROX1,1,0.10547278584176933
induction,DIRAS3,6,0.02081626381838264
induction,CA4,5,0.017029021232912833
induction,PROX1,3,0.12073102132782132
induction,DIRAS3,2,0.023358494162382337
inplane,APCDD1,1,0.1670152892297443
inplane,CAVIN1,1,0.12219130713969106
inplane,AMY2A,3,0.9999657534022759
inplane,FXYD2,1,0.8958628396452717
outplane,MYC,1,0.4770929038481696
outplane,CFTR,1,0.9997119548612085
outplane,AMY2A,2,0.9999528931303076
ambient,ANPEP,1,0.9996909642478253
ambient,CA4,1,0.038472463511043165
ambient,CPA3,1,0.7743611203504432
ambient,PEBP4,1,0.6488053689083071
induction,CA4,3,0.020065416536579783
induction,PROX1,3,0.13891465385116564
induction,DIRAS3,4,0.027076022377023667
induction,CA4,3,0.012823467612796402
induction,PROX1,2,0.08317755856530185
induction,DIRAS3,3,0.016905335886902795
outplane,VCAN,1,0.9996208958088734
outplane,CFB,1,0.6452063251563198
outplane,TCIM,1,0.0
outplane,FXYD2,1,0.9255957434573155
ambient,KLK11,1,0.9955506486670562
ambient,KCNK3,1,0.9616517125172431
induction,CA4,3,0.01228266908013087
induction,PROX1,5,0.08907058837035631
induction,DIRAS3,2,0.017299072683157002
ambient,UMOD,1,0.9019975831682852
ambient,CPA3,1,0.8461265230394935
inplane,AMY2A,6,0.9999429125363201
ambient,ANPEP,1,0.999396151759819
ambient,CA4,1,0.048140225432012906
ambient,FKBP11,2,0.9242968041417583
ambient,RIDA,1,0.5241098393533242
ambient,PROX1,1,0.2277111650197875
outplane,EDN1,3,0.16475139466591693
outplane,CFTR,1,0.9997975690593138
inplane,MYC,1,0.6939871094740524
inplane,GATM,1,0.9999434266519578
inplane,AQP8,2,0.9997642470355429
outplane,LAMP3,1,0.6375716888882175
outplane,TNC,1,0.9951830232837283
outplane,DST,1,0.3734810652296081
outplane,AMY2A,2,0.9999592508030638
outplane,SCGN,1,0.9899527503729076
induction,CA4,4,0.016143253377930322
induction,PROX1,1,0.11366444386923369
induction,DIRAS3,5,0.021477934351087025
induction,CA4,2,0.0199095549092837
induction,PROX1,3,0.13773953900093872
induction,DIRAS3,5,0.02683340925115074
outplane,RAPGEF3,1,0.0
outplane,AMY2A,4,0.9999738271721907
outplane,GATM,1,0.999944318831485
outplane,GNG11,1,0.0
outplane,GPR183,1,0.6916432019675964
outplane,MALL,1,0.11396502269896158
outplane,GATM,1,0.9999327558753319
outplane,EHF,1,0.9988443910255974
outplane,AMY2A,2,0.9999738793751398
outplane,RBP5,1,0.0
outplane,GATM,1,0.9999440058171936
induction,CA4,3,0.01487857417107663
induction,DIRAS3,5,0.019692796139590962
induction,CA4,4,0.014941652968661012
induction,PROX1,5,0.10417249574743503
induction,DIRAS3,1,0.019761363414170452
induction,CA4,5,0.0143492205076452
induction,PROX1,2,0.10137838050392578
induction,DIRAS3,3,0.0193412379172333
ambient,RIDA,1,0.636129315818452
ambient,CFTR,1,0.9997889595801728
induction,CA4,4,0.01351477045428584
induction,PROX1,3,0.09039611683714144
induction,DIRAS3,3,0.017289750397405768
inplane,AMY2A,4,0.9999625364070654
inplane,AQP8,1,0.9996527294604007
induction,CA4,9,0.012562511228151219
induction,DIRAS3,1,0.01708939839495449
ambient,AMY2A,1,0.9999758469946423
ambient,PEBP4,1,0.6135221765823402
inplane,DST,1,0.5863324614111977
inplane,EPCAM,1,0.9994011258168883
inplane,CFTR,1,0.9998625547380154
inplane,GATM,1,0.9999490183342526
induction,CA4,5,0.014251935787498393
induction,DIRAS3,5,0.019359967621187635
ambient,ANPEP,1,0.9996045711814988
ambient,HAMP,1,0.8477522675351197
inplane,THBS2,1,0.9977199331730641
inplane,ACTA2,1,0.11968445514226966
inplane,AMY2A,1,0.9999790800206751
inplane,EDNRB,1,0.0
outplane,CFB,1,0.7588054151593656
outplane,GPR183,1,0.566776063345414
outplane,AMY2A,2,0.9999756713816997
ambient,COCH,1,0.8255386240884526
ambient,GLYATL1,1,0.6470240865875705
induction,PROX1,7,0.08991331440063077
induction,DIRAS3,3,0.01663623382511281
inplane,NTN4,1,0.7498416372793528
inplane,DST,1,0.5005446137538855
inplane,CFTR,1,0.9998598729706804
inplane,AMY2A,1,0.9999750972776628
outplane,ADGRL4,1,0.0
outplane,AMY2A,2,0.9999780178297637
outplane,GATM,1,0.9999534080595769
outplane,FKBP11,1,0.9529679909493769
outplane,PPP1R1A,1,0.9731556998743705
outplane,AMY2A,2,0.9999799594528972
outplane,CHGA,1,0.9717827089947569
outplane,GATM,1,0.9999575463748887
inplane,TCIM,1,0.0
inplane,KCNK3,1,0.958517869428208
inplane,GATM,2,0.9999534660888888
ambient,DPEP1,1,0.9393515100577028
ambient,DIRAS3,1,0.06739924648379203
inplane,RIDA,1,0.8482084937810723
inplane,AMY2A,2,0.9999802742693945
inplane,GATM,1,0.9999583688850124
outplane,CFTR,1,0.9997839978683958
outplane,AMY2A,1,0.9999605627491315
outplane,FOXP3,1,0.8786797820839467
outplane,GATM,1,0.9999131328157335
outplane,AMY2A,2,0.9999424219315084
outplane,GATM,2,0.9998678019282368
ambient,DPEP1,1,0.9122703603938652
ambient,UMOD,1,0.7108415049806589
induction,CA4,4,0.016598935311481933
induction,PROX1,3,0.1027644055313035
induction,DIRAS3,1,0.02723688082456366
outplane,STC2,1,0.0
outplane,MDM2,1,0.5296245286213788
outplane,AMY2A,1,0.9999766459761729
outplane,CXCL2,1,0.5158900208777855
outplane,GATM,1,0.9999503911136435
ambient,AMY2A,1,0.9999257019178929
ambient,GLYATL1,1,0.31126291524460514
induction,CA4,3,0.022471883737588016
induction,PROX1,4,0.1535017408913225
induction,DIRAS3,3,0.03050237143280643
induction,CA4,4,0.01572277400795452
induction,PROX1,4,0.10675775984508096
induction,DIRAS3,2,0.02064349548636113
induction,CA4,2,0.02995889403201968
induction,PROX1,3,0.16407803704841806
induction,DIRAS3,1,0.032644573478181727
induction,CA4,3,0.017688560703406964
induction,PROX1,4,0.1168304171297857
induction,DIRAS3,3,0.02295435642701482
induction,CA4,1,0.014535744344245538
induction,PROX1,5,0.10077138115755058
induction,DIRAS3,4,0.022035682249738398
inplane,NPDC1,1,0.0
inplane,FKBP11,1,0.794017336284288
inplane,DST,1,0.43707259101983853
inplane,PRF1,1,0.3219699943161446
inplane,AMY2A,2,0.9999319046421785
ambient,KLK11,1,0.9964103846188838
ambient,HAMP,1,0.8202053794289655
outplane,COL5A2,1,3.0309088572266774e-12
outplane,MYC,1,0.6771396551762681
outplane,RIDA,1,0.8183700791715125
outplane,AMY2A,1,0.999977727718111
outplane,GATM,1,0.9999527797104428
ambient,PEBP4,2,0.7224626391862268
outplane,PECAM1,1,0.0
outplane,RAPGEF3,1,0.0
outplane,CFTR,1,0.999818280954395
outplane,AMY2A,2,0.9999672018981587
ambient,RIDA,1,0.7874209465393525
ambient,AMY2A,1,0.9999705785645888
inplane,MMRN2,1,0.0
inplane,CFTR,1,0.9998266160596516
inplane,AMY2A,2,0.9999704246071276
inplane,MZB1,1,0.8891825395065196
ambient,CPA3,1,0.8386213334317403
ambient,HAMP,1,0.8949742393867778
outplane,CAVIN1,3,0.4399207013713977
outplane,ANPEP,1,0.9987948678023871
ambient,UMOD,1,0.817089482483511
ambient,COCH,1,0.6559004380574981
induction,CA4,4,0.014088712037401363
induction,PROX1,4,0.10096656235288903
induction,DIRAS3,2,0.019302845851556172
induction,PROX1,1,0.11861026167531508
induction,DIRAS3,3,0.03271849459244669
induction,CA4,4,0.01173679996620891
induction,PROX1,2,0.08296955304514064
induction,DIRAS3,4,0.015466059147493105
outplane,FKBP11,1,0.8238770800929459
outplane,ANPEP,1,0.9994155332734627
outplane,AMY2A,1,0.9999627311882081
outplane,KCNK3,1,0.9362702439400095
outplane,TCL1A,1,0.17354024282861824
inplane,APOLD1,1,0.0
inplane,TENT5C,1,0.9969435459797927
inplane,SCGN,2,0.9903242640384861
induction,CA4,3,0.012586879603629586
induction,PROX1,4,0.08403895037003806
induction,DIRAS3,3,0.016274363939825953
inplane,CFB,1,0.8934927809420599
inplane,C15orf48,1,0.9953333615692775
inplane,TENT5C,1,0.9970378786428222
inplane,AMY2A,3,0.9999755252352494
outplane,PDPN,1,0.472977795989863
outplane,TNC,1,0.9953909554570803
outplane,PLA2G7,1,0.994040337252757
outplane,AMY2A,1,0.9999695773243726
outplane,EHF,1,0.9964053611029596
outplane,AMY2A,2,0.9999286410156306
outplane,LYVE1,1,0.0
induction,CA4,3,0.020476923215651865
induction,DIRAS3,3,0.02508610283893198
inplane,TCIM,1,0.0
inplane,CD163,1,0.9962704816168114
inplane,C1orf162,1,0.5208281124385152
inplane,KCNK3,1,0.7768061408019209
ambient,PROX1,1,0.25017641749969255
ambient,GATM,1,0.9998383241407781
induction,CA4,3,0.01547733058647116
induction,PROX1,5,0.10929017222248161
induction,DIRAS3,2,0.020569588349788948
outplane,MET,1,0.37419546673876525
outplane,AMY2A,3,0.9999665620920469
outplane,GATM,1,0.9999264889860416
inplane,AMY2A,3,0.9999732216341234
inplane,DUSP2,1,0.5757285523305314
inplane,ADH1C,1,0.596459950952433
ambient,ANPEP,1,0.9995078856214568
ambient,KLK11,1,0.9948452594399252
outplane,CFB,2,0.7275857214012349
outplane,AMY2A,1,0.9999711943769655
outplane,AGR3,1,0.6694739894464192
inplane,EPCAM,1,0.9986373467028338
inplane,AMY2A,2,0.9999387584440644
inplane,GATM,2,0.9998550605282434
inplane,SMYD2,1,0.6119604891469312
inplane,AMY2A,1,0.9999658444227184
inplane,GATM,2,0.9999254793523528
inplane,AQP8,1,0.9996874974870259
inplane,CFTR,1,0.9998307113440366
inplane,AMY2A,2,0.9999668438737167
inplane,CXCL2,1,0.6820887575574728
ambient,FKBP11,1,0.7898073566503494
ambient,UMOD,1,0.6834354716457263
outplane,FKBP11,1,0.850407078147879
outplane,UMOD,1,0.7707673289839525
outplane,PLIN4,1,0.3137939018919973
outplane,SPIB,1,0.7166201270869594
ambient,ANPEP,1,0.9996652666853421
ambient,UMOD,1,0.8539598876209292
outplane,MCF2L,1,0.0
outplane,CXCR4,1,0.4033522456491323
outplane,PTPRC,1,0.9977458486434795
outplane,AMY2A,2,0.9999753293257566
outplane,GATM,1,0.9999473829266986
induction,CA4,5,0.01434281374363533
induction,PROX1,1,0.09924765658206003
induction,DIRAS3,4,0.01834571152204212
ambient,CPA3,1,0.8337446968043971
ambient,COCH,1,0.7904168452073768
inplane,PECAM1,1,0.0
inplane,SMYD2,1,0.787708436039221
inplane,CFTR,1,0.9998512832366223
inplane,AMY2A,3,0.9999746753830641
inplane,GATM,2,0.9999457971771987
induction,CA4,4,0.012685728156039189
induction,PROX1,4,0.08936687277677546
induction,DIRAS3,2,0.016247462434243798
induction,PROX1,6,0.09832438502179353
induction,DIRAS3,4,0.017831397149820627
outplane,AMY2A,3,0.9999735738420474
outplane,GATM,1,0.9999437348350089
outplane,AQP8,1,0.999768237603385
outplane,ANPEP,1,0.9996013767183503
outplane,AMY2A,1,0.9999718980537547
outplane,CXCL2,1,0.6256720739076849
outplane,GATM,1,0.9999397830164574
inplane,ECSCR,1,0.0
inplane,MEDAG,1,2.561850731552795e-11
inplane,DST,1,0.47742025620113515
inplane,CFTR,1,0.9998796063982854
outplane,STC2,1,0.0
outplane,ACTA2,1,0.34858235360431244
outplane,TCIM,1,0.0
outplane,AMY2A,1,0.9999717722901729
outplane,GATM,1,0.9999394812814392
outplane,CFTR,1,0.9998448331578698
outplane,AMY2A,2,0.9999721967465338
outplane,GPC3,1,0.8501013217852016
outplane,GATM,1,0.9999400827066364
outplane,AQP8,1,0.9997510178361635
outplane,CD68,1,0.5695238014324464
outplane,AMY2A,2,0.9999808733264195
outplane,GATM,1,0.9999596810897807
outplane,AMY2A,3,0.9999795690804899
outplane,GATM,2,0.9999568838011984
ambient,HAMP,1,0.6712841266856013
ambient,PROX1,1,0.354195033526746
induction,CA4,3,0.017420024659875244
induction,PROX1,2,0.10717435539409348
induction,DIRAS3,3,0.019776017446000438
inplane,CFTR,1,0.9998554107220993
inplane,AMY2A,3,0.9999748749884795
inplane,GATM,1,0.9999462574158565
inplane,TSPAN19,1,0.32917949471750685
outplane,NTN4,1,0.760214723339353
outplane,MDM2,1,0.6451408994195186
outplane,EPCAM,1,0.9993408128447253
outplane,GATM,2,0.9999350284890465
inplane,VCAN,1,0.999644938085659
inplane,MFAP5,1,0.806181751488022
inplane,DST,1,0.45890350666127355
inplane,LILRA4,1,0.2751846289856642
outplane,ANPEP,2,0.999507584602366
outplane,GATM,2,0.9999240538620815
ambient,PROX1,1,0.2937102522684224
ambient,AQP3,1,0.8038497582266195
ambient,CFTR,1,0.9998625669928406
ambient,AQP3,1,0.7882725592941404
outplane,CFB,1,0.873490974054249
outplane,EHF,1,0.9983006970799319
outplane,AMY2A,2,0.9999716032960301
induction,CA4,3,0.023269231412244573
induction,PROX1,3,0.15365317024959657
induction,DIRAS3,4,0.030078476168189927
inplane,TNC,1,0.9956501001898357
inplane,FCGR3A,1,0.7487334627399254
inplane,MET,1,0.307988190393508
inplane,ANPEP,1,0.9996086533475927
inplane,AMY2A,3,0.9999725739989626
inplane,GATM,1,0.9999412300418419
induction,CA4,6,0.012739217789331514
induction,PROX1,2,0.09077681231423862
induction,DIRAS3,2,0.017240049979383665
ambient,CPA3,1,0.6225500796340668
ambient,COCH,1,0.5413792732615748
inplane,DPEP1,1,0.9632192827168944
inplane,MYC,1,0.6046907508723993
inplane,AMY2A,1,0.999966373322866
inplane,GATM,1,0.9999265856125412
inplane,PPP1R1A,1,0.9666334916060623
inplane,AMY2A,2,0.99996923356634
inplane,GATM,1,0.9999340894963026
induction,CA4,4,0.012749053695452872
induction,PROX1,3,0.08940769849807917
induction,DIRAS3,3,0.016917157256796544
ambient,CA4,1,0.05697623736529067
ambient,KCNK3,1,0.9320837563156176
ambient,DPEP1,1,0.9662483665991775
ambient,UMOD,1,0.8500317301277256
inplane,CFTR,1,0.9996674661708719
inplane,AMY2A,2,0.9999427617172206
inplane,GATM,1,0.9998684533704725
induction,CA4,1,0.020347886729310982
induction,PROX1,3,0.11598925869214649
induction,DIRAS3,2,0.028420561742732886
ambient,FKBP11,1,0.9107046660938976
ambient,HAMP,1,0.8519966615179537
ambient,CFTR,1,0.9998753075723968
ambient,DIRAS3,1,0.06458211514997847
outplane,MMRN2,1,0.0
outplane,CFTR,2,0.99981857817894
outplane,AMY2A,1,0.9999669733526075
outplane,GATM,1,0.999928652584806
inplane,TCIM,1,0.0
inplane,AMY2A,2,0.9999780973669248
inplane,AQP8,1,0.9998092633365027
ambient,FKBP11,1,0.9469550250371367
ambient,DIRAS3,1,0.03630487211652178
inplane,CFB,1,0.821018134756499
inplane,SLC4A1,1,0.0950665067284523
inplane,AMY2A,1,0.9999786827251606
inplane,GATM,1,0.999954963647167
inplane,AQP8,1,0.9998155117134316
induction,CA4,6,0.014347731441003764
induction,PROX1,2,0.0961571967678857
induction,DIRAS3,2,0.0188299807005734
ambient,RIDA,1,0.7146959451904175
ambient,GATM,1,0.9998731528337875
inplane,C15orf48,1,0.9954428224553293
inplane,SMYD2,1,0.498309757645068
inplane,GATM,2,0.9998333782536862
inplane,MCF2L,1,0.0
inplane,VWA5A,1,0.7118143060067442
inplane,MS4A6A,1,0.39635906652109654
inplane,CFTR,1,0.9998752916663904
inplane,AMY2A,1,0.9999765639033509
outplane,EDN1,1,0.2327896627807281
outplane,CCL5,1,0.18341341141591216
outplane,AMY2A,1,0.9999513898745791
outplane,GATM,1,0.9998806009722246
outplane,AQP8,1,0.9994780621981981
outplane,MEDAG,1,0.34934271789888505
outplane,RND1,1,0.09735603963640249
outplane,FXYD2,1,0.9417463511888581
outplane,EGFR,1,0.7609873561008136
outplane,AMY2A,2,0.9999752113841035
outplane,KCNK3,1,0.9481104940559321
outplane,AQP8,1,0.999782167669322
induction,CA4,2,0.013183633925712201
induction,PROX1,5,0.08798345527853324
induction,DIRAS3,3,0.016660351575454202
outplane,CFTR,1,0.9998116640751651
outplane,AMY2A,3,0.9999659728707117
outplane,GATM,1,0.9999255531621868
inplane,CLEC14A,1,0.0
inplane,CFTR,1,0.9998331047894063
inplane,AMY2A,2,0.9999701408220127
induction,CA4,3,0.01735289497078829
induction,PROX1,4,0.12225371263049767
induction,DIRAS3,3,0.023424143863810087
ambient,DPEP1,1,0.9716701698289733
ambient,AQP8,1,0.999801360244024
inplane,TCF4,1,0.0
inplane,APOLD1,1,0.0
inplane,CFTR,1,0.9998571955143588
inplane,SPI1,1,0.4880485452875847
outplane,BCL2L11,1,0.2908781351323435
outplane,AMY2A,3,0.9999761717084868
outplane,GATM,1,0.9999493044685205
induction,CA4,1,0.017639666645270613
induction,PROX1,5,0.12047031559177612
induction,DIRAS3,4,0.023252224799708676
ambient,KLK11,1,0.9896530740430224
ambient,AQP8,1,0.9992086163985789
inplane,ACTA2,1,0.11839063734777378
inplane,AMY2A,2,0.9999587103572126
inplane,GATM,1,0.9999090892073871
inplane,ASPN,1,0.21279729689565663
inplane,CFTR,1,0.9997828645191585
inplane,AMY2A,2,0.9999516465148539
inplane,GATM,1,0.9998909737089643
ambient,CFTR,1,0.9997659727156587
ambient,KLK11,1,0.9923796951204716
ambient,ANPEP,1,0.9991344155500782
ambient,AMY2A,1,0.9999394795519576
induction,CA4,5,0.012915630615337403
induction,PROX1,1,0.08505425589888815
induction,DIRAS3,4,0.016312783681922904
induction,CA4,1,0.03723492267106532
induction,PROX1,2,0.20025199824679252
induction,DIRAS3,1,0.041812749221806
ambient,KLK11,1,0.9899585858860742
ambient,AQP3,1,0.6601126237329946
outplane,BANK1,1,0.39921965192545916
outplane,AMY2A,4,0.9999282047900399
inplane,AMY2A,3,0.9999353004822339
inplane,GATM,2,0.9998463004121293
outplane,AMY2A,2,0.999934869985176
outplane,GATM,1,0.9998460199320532
outplane,AQP8,1,0.9993112242203854
ambient,GATM,2,0.9998692340504154
outplane,CFB,1,0.8581490355942039
outplane,EDN1,1,0.2173289758056176
outplane,EPCAM,1,0.999322909382616
outplane,CFTR,1,0.9997889103600514
outplane,EHF,1,0.998257031876394
inplane,MDM2,1,0.5884212053697968
inplane,AMY2A,2,0.9999307913628881
inplane,GATM,1,0.9998360057226195
inplane,AQP3,1,0.7350635574014118
outplane,ACTG2,2,0.36211383338837894
outplane,AMY2A,2,0.9999235803101039
outplane,CD83,1,0.6152413882409669
outplane,EPCAM,1,0.9991799955478085
outplane,CFTR,2,0.9996347057476969
inplane,SLAMF7,1,0.9799468190046694
inplane,AMY2A,2,0.9999281642691884
inplane,CD2,1,0.6521440186180368
ambient,GATM,1,0.9998661094918413
ambient,GLYATL1,1,0.28575675404396184
inplane,AMY2A,4,0.9999367910843181
inplane,CXCL2,1,0.38792638543484204
induction,CA4,1,0.027083184457967868
induction,PROX1,1,0.13314370389171892
induction,DIRAS3,2,0.035799393484019504
outplane,MET,1,0.33805842373964456
outplane,CFTR,1,0.9997230918498585
outplane,AMY2A,2,0.99993135679098
outplane,GATM,1,0.9998351468893996
inplane,BCL2L11,1,0.2326856090858077
inplane,FKBP11,1,0.7189546345583012
inplane,AMY2A,3,0.9999337011502586
inplane,GATM,1,0.999841529351887
outplane,KLK11,1,0.9921745373768593
outplane,AMY2A,1,0.9999440715891345
outplane,KCNK3,1,0.832936269059689
outplane,PROX1,1,0.29351810179424054
outplane,GATM,2,0.9998717699766831
induction,CA4,2,0.026400715730678814
induction,PROX1,1,0.1349433577853455
induction,DIRAS3,1,0.031171284980024305
ambient,AQP8,1,0.9993048242840394
ambient,PEBP4,1,0.5491844102321837
outplane,AMY2A,1,0.9999383858702839
outplane,GATM,3,0.999858116810835
induction,CA4,2,0.031440086889180874
induction,PROX1,1,0.15246023849251156
induction,DIRAS3,1,0.03422528453442597
ambient,GATM,1,0.9998174104852396
ambient,GLYATL1,1,0.29185992958034346
outplane,CFB,1,0.7910796131986415
outplane,TFPI,1,0.0
outplane,AMY2A,1,0.9999290445977368
outplane,EGFR,1,0.7103061516339569
ambient,KLK11,1,0.9907778941846472
ambient,CPA3,1,0.5929153213213516
ambient,KLK11,1,0.9927143024302646
ambient,PEBP4,1,0.3902669969486987
inplane,CFB,1,0.8254113576074624
inplane,CFTR,1,0.9997012147560357
inplane,AMY2A,1,0.9999422035185452
inplane,GATM,1,0.9998669627169177
outplane,CD68,1,0.7422945280861227
outplane,ANPEP,1,0.9993420150196317
outplane,AMY2A,1,0.9999547493093551
outplane,GATM,1,0.9999004300906419
inplane,AMY2A,2,0.9999348428469936
inplane,AQP8,1,0.9993074584583924
inplane,DIRAS3,1,0.07131342338646562
ambient,RIDA,1,0.6646409870394572
ambient,AMY2A,1,0.9999484932298952
ambient,HAMP,1,0.6187903391199885
ambient,DIRAS3,1,0.06374471292604134
inplane,VCAN,1,0.9996935318832094
inplane,FHL2,1,0.34843023454386457
inplane,CFTR,3,0.9995239559696381
ambient,AMY2A,1,0.9999229242045314
ambient,KCNK3,1,0.7858379347107406
inplane,AMY2A,1,0.9999514845061777
inplane,GATM,1,0.9998905322153095
inplane,AQP8,2,0.9995289129856443
outplane,DST,1,0.5600908479837857
outplane,MYC,1,0.5175631660404947
outplane,AMY2A,1,0.9999462080007578
outplane,COCH,1,0.62427923045092
outplane,AQP8,1,0.9994621134771631
outplane,FHL2,1,0.5035116196463626
outplane,ACTG2,1,0.7361214512844934
outplane,EPCAM,1,0.9991609076160236
outplane,ANPEP,1,0.9989701141046335
outplane,KLRB1,1,0.7449062888446096
outplane,CXCL10,1,0.7584546447254416
outplane,GATM,2,0.9998619827182994
outplane,AQP8,1,0.9993952120379219
outplane,CAVIN1,1,0.11203437828155993
outplane,PRDM1,1,0.17655682340260992
outplane,CYTIP,1,0.6839433046967427
outplane,TMEM52B,1,0.4837313200138169
outplane,CFTR,1,0.9997668252565782
outplane,AMY2A,1,0.9999249350722476
outplane,GATM,1,0.9998218469807185
ambient,AMY2A,1,0.9999436063409672
ambient,KCNK3,1,0.8590098999748776
inplane,AMY2A,1,0.9999284584690236
inplane,GPC3,1,0.6289809666560584
inplane,PROX1,1,0.260221494952826
inplane,GATM,1,0.9998303470221808
outplane,FSTL3,1,0.8253444183907601
outplane,CFTR,1,0.9997839796853206
outplane,AMY2A,1,0.9999601906985603
outplane,CSF3,1,0.11390446898081263
inplane,AMY2A,2,0.9999359055655835
inplane,PROX1,1,0.2784291206313614
inplane,GLYATL1,1,0.26418616349311475
inplane,CFTR,1,0.9997473728296421
inplane,AMY2A,3,0.9999531379639647
ambient,ANPEP,1,0.9992484617302339
ambient,PEBP4,1,0.33816173927930204
outplane,EPCAM,2,0.9994274287523779
outplane,AMY2A,1,0.9999441913674594
outplane,KCNK3,1,0.859756905309627
outplane,GATM,1,0.9998719653565036
ambient,COCH,1,0.5099031212813987
ambient,PEBP4,1,0.3396779192345075
inplane,NTN4,1,0.6216267611925175
inplane,RIDA,1,0.5777614083370277
inplane,AMY2A,1,0.999941385574457
inplane,MMRN1,1,0.010274417652107348
inplane,TFPI,2,0.0
inplane,CXCL6,1,0.9990843108685081
inplane,PROX1,1,0.27890115091923917
inplane,AMY2A,2,0.9999427091045137
inplane,GATM,1,0.999868197932554
inplane,AQP8,1,0.999423840590482
inplane,CFTR,1,0.9998092249007887
inplane,AMY2A,2,0.9999674140541852
inplane,GATM,1,0.9999296179276054
inplane,NTN4,1,0.5635209566565849
inplane,KCNMA1,1,0.3715311397530996
inplane,AMY2A,2,0.9999420358734139
inplane,NTN4,1,0.49432106892264804
inplane,BAMBI,1,0.4508391443810611
inplane,TFPI,1,0.0
inplane,AMY2A,1,0.9999510223981669
induction,CA4,3,0.014729713491803631
induction,PROX1,2,0.09793885083606924
induction,DIRAS3,5,0.01960418174276557
induction,CA4,4,0.014150981049381617
induction,PROX1,1,0.09660571594232337
induction,DIRAS3,5,0.018173852390216183
inplane,DPEP1,1,0.9255476823329046
inplane,ANPEP,1,0.9993901121278025
inplane,TENT5C,1,0.9947353837860942
inplane,GATM,1,0.999906796809804
outplane,AMY2A,2,0.9999424157724985
outplane,GPC3,1,0.5707952624769094
outplane,GATM,1,0.9998676984081092
inplane,AMY2A,3,0.9999501708149515
inplane,GATM,1,0.9998876873302335
outplane,AMY2A,6,0.9999630375569701
outplane,FKBP11,1,0.7553633939362245
outplane,AMY2A,2,0.9999419595817103
outplane,GATM,2,0.9998667830702761
outplane,DST,1,0.4070253936723792
outplane,EPCAM,1,0.9991650374493253
outplane,BAMBI,1,0.5940896129903963
outplane,AMY2A,1,0.9999484521179319
inplane,TENT5C,1,0.9920248176023213
inplane,AMY2A,4,0.9999326587293074
outplane,TCIM,1,0.0
outplane,EPCAM,2,0.9992364939715552
outplane,AMY2A,2,0.9999458174285469
outplane,AQP8,1,0.9994561740285938
outplane,THAP2,1,0.32971657615879213
outplane,CFTR,1,0.9996747360183892
outplane,IGSF6,1,0.6892500016148142
outplane,AMY2A,1,0.9999359751795244
outplane,GATM,1,0.9998531034540058
inplane,LAMP3,1,0.6054298050590563
inplane,NTN4,1,0.34063131931887414
inplane,AMY2A,1,0.9999213356165912
inplane,SST,1,0.9930102394059629
inplane,GATM,2,0.9998131965603035
ambient,FKBP11,1,0.715990865245651
ambient,AMY2A,1,0.9999307358351385
inplane,SFRP2,1,0.999714476472918
inplane,PPARG,1,0.08536675988486708
inplane,CFTR,1,0.9997797683857864
inplane,AMY2A,2,0.9999622730479797
inplane,GATM,1,0.9999169511112888
inplane,CRISPLD2,1,0.4701612559707782
inplane,FKBP11,1,0.8529398710255831
inplane,MDM2,2,0.52861358718354
inplane,AMY2A,1,0.9999617633031493
inplane,GATM,1,0.9999158884092549
inplane,EPCAM,1,0.9993406535758494
inplane,AMY2A,2,0.9999597571365567
inplane,GATM,1,0.9999109228009302
ambient,CA4,1,0.05158750131180634
ambient,KCNK3,1,0.8732086758072451
ambient,PROX1,1,0.19949999313424438
ambient,DIRAS3,1,0.047195034777588685
ambient,KLK11,1,0.9897426679582861
ambient,COCH,1,0.4675649310103597
ambient,CFTR,1,0.9997510934712097
ambient,COCH,1,0.44536117026971234
outplane,ANPEP,1,0.9989476703566017
outplane,EHF,1,0.997702388900974
outplane,AMY2A,2,0.9999296029096064
outplane,MLPH,1,0.49208637388975474
outplane,GATM,1,0.9998324162024963
inplane,CFTR,1,0.9996671285105779
inplane,IL1R2,1,0.44120161555860615
inplane,AMY2A,2,0.9999334831210375
inplane,GATM,2,0.9998425350533545
inplane,AMY2A,2,0.9999327298678912
inplane,GPC3,1,0.581183381498964
inplane,AQP8,1,0.999284745243001
inplane,MS4A6A,1,0.916850266629355
inplane,CXCR4,2,0.6542115371489583
inplane,MYC,1,0.4598170194132838
inplane,ADAM28,1,0.7860729068245716
inplane,FCER1A,1,0.8970426231143276
inplane,AMY2A,2,0.9999431102453272
outplane,NTN4,1,0.5590389108386209
outplane,TM4SF18,1,0.0
outplane,AMY2A,1,0.999926867668189
outplane,GATM,1,0.9998266864411722
inplane,SLC26A2,1,0.1635783304458709
inplane,ANPEP,1,0.9989395154595989
inplane,CFTR,1,0.9996028533526435
inplane,AMY2A,1,0.9999311042453564
inplane,AMY2A,2,0.9999505449279441
inplane,GATM,2,0.9998884113554901
outplane,PTGDS,1,0.5757818452106223
outplane,FBN1,1,0.3093976273325304
outplane,DPT,2,0.7891583906663268
ambient,CPA3,1,0.6344888705476245
ambient,AQP3,1,0.7790661899194851
outplane,MYC,1,0.3539216464905197
outplane,CFTR,1,0.9995982211884147
outplane,AMY2A,2,0.9999297486273868
outplane,GATM,1,0.9998335622718938
induction,CA4,2,0.029366173900126857
induction,PROX1,2,0.14241485229804984
induction,PROX1,3,0.20073672804181494
induction,DIRAS3,1,0.04265051385164864
ambient,PROX1,1,0.33200600496530885
ambient,PEBP4,1,0.346314235261587
induction,PROX1,3,0.16002507340545158
induction,DIRAS3,1,0.03840232182821035
ambient,ANPEP,1,0.9995944789725667
ambient,DIRAS3,1,0.05883455380166969
induction,CA4,4,0.010913027127344987
induction,PROX1,4,0.07826913801598001
induction,DIRAS3,2,0.01444612310685256
inplane,MS4A6A,1,0.7220947980041058
inplane,MYLK,1,0.01235497731080859
inplane,CFTR,2,0.9998617346028503
inplane,AMY2A,1,0.9999770020895626
inplane,GATM,2,0.9999512000329004
induction,CA4,6,0.013586233204228582
induction,PROX1,2,0.09741681296159688
induction,DIRAS3,2,0.01845527108402112
induction,CA4,4,0.01260382942386229
induction,PROX1,3,0.09170826936593701
induction,DIRAS3,3,0.01716893512798201
inplane,CFTR,1,0.9998684195496118
inplane,AMY2A,4,0.9999780791730086
inplane,GATM,1,0.9999537413413835
outplane,MYC,4,0.7334340576119828
outplane,GATM,2,0.9999579109249688
inplane,AMY2A,3,0.9999773743168596
inplane,COCH,1,0.78120827213634
outplane,CFTR,1,0.9996281567850416
outplane,AMY2A,3,0.9999399279291594
outplane,GATM,1,0.9998583487364535
outplane,GLIPR1,3,0.5929480421005903
outplane,GATM,1,0.9998343528499916
induction,CA4,4,0.011034960162958352
induction,PROX1,2,0.07746864665969744
induction,DIRAS3,4,0.015505829309754304
outplane,INMT,1,0.07952399100126573
outplane,AMY2A,3,0.9999793479642675
outplane,CA4,1,0.04160391009201858
outplane,AMY2A,1,0.999945587847997
outplane,CXCL2,1,0.4196489234857693
outplane,GATM,2,0.9998751911324659
outplane,FKBP11,1,0.9279757949850634
outplane,AMY2A,3,0.9999795836888509
outplane,GATM,1,0.9999568596461006
outplane,NTN4,1,0.757024262564069
outplane,DPEP1,1,0.9758675478705094
outplane,AMY2A,2,0.9999736513663594
induction,CA4,5,0.011501510047240426
induction,PROX1,1,0.08009565318135237
induction,DIRAS3,4,0.015674339104303603
inplane,GDF15,1,0.877733276278855
inplane,AMY2A,3,0.9999652113536582
inplane,GATM,2,0.9999221250427521
ambient,KLK11,1,0.9940516935315001
ambient,CA4,1,0.050447213216257114
outplane,MYC,1,0.6135656811971821
outplane,IL2RA,1,0.07175153167527981
outplane,AMY2A,2,0.9999730671152823
induction,CA4,5,0.021741580488131573
induction,PROX1,4,0.14486725573224268
induction,DIRAS3,1,0.02876128562359548
inplane,CTLA4,1,0.24339426933780217
inplane,AMY2A,1,0.9999777262939495
inplane,GATM,2,0.9999528127954405
outplane,FKBP11,1,0.7555072087449917
outplane,CFTR,1,0.999609940330802
outplane,AMY2A,3,0.9999370723336327
ambient,RIDA,1,0.7289792076422518
ambient,CFTR,1,0.9998483335962557
ambient,KLK11,1,0.991714090291028
ambient,KCNK3,1,0.8513542453784178
ambient,HAMP,1,0.653973689642386
ambient,PEBP4,1,0.28043888719091326
ambient,CFTR,1,0.9997787645125615
ambient,PEBP4,1,0.45338001074923495
induction,CA4,3,0.01464646220543453
induction,PROX1,3,0.10573256322840063
induction,DIRAS3,4,0.02013608501426334
inplane,MPEG1,1,0.6541291438540526
inplane,CFTR,1,0.9998695333733113
inplane,AMY2A,1,0.9999752648676165
inplane,FXYD2,1,0.9686875859544076
ambient,DPEP1,1,0.9752119145775607
ambient,ANPEP,1,0.9996637095558372
induction,CA4,4,0.018883645682992056
induction,PROX1,3,0.13119993524879459
induction,DIRAS3,3,0.02525315109229187
inplane,FKBP11,2,0.9450212893847718
inplane,GATM,1,0.9999585368204158
inplane,AQP8,1,0.9998303598390722
outplane,TCIM,1,0.0
outplane,CRISPLD2,1,0.7093942128535629
outplane,PLIN4,1,0.678559087706393
outplane,AMY2A,3,0.9999794532068274
outplane,OGN,1,0.904941317167472
induction,CA4,5,0.019878123357123356
induction,PROX1,3,0.1352198349322825
induction,DIRAS3,2,0.026350580559220793
ambient,HAMP,1,0.7438259352634148
ambient,GLYATL1,1,0.2851617944377671
induction,CA4,2,0.022062010299070622
induction,PROX1,6,0.14793263900452114
induction,DIRAS3,2,0.030849304432057578
induction,CA4,4,0.015938287417247787
induction,PROX1,4,0.1110327724871919
induction,DIRAS3,2,0.021610179586909584
inplane,AMY2A,3,0.9999773538014965
inplane,GATM,1,0.99995185579106
outplane,FKBP11,1,0.9310592215736971
outplane,EPCAM,1,0.9992092395972824
outplane,GATA2,1,0.0
outplane,DERL3,1,0.5112809809849554
outplane,AMY2A,2,0.9999760818621329
outplane,GATM,1,0.999948941468512
induction,CA4,3,0.014636797050782246
induction,DIRAS3,7,0.019137648964356657
ambient,AMY2A,1,0.9999674662273478
ambient,AQP3,1,0.7266998675636441
induction,CA4,5,0.010669507195704808
induction,PROX1,1,0.07676423337126137
induction,DIRAS3,4,0.014194658962906392
induction,CA4,2,0.02239708751149183
induction,DIRAS3,2,0.03522870472978146
inplane,MYLK,1,0.13406313203956122
inplane,CRISPLD2,1,0.037129369294806036
inplane,EPCAM,1,0.9996955315084768
inplane,CFTR,2,0.9997871451964719
inplane,AMY2A,2,0.9999327932645867
inplane,FXYD2,1,0.9554633848763615
inplane,PROX1,1,0.395369391203078
outplane,CFB,1,0.8361939325959672
outplane,PPP1R1B,2,0.959284737401068
outplane,AMY2A,2,0.9999764150245108
outplane,FXYD2,1,0.9548617475430712
induction,CA4,3,0.011960223415095284
induction,PROX1,5,0.0819603180176981
induction,DIRAS3,2,0.015287772198581462
ambient,KCNK3,2,0.913682557890296
inplane,FBLN1,2,0.7751952169355372
inplane,APCDD1,1,0.22777864145040205
inplane,CFTR,2,0.9998116316518784
ambient,DPEP1,1,0.9457570145544042
ambient,KLK11,1,0.9952361365823772
induction,CA4,3,0.013955050671204172
induction,PROX1,2,0.0985563623312965
induction,DIRAS3,5,0.019082153393307544
outplane,ANPEP,1,0.999249778562867
outplane,KCNK3,1,0.9643544126511486
outplane,CXCL2,2,0.46030720233666556
outplane,PROX1,1,0.3748339338734462
outplane,GATM,1,0.9998882855865311
inplane,MPEG1,1,0.31437182493152394
inplane,CFTR,1,0.9997029968887976
inplane,CA4,1,0.05628556893297976
inplane,AMY2A,1,0.9999510089208327
induction,CA4,4,0.016089192653721773
induction,PROX1,3,0.11361503840970077
induction,DIRAS3,3,0.021611578008039145
inplane,CAVIN1,1,0.1370757846598576
inplane,SMYD2,1,0.7727603325989241
inplane,AMY2A,1,0.9999742956455799
inplane,GPX2,1,0.9905505355649988
induction,CA4,4,0.012467524864000157
induction,PROX1,5,0.08994634560622594
induction,DIRAS3,1,0.017231815973164477
inplane,BCL2L11,1,0.6556021028696892
inplane,AMY2A,3,0.9999777174001782
inplane,GATM,1,0.9999526583034595
inplane,AQP8,1,0.9998052884495852
induction,CA4,4,0.013344070973490996
induction,PROX1,2,0.09661166708111835
induction,DIRAS3,4,0.017841492394903513
outplane,SOX2,1,0.32750466625149066
outplane,SEMA3C,1,0.792431602383988
outplane,DST,1,0.48158783749313416
outplane,SCGN,1,0.9902925266818254
induction,CA4,3,0.015230419009726437
induction,PROX1,5,0.10614537862565698
induction,DIRAS3,2,0.020251753015336327
outplane,FKBP11,1,0.8839606806890011
outplane,AMY2A,2,0.9999715827645763
outplane,AQP8,1,0.9997485731322666
inplane,AMY2A,2,0.9999660077785532
inplane,GATM,2,0.9999258917986598
induction,CA4,4,0.017344098046190526
induction,PROX1,4,0.12324566736813203
induction,DIRAS3,2,0.02384813674691355
inplane,GNG11,1,0.0
inplane,CFTR,1,0.9998683506502458
inplane,AMY2A,1,0.9999780714468166
inplane,AQP8,1,0.9998104005563425
induction,CA4,3,0.025480485082721493
induction,PROX1,2,0.16834155729750322
induction,DIRAS3,5,0.03429757105271225
ambient,ANPEP,1,0.9996994966720489
ambient,CA4,1,0.059251626698050286
induction,CA4,3,0.014362177599692383
induction,PROX1,4,0.10205805280440372
induction,DIRAS3,3,0.01954406018726651
ambient,DPEP1,1,0.974950220577565
ambient,KLK11,1,0.9964720698748264
outplane,CD28,1,0.32015573999216085
outplane,PLAC9,1,0.13587031574880115
outplane,AMY2A,1,0.9999744992369177
outplane,COCH,1,0.7422584534347725
outplane,GATM,1,0.9999456353636894
outplane,AMY2A,2,0.9999755612701522
outplane,GATM,1,0.9999477133421967
outplane,AQP8,1,0.9997838671250427
outplane,AMY2A,1,0.9999746243423239
outplane,GATM,3,0.9999456583377704
outplane,AQP8,1,0.9997752222861571
induction,CA4,5,0.014393054566562258
induction,PROX1,3,0.1008039864012259
induction,DIRAS3,2,0.01943495731514555
induction,CA4,5,0.016991664425591857
induction,PROX1,3,0.11004796490935198
induction,CA4,3,0.03097646537306309
induction,PROX1,1,0.14232930961668422
induction,CA4,1,0.015833882560801982
induction,PROX1,5,0.10615089130440925
induction,DIRAS3,4,0.020067332536171545
inplane,MMRN2,1,0.0
inplane,SELL,1,0.1191343726830909
inplane,FCER1A,1,0.6955086788885838
inplane,AMY2A,2,0.9999684556159798
inplane,GATM,1,0.9999317224120391
outplane,MDM2,1,0.48989624142277344
outplane,CNN1,1,0.9921438273708015
outplane,AMY2A,1,0.999969239720933
outplane,GATM,1,0.9999334672226646
outplane,APOLD1,1,0.0
outplane,AMY2A,2,0.9999629705128016
outplane,AQP8,1,0.9996609328393613
outplane,ANPEP,1,0.9997003697804208
outplane,CFTR,2,0.9998751353680326
outplane,AMY2A,3,0.9999787986554896
inplane,BCL2L11,1,0.3975860598564369
inplane,AMY2A,2,0.9999668469462902
inplane,GATM,1,0.999927203514792
inplane,AQP8,1,0.9996942620670779
outplane,CFB,2,0.8933737002453696
outplane,CFTR,2,0.9997625006962322
outplane,AMY2A,2,0.9999554357722169
outplane,AQP8,1,0.9995647168127968
outplane,EPCAM,1,0.9991603945600444
outplane,AMY2A,1,0.9999611195195952
outplane,AGER,1,0.05230424120099164
outplane,AQP8,1,0.9996372667075755
inplane,TCIM,1,0.0
inplane,ANPEP,1,0.9994812608037554
inplane,AMY2A,3,0.9999637720663437
inplane,GATM,1,0.9999208776736875
inplane,AQP8,1,0.9996679517176368
ambient,ANPEP,1,0.9994232536728741
ambient,AQP3,1,0.7700164960030031
outplane,AMY2A,2,0.9999661217446246
outplane,PROX1,1,0.2779163114905632
outplane,GATM,1,0.9999258845561
ambient,UMOD,1,0.8314322545868045
ambient,KLK11,1,0.9949939692531552
ambient,CA4,1,0.03894500321357541
ambient,PROX1,1,0.2139753302255084
induction,CA4,3,0.0171795111827997
induction,PROX1,5,0.11778441511271898
induction,DIRAS3,2,0.02338396419486899
ambient,CFTR,1,0.99988332165303
ambient,GLYATL1,1,0.506983266102081
inplane,FKBP11,1,0.8931037351450964
inplane,AMY2A,2,0.9999759874476122
inplane,GPC3,1,0.7014528928576322
ambient,CFTR,1,0.9998619304766692
ambient,KCNK3,1,0.9379149058156631
outplane,MYC,1,0.5630210988895819
outplane,AMY2A,2,0.9999745468559872
outplane,GATM,1,0.9999459185171847
outplane,NTN4,1,0.7804393322903719
outplane,AMY2A,1,0.9999778650590729
outplane,EGFR,1,0.8406537444965629
outplane,GATM,2,0.9999530588441201
outplane,CFTR,1,0.9998879601497563
outplane,TIMP4,1,0.19190506055188927
outplane,AMY2A,1,0.9999802814437083
outplane,FXYD2,2,0.970174884426064
induction,CA4,4,0.01943685430147757
induction,PROX1,4,0.13438826666077086
induction,DIRAS3,2,0.026020348229147783
induction,CA4,4,0.01267611617592812
induction,PROX1,1,0.09131554730549774
induction,DIRAS3,5,0.017295070613626784
outplane,CFB,1,0.8648673861570202
outplane,FSTL3,1,0.8556560227813141
outplane,KRT7,1,0.9939908723422793
outplane,ADAMTS1,1,0.0544219349734808
outplane,KCNK3,1,0.9247653404889526
induction,CA4,6,0.01803316076562622
induction,PROX1,2,0.12436799800618503
induction,DIRAS3,2,0.02384190870180669
outplane,GEM,1,0.49314679768179626
outplane,AMY2A,2,0.9999682258465453
outplane,GATM,1,0.999931374331995
outplane,AMY2A,2,0.9999688021697866
outplane,PROX1,1,0.2810929981408369
outplane,CYP1A1,1,0.08770596864244617
ambient,RIDA,1,0.8055621386221582
ambient,AMY2A,1,0.9999779788428855
induction,CA4,4,0.024991527957524684
induction,PROX1,4,0.16634221009552042
induction,DIRAS3,2,0.033419243412669
ambient,FKBP11,1,0.9007228511503204
ambient,GLYATL1,1,0.4528892478962482
outplane,MYC,1,0.4198410817516238
outplane,EHF,1,0.9959469975172572
outplane,CXCL2,1,0.21375338539798605
outplane,RBP5,1,0.0
ambient,AQP8,2,0.999467396163762
inplane,NTN4,1,0.7436961268216199
inplane,MDM2,1,0.5308452988635588
inplane,DST,1,0.5304462285736501
inplane,AMY2A,3,0.9999591915965358
inplane,GCG,1,0.9974145719126721
ambient,AMY2A,1,0.9999667384127805
ambient,KCNK3,1,0.921094040749982
outplane,CAVIN1,2,0.06585478399558409
outplane,LILRB2,1,0.6166218056424344
outplane,SMYD2,1,0.7439735549853748
outplane,MDM2,1,0.5862094426663478
outplane,CFTR,1,0.9998473671171981
outplane,AMY2A,1,0.9999746549641636
outplane,GATM,1,0.9999459028344867
induction,CA4,2,0.013829805425847996
induction,PROX1,5,0.09499074248922923
induction,DIRAS3,3,0.01862417783285042
inplane,AMY2A,3,0.9999758748938021
inplane,GPC3,1,0.8073046353296862
inplane,GATM,1,0.9999486185692062
inplane,AQP8,1,0.9997883053315862
outplane,CFB,1,0.39388186498109967
outplane,CFTR,1,0.9995559833818942
outplane,AMY2A,1,0.9999282971493949
outplane,FXYD2,1,0.7324077902876874
induction,CA4,2,0.012432796640939658
induction,PROX1,3,0.08819049134211854
induction,DIRAS3,5,0.01673307183513917
induction,PROX1,3,0.14161501350820838
induction,DIRAS3,1,0.036471538075603105
inplane,MYLK,1,0.27963080550138597
inplane,COL5A2,1,0.4900577967859886
inplane,ADAMTS1,1,0.025231122081637358
inplane,EDNRB,1,0.0
inplane,AQP8,1,0.9993009283674381
ambient,DIRAS3,1,0.07455960053328081
ambient,GLYATL1,1,0.6285809057297566
inplane,CD14,2,0.7655494464139345
inplane,FCGR1A,1,0.693539788604387
inplane,PTPRC,1,0.9981682083821628
inplane,BCL2L11,1,0.31433042361400554
inplane,MYC,1,0.48980516350889436
inplane,AMY2A,1,0.9999602173390071
inplane,GATM,1,0.9999123264251459
inplane,AQP8,1,0.9996295492013919
outplane,PCNA,1,0.22238540495818926
outplane,CFTR,1,0.9997080884890198
outplane,AMY2A,2,0.9999438596892773
outplane,GATM,1,0.9998708858620655
outplane,AQP8,1,0.9994357336731274
inplane,AMY2A,3,0.9999437842708412
inplane,GATM,1,0.9998707000494007
induction,PROX1,2,0.1429790026122365
induction,DIRAS3,2,0.035222992399814856
outplane,AMY2A,3,0.9999613316245691
outplane,GATM,1,0.9999148076479519
outplane,FSTL3,1,0.5731901048434036
outplane,AMY2A,3,0.9999483711357295
ambient,RIDA,1,0.7376813612806625
ambient,CA4,1,0.04988900701134469
induction,CA4,6,0.014583338348859609
induction,PROX1,1,0.0948239068367035
induction,DIRAS3,1,0.018477398107555332
ambient,DIRAS3,1,0.07084804173965065
ambient,PEBP4,1,0.3730268845758635
inplane,FKBP11,1,0.8601690652176568
inplane,DPEP1,1,0.9407966824289734
inplane,AMY2A,2,0.9999416021010109
inplane,GATM,2,0.9998660403355573
inplane,AMY2A,2,0.9999639537348538
inplane,CXCL6,1,0.9990553975269566
inplane,HEMGN,1,0.2132831209901347
outplane,NTN4,1,0.3904900969269868
outplane,AMY2A,3,0.9999254115283472
induction,CA4,1,0.02649707183877059
induction,PROX1,2,0.13861687031125447
induction,DIRAS3,1,0.0323901123889756
ambient,AMY2A,1,0.9999402494743233
ambient,PROX1,1,0.23023209501026887
ambient,CFTR,1,0.9995747933641308
ambient,GLYATL1,1,0.4838058612236391
inplane,AMY2A,3,0.9999270637967519
inplane,GATM,1,0.9998270881345546
outplane,CFB,1,0.8827537273439066
outplane,FAS,1,0.3027065439333029
outplane,ACTG2,1,0.34147259225708537
outplane,CFTR,1,0.9997478908254063
outplane,AMY2A,1,0.9999399153464994
outplane,FXYD2,1,0.9214642535566145
ambient,DPEP1,1,0.9011732382152188
ambient,AQP3,1,0.7888558433682162
induction,CA4,1,0.037260390122078935
induction,PROX1,1,0.19109164418287095
induction,DIRAS3,2,0.03939825675533015
inplane,AMY2A,3,0.9999378715030535
inplane,SST,1,0.9944299724500402
inplane,GATM,1,0.9998526555414451
outplane,VCAN,1,0.999299428007261
outplane,CYP2F1,1,0.4191357025648135
outplane,EPCAM,1,0.9988442529671607
outplane,CFTR,2,0.9996207257113031
outplane,AMY2A,2,0.9999297919425582
outplane,AMY2A,3,0.9999331689203486
outplane,GATM,1,0.9998417800242577
induction,PROX1,1,0.13001144426923206
induction,DIRAS3,3,0.03584346781713077
outplane,TMC5,1,0.9941133781218882
outplane,CFTR,1,0.9998227616428225
outplane,EHF,1,0.9982132407209189
outplane,AMY2A,2,0.9999686688287482
outplane,GATM,1,0.9999322741061641
inplane,ANPEP,1,0.9994809885184048
inplane,AMY2A,4,0.9999630306735782
induction,CA4,3,0.03861040455912079
induction,PROX1,1,0.18259989524307552
outplane,CFTR,2,0.9998613167341658
outplane,AMY2A,1,0.9999769526607705
outplane,FXYD2,1,0.9696143037184555
ambient,CA4,1,0.03137641614892339
ambient,PROX1,1,0.1895192586522254
ambient,RIDA,1,0.6280797995878484
ambient,AMY2A,1,0.9999449325440045
induction,CA4,1,0.015086398349751451
induction,PROX1,4,0.10406014774596062
induction,DIRAS3,5,0.019730200260707376
induction,CA4,7,0.012120997841947312
induction,PROX1,1,0.08022324413769444
induction,DIRAS3,2,0.01589745701276646
induction,CA4,4,0.017130076051645737
induction,PROX1,4,0.11748842417683936
induction,DIRAS3,2,0.023219539670955358
ambient,ANPEP,1,0.9995612753661506
ambient,PEBP4,1,0.5092062641049695
outplane,AMY2A,1,0.9999621347036536
outplane,COCH,2,0.6424359089814906
outplane,AQP8,3,0.9996548646198212
outplane,AMY2A,4,0.9999754415340542
outplane,GATM,1,0.9999476368593888
inplane,CFB,1,0.6275704078612103
inplane,AMY2A,3,0.9999640857310882
inplane,CFB,1,0.6836512451502565
inplane,EPCAM,1,0.9987701897055221
inplane,TM4SF18,1,0.0
inplane,GPX2,1,0.97763919417747
inplane,GPR183,1,0.9339445090215693
inplane,FBN1,1,0.6349642075566789
inplane,TIMP4,1,0.7179262819691882
inplane,GATM,1,0.9998720654203768
induction,CA4,3,0.015223166281551737
induction,PROX1,4,0.10530975010110144
induction,DIRAS3,3,0.021134499780598115
outplane,PPP1R1B,1,0.9574288323426718
outplane,GEM,1,0.3045849859632568
outplane,AMY2A,1,0.9999626505579186
outplane,PROX1,1,0.21590792180537954
induction,CA4,1,0.013880296121640434
induction,PROX1,3,0.0942831228546136
induction,DIRAS3,6,0.017503242107389738
inplane,MMRN2,1,0.0
inplane,AMY2A,2,0.99996590403323
inplane,GATM,1,0.9999250357256576
ambient,DPEP1,1,0.9610763551880611
ambient,GATM,1,0.9999445639367434
inplane,CFTR,1,0.9998266246921544
inplane,CXCL6,3,0.9981075721974427
inplane,ESR1,1,0.14092219867102096
induction,CA4,1,0.03624177080850377
induction,PROX1,2,0.18333638326140966
induction,DIRAS3,1,0.0403140329060141
induction,CA4,4,0.019205044956552952
induction,PROX1,6,0.13193351543995124
induction,CA4,2,0.01631954581943018
induction,PROX1,3,0.11489360570543339
induction,DIRAS3,5,0.021736375448155876
ambient,KCNK3,1,0.9517747726751141
ambient,DIRAS3,1,0.08029265775988159
outplane,FBLN1,1,0.8010867501962837
outplane,ANPEP,1,0.9997088418448743
outplane,AMY2A,1,0.9999795163202868
outplane,PROX1,1,0.3408946759007877
inplane,CFTR,1,0.999872909817615
inplane,AMY2A,2,0.9999784172075794
inplane,AQP8,1,0.9998119487577213
ambient,FKBP11,1,0.9248401983426137
ambient,GLYATL1,1,0.5431631382496467
induction,CA4,3,0.01350842196589197
induction,PROX1,5,0.0962670376811382
induction,DIRAS3,2,0.018073263798299655
inplane,CD68,1,0.4311268636419242
inplane,CFTR,2,0.9998826618922704
inplane,DPT,1,0.818424950807859
inplane,AMY2A,3,0.9999800677433407
inplane,GATM,2,0.9999579631831533
inplane,AQP8,1,0.9998280106544284
inplane,TCIM,1,0.0
inplane,MYC,1,0.6199341200066046
inplane,EHF,1,0.9984870351824762
inplane,GATM,2,0.9999500635478771
inplane,EHF,1,0.998626670663857
inplane,AMY2A,2,0.9999745001795135
inplane,GATM,1,0.9999452899217095
inplane,MMRN2,1,0.0
inplane,CD34,2,0.0
inplane,ADAMTS1,2,0.025570279215234137
inplane,AMY2A,1,0.9999764806113255
inplane,GATM,1,0.999950113825716
ambient,UMOD,1,0.8298525830758818
ambient,PROX1,1,0.32674488134942725
induction,CA4,5,0.01699295813309809
induction,PROX1,2,0.11082823478092863
induction,DIRAS3,3,0.023807949759494962
induction,CA4,3,0.014125950706985302
induction,PROX1,5,0.1020165005782212
induction,DIRAS3,2,0.019097707617516835
inplane,AMY2A,2,0.9999357823297328
inplane,CPA3,1,0.6822725379831363
inplane,GATM,1,0.9998481614002603
inplane,AQP8,1,0.999320738876735
inplane,ACTG2,1,0.40844206504101654
inplane,AMY2A,2,0.9999675506340664
inplane,GATM,1,0.9999288143760869
inplane,AQP8,1,0.9997002485999718
ambient,CPA3,1,0.7160231580111218
ambient,HAMP,1,0.8085253120996851
inplane,AMY2A,3,0.9999668365585072
inplane,GATM,1,0.9999272862819075
ambient,ANPEP,1,0.9996684061096991
ambient,GLYATL1,1,0.6417046445498225
inplane,MAMDC2,1,0.2663231299869321
inplane,AMY2A,1,0.9999747297367275
inplane,C7,1,0.21171488733384558
inplane,OGN,1,0.38813807134588196
ambient,FKBP11,1,0.8043062123420842
ambient,CA4,1,0.04979670946973047
induction,CA4,3,0.017878389254986415
induction,PROX1,3,0.12442176380502368
induction,DIRAS3,4,0.02460679264861476
inplane,CD34,1,0.0
inplane,EGFL7,1,0.0
inplane,AMY2A,1,0.9999667516664024
inplane,RBP5,1,0.0
ambient,ANPEP,1,0.99951319919542
ambient,CPA3,1,0.760310641099235
inplane,EPCAM,1,0.9993730839948228
inplane,CFTR,1,0.9998730867878173
inplane,AMY2A,2,0.9999784072328988
inplane,ERBB2,1,0.8823999751206438
inplane,GATM,2,0.9999544107610622
induction,CA4,3,0.01954477590049719
induction,PROX1,2,0.13416632103065806
induction,DIRAS3,5,0.026766707482028473
inplane,SFRP4,2,0.181979816969578
inplane,AMY2A,2,0.9999693919469688
inplane,GPX2,1,0.9972070877133992
inplane,EGFR,1,0.8394080249470549
induction,CA4,2,0.01799217060661029
induction,PROX1,6,0.12386442075122683
induction,DIRAS3,2,0.024101964578755575
ambient,CFTR,1,0.9995710274453116
ambient,PEBP4,1,0.24859379617788213
inplane,MS4A6A,1,0.8539184226729273
inplane,MYC,1,0.49200494605790435
inplane,AMY2A,3,0.9999370412415122
inplane,GATM,1,0.9998509330291852
ambient,CPA3,2,0.8592398485520321
induction,CA4,3,0.016548424300304787
induction,PROX1,5,0.11556271423973108
induction,DIRAS3,2,0.022191572406061066
outplane,AMY2A,2,0.9999804700936223
outplane,GATM,2,0.9999587511406067
inplane,SFRP2,1,0.9986234579807978
inplane,CD34,1,0.0
inplane,CD163,1,0.9950268728998065
inplane,AMY2A,3,0.9999757243367662
induction,CA4,5,0.013805969545612973
induction,PROX1,3,0.09872531044984612
induction,DIRAS3,2,0.01827281915151302
inplane,ACTG2,1,0.32293897959814977
inplane,CA4,2,0.03507877764057388
inplane,AMY2A,1,0.999977644679201
outplane,RND1,1,0.11584477747290667
outplane,AMY2A,4,0.9999790158997387
outplane,GATM,1,0.9999557203497556
outplane,MYLK,1,0.02718374281669933
outplane,AMY2A,1,0.9999796682829342
outplane,CCNB2,1,0.16363164377218886
outplane,PROX1,1,0.31037543550023405
outplane,CFB,1,0.7180902261395172
outplane,CNN1,1,0.9934913360488404
outplane,CCL5,1,0.6953051341623446
outplane,AMY2A,1,0.999974405143914
outplane,MCF2L,1,0.0
outplane,FCGR1A,1,0.39379137743032533
outplane,CFTR,2,0.9998832249936896
induction,CA4,5,0.01793464654029353
induction,PROX1,3,0.1267612059551665
induction,DIRAS3,2,0.02439656985420413
ambient,COCH,1,0.7424741346752748
ambient,AQP3,1,0.8485078655809102
outplane,AMY2A,3,0.9999774290255159
outplane,GATM,1,0.9999520280634333
outplane,AQP8,1,0.9998026448844736
induction,CA4,4,0.019036238901547375
induction,PROX1,2,0.13080217308147613
induction,DIRAS3,4,0.025340750964746528
outplane,FSTL3,1,0.8401975693122363
outplane,CFTR,1,0.9998821818857538
outplane,AMY2A,2,0.9999795832902216
ambient,KCNK3,1,0.9748918248369826
ambient,HAMP,1,0.9137753572072109
induction,CA4,4,0.018888079643820888
induction,PROX1,2,0.12963951880729963
induction,DIRAS3,4,0.024554687070651005
induction,CA4,3,0.015447944974729677
induction,PROX1,6,0.10568116951119366
induction,DIRAS3,1,0.019673597555430855
induction,CA4,1,0.014515287112663922
induction,PROX1,6,0.10474479822753258
induction,DIRAS3,3,0.019502478363511377
ambient,UMOD,1,0.5379075586987712
ambient,GLYATL1,1,0.16934545752847474
ambient,COCH,1,0.6360464619946268
ambient,PEBP4,1,0.540437853837314
induction,CA4,2,0.01442053363885032
induction,PROX1,5,0.1013409418043889
induction,DIRAS3,3,0.019398315135692568
inplane,FCGR1A,1,0.5021170932954802
inplane,SMYD2,1,0.7449978966730655
inplane,CFTR,1,0.999875288771681
inplane,FXYD2,1,0.9673259008504178
induction,CA4,4,0.02027587938883557
induction,DIRAS3,6,0.02652105986596376
ambient,CA4,1,0.05252240257961294
ambient,CPA3,1,0.5848190414396992
inplane,CD34,1,0.0
inplane,MYC,1,0.33628136576272594
inplane,CD163,1,0.9979067248501703
inplane,CFTR,1,0.9996462878814687
inplane,AMY2A,1,0.9999424742519214
inplane,GATM,2,0.9998676728053031
ambient,KLK11,1,0.9956263322727923
ambient,AQP3,1,0.9332714796777012
inplane,TCIM,1,0.0
inplane,CFTR,3,0.999777972259205
inplane,GATM,1,0.9999165265187746
induction,CA4,2,0.015124044165940265
induction,PROX1,5,0.1059242844908953
induction,DIRAS3,3,0.020247910659012658
ambient,CA4,1,0.06529279080419026
ambient,AQP3,1,0.833158320801759
ambient,PEBP4,1,0.5128810106407675
ambient,GLYATL1,1,0.3819002302585527
inplane,CFTR,4,0.9998255259798147
induction,CA4,4,0.01401586373202135
induction,PROX1,3,0.09886648709125245
induction,DIRAS3,3,0.018857590939293956
induction,CA4,3,0.01271354135976821
induction,PROX1,1,0.09137236047289787
induction,DIRAS3,6,0.017094562848187334
induction,CA4,5,0.013956207480514071
induction,PROX1,2,0.09933584325682532
induction,DIRAS3,3,0.01914308324404479
inplane,TCIM,1,0.0
inplane,AMY2A,4,0.9999774758840473
induction,CA4,4,0.012572644544249334
induction,PROX1,5,0.08942542185105318
induction,DIRAS3,1,0.016685569784989807
inplane,SMYD2,1,0.6679911330312625
inplane,ANPEP,2,0.9996699731791898
inplane,AMY2A,2,0.9999764446286663
ambient,FKBP11,1,0.9063581358911681
ambient,AMY2A,1,0.9999748615499325
outplane,CFB,1,0.7370980401172637
outplane,FSTL3,1,0.6613208303984257
outplane,MEST,1,0.7829743181224222
outplane,CFTR,1,0.9998534214286723
induction,CA4,4,0.018262082281847336
induction,PROX1,3,0.12796836945173662
induction,DIRAS3,3,0.02511145508083268
ambient,RIDA,1,0.8637732153780167
ambient,CPA3,1,0.856480563154391
induction,CA4,2,0.014598951318751885
induction,PROX1,1,0.10523331363488442
induction,DIRAS3,7,0.019868776737702154
outplane,ADGRL4,1,0.0
outplane,APOLD1,1,0.0
outplane,CFTR,1,0.9998849483035357
outplane,AMY2A,1,0.9999804575448876
ambient,KLK11,1,0.9948922348403448
ambient,HAMP,1,0.82524052633994
induction,CA4,2,0.012119306488305281
induction,PROX1,3,0.0883557683837567
induction,DIRAS3,5,0.016196088651331597
induction,CA4,3,0.013310728920651882
induction,PROX1,2,0.09659057397007087
induction,DIRAS3,5,0.018032516040782598
inplane,EPCAM,1,0.9991843788043826
inplane,CFTR,1,0.9997952226025626
inplane,EHF,1,0.9980521673378447
inplane,AMY2A,2,0.9999639615498924
inplane,C7,1,0.29405964747837343
induction,CA4,4,0.012946364375604924
induction,PROX1,2,0.09424176195647871
induction,DIRAS3,4,0.017508059194729753
induction,CA4,6,0.014299722202378629
induction,DIRAS3,4,0.01941697723161384
inplane,AMY2A,1,0.9999768483457689
inplane,FXYD2,1,0.9633731345424525
inplane,GATM,1,0.9999508522420056
inplane,AQP8,1,0.9997979800373045
ambient,GATM,1,0.9999503280201939
ambient,AQP3,1,0.8405541155071422
inplane,GNG11,1,0.0
inplane,TMC5,1,0.997170703265699
inplane,FXYD2,1,0.9586435169141707
inplane,GPX2,2,0.9970733580367831
inplane,PROX1,1,0.2754899210572086
ambient,FKBP11,1,0.9485011096315125
ambient,PEBP4,1,0.7530896144474308
inplane,PMP22,1,0.1162934381562869
inplane,CFB,1,0.8794407536014145
inplane,CFTR,1,0.9998806244928607
inplane,AMY2A,3,0.9999789023922346
inplane,ACE2,1,0.2922776422340625
ambient,AQP8,1,0.9998255896265823
ambient,PEBP4,1,0.6293250080952022
inplane,PDGFRA,1,3.595168607262167e-11
inplane,HPGDS,1,0.3787578110372458
inplane,AMY2A,3,0.9999781073994016
inplane,C7,1,0.21912364451596755
outplane,ANPEP,2,0.9997137876742802
outplane,GATM,3,0.9999572461369967
induction,CA4,3,0.018240659793636094
induction,PROX1,3,0.12508369464364266
induction,DIRAS3,4,0.023644263291175083
outplane,MS4A4A,1,0.32391038531432326
outplane,MYC,1,0.6493324716935986
outplane,TBX3,1,0.026335731115884387
outplane,CCL5,1,0.34925480356286576
outplane,AMY2A,1,0.9999792903603676
outplane,GATM,1,0.9999563081447157
induction,CA4,2,0.013868777926894116
induction,PROX1,3,0.10009125732539514
induction,DIRAS3,5,0.018778805301533863
ambient,COCH,1,0.7322871266462181
ambient,PROX1,1,0.3300127133734311
ambient,RIDA,2,0.8280047790039569
induction,CA4,4,0.02477731501662972
induction,DIRAS3,6,0.033048067765418576
outplane,CFTR,1,0.9998828623501942
outplane,AMY2A,3,0.9999794658324097
inplane,C5orf46,1,0.6659020716616986
inplane,LIF,1,0.986893899345402
inplane,FXYD2,2,0.9564201635499814
inplane,AQP3,1,0.8461957870983404
ambient,RIDA,1,0.7359354883282154
ambient,GATM,1,0.9999471513037431
induction,CA4,4,0.022970855591128103
induction,PROX1,5,0.15401539241147333
induction,DIRAS3,1,0.031217047815044863
ambient,RIDA,1,0.653084375572933
ambient,CFTR,1,0.9998054122418091
inplane,ANPEP,1,0.9993213630327855
inplane,AMY2A,2,0.9999543747239871
inplane,GATM,1,0.9998971616334146
induction,CA4,2,0.01646274207742293
induction,PROX1,6,0.1157435171119583
induction,DIRAS3,2,0.022165916012066966
inplane,ADAM28,1,0.8245515639959513
inplane,AMY2A,2,0.9999755585576255
inplane,GATM,1,0.9999477670670127
inplane,GCG,1,0.99747823227835
inplane,TNFRSF9,1,0.360262479385965
inplane,AMY2A,2,0.9999756421127716
inplane,CYP4B1,1,0.0
inplane,GATM,1,0.9999480545352585
outplane,CFTR,2,0.9996958033012467
outplane,AMY2A,1,0.9999476972109921
outplane,PROX1,1,0.2502976011832425
induction,CA4,3,0.012404035802448976
induction,PROX1,2,0.08246695640758195
induction,DIRAS3,5,0.015722821121311736
ambient,DPEP1,2,0.9685887728560362
induction,CA4,1,0.017594423902720813
induction,PROX1,5,0.12318605809158867
induction,DIRAS3,4,0.02352680430081322
outplane,CAVIN1,1,0.08729593916886613
outplane,APOLD1,1,0.0
outplane,CFB,1,0.9322708021694945
outplane,FSTL3,1,0.9015868233094515
outplane,CFTR,1,0.999872868465674
outplane,AQP2,1,0.34291192188357045
ambient,COCH,1,0.646143320637915
ambient,GATM,1,0.9999416239075044
ambient,FKBP11,1,0.9156352925368196
ambient,AQP8,1,0.9998105896246327
inplane,PDPN,1,0.6172308232365344
inplane,INMT,1,0.23585059040449818
inplane,AMY2A,2,0.9999757201670989
inplane,GATM,1,0.9999481569660529
inplane,FBLN1,2,0.52509675153786
inplane,VWA5A,1,0.571921735884949
inplane,AMY2A,2,0.9999520949315168
ambient,AQP8,1,0.9998234704040873
ambient,PEBP4,1,0.7379002212968659
inplane,PPP1R1B,1,0.9633914205198533
inplane,CFTR,1,0.9998669691583247
inplane,C7,1,0.2756476064021368
inplane,GATM,1,0.9999519429891436
ambient,RIDA,1,0.8613593257845501
ambient,CPA3,1,0.8354433502458465
induction,CA4,4,0.013518649963711993
induction,PROX1,2,0.09736074160502206
induction,DIRAS3,4,0.01814302607232743
ambient,PROX1,1,0.36298109801317313
ambient,GATM,1,0.9999559848403365
outplane,AIF1,1,0.6974272012303957
outplane,STEAP4,1,0.0
outplane,AMY2A,1,0.9999793734408665
outplane,GATM,1,0.99995640303295
inplane,AMY2A,3,0.999979188658643
inplane,AQP8,1,0.9998198493926679
outplane,EPCAM,1,0.9994356676536609
outplane,TENT5C,1,0.9974118182949405
outplane,AMY2A,1,0.9999786967674503
outplane,GATM,1,0.9999547253442653
outplane,CFTR,1,0.9998584914470996
outplane,AMY2A,1,0.9999759486788982
outplane,GATM,2,0.9999489371456011
inplane,PLCG2,1,0.0
inplane,AMY2A,3,0.9999749330591512
inplane,AQP8,1,0.9997797399592921
induction,CA4,4,0.015178161415781655
induction,PROX1,3,0.10890757059088418
induction,DIRAS3,3,0.020532529670639232
induction,CA4,3,0.015254399478853542
induction,PROX1,4,0.10881105382666079
induction,DIRAS3,3,0.020780255349009735
induction,CA4,8,0.016259271777447015
induction,PROX1,1,0.1154882129658652
induction,DIRAS3,1,0.0218191061469305
induction,CA4,4,0.012930174249066284
induction,PROX1,3,0.09385329847614665
induction,DIRAS3,3,0.017430799725810853
induction,CA4,1,0.01195444634162679
induction,PROX1,5,0.086959263618122
induction,DIRAS3,4,0.01626328123294596
outplane,MDM2,1,0.5313274098805819
outplane,KLRD1,1,0.1598869813387339
outplane,GATM,2,0.9999431846028571
inplane,ANPEP,1,0.99970386393285
inplane,AMY2A,2,0.9999789070860102
inplane,GATM,1,0.9999552867533484
induction,CA4,4,0.011299388565685686
induction,PROX1,4,0.08251247967685105
induction,DIRAS3,2,0.01500817792879272
inplane,CFTR,1,0.9998738660180436
inplane,AMY2A,1,0.9999782128293917
inplane,GATM,2,0.9999537732579874
inplane,AMY2A,3,0.9999780929811275
inplane,AQP8,1,0.9998092848554326
outplane,AMY2A,3,0.9999807651231629
outplane,GATM,1,0.9999594722386407
outplane,ANPEP,1,0.9996991361310336
outplane,AMY2A,3,0.9999786243181428
inplane,CFB,1,0.8332835268969603
inplane,SMYD2,1,0.7898690099560939
inplane,AMY2A,2,0.999980005969294
ambient,PROX1,1,0.3304398411623485
ambient,GLYATL1,1,0.4939980399603151
inplane,ANPEP,1,0.9996442495729778
inplane,AMY2A,1,0.9999750142538234
inplane,APOA5,1,0.4830970310604251
inplane,GATM,1,0.9999462271452261
outplane,CFTR,1,0.9998815992958899
outplane,AMY2A,3,0.9999799066526833
outplane,AQP8,1,0.9998261627270232
induction,CA4,3,0.017672826513513984
induction,PROX1,6,0.12392343797776306
induction,DIRAS3,1,0.023861309842040268
induction,CA4,5,0.013226067055616242
induction,PROX1,3,0.09412577038269199
induction,DIRAS3,2,0.01800140986940335
ambient,CA4,1,0.05629607736438669
ambient,KCNK3,1,0.9587151446535187
induction,CA4,2,0.014962028781405179
induction,PROX1,5,0.10530468700867324
induction,DIRAS3,3,0.02018094773843082
induction,CA4,3,0.015850165098916347
induction,PROX1,4,0.1128042692309017
induction,DIRAS3,3,0.02158839499724652
induction,CA4,4,0.027773517422962413
induction,PROX1,6,0.18632124989394216
induction,CA4,2,0.015212919321371476
induction,PROX1,3,0.10640228966141874
induction,DIRAS3,5,0.020236148760899964
ambient,FKBP11,1,0.9697383716159653
ambient,GATM,1,0.999948129079893
induction,CA4,1,0.026779396141461187
induction,PROX1,3,0.24877042347601008
induction,DIRAS3,2,0.04748563556965901
induction,CA4,4,0.015470511006693277
induction,PROX1,2,0.11039492252151595
induction,DIRAS3,4,0.02090935037100039
inplane,FBN1,1,0.017837287555822146
inplane,TFPI,1,0.0
inplane,AMY2A,1,0.999979651636051
inplane,C7,2,0.3086508970529158
outplane,MYC,1,0.6412288453626332
outplane,ANPEP,1,0.9996743847714555
outplane,AMY2A,1,0.999976550261019
outplane,GATM,1,0.9999501692157786
ambient,CA4,1,0.042813011265022904
ambient,AQP3,1,0.8640440360871291
inplane,LAMP3,1,0.8231718393664563
inplane,GPC1,1,0.7119944125240549
inplane,CD34,1,0.0
inplane,CFB,1,0.8696131178828306
inplane,MYC,1,0.7274563949698032
inplane,MALL,1,0.05366527491704909
inplane,AMY2A,1,0.9999798393424713
inplane,GATM,1,0.999957488282597
ambient,AQP8,1,0.9998252910990709
ambient,GLYATL1,1,0.5989899238009861
ambient,UMOD,1,0.9106523724073339
ambient,AQP8,1,0.9998159535142861
ambient,COCH,1,0.6028642917695788
ambient,AQP3,1,0.746640921635615
inplane,AMY2A,4,0.9999647945070267
induction,CA4,4,0.03198872700409705
induction,PROX1,3,0.20686309032494432
induction,DIRAS3,3,0.042759021762919125
ambient,AMY2A,1,0.9999795080421741
ambient,COCH,1,0.8884486652850889
inplane,CD93,1,0.0
inplane,AMY2A,4,0.9999757590380743
inplane,AMY2A,2,0.9999743740590474
inplane,GATM,1,0.9999451973196444
inplane,AQP8,1,0.9997735403806484
ambient,CA4,1,0.05435835299422709
ambient,GATM,1,0.9999476064559566
induction,CA4,1,0.01905138824805841
induction,PROX1,4,0.13917397579856383
induction,DIRAS3,5,0.026442130330058933
induction,CA4,3,0.0157727412948081
induction,PROX1,2,0.1127335577957056
induction,DIRAS3,5,0.021409256449040792
induction,CA4,4,0.01732271246937822
induction,PROX1,3,0.12007626200600352
induction,DIRAS3,3,0.022949135060593484
ambient,DIRAS3,1,0.06873137205194013
ambient,PEBP4,1,0.27813879206681613
ambient,ANPEP,1,0.9995644493520481
ambient,HAMP,1,0.8366474125726837
induction,CA4,3,0.020127399314899264
induction,PROX1,4,0.13935178569813456
induction,DIRAS3,3,0.027519576585576133
outplane,CFTR,1,0.9998684560945912
outplane,AMY2A,3,0.9999766797919788
outplane,KCNK3,1,0.9535477807071191
induction,CA4,7,0.0110783090309432
induction,PROX1,1,0.08068874617803268
induction,DIRAS3,2,0.014777851233283235
ambient,KLK11,1,0.9945442437984564
ambient,CA4,1,0.04197753135580706
inplane,CCR7,1,0.08828365780015113
inplane,CFTR,1,0.9998683685193629
inplane,CD300E,1,0.1546689595019497
inplane,SNCA,1,0.19145341044489983
inplane,CA4,1,0.053763809951499764
inplane,GATM,1,0.9999463207220721
inplane,GCG,1,0.9975756846089823
outplane,AMY2A,3,0.9999777271266475
outplane,GATM,2,0.9999525897048891
induction,CA4,2,0.014706082105791718
induction,PROX1,4,0.137462013387886
induction,DIRAS3,4,0.023604073734356912
ambient,ANPEP,1,0.9995627599634336
ambient,AQP8,1,0.9997224414946307
outplane,RAPGEF3,1,0.0
outplane,AMY2A,1,0.9999578882561104
outplane,GATM,1,0.9999030561328209
outplane,CSF3,1,0.19548949380156144
induction,CA4,4,0.015849180967115517
induction,PROX1,3,0.10917804973675793
induction,DIRAS3,3,0.020971246975674873
induction,CA4,4,0.013050603797991278
induction,PROX1,2,0.08961182218089059
induction,DIRAS3,4,0.01710620547845554
outplane,ANPEP,1,0.9996469592283724
outplane,AMY2A,1,0.9999749165423907
outplane,KCNK3,1,0.9441394881386378
outplane,GATM,2,0.9999465727802642
outplane,FCGR1A,1,0.8152242642422277
outplane,CFB,1,0.9172524459615835
outplane,CFTR,1,0.9998890929164248
outplane,CCNB2,1,0.1514297177102636
outplane,CFTR,1,0.9998939931728795
outplane,AMY2A,3,0.999981515658936
outplane,GATM,1,0.9999610560645427
outplane,NTN4,1,0.6264693931416299
outplane,CFTR,3,0.9998239037533808
outplane,KRT7,1,0.9918989989476026
outplane,SPIB,1,0.5857253534841746
outplane,ANPEP,1,0.9996708529295455
outplane,CFTR,1,0.9998614250272272
outplane,AMY2A,2,0.9999769637581878
outplane,GATM,1,0.9999510218083439
outplane,PMP22,1,0.17112857014519445
outplane,FKBP11,1,0.7881839021966655
outplane,TM4SF18,2,0.0
outplane,APOBEC3A,1,0.28211959608139914
inplane,FSTL3,1,0.5139517440166816
inplane,FKBP11,1,0.8583194497154675
inplane,CFTR,1,0.9998277625595613
inplane,AMY2A,1,0.9999713378588824
inplane,COL5A2,1,2.5121016378193417e-12
inplane,CFTR,1,0.9998705755130647
inplane,AMY2A,1,0.9999757876781179
inplane,FXYD2,1,0.9567992361929585
outplane,MS4A6A,1,0.43453452425430505
outplane,CFTR,1,0.9998793965047054
outplane,AMY2A,3,0.9999791374730082
inplane,CFTR,2,0.999884338919717
inplane,AMY2A,2,0.9999793926821091
outplane,DST,1,0.36372478618811377
outplane,SERPINB9,1,0.18628730778340563
outplane,MET,1,0.2502624690683636
outplane,LAG3,1,0.20496966752354007
outplane,AMY2A,1,0.9999656590205076
induction,CA4,3,0.013418270609263594
induction,PROX1,4,0.09148154705840283
induction,DIRAS3,3,0.017963940476598328
outplane,APOLD1,1,0.0
outplane,LY86,1,0.6203306781965776
outplane,AMY2A,2,0.9999676935227014
outplane,KLRB1,1,0.6939104607626625
outplane,GATM,1,0.9999296119740622
outplane,CFB,1,0.8852798913642361
outplane,GATM,4,0.9999035788847161
outplane,AMY2A,1,0.9999457689344273
outplane,GATM,3,0.9998754506284245
induction,CA4,7,0.029244586821485008
induction,PROX1,2,0.19272878305192487
induction,DIRAS3,1,0.039866743618579115
ambient,ANPEP,1,0.9992885486082567
ambient,KLK11,1,0.9925670719956254
ambient,CFTR,1,0.9998835806961592
ambient,GLYATL1,1,0.7400401455614817
inplane,CD14,1,0.7063720509175493
inplane,NTN4,1,0.651111875087119
inplane,AMY2A,1,0.9999710278074356
inplane,FXYD2,1,0.9320863008000511
ambient,GATM,1,0.9999450027418785
ambient,DIRAS3,1,0.09275830460988732
induction,CA4,1,0.013352872148985506
induction,PROX1,6,0.096682251990305
induction,DIRAS3,3,0.01804328589038451
outplane,GPC1,1,0.7873691130904392
outplane,EPCAM,1,0.9992402961541614
outplane,CFTR,1,0.9998616164938036
outplane,AMY2A,1,0.9999770221423807
ambient,PROX1,1,0.26222830097112715
ambient,GATM,1,0.9999589279009456
ambient,ANPEP,1,0.9996353984936177
ambient,GATM,1,0.9999451718869664
ambient,GATM,1,0.9999493612744309
ambient,GLYATL1,1,0.5077251852630529
induction,CA4,6,0.011983918729077114
induction,PROX1,2,0.08421609806964703
induction,DIRAS3,2,0.015833063160762495
ambient,FKBP11,1,0.8652568364038717
ambient,CFTR,1,0.9996808732862739
outplane,SMYD2,1,0.628425175902022
outplane,AMY2A,1,0.9999774952513639
outplane,GATM,2,0.9999523049206381
ambient,DPEP1,1,0.9855954126890651
ambient,RIDA,1,0.8966484455224071
ambient,KLK11,1,0.9970327356726112
ambient,GATM,1,0.9999589613596291
induction,CA4,4,0.014214210011391115
induction,PROX1,2,0.10278882072390694
induction,DIRAS3,4,0.019587890305869826
inplane,ANPEP,1,0.9997233039707726
inplane,AMY2A,2,0.9999803767434254
inplane,GATM,1,0.9999586667576051
inplane,PRDM1,1,0.16785317031821456
inplane,ANPEP,2,0.9996587234429714
inplane,AMY2A,1,0.9999761223459848
inplane,VCAN,1,0.9988441371121874
inplane,CD28,1,0.37992339546436105
inplane,AMY2A,2,0.9999722383010574
outplane,SNCA,1,0.3891728861638304
outplane,AMY2A,2,0.9999639596940272
outplane,AQP8,1,0.9996665928503892
inplane,AMY2A,3,0.9999674333354927
inplane,GATM,2,0.99992713025551
inplane,AQP8,1,0.9996964513979034
ambient,CFTR,2,0.9998412157368088
induction,CA4,2,0.013783749931113976
induction,PROX1,4,0.10475828024184497
induction,DIRAS3,4,0.01930605174102451
ambient,FKBP11,1,0.810736255852267
ambient,CFTR,1,0.9996597784166278
inplane,MET,1,0.20180209623697354
inplane,AMY2A,3,0.9999339860579413
inplane,GATM,2,0.999816946035835
inplane,MNDA,1,0.27597462208097323
inplane,GPR183,1,0.4767461702289507
inplane,AMY2A,1,0.9999804112343907
inplane,AQP8,1,0.999831040837072
outplane,SMYD2,1,0.7918653406311643
outplane,CFTR,2,0.999848040504404
outplane,AMY2A,2,0.9999741133028268
outplane,PROX1,1,0.25190856716249765
outplane,GATM,1,0.9999444808200715
induction,CA4,5,0.01185925095874485
induction,PROX1,2,0.08302657721372453
induction,DIRAS3,3,0.01616031573549226
induction,CA4,5,0.01496876751210341
induction,PROX1,2,0.1052860148619662
induction,DIRAS3,3,0.019835746482637973
induction,CA4,3,0.012134955882611265
induction,PROX1,4,0.08830480402280083
induction,DIRAS3,3,0.01628865995738593
inplane,CFTR,1,0.9998832881711193
inplane,AMY2A,2,0.9999795081554518
inplane,PROX1,1,0.3367291965755884
ambient,CFTR,1,0.9998828976582355
ambient,CPA3,1,0.8833489498168385
ambient,DPEP1,1,0.9616870817119614
ambient,CFTR,1,0.9998595933254992
induction,CA4,3,0.02043534302703498
induction,PROX1,4,0.1397423909807316
induction,DIRAS3,3,0.027906970518045582
ambient,FKBP11,1,0.936484982757058
ambient,AMY2A,1,0.9999806027643637
outplane,LILRA4,1,0.3765929436215917
outplane,AMY2A,3,0.9999764721339136
outplane,CD2,1,0.8057946786724821
outplane,GATM,1,0.9999500175247568
ambient,CFTR,2,0.9998769580436683
ambient,CFTR,1,0.9998830370982309
ambient,CPA3,1,0.8061201135595317
inplane,MYC,1,0.6948785591809752
inplane,AMY2A,2,0.9999756562814931
inplane,FXYD2,1,0.9625673055902585
inplane,GATM,1,0.9999481447103915
induction,CA4,7,0.01743071231731308
induction,PROX1,1,0.12352050839475981
induction,DIRAS3,2,0.023716279511224125
ambient,UMOD,2,0.8080264376219829
outplane,AMY2A,2,0.9999739918361398
outplane,GATM,1,0.9999442924725925
outplane,AQP8,1,0.9997695392598426
induction,CA4,1,0.01366336097752785
induction,PROX1,5,0.09533015402591971
induction,DIRAS3,4,0.018050706648475412
outplane,CFB,1,0.8642564689879888
outplane,CFTR,1,0.999868812717051
outplane,AMY2A,1,0.9999768001937409
outplane,GATM,1,0.9999506463980345
induction,CA4,7,0.014287701934507124
induction,PROX1,3,0.1027657083116964
inplane,PECAM1,1,0.0
inplane,TMC5,1,0.9915629354131419
inplane,ANPEP,1,0.9996163806164957
inplane,ADAMTS1,1,1.7681411890180243e-12
inplane,AMY2A,2,0.9999731610464938
inplane,GATM,1,0.9999425035000767
ambient,CA4,1,0.05190561738027877
ambient,KCNK3,1,0.9479968294027051
outplane,CFB,1,0.9298620266756444
outplane,CFTR,2,0.9998524082815947
outplane,TFPI,1,0.0
outplane,AMY2A,2,0.9999702813471467
outplane,PROX1,1,0.26502096120328966
outplane,GCG,1,0.9974198533486583
ambient,DPEP1,1,0.9811538177726874
ambient,PEBP4,1,0.7477171043267463
induction,CA4,3,0.016829877694973905
induction,PROX1,3,0.11451828824609478
induction,DIRAS3,4,0.021891165611903185
outplane,CFTR,1,0.999767506356462
outplane,AMY2A,2,0.9999601261264202
outplane,GATM,1,0.9999083912425817
induction,CA4,2,0.017496876589055077
induction,PROX1,2,0.12174260522334768
induction,DIRAS3,6,0.023519978594444213
ambient,HAMP,1,0.8809136815089881
ambient,COCH,1,0.7772814818920488
induction,CA4,5,0.017793347360038014
induction,PROX1,2,0.11857552491608692
induction,DIRAS3,3,0.022841801184941835
outplane,CFB,1,0.9232427399705587
outplane,EPCAM,1,0.9994817421826301
outplane,CFTR,1,0.9998669116761013
outplane,PROX1,1,0.3327658122746804
ambient,KLK11,1,0.9941910449276671
ambient,KCNK3,1,0.9003950538029964
ambient,PROX1,2,0.24837678786512873
ambient,DPEP1,1,0.9658583230567295
ambient,PEBP4,1,0.6211335076101214
outplane,ECSCR,1,0.0
outplane,INMT,1,0.07327973915162089
outplane,PECAM1,1,0.0
outplane,SOX18,1,0.0
ambient,CFTR,1,0.9998023245466335
ambient,GLYATL1,1,0.3762961481025403
induction,CA4,2,0.016242337074885538
induction,PROX1,3,0.11014579861982599
induction,DIRAS3,5,0.02137078469178466
ambient,CFTR,1,0.9998643139589051
ambient,AQP3,1,0.8019874076074615
induction,CA4,4,0.022487550478158314
induction,PROX1,1,0.15315915709572692
induction,DIRAS3,5,0.030114548160402932
inplane,FCN1,1,0.20703503507033194
inplane,TM4SF18,1,0.0
inplane,AMY2A,2,0.9999758116276943
inplane,GATM,1,0.9999485863487948
outplane,AMY2A,2,0.9999583592835706
outplane,GATM,2,0.9999084962198438
outplane,AQP8,1,0.9996142190384925
induction,CA4,4,0.016576954782622444
induction,PROX1,3,0.11626637361693448
induction,DIRAS3,3,0.02209048244042422
ambient,AMY2A,1,0.99997048696043
ambient,KCNK3,1,0.9435668773335611
inplane,VSIG4,1,0.6221019571292986
inplane,EPCAM,1,0.9992180362982779
inplane,TENT5C,1,0.9959286622842852
inplane,AMY2A,1,0.9999668886188777
outplane,MYC,1,0.6509275005480106
outplane,CD163,1,0.9917123541011054
outplane,AMY2A,2,0.9999784334379951
outplane,GATM,1,0.999954393943113
induction,CA4,6,0.017122710388861595
induction,DIRAS3,4,0.023420207583825348
induction,CA4,5,0.01672841907194067
induction,PROX1,1,0.11898904797829368
induction,DIRAS3,4,0.022506487163528766
inplane,FSTL3,1,0.7215435455417027
inplane,ANPEP,1,0.9995883824132553
inplane,CFTR,2,0.9998336853338264
inplane,AMY2A,1,0.9999723209844996
inplane,GATM,1,0.9999388204735196
outplane,PECAM1,1,0.0
outplane,CFTR,2,0.9998799052941753
outplane,AMY2A,1,0.999977720641441
outplane,KCNK3,1,0.9546772674970647
outplane,GATM,1,0.9999526846863557
ambient,ANPEP,1,0.9994269325430502
ambient,KCNK3,1,0.8976700933840143
induction,CA4,2,0.01512604646704152
induction,PROX1,3,0.09698801184076078
induction,DIRAS3,3,0.019139157574341037
induction,CA4,5,0.01924237332088652
induction,PROX1,3,0.1272267505014777
induction,DIRAS3,2,0.024951457218357453
inplane,AMY2A,3,0.9999499399073326
inplane,FXYD2,1,0.9174753031455845
inplane,GATM,1,0.9998872624340023
ambient,DPEP1,1,0.9745902475580774
ambient,AMY2A,1,0.9999763371788238
ambient,KLK11,1,0.9965906454966468
ambient,AQP3,1,0.8606872114668958
ambient,CA4,1,0.060710578097524226
ambient,AQP8,1,0.999723060594726
outplane,MNDA,1,0.5072276067990402
outplane,BCL2L11,1,0.30339963889254984
outplane,CXCL6,2,0.9977685682488916
induction,CA4,3,0.01628169123243728
induction,PROX1,6,0.11669192099846715
induction,DIRAS3,1,0.02233914590090591
ambient,DPEP1,1,0.8884422470828564
ambient,KCNK3,1,0.9274474179368275
induction,CA4,3,0.017535869883666066
induction,PROX1,5,0.13776964819813908
induction,DIRAS3,2,0.02587252492292824
outplane,EHF,1,0.9985484951684322
outplane,AMY2A,3,0.9999816059691025
induction,CA4,2,0.01917488992123062
induction,PROX1,3,0.13087947770465724
induction,DIRAS3,5,0.025734477194218064
outplane,VWA5A,1,0.6512377949643806
outplane,AMY2A,2,0.9999783337786834
outplane,GATM,1,0.9999541686417199
inplane,TCIM,2,0.0
inplane,ANPEP,1,0.9994142440518573
inplane,AMY2A,1,0.9999576506087401
outplane,AMY2A,3,0.9999736370819724
outplane,GATM,1,0.9999435107178027
induction,CA4,4,0.016385625352186572
induction,PROX1,2,0.11385597081554066
induction,DIRAS3,4,0.022493812266371482
induction,CA4,1,0.025982099833554706
induction,PROX1,4,0.15226000908944193
induction,DIRAS3,1,0.02938387690729949
induction,CA4,3,0.012298218532047378
induction,PROX1,2,0.08608727308923003
induction,DIRAS3,5,0.016964927450074163
induction,CA4,4,0.021057841703942537
induction,PROX1,5,0.1427696785680751
induction,DIRAS3,1,0.0287645876828172
inplane,CFTR,1,0.9998922052078763
inplane,AMY2A,1,0.9999814366040234
inplane,AQP8,2,0.9998398101776124
induction,CA4,5,0.01936742736293251
induction,DIRAS3,1,0.025604970537835614
inplane,CFTR,1,0.999877210928374
inplane,AMY2A,1,0.9999787488203162
inplane,CXCL6,1,0.9982350254544402
inplane,GATM,1,0.9999549457141504
outplane,PCNA,1,0.6701298223595462
outplane,AMY2A,2,0.9999779334337605
outplane,GATM,1,0.9999530399936001
inplane,MDM2,1,0.7747361568444465
inplane,CD4,1,0.3207673020636498
inplane,MET,1,0.6255961926252298
inplane,SERPINB3,1,0.9862432368849432
inplane,AMY2A,2,0.9999761339638257
inplane,FXYD2,1,0.981447517022864
inplane,GATM,1,0.9999491416188594
inplane,DIRAS3,2,0.04042625820661383
induction,CA4,1,0.017903761868152346
induction,PROX1,5,0.12444597185130513
induction,DIRAS3,4,0.024077857064423558
outplane,MYC,1,0.6046857544941063
outplane,AMY2A,3,0.9999773879443533
outplane,GATM,1,0.9999524589509261
induction,CA4,4,0.013256003791902504
induction,PROX1,5,0.09558220785897409
induction,DIRAS3,1,0.018083069591519063
ambient,CA4,1,0.09223956386889154
ambient,AQP8,1,0.9997952783420396
inplane,CD83,1,0.35359610268359776
inplane,CAV1,1,0.044760827511735934
inplane,CFTR,1,0.999874644091732
inplane,AMY2A,2,0.999978354132325
inplane,GATM,1,0.9999542658597689
induction,CA4,5,0.018716710153284022
induction,PROX1,2,0.13037109645016398
induction,DIRAS3,3,0.025431254613739296
inplane,MS4A6A,1,0.8241605167986175
inplane,CFB,2,0.8145245451345648
inplane,SERPINB9,1,0.26962208702842405
inplane,CFTR,1,0.9998026690772294
inplane,AMY2A,1,0.9999657126805587
outplane,CTSK,1,0.2772018275177708
outplane,HAVCR2,1,0.8392508155478184
outplane,TM4SF18,1,0.0
outplane,AMY2A,1,0.9999742341910617
outplane,FXYD2,1,0.9673313230235938
outplane,CXCL6,1,0.9982555859880364
outplane,GCG,1,0.9974908214669571
inplane,MEST,1,0.7837697899560094
inplane,TENT5C,1,0.9975292275643733
inplane,KCNK3,1,0.9549353636561241
inplane,GATM,1,0.9999545001810058
inplane,TMC5,1,0.9909830061052157
inplane,PPARG,1,0.0706530727719894
inplane,CFTR,1,0.9998817345441331
inplane,CAVIN2,1,0.0
outplane,TCIM,1,0.0
outplane,CFTR,1,0.9998778011399838
outplane,EHF,1,0.9987344587721395
outplane,CXCL6,1,0.998630469015713
induction,CA4,4,0.01657038371327091
induction,PROX1,1,0.11407386511190587
induction,DIRAS3,5,0.02126652093664383
induction,CA4,2,0.016978713893689656
induction,PROX1,5,0.12035650017758759
induction,DIRAS3,3,0.023087646500762338
inplane,VCAN,1,0.9987041002912806
inplane,CFTR,1,0.9998799305202326
inplane,GATM,2,0.9999568820420852
outplane,AMY2A,3,0.9999785585252154
outplane,GATM,1,0.999954613189564
outplane,FAS,1,0.36987627862130024
outplane,AMY2A,3,0.9999729514226539
inplane,EDN1,1,0.3528701274207877
inplane,CFTR,2,0.9998812466104628
inplane,AMY2A,1,0.9999798190249103
inplane,AMY2A,4,0.9999791855620792
inplane,GATM,1,0.9999560862014296
outplane,CFTR,1,0.9998605849222334
outplane,TFPI,1,0.0
outplane,AMY2A,1,0.9999762671521945
outplane,GATM,1,0.9999493435622469
outplane,AQP8,1,0.9997909632121698
inplane,BASP1,1,0.08777278442222325
inplane,DST,1,0.6172691242995267
inplane,GATA2,1,0.0
inplane,FXYD2,1,0.9764735867808185
ambient,CFTR,1,0.9998782378953929
ambient,UMOD,1,0.9234101711968593
induction,CA4,4,0.02559518741409894
induction,PROX1,3,0.17127337291825517
induction,DIRAS3,3,0.03505702714354819
inplane,BCL2L11,1,0.37044185415168773
inplane,AMY2A,2,0.9999783013822247
inplane,GATM,1,0.9999539917368473
induction,CA4,3,0.014617760442980021
induction,PROX1,2,0.10338219569164542
induction,DIRAS3,5,0.01904571088380369
inplane,TM4SF18,1,0.0
inplane,AMY2A,2,0.9999802464985348
inplane,ERBB2,1,0.9607063222955247
inplane,CFB,1,0.8582169899592169
inplane,MYC,1,0.6828420205774263
inplane,AMY2A,2,0.9999723150428451
inplane,GATM,1,0.9999406924012034
ambient,CPA3,1,0.8386907134419287
ambient,GATM,1,0.9999518695435173
ambient,FKBP11,1,0.9257921632661429
ambient,AQP3,1,0.8823630415576353
ambient,CA4,1,0.054673048136617663
ambient,COCH,1,0.809954888387441
inplane,AMY2A,2,0.9999733027080419
inplane,GATM,2,0.9999427161346418
inplane,FKBP11,1,0.9028587247309203
inplane,MYC,1,0.6189052193824909
inplane,PPP1R1A,1,0.9725707182201904
inplane,AMY2A,4,0.9999662970169424
inplane,GPX2,1,0.9903962291241326
inplane,CLCA2,1,0.21406666733939916
ambient,RIDA,1,0.8848571890081616
ambient,CA4,1,0.07230256099685806
induction,PROX1,3,0.1582929500713165
induction,DIRAS3,1,0.04518643462595595
induction,CA4,4,0.015869043122781812
induction,PROX1,1,0.1077811482003177
induction,DIRAS3,5,0.021288866367920378
ambient,CFTR,1,0.9998566881067631
ambient,CPA3,1,0.8533941149477928
ambient,COCH,1,0.8771969552601409
ambient,AQP3,1,0.9343467316722477
induction,CA4,3,0.01241621051395081
induction,PROX1,2,0.0896197784084326
induction,DIRAS3,5,0.016820210255319767
ambient,CA4,1,0.04737786483021278
ambient,GLYATL1,1,0.41429050328492456
ambient,FKBP11,1,0.7679455640888682
ambient,CFTR,1,0.9996809057656524
inplane,PPP1R1B,1,0.9588017206392876
inplane,AMY2A,4,0.999962698309186
inplane,MDM2,1,0.49971907202574595
inplane,ANPEP,1,0.999505365367503
inplane,AMY2A,3,0.999965967473822
inplane,CDK1,1,0.2740870993790129
inplane,GATM,1,0.9999258369755445
ambient,RIDA,1,0.8637795947504475
ambient,HAMP,1,0.9105658869054312
induction,CA4,5,0.017777846978733636
induction,DIRAS3,5,0.02404844358181557
outplane,NTN4,1,0.741087619896694
outplane,CFB,1,0.8573250643250525
outplane,MS4A1,1,0.46369785682951414
outplane,C1orf162,1,0.7421311343286254
outplane,AMY2A,1,0.9999732273910269
outplane,CFB,1,0.8598657459533801
outplane,MET,1,0.3918059069130392
outplane,ANPEP,1,0.9996605449281444
outplane,SMIM24,1,0.37236849483079837
inplane,TCIM,1,0.0
inplane,CD93,1,0.0
inplane,AMY2A,2,0.9999800285522864
induction,CA4,2,0.025613786689954066
induction,PROX1,3,0.17263260686787185
induction,DIRAS3,5,0.03501999838085956
inplane,MEST,1,0.7786127318832639
inplane,AMY2A,1,0.9999758181374419
inplane,GATM,2,0.9999486112894921
induction,CA4,1,0.018428770079742196
induction,PROX1,3,0.11696014804517774
induction,DIRAS3,4,0.02362082301699897
ambient,CFTR,1,0.9998864898516883
ambient,CPA3,1,0.8620063303016889
induction,CA4,4,0.021143598682034304
induction,PROX1,2,0.1426417339291619
induction,DIRAS3,4,0.027388680831167966
induction,CA4,3,0.019617416993945147
induction,PROX1,4,0.13740239207928173
induction,DIRAS3,3,0.026613922785723054
inplane,CFTR,1,0.9998393558366716
inplane,KLK11,1,0.9954318139951168
inplane,AMY2A,2,0.99996895957434
inplane,FXYD2,1,0.9479721920071195
inplane,GATM,1,0.999932969262996
induction,CA4,4,0.019318427729358323
induction,PROX1,5,0.13250791919491522
induction,DIRAS3,1,0.02584239415226597
outplane,C5orf46,1,0.45983955962977385
outplane,CFTR,1,0.9998556625779128
outplane,AMY2A,2,0.999975348819747
inplane,PRDM1,1,0.25137971167795004
inplane,CFTR,1,0.999845360665589
inplane,ADAM28,1,0.7520787809323444
inplane,AMY2A,2,0.9999736674984705
inplane,PPP1R1B,1,0.9733070119370238
inplane,DPEP1,1,0.9840613842115943
inplane,CFTR,1,0.9998726012248409
inplane,GATM,1,0.9999551030888197
outplane,SMYD2,1,0.720461147438521
outplane,STEAP4,1,0.0
outplane,CFTR,1,0.9998697737752037
outplane,FXYD2,1,0.9601600361786379
inplane,ASPN,1,0.2616081949218033
inplane,TCIM,1,0.0
inplane,CFTR,1,0.999593278918819
inplane,EHF,1,0.9956433263008447
inplane,CXCL6,1,0.9958243288353824
ambient,RIDA,1,0.8490038895910642
ambient,KCNK3,1,0.9673329474635489
ambient,CA4,1,0.04309732166453628
ambient,PEBP4,1,0.4102471659254636
induction,CA4,1,0.017993551564080335
induction,PROX1,4,0.11423714105552518
induction,DIRAS3,1,0.02641883022171221
outplane,CFTR,1,0.99986899674689
outplane,AMY2A,2,0.9999753031032456
outplane,GPX2,1,0.9969712552721113
outplane,GATM,2,0.9999472435768872
induction,CA4,4,0.014174386070723521
induction,PROX1,6,0.10086683186317225
induction,CA4,3,0.013094052042023518
induction,PROX1,5,0.09437126650069427
induction,DIRAS3,2,0.017544956167203307
ambient,ANPEP,1,0.9996595324440168
ambient,UMOD,1,0.8435654598256305
inplane,AMY2A,2,0.9999687673804446
inplane,CXCL2,1,0.39248208705277776
inplane,AQP8,1,0.9997187934308683
induction,CA4,5,0.0164505861784644
induction,PROX1,3,0.11609595613898127
induction,DIRAS3,2,0.02225104381980436
induction,CA4,4,0.012770518927179286
induction,PROX1,4,0.09115949803224133
induction,DIRAS3,2,0.0173417405858749
inplane,C1orf194,1,0.6255286425619577
inplane,ANPEP,1,0.9996905023769219
inplane,AMY2A,1,0.9999779509051304
inplane,AQP8,1,0.9998072195838154
induction,CA4,2,0.014360525855315776
induction,PROX1,5,0.1040107049382315
induction,DIRAS3,3,0.019790633597570606
inplane,STC1,1,0.0
inplane,AMY2A,2,0.9999756470731544
inplane,GATM,1,0.9999480937521718
induction,CA4,6,0.016334100173543642
induction,PROX1,1,0.1144872706019392
induction,DIRAS3,3,0.021342959661899696
ambient,RIDA,1,0.7563199310991559
ambient,AMY2A,1,0.999973350299353
inplane,MYC,1,0.5164204378512325
inplane,EPCAM,1,0.9990346481176583
inplane,CXCL2,1,0.4340459562334691
inplane,GATM,1,0.9999162452259077
induction,CA4,8,0.01602382624580767
induction,PROX1,1,0.11126252405425197
induction,DIRAS3,1,0.022197826638262197
induction,CA4,1,0.02770273465175732
induction,PROX1,7,0.18199714670380018
induction,DIRAS3,2,0.037698963698652554
outplane,PTGDS,1,0.9262556753281286
outplane,FSTL3,1,0.9295169398807165
outplane,KLK11,1,0.9946324083009563
outplane,ARFGEF3,1,0.906934646500665
outplane,AMY2A,3,0.9999648708275787
outplane,GATM,1,0.9999479744811566
outplane,GCG,4,0.9976490115596526
induction,CA4,2,0.011616142213395908
induction,PROX1,6,0.08534064895499482
induction,DIRAS3,2,0.015804978272596637
inplane,MYLK,1,0.3592226592949459
inplane,CRISPLD2,1,0.4209035465193559
inplane,COL5A2,1,0.6029778999982328
inplane,AMY2A,2,0.9999732240317505
inplane,C7,1,0.6535962931767019
inplane,AQP8,1,0.9997626233204515
induction,CA4,2,0.015141377019148416
induction,PROX1,6,0.09728835169175198
induction,DIRAS3,2,0.0193775217081934
induction,CA4,5,0.01314618023823566
induction,PROX1,2,0.09043946530209301
induction,DIRAS3,3,0.01604812686122037
ambient,GATM,2,0.9998874452770284
induction,CA4,2,0.01766252904353427
induction,PROX1,2,0.11361342590163548
induction,DIRAS3,6,0.021129923091516623
ambient,RIDA,1,0.6912657150656925
ambient,CFTR,1,0.9997368464074913
inplane,CD14,1,0.5541111302831492
inplane,CFB,1,0.9448231321600437
inplane,CFTR,2,0.9997668981276029
outplane,STC1,1,0.0
outplane,AMY2A,4,0.9999486122864323
outplane,GATM,1,0.9998822915599016
outplane,AQP8,1,0.9994872634657146
outplane,MFAP5,1,0.27404984912792396
outplane,AMY2A,1,0.9999766833286612
outplane,FXYD2,1,0.9576158884859561
outplane,GATM,1,0.9999504592952227
ambient,HAMP,1,0.7217908046524817
ambient,GATM,1,0.9999078230417642
inplane,CFTR,1,0.9997501843536566
inplane,TM4SF18,1,0.0
inplane,AMY2A,1,0.9999519466301988
inplane,GATM,1,0.9998917782190754
induction,CA4,2,0.012385896604178215
induction,PROX1,5,0.0851359986058492
induction,DIRAS3,3,0.016213958800467054
induction,CA4,4,0.012346581743066132
induction,PROX1,2,0.08697916497208913
induction,DIRAS3,4,0.016083546645996982
outplane,EPCAM,1,0.9992198305804819
outplane,AMY2A,2,0.9999601327348667
outplane,SCGN,1,0.9900949554114016
induction,CA4,6,0.015033174665377014
induction,PROX1,2,0.136643148572282
induction,DIRAS3,2,0.024105261871252837
outplane,ANPEP,1,0.9996626125370942
outplane,AMY2A,3,0.9999762383805859
ambient,KLK11,1,0.9947486896698019
ambient,PEBP4,1,0.5877569586608464
outplane,EPCAM,1,0.9993070288247647
outplane,ANPEP,1,0.9995899081267019
outplane,CFTR,1,0.9998344486057282
outplane,GPC3,1,0.722878984380346
inplane,FCGR1A,1,0.7219585085526353
inplane,PLD4,1,0.549833934565541
inplane,CD247,1,0.5749935125445997
inplane,AMY2A,2,0.9999695947851113
inplane,SPIB,1,0.705519158846402
inplane,ACTG2,1,0.36146353827773003
inplane,EPCAM,1,0.9994563161423277
inplane,ANPEP,1,0.9997090789015931
inplane,AMY2A,1,0.9999793480198301
inplane,GATM,1,0.9999563623986027
inplane,EPCAM,1,0.9995811820542861
inplane,AMY2A,4,0.9999552581847214
inplane,GATM,1,0.9998993162436255
ambient,KLK11,1,0.9962948472338999
ambient,PEBP4,1,0.6237600585709958
ambient,FKBP11,1,0.9157623620295477
ambient,AMY2A,1,0.9999789080955962
ambient,DPEP1,1,0.9544559679859114
ambient,AQP8,1,0.9997125073473266
induction,CA4,3,0.017903751484278585
induction,PROX1,5,0.1224819961344954
induction,DIRAS3,2,0.02410333196650194
inplane,IRF8,1,0.3209727775655279
inplane,MDM2,1,0.4962184839169357
inplane,CFTR,1,0.9998675235378769
inplane,AMY2A,4,0.9999774579609014
induction,CA4,5,0.011981120067402151
induction,PROX1,4,0.08535552976333083
induction,DIRAS3,1,0.01614854095024365
induction,CA4,5,0.013922161194366733
induction,PROX1,3,0.09751524094917641
induction,DIRAS3,2,0.019195476722670413
ambient,DPEP1,1,0.9619334340935072
ambient,UMOD,1,0.8291832199031779
inplane,GYPA,1,0.26337185617747183
inplane,AMY2A,1,0.999931674188212
inplane,CYP2B6,1,0.11801956012307768
inplane,GATM,1,0.9998412228552206
inplane,AQP8,1,0.9993056294092204
outplane,CFTR,1,0.9998801550831207
outplane,AMY2A,2,0.9999789792859836
outplane,GATM,2,0.9999554433090879
inplane,CFTR,1,0.999862123975466
inplane,AMY2A,1,0.9999733931563023
inplane,FXYD2,2,0.9664210992458797
ambient,PROX1,1,0.23282381437808572
ambient,GATM,1,0.9999278618610149
inplane,PLAC9,1,0.2270443890352255
inplane,GATA2,1,0.0
inplane,DPT,1,0.9168065171107547
inplane,AMY2A,2,0.9999288226480629
inplane,C20orf85,1,0.29086388993098433
induction,CA4,3,0.01738337063841211
induction,PROX1,3,0.11948475932017277
induction,DIRAS3,4,0.023109728600361867
outplane,CFB,1,0.8276006026783861
outplane,C1orf162,1,0.6292839360979019
outplane,AMY2A,2,0.9999763766588209
outplane,PEBP4,1,0.6266831374770028
ambient,FKBP11,1,0.9469789530034025
ambient,HAMP,1,0.9088343520255281
outplane,CFB,1,0.8076757145000747
outplane,TMC5,1,0.9904049761737105
outplane,GDF15,1,0.9070108555708903
outplane,GATM,1,0.9999485344059809
outplane,KCNMA1,1,0.5411067152595808
outplane,MTRNR2L11,1,0.44874068057482663
outplane,AMY2A,1,0.9999801068897438
outplane,GATM,1,0.9999580973123899
outplane,DIRAS3,1,0.07770173135233982
induction,CA4,2,0.013403243236064455
induction,PROX1,2,0.0939989247641686
induction,DIRAS3,6,0.018609734262513555
inplane,CFB,1,0.8399298945190032
inplane,EHF,1,0.9985212535275452
inplane,AMY2A,1,0.9999767664076088
inplane,SPIB,1,0.6802860024753763
induction,CA4,4,0.01292401706431523
induction,PROX1,3,0.09378495552976662
induction,DIRAS3,3,0.017832379894180073
ambient,ANPEP,1,0.9996378452015358
ambient,KCNK3,1,0.9367651433848061
ambient,FKBP11,1,0.906772103838436
ambient,CFTR,1,0.9998620881447987
ambient,DPEP1,1,0.9575273030698169
ambient,AQP8,1,0.9996856687345594
inplane,HAVCR2,1,0.718256288749846
inplane,AMY2A,1,0.9999792138196202
inplane,PROX1,1,0.3455087212654211
inplane,GATM,1,0.9999560929754865
inplane,AQP8,1,0.9998201586012267
induction,CA4,3,0.022954299960907254
induction,PROX1,3,0.1533305997300738
induction,DIRAS3,4,0.03065221782292893
induction,CA4,3,0.014494765598966453
induction,PROX1,1,0.0925125944802222
induction,DIRAS3,4,0.017909001541422054
induction,CA4,3,0.014830390430046192
induction,PROX1,2,0.10278492770904069
induction,DIRAS3,5,0.01980612509305324
inplane,SMYD2,1,0.6959853257061557
inplane,AMY2A,3,0.9999735754707538
inplane,GATM,1,0.9999434172379236
inplane,AMY2A,3,0.9999789795455135
inplane,GATM,1,0.9999555721238894
ambient,ANPEP,1,0.999670107299259
ambient,CPA3,1,0.7814830573282567
inplane,CD14,1,0.39405979919481693
inplane,FSTL3,1,0.7971171024610612
inplane,CFTR,1,0.9998654300890949
inplane,TM4SF18,1,0.0
induction,CA4,5,0.014126031985294052
induction,PROX1,3,0.10140390244389874
induction,DIRAS3,2,0.018787331782122108
ambient,DPEP1,1,0.964065752385349
ambient,CPA3,1,0.7500331869099122
outplane,AMY2A,2,0.99997836394434
outplane,CXCL6,1,0.9987259632239184
outplane,GATM,1,0.9999541272688984
outplane,THBS2,1,0.9959068301139146
outplane,PDGFRA,1,5.353506526972751e-11
outplane,SLC26A2,1,0.2843833864457658
outplane,ACTA2,1,5.959122084675528e-12
induction,CA4,5,0.01851353566878844
induction,PROX1,1,0.1273324834001347
induction,DIRAS3,4,0.025049053305336577
outplane,MYC,2,0.5891723525995332
outplane,AMY2A,2,0.9999729840442558
outplane,GATM,2,0.9999424225225751
inplane,VCAN,1,0.9988253909838982
inplane,CFB,1,0.8936333432304784
inplane,MNDA,1,0.43765279470859353
inplane,AIF1,1,0.7524526196355708
inplane,CFTR,1,0.9998755334243742
inplane,AMY2A,2,0.9999774688524334
inplane,AMY2A,3,0.9999809891148121
inplane,GATM,1,0.9999600614469721
ambient,CPA3,1,0.7567679713466333
ambient,KCNK3,1,0.9422533977652507
ambient,KLK11,1,0.9968620800616514
ambient,KCNK3,1,0.9588942201383391
inplane,DST,1,0.5910265838553879
inplane,AMY2A,2,0.9999748359114363
inplane,GATM,2,0.9999461499844886
inplane,AMY2A,4,0.9999651144267632
inplane,BTNL9,1,0.0
outplane,FGL2,1,0.7110031566834474
outplane,MS4A6A,1,0.8357530432411985
outplane,BAMBI,1,0.7759783229592088
outplane,AMY2A,2,0.9999796842001422
outplane,PROX1,1,0.3161335806319876
outplane,GATM,1,0.9999570492034924
ambient,CPA3,1,0.7618086093080758
ambient,COCH,1,0.6991214782044266
inplane,NTN4,1,0.7204504956796971
inplane,MEST,1,0.7852212084717642
inplane,IGSF6,1,0.5690919422408067
inplane,AMY2A,2,0.9999753236265554
induction,CA4,6,0.012578325627437326
induction,PROX1,3,0.09103594709668783
induction,DIRAS3,1,0.017057906341835682
induction,CA4,3,0.011922283135371692
induction,PROX1,2,0.08714879125437569
induction,DIRAS3,5,0.01599005850392654
inplane,AMY2A,4,0.9999784229587365
inplane,GATM,1,0.9999542887306786
inplane,AQP8,1,0.9998123788349729
ambient,RIDA,1,0.6029193900831478
ambient,CPA3,1,0.5944760119926434
outplane,TCIM,2,0.0
outplane,BCL2L11,1,0.28799299379717846
outplane,CFTR,1,0.9997809132725705
inplane,CFTR,1,0.9996516220147813
inplane,EHF,1,0.9976659383584338
inplane,AMY2A,1,0.999930168062887
inplane,FXYD2,1,0.8560028257239818
inplane,INS,1,0.9974661752461581
induction,CA4,6,0.016710064214821352
induction,PROX1,1,0.10414626522626735
induction,DIRAS3,1,0.0207736137317438
outplane,MYC,1,0.5520250541769325
outplane,AMY2A,3,0.9999726311464961
ambient,CPA3,1,0.7246224904902296
ambient,GATM,1,0.9999343094425053
induction,CA4,1,0.012165241369192392
induction,PROX1,4,0.08440628063967781
induction,DIRAS3,5,0.016778275398016684
inplane,CFB,1,0.40722871766939506
inplane,MDM2,1,0.3623839413206783
inplane,CFTR,1,0.9996493026442003
inplane,GDF15,1,0.691643005206956
inplane,AMY2A,1,0.9999429207913677
ambient,HAMP,1,0.5930972460630513
ambient,GATM,1,0.9998297518616662
inplane,MDM2,1,0.4973422959075833
inplane,AMY2A,3,0.9999405416561992
inplane,GATM,1,0.9998631495865039
inplane,DST,1,0.28665729814991825
inplane,AMY2A,2,0.9999425513646794
inplane,KCNK3,1,0.8280245277054463
outplane,AMY2A,2,0.9999337623301118
outplane,FXYD2,1,0.735667382561396
outplane,GATM,2,0.9998433963738568
outplane,FKBP11,1,0.9121302536415885
outplane,AMY2A,2,0.9999721860939683
outplane,GATM,1,0.9999403746188068
ambient,FKBP11,1,0.906009653487996
ambient,AQP3,1,0.8281314395030613
outplane,TMC5,1,0.9836972194492349
outplane,PPARG,1,0.17977204785896317
outplane,CFTR,1,0.9995815587233763
outplane,CAVIN2,1,0.0
inplane,AMY2A,2,0.999936019819939
inplane,CXCL2,1,0.21392458364525058
inplane,GATM,1,0.9998484692691397
outplane,MMRN2,1,0.0
outplane,SFRP4,1,0.9092309405464658
outplane,CFTR,1,0.9998725513679773
outplane,TM4SF18,1,0.0
outplane,AMY2A,1,0.9999783460707307
outplane,PECAM1,1,0.0
outplane,MDM2,1,0.4462273815381269
outplane,TFPI,1,0.0
outplane,AMY2A,2,0.999977163077864
outplane,GATM,1,0.9999518915056296
inplane,MS4A6A,1,0.77761991264144
inplane,FBN1,1,0.012177334028817488
inplane,AMY2A,2,0.9999798964982063
induction,CA4,3,0.017379002928374243
induction,PROX1,4,0.12387497854623764
induction,DIRAS3,3,0.023834657994583064
ambient,UMOD,1,0.8385686117479748
ambient,AQP3,1,0.799481392254223
induction,CA4,2,0.01596900657843603
induction,PROX1,4,0.11345438270359609
induction,DIRAS3,4,0.021651837331737145
inplane,CFB,1,0.8003752334223813
inplane,EDN1,1,0.1679976135746496
inplane,EPCAM,1,0.9993241621800226
inplane,CFTR,2,0.9998778645973129
inplane,GATM,1,0.9999570167249111
ambient,DIRAS3,1,0.08793473171815813
ambient,GLYATL1,1,0.6517976048142677
ambient,FKBP11,1,0.9457031447441326
ambient,GATM,1,0.9999590709264468
induction,CA4,1,0.016060637104736486
induction,PROX1,5,0.11437752155289982
induction,DIRAS3,4,0.02171181990814397
ambient,FKBP11,1,0.8979528827464769
ambient,RIDA,1,0.7658525347591882
outplane,SFTA2,1,0.2970966899289099
outplane,FBN1,1,0.27214860108676275
outplane,EPCAM,1,0.9994676006233223
outplane,TENT5C,1,0.9976230609610268
outplane,GATM,1,0.9999574709709873
ambient,KLK11,1,0.9964162799081433
ambient,AQP8,1,0.9997952363965492
inplane,VSIG4,1,8.432643472389145e-11
inplane,PTPRC,1,0.9953677750632913
inplane,KCNMA1,1,0.45486561843890927
inplane,PPARG,1,0.0457234616153982
inplane,PRDM1,1,0.05483824637281931
inplane,ACTA2,1,2.8368418725222e-12
inplane,TCIM,1,0.0
inplane,CRISPLD2,1,3.84525744578923e-12
inplane,AMY2A,1,0.9999769258771948
inplane,GATM,1,0.9999510866789014
outplane,AMY2A,3,0.9999764180499983
outplane,SOX17,1,0.0
ambient,FKBP11,1,0.9504514200912342
ambient,RIDA,1,0.8782321408812777
ambient,CFTR,1,0.9998172326560715
ambient,UMOD,1,0.8364997337101604
outplane,AMY2A,1,0.9999803294163677
outplane,PROX1,1,0.3487678573590677
outplane,GATM,2,0.9999584574109704
outplane,AQP8,1,0.999829865211706
outplane,DST,1,0.46137836994315506
outplane,PPP1R1B,1,0.9645563515233186
outplane,EPCAM,1,0.9993408326654845
outplane,KRT7,1,0.9866323672548574
outplane,AMY2A,1,0.9999801770597662
ambient,DPEP1,1,0.9682346892178131
ambient,PROX1,1,0.3681969671422626
induction,CA4,3,0.013010024166629774
induction,PROX1,3,0.09391663570348674
induction,DIRAS3,4,0.018164412852390677
ambient,GATM,1,0.9999555058812049
ambient,DIRAS3,1,0.06650338079759355
induction,CA4,2,0.0314372085008392
induction,PROX1,3,0.20517773118838312
induction,DIRAS3,5,0.042277491349326346
inplane,CTSK,1,0.022756125964797258
inplane,CFB,1,0.851669782817216
inplane,CFTR,1,0.9998863850651599
inplane,AMY2A,2,0.9999806705417992
inplane,FXYD2,1,0.9691239979296801
outplane,GLIPR1,1,0.5176334297035273
outplane,TMC5,1,0.9958698581544126
outplane,CFTR,1,0.9998508702889852
outplane,GDF15,1,0.9170459775396218
outplane,CD163,1,0.9950650979927876
outplane,AMY2A,2,0.9999795962274183
outplane,AQP8,1,0.9998232614650604
outplane,CAVIN1,1,0.042707347904275994
outplane,FBN1,1,0.015052674592577753
outplane,AMY2A,3,0.9999796824586031
induction,CA4,3,0.013415175929471168
induction,PROX1,1,0.09759810669703384
induction,DIRAS3,6,0.018263274090947634
outplane,AMY2A,5,0.9999772088030066
inplane,PMP22,1,0.20031367040536996
inplane,PECAM1,1,0.0
inplane,PLAC9,1,0.2356257615376749
inplane,EPCAM,1,0.9993850590152769
inplane,GEM,1,0.309428923107811
inplane,AMY2A,1,0.9999789099446567
inplane,SOX17,1,0.0
ambient,ANPEP,1,0.9996850711948616
ambient,KCNK3,1,0.980675430331525
outplane,AMY2A,5,0.9999776278141936
outplane,AQP8,2,0.9998043563498672
inplane,AMY2A,3,0.9999728075347195
inplane,GATM,1,0.9999415471474684
ambient,DPEP1,1,0.9795024369647956
ambient,ANPEP,1,0.9997243729882112
induction,CA4,2,0.01831761665697107
induction,PROX1,3,0.12818005037173985
induction,DIRAS3,5,0.02475516877789774
outplane,AMY2A,4,0.9999786109025529
outplane,GATM,1,0.9999546447483879
ambient,KLK11,1,0.9958143836735182
ambient,GATM,1,0.9999415103043753
induction,CA4,2,0.01312069633153956
induction,PROX1,2,0.09268180394253045
induction,DIRAS3,6,0.017764778100903045
inplane,VCAN,1,0.9997283734774615
inplane,MYLK,1,0.6972560326167871
inplane,AMY2A,2,0.9999335173888645
inplane,GATM,1,0.9998424756965467
inplane,ANPEP,1,0.9989317403164134
inplane,AMY2A,3,0.9999324140615701
inplane,GATM,1,0.9998398027295866
inplane,C15orf48,2,0.9956377236836444
inplane,CPA3,1,0.8570295243933245
inplane,GATM,1,0.9999585450844656
inplane,TBX3,1,0.07993561880305355
inplane,PLIN4,1,0.5062594206012979
inplane,CD79A,1,0.9630235643001562
inplane,AMY2A,3,0.9999777545072542
inplane,CFAP53,1,0.7739890839448041
ambient,AMY2A,1,0.9999762139699865
ambient,KCNK3,1,0.9660948941893922
induction,CA4,3,0.013296862158354794
induction,PROX1,4,0.09387844321697836
induction,DIRAS3,3,0.017643796322283745
outplane,MS4A4A,1,0.8799029573712722
outplane,ANPEP,1,0.999616346514235
outplane,AMY2A,1,0.9999726905770661
outplane,GATM,1,0.9999410417472743
outplane,CAVIN1,1,0.055248466572749844
outplane,LILRB2,1,0.24405132973486776
outplane,MDM2,1,0.6002504470705807
outplane,CFTR,1,0.9998835766309617
outplane,AMY2A,2,0.9999799426141668
outplane,GATM,1,0.9999577146188592
outplane,FKBP11,1,0.944099507400249
outplane,CFTR,1,0.9998572318346796
outplane,AMY2A,1,0.9999714144105938
outplane,GATM,1,0.999938281665787
outplane,KCNMA1,1,0.4951682742923279
outplane,AMY2A,3,0.9999759403952523
outplane,AQP8,1,0.9997880491140179
ambient,ANPEP,1,0.999592577721812
ambient,CA4,1,0.058341197081179685
outplane,CFTR,1,0.9997782000241305
outplane,AMY2A,3,0.9999580665041146
outplane,GATM,1,0.999903296530093
induction,CA4,2,0.013979082125956221
induction,PROX1,5,0.09084544013869889
induction,DIRAS3,3,0.017588643606105125
ambient,CFTR,1,0.9998725212357983
ambient,AQP3,1,0.8907785950051559
induction,CA4,2,0.017791826901659036
induction,PROX1,3,0.10855401743528781
induction,DIRAS3,3,0.020630139087093102
ambient,DPEP1,1,0.9109735021080462
ambient,GLYATL1,1,0.33640188989766107
induction,CA4,1,0.06834780839456989
induction,PROX1,2,0.3126012356404573
induction,DIRAS3,1,0.06491986006933026
outplane,PDGFRA,1,0.8666879625532558
outplane,CFB,1,0.8124125374254543
outplane,PPP1R1B,1,0.924532147139805
outplane,GATM,1,0.9998330157017885
induction,PROX1,2,0.10814178367165994
induction,DIRAS3,4,0.022892495810984625
outplane,NTN4,1,0.5675395083888567
outplane,CFB,1,0.8167870726130164
outplane,TMC5,1,0.9957932358059479
outplane,CNN1,1,0.9939139087521087
outplane,IL1RL1,1,0.41404948468450575
inplane,PECAM1,1,0.0
inplane,AMY2A,3,0.9999608698284153
induction,CA4,4,0.014693783012221129
induction,PROX1,4,0.0991678211752488
induction,DIRAS3,2,0.017491176692501664
outplane,CFB,1,0.8265418869215859
outplane,FKBP11,1,0.8814396923185742
outplane,KLRD1,1,0.16767630440999926
outplane,AMY2A,1,0.9999738280854894
induction,CA4,5,0.01142404457342705
induction,PROX1,2,0.08230476974913403
induction,DIRAS3,3,0.015437431298647497
induction,PROX1,6,0.08734397328307175
induction,DIRAS3,4,0.0158941096841283
induction,CA4,2,0.0221139289355321
induction,PROX1,2,0.14979626825222359
induction,DIRAS3,6,0.02958914556833614
induction,CA4,4,0.01646142656801175
induction,PROX1,2,0.11365913110887749
induction,DIRAS3,4,0.021899188048021156
outplane,MS4A6A,1,0.709643211493356
outplane,FAS,1,0.21752604422556943
outplane,MALL,1,0.01633349942078599
outplane,AMY2A,1,0.9999720186038825
outplane,AMY2A,1,0.9999689582126784
outplane,GATM,2,0.999932938608745
outplane,AQP8,1,0.9997208310409227
outplane,PGR,1,0.3652280224612009
outplane,ADGRL4,1,0.0
outplane,CFB,1,0.7932696285686743
outplane,THAP2,1,0.374224519653538
outplane,AMY2A,2,0.9999655132525488
outplane,GATM,1,0.9999248346835762
outplane,PECAM1,2,0.0
outplane,CFTR,2,0.9997466132133098
outplane,TFPI,1,0.0
outplane,AMY2A,3,0.999945505508292
induction,CA4,3,0.01529227827699775
induction,PROX1,3,0.10611576236434395
induction,DIRAS3,4,0.01937392568181595
outplane,NTN4,1,0.6445115686858729
outplane,MDM2,1,0.5541879301111083
outplane,AMY2A,2,0.9999360606635165
outplane,GATM,1,0.9998417168300652
induction,CA4,3,0.013696116052294482
induction,PROX1,3,0.10310042754110116
induction,DIRAS3,4,0.019672755938326514
ambient,AMY2A,1,0.9999661767125836
ambient,DIRAS3,1,0.05900836756901662
outplane,ACTG2,1,0.33883519011078733
outplane,MYC,1,0.6809639245158181
outplane,CFTR,2,0.9998831821385677
outplane,AMY2A,1,0.999979834751939
induction,CA4,4,0.013242919176481904
induction,PROX1,4,0.09565753804579202
induction,DIRAS3,2,0.017896864573495375
ambient,ANPEP,1,0.9996571885557914
ambient,AQP8,1,0.999785958693758
induction,CA4,1,0.013314403942466413
induction,PROX1,6,0.09231611636860404
induction,DIRAS3,3,0.016795482481761326
outplane,EPCAM,1,0.9995082831707586
outplane,AMY2A,2,0.9999538415531101
outplane,GATM,1,0.9998960901304826
induction,CA4,5,0.015903510596483428
induction,PROX1,4,0.10754640402990912
induction,DIRAS3,1,0.01994132482563382
outplane,NTN4,1,0.48467022428406814
outplane,CFTR,1,0.9997685927614053
outplane,AMY2A,1,0.999961822001937
outplane,FXYD2,2,0.8809959192454528
inplane,AMY2A,3,0.9999685279719611
inplane,C7,1,0.648689021406309
inplane,GATM,1,0.9999321484063912
inplane,FKBP11,1,0.9535304305927227
inplane,AMY2A,4,0.9999805141219938
inplane,KCNK3,1,0.9762887765943606
inplane,GATM,2,0.9999586195948882
induction,CA4,2,0.015070859283714766
induction,PROX1,6,0.10798549663077428
induction,DIRAS3,2,0.02050741805199996
inplane,DST,1,0.7957482816045127
inplane,CFTR,1,0.9997097011912311
inplane,CA4,1,0.06289507649239467
inplane,AMY2A,2,0.9999520293390333
inplane,SMYD2,1,0.49484986451754964
inplane,CFTR,1,0.9996526115670573
inplane,GATM,2,0.9998632186836028
ambient,KCNK3,1,0.9398062585640871
ambient,GATM,1,0.9999241426364099
induction,CA4,3,0.013157371557619313
induction,PROX1,5,0.08826922941313464
induction,DIRAS3,2,0.01666397890071447
inplane,FSTL3,1,0.8131928839753112
inplane,PPP1R1B,1,0.9302473089349004
inplane,SLC4A1,1,0.0897831479602732
inplane,FXYD2,1,0.9094106639157331
inplane,CLCA1,1,0.2009743372299978
inplane,GPX2,1,0.9956931583925099
ambient,CA4,1,0.04919190945267349
ambient,CPA3,1,0.7799172834299578
ambient,FKBP11,2,0.9087829225708662
outplane,FGL2,1,0.6573686146463141
outplane,CD14,1,0.7345799442258981
outplane,TCIM,1,0.0
outplane,KCNMA1,1,0.5183749732245029
inplane,FAS,1,0.24317677804916182
inplane,AMY2A,1,0.9999691485191121
inplane,GATM,2,0.9999333583769681
inplane,PDGFRA,1,0.20903748249045595
inplane,MYC,1,0.40553647979417107
inplane,AMY2A,3,0.9999526738868585
induction,PROX1,1,0.31127994405301296
induction,DIRAS3,3,0.06430190607096409
ambient,FKBP11,1,0.7597581147641561
ambient,DIRAS3,1,0.10195837160867882
inplane,AMY2A,4,0.9999631766547842
inplane,EDNRB,1,0.0
inplane,GATM,1,0.999919182682068
inplane,CFTR,2,0.9998415509206522
inplane,AMY2A,1,0.9999729425044847
inplane,PROX1,1,0.28172597356495055
outplane,AMY2A,3,0.9999749807872128
outplane,AQP8,1,0.9997791804662604
induction,CA4,1,0.018580134956991956
induction,PROX1,2,0.1288561288211597
induction,DIRAS3,7,0.025259643175178925
ambient,RIDA,1,0.7440308984353219
ambient,CFTR,1,0.9998766632625198
induction,CA4,3,0.01758840621641422
induction,PROX1,3,0.12294564788752627
induction,DIRAS3,4,0.024116231634785157
inplane,EPCAM,2,0.999548785866082
inplane,PPP1R1A,1,0.9703802650746196
inplane,CFTR,1,0.9998413712534738
inplane,GATM,1,0.999932351530249
ambient,COCH,1,0.763742348868591
ambient,PEBP4,1,0.6929535143183891
inplane,AMY2A,4,0.999976701315973
inplane,GATM,1,0.9999504010035846
induction,CA4,1,0.012812461116773255
induction,PROX1,5,0.09360700584513315
induction,DIRAS3,4,0.01745093769652295
ambient,CFTR,1,0.9998909451982241
ambient,COCH,1,0.8918092237920299
outplane,MCF2L,1,0.0
outplane,CFTR,1,0.9998843670520139
outplane,EHF,2,0.9987678501290579
outplane,AMY2A,2,0.9999796394094298
induction,CA4,3,0.014496389068492599
induction,PROX1,6,0.10148860601805676
induction,DIRAS3,1,0.019217861193702834
induction,PROX1,7,0.15197334807465568
induction,DIRAS3,3,0.030718937702915672
ambient,CFTR,1,0.999882091096152
ambient,AQP8,1,0.9998303263330093
outplane,CAVIN1,1,0.16215333319956593
outplane,NPDC1,1,0.0
outplane,AMY2A,3,0.9999783672946078
inplane,ANPEP,1,0.9996439028460136
inplane,AMY2A,2,0.9999742300355101
inplane,GATM,1,0.9999445516976718
inplane,AQP8,1,0.999769850897463
inplane,AMY2A,3,0.9999750234103761
inplane,FOXP3,1,0.6860237431390934
inplane,GPC3,1,0.7653933512514277
ambient,CFTR,1,0.9998567865730735
ambient,PEBP4,1,0.6235172072327007
outplane,CFB,1,0.937952906548438
outplane,MYC,1,0.8180106592831289
outplane,ANPEP,1,0.9997016407868439
outplane,GATM,1,0.9999548168149673
induction,CA4,4,0.01788188925263523
induction,PROX1,5,0.12372539980002606
induction,DIRAS3,1,0.023625219466861247
inplane,CFTR,1,0.9998735795041476
inplane,AMY2A,2,0.9999785031553754
inplane,GATM,1,0.9999544934313279
inplane,GNG11,1,0.0
inplane,CFTR,1,0.9998789588906655
inplane,AMY2A,1,0.9999793985078411
inplane,GPX2,1,0.989684799040993
outplane,NTN4,1,0.7504655788907592
outplane,ACTG2,1,0.31943075340591465
outplane,ARFGEF3,1,0.8126742770390555
outplane,AMY2A,2,0.9999800782164318
outplane,GATM,1,0.9999579654778502
ambient,PROX1,1,0.30091035848902414
ambient,PEBP4,1,0.7669165713034316
ambient,HAMP,1,0.9133740073051098
ambient,AQP8,1,0.9998346796339649
induction,CA4,3,0.015732685924824574
induction,PROX1,3,0.11305658050788903
induction,DIRAS3,4,0.021404823711347887
induction,CA4,2,0.01205962919323278
induction,PROX1,4,0.08675617876581032
induction,DIRAS3,4,0.016216968455839753
inplane,MDM2,1,0.5082538939194251
inplane,AMY2A,2,0.99997711607531
inplane,GATM,1,0.9999514751208723
ambient,CPA3,1,0.6576919656597521
ambient,DIRAS3,1,0.04665837843118503
inplane,MCF2L,1,0.0
inplane,CD300E,1,0.20425754899628823
inplane,AMY2A,1,0.9999796677440773
inplane,GATM,1,0.999957066421917
outplane,NTN4,1,0.40362677390679447
outplane,CFTR,1,0.9995924479703954
outplane,AMY2A,1,0.9999336971996675
outplane,GATM,1,0.9998476351045329
induction,CA4,3,0.01595571495032755
induction,PROX1,4,0.10751962202521193
induction,DIRAS3,3,0.02000508410954671
outplane,AMY2A,4,0.999965184077866
inplane,AMY2A,3,0.9999655134757508
inplane,AQP8,1,0.9996831761062608
inplane,AMY2A,2,0.9999767876075342
inplane,GATM,2,0.9999506640209047
inplane,CFTR,2,0.9997537241256005
inplane,AMY2A,2,0.9999594367660587
inplane,GATM,1,0.9999103270334982
outplane,AMY2A,3,0.9999724942607858
outplane,GATM,1,0.9999409364420987
induction,CA4,2,0.012110937301211488
induction,PROX1,1,0.08850349613447472
induction,DIRAS3,7,0.01660962449675374
ambient,KLK11,1,0.9967676821146483
ambient,CPA3,1,0.8377159213406365
outplane,CFTR,2,0.9998252724042704
outplane,AMY2A,2,0.9999656722890062
induction,CA4,3,0.01498462992177263
induction,PROX1,5,0.10693839022240659
induction,DIRAS3,2,0.02063968152437734
inplane,VCAN,1,0.999386126633585
inplane,PRDM1,1,0.2043730705955189
inplane,TM4SF18,1,0.0
inplane,AQP8,1,0.999784973549234
ambient,ANPEP,1,0.9997162287306224
ambient,CA4,1,0.03723151147505399
inplane,COL5A2,1,3.400058012914542e-12
inplane,RIDA,1,0.8355493279034892
inplane,AMY2A,2,0.9999804547130586
induction,CA4,3,0.014921330173908176
induction,PROX1,5,0.10828521005372205
induction,DIRAS3,2,0.02048292259930451
ambient,AMY2A,1,0.9999780136369247
ambient,KCNK3,1,0.9707201276731758
induction,CA4,5,0.014587710439840085
induction,PROX1,3,0.10499318189901352
induction,DIRAS3,2,0.019737867235048112
inplane,NTN4,1,0.7178330496324749
inplane,CFB,1,0.8715663758078999
inplane,CFTR,1,0.9998353222769933
inplane,AMY2A,2,0.9999683215634544
inplane,MAMDC2,1,0.3890420692591394
inplane,AMY2A,2,0.9999786780704826
inplane,AQP8,2,0.9998147094036282
inplane,TCIM,1,0.0
inplane,MDM2,1,0.5705418192552928
inplane,AMY2A,2,0.9999780965549951
induction,CA4,3,0.01189517643111293
induction,PROX1,3,0.08718380030296713
induction,DIRAS3,4,0.016254145687383037
outplane,AMY2A,2,0.999976985695147
outplane,PROX1,1,0.304210401341684
outplane,GATM,1,0.9999511028260005
ambient,RIDA,1,0.7608123307150658
ambient,ANPEP,1,0.9996419220290976
outplane,TENT5C,1,0.9969364257600428
outplane,AMY2A,2,0.9999734476409715
outplane,AQP8,1,0.9997647517289823
induction,PROX1,3,0.11418828093071043
induction,DIRAS3,3,0.023260402585984163
ambient,AMY2A,1,0.9999533197635921
ambient,PROX1,1,0.25101817761663847
ambient,CFTR,1,0.9996089281331645
ambient,DIRAS3,1,0.065999533353573
induction,CA4,2,0.017253420288656396
induction,PROX1,1,0.10764119306162867
induction,DIRAS3,3,0.020991446033992944
inplane,DST,1,0.4207979746397872
inplane,CFTR,1,0.9997312101958438
inplane,PROX1,1,0.2747621334624034
inplane,GATM,1,0.9998673924887678
ambient,DPEP1,1,0.8566176388911637
ambient,KCNK3,1,0.7950625126031313
induction,CA4,2,0.015289389831245503
induction,PROX1,2,0.10175647225277018
induction,DIRAS3,2,0.021262875576454232
induction,CA4,1,0.021085970535047682
induction,PROX1,3,0.12076530461055557
induction,CA4,2,0.02110236097291396
induction,PROX1,1,0.11372715424735991
induction,DIRAS3,1,0.0293816182995309
ambient,PROX1,1,0.23906232435136943
ambient,AQP8,1,0.9996558763180272
outplane,EPCAM,1,0.9991227585913913
outplane,AMY2A,2,0.9999437184370854
outplane,AQP8,1,0.9994336733617991
outplane,NTN4,1,0.4161417601033235
outplane,ALDH1A3,2,0.41335579456183935
outplane,CFTR,1,0.9996297972708776
outplane,EGFR,1,0.5985048277873579
inplane,CFTR,1,0.9997509300272996
inplane,AMY2A,3,0.9999328418450258
inplane,GATM,1,0.9998412504628442
ambient,CA4,1,0.028725596338720516
ambient,DIRAS3,1,0.03616201360961069
outplane,AMY2A,2,0.9999545354602044
outplane,GATM,2,0.9999000525103804
induction,CA4,5,0.011590337984695664
induction,PROX1,2,0.08329236082477931
induction,DIRAS3,3,0.015144064969439541
induction,CA4,4,0.016284200082299694
induction,PROX1,1,0.1137452286707592
induction,DIRAS3,5,0.021812353686208152
induction,CA4,3,0.014709567690848857
induction,PROX1,3,0.0952222703550556
induction,DIRAS3,2,0.018284450494681415
inplane,CD4,1,0.3447456469439819
inplane,LIF,1,0.9866107840030712
inplane,AMY2A,3,0.9999747504415708
ambient,CFTR,1,0.999876131448381
ambient,AQP8,1,0.9998213942367012
ambient,COCH,1,0.561384774179704
ambient,PEBP4,1,0.42471282733205784
outplane,AMY2A,3,0.9999625548755459
outplane,GATM,1,0.9999176127350722
inplane,AMY2A,3,0.9999766960748885
inplane,GATM,1,0.9999505770807305
inplane,AQP8,1,0.9997969903920658
inplane,MYC,1,0.7300623525176175
inplane,AMY2A,3,0.9999755537985835
outplane,ADGRL4,1,0.0
outplane,CD34,1,0.0
outplane,LILRB2,1,0.29794877458894586
outplane,SNCG,1,0.039722467667732686
outplane,AMY2A,3,0.999958945402593
outplane,KCNK3,1,0.9042539284648338
inplane,CD3D,1,0.1849991218895124
inplane,PPP1R1B,1,0.9418207150590611
inplane,AMY2A,2,0.9999776143414228
outplane,RIDA,1,0.8922707223022084
outplane,AMY2A,2,0.9999776634704899
outplane,AQP8,2,0.9998049444106404
induction,CA4,3,0.020125706302753454
induction,PROX1,4,0.13521871783272388
induction,DIRAS3,3,0.02640005812579893
ambient,RIDA,1,0.8881485624788249
ambient,KCNK3,1,0.9742851758802439
ambient,COCH,1,0.35296636246350876
ambient,PROX1,1,0.18049460389927252
ambient,FKBP11,1,0.9485159663597422
ambient,RIDA,1,0.8789175972487232
inplane,AMY2A,2,0.9999754968910491
inplane,GCG,2,0.997473333035586
inplane,GNG11,1,0.0
inplane,AMY2A,2,0.999976768581967
inplane,FXYD2,1,0.9657041183231615
ambient,FKBP11,1,0.882568484361236
ambient,AQP8,1,0.9996711769210783
induction,CA4,1,0.013430794875837537
induction,PROX1,5,0.0892526478984691
induction,DIRAS3,4,0.017004002570615073
ambient,DIRAS3,1,0.09700660724618038
ambient,PEBP4,1,0.46608483278769675
outplane,CFTR,1,0.9997079455320156
outplane,AMY2A,3,0.9999448912998831
outplane,GATM,1,0.9998708443686993
induction,CA4,4,0.016960581997586544
induction,PROX1,3,0.11604336209147192
induction,DIRAS3,3,0.022737482994965363
induction,CA4,4,0.014202695352641515
induction,PROX1,5,0.09947249193858365
induction,DIRAS3,1,0.019082464570919888
outplane,EGFR,2,0.7950399598039076
outplane,GATM,2,0.9999331928408488
outplane,AQP8,1,0.9997220171245523
induction,CA4,3,0.014238872938594715
induction,PROX1,2,0.10116789852250319
induction,DIRAS3,5,0.01918766117035342
outplane,MET,1,0.09172936652338082
outplane,AMY2A,2,0.9999442160907266
outplane,GATM,1,0.9998716373568478
inplane,TCIM,1,0.0
inplane,SMYD2,1,0.7128344862812149
inplane,ANPEP,1,0.9995881927378847
inplane,LPL,1,0.2275801424190913
inplane,CFAP53,1,0.6909687932136649
ambient,KLK11,1,0.9943926474085188
ambient,GLYATL1,1,0.38937532439723743
outplane,CFTR,1,0.999872314400356
outplane,EHF,1,0.9984688499593005
outplane,AMY2A,2,0.9999782877890618
ambient,CFTR,1,0.9997989612759071
ambient,HAMP,1,0.8957873130775214
outplane,CRISPLD2,1,0.17875197115629826
outplane,MDM2,1,0.518996274267695
outplane,AMY2A,2,0.9999798548118773
outplane,NTN4,1,0.6649401956222081
outplane,CFB,2,0.8284331259326412
outplane,CFTR,1,0.9998047015847717
outplane,ADAM28,1,0.7524062622854643
induction,CA4,3,0.012239679068751896
induction,PROX1,2,0.08365609721452583
induction,DIRAS3,5,0.01621842384015626
outplane,TENT5C,1,0.9974241075931701
outplane,AMY2A,4,0.9999784999922754
ambient,UMOD,1,0.7546425608335023
ambient,KCNK3,1,0.9086951757966609
ambient,PROX1,1,0.27941776468597734
ambient,DIRAS3,1,0.06209445388681378
inplane,CFTR,1,0.9998358396750557
inplane,GATA2,1,0.0
inplane,AMY2A,2,0.9999712838303563
inplane,ANPEP,1,0.9991712120022017
inplane,AMY2A,1,0.9999460623644877
inplane,FXYD2,1,0.8263438347729183
inplane,CYP4B1,1,0.0
inplane,ACE2,1,0.03299665529697349
induction,CA4,5,0.015150412198364882
induction,PROX1,2,0.10805135186168846
induction,DIRAS3,3,0.02034962186904299
ambient,UMOD,1,0.7076642471557958
ambient,KLK11,1,0.9932166999020899
ambient,CFTR,1,0.999879924270825
ambient,GLYATL1,1,0.5764623419304236
outplane,AMY2A,2,0.9999734173078855
outplane,GATM,1,0.9999429716864219
outplane,DIRAS3,1,0.099040787360133
inplane,MMRN2,1,0.0
inplane,TMC5,1,0.9969262168107282
inplane,EPCAM,1,0.9995297901984402
inplane,MET,1,0.38015689261220487
inplane,FXYD2,1,0.9516739682910316
outplane,PPP1R1A,1,0.9727028584138476
outplane,AMY2A,4,0.9999766312238025
induction,CA4,5,0.02627044831455505
induction,PROX1,3,0.17607937461278522
induction,DIRAS3,2,0.03552400583526705
inplane,AMY2A,4,0.999979139804841
inplane,GATM,1,0.999955676072753
induction,CA4,5,0.01554315208000756
induction,PROX1,4,0.11149607986489951
induction,DIRAS3,1,0.021123836902872672
ambient,CPA3,1,0.7956072266963757
ambient,PROX1,1,0.2708732776528242
induction,CA4,4,0.013271665686702905
induction,PROX1,4,0.0908281336866269
induction,DIRAS3,2,0.017730009770399513
outplane,FBLN1,1,0.6448184995415438
outplane,CAVIN1,1,0.09303612569034025
outplane,CLEC4E,1,0.23568315158998432
outplane,CFTR,1,0.9998769785754217
outplane,CXCL6,1,0.9964238838313944
inplane,CD247,1,0.18805776232733762
inplane,AMY2A,2,0.9999801796021687
inplane,MCEMP1,1,0.11687698527572932
inplane,GATM,1,0.9999582089293445
outplane,DST,1,0.47269170788255654
outplane,MYC,1,0.7430774166437413
outplane,KIT,1,0.21508042883715783
outplane,AMY2A,3,0.9999806742909791
ambient,UMOD,1,0.8777441739104216
ambient,PEBP4,1,0.6750467442087755
outplane,PMP22,1,0.3183069842916092
outplane,BCL2L11,1,0.3051749511425982
outplane,CFTR,1,0.9998019596524043
outplane,AMY2A,2,0.9999607340404008
inplane,KRT7,1,0.9931686887340901
inplane,AMY2A,2,0.9999436535401739
inplane,HMGCS2,1,0.4529009712656932
inplane,GATM,1,0.9998701711846582
outplane,AMY2A,3,0.999953808398652
outplane,HAMP,1,0.7375273542086612
ambient,DPEP1,1,0.9477913581838815
ambient,UMOD,1,0.8020087794389306
ambient,KLK11,1,0.9944245048903458
ambient,HAMP,1,0.8542211115983744
ambient,DPEP1,1,0.9709907426702952
ambient,CA4,1,0.05943872616975632
outplane,NTN4,1,0.8589872282562228
outplane,CNN1,1,0.9916995568983651
outplane,ANPEP,1,0.999720799185142
outplane,CFTR,1,0.9998872503772197
outplane,AMY2A,1,0.9999800481036885
induction,CA4,3,0.015961620392464848
induction,PROX1,3,0.11054796927114752
induction,DIRAS3,4,0.021047994360594235
inplane,MYC,1,0.621731159973514
inplane,EPCAM,1,0.9993574285960608
inplane,AMY2A,1,0.9999776405771786
inplane,GATM,1,0.9999525874078564
induction,CA4,4,0.017536850732061016
induction,PROX1,2,0.12162483965896875
induction,DIRAS3,4,0.024163591995476574
induction,CA4,3,0.016076014027766705
induction,PROX1,4,0.11306932438041628
induction,DIRAS3,3,0.021924849647946387
outplane,AMY2A,3,0.9999729758683095
outplane,GATM,2,0.9999410203526566
induction,CA4,2,0.025780768068402904
induction,PROX1,4,0.17043232985173395
induction,DIRAS3,4,0.03337642783655892
outplane,ANPEP,1,0.9996576263300525
outplane,KLK11,1,0.9963283797647834
outplane,AMY2A,3,0.9999759204611246
outplane,GATM,2,0.9999486237676911
inplane,STC2,2,0.0
inplane,AMY2A,1,0.9999733996836407
inplane,AQP8,1,0.999763603188793
ambient,PROX1,1,0.2737461102689841
ambient,DIRAS3,1,0.06242927025557654
induction,CA4,6,0.013322723547944726
induction,PROX1,2,0.097169791828835
induction,DIRAS3,2,0.018299926201302052
induction,CA4,2,0.016825738366834653
induction,PROX1,5,0.11353271249874475
induction,DIRAS3,3,0.022208124778797855
induction,CA4,4,0.018546765347316696
induction,PROX1,3,0.12707040482719834
induction,DIRAS3,3,0.025105178363633907
ambient,CFTR,1,0.9998282568785415
ambient,PEBP4,1,0.6259652651544907
ambient,UMOD,1,0.8944984887154622
ambient,GATM,1,0.9999540905287088
ambient,ANPEP,1,0.9996788287483334
ambient,CA4,1,0.10115059189483999
ambient,FKBP11,1,0.94865368990942
ambient,UMOD,1,0.9146401941852506
induction,CA4,6,0.017642060741798415
induction,PROX1,2,0.1235312493348727
induction,DIRAS3,2,0.024325960439074423
ambient,ANPEP,1,0.9996883580117037
ambient,GLYATL1,1,0.5090238174966917
ambient,RIDA,1,0.8316999711464603
ambient,PROX1,1,0.28295433586342045
induction,CA4,3,0.0137718165450057
induction,PROX1,2,0.0977269600995967
induction,DIRAS3,5,0.018271687568202744
outplane,FKBP11,1,0.9366131529611786
outplane,AMY2A,3,0.9999743149121844
induction,CA4,5,0.013118549741895857
induction,PROX1,2,0.09446251134416694
induction,DIRAS3,3,0.017524133488660665
inplane,ASPN,1,0.3064040244643249
inplane,DST,1,0.42816001604631615
inplane,RGS16,1,0.3389959666569118
inplane,EHF,1,0.9974280688149548
inplane,AMY2A,1,0.9999651006203669
ambient,RIDA,1,0.8339612242891467
ambient,HAMP,1,0.8817064297903744
outplane,BCL2L11,1,0.2928606408213812
outplane,MYC,1,0.6080768986621523
outplane,CFTR,1,0.9998685101671603
outplane,AMY2A,2,0.9999767399174612
inplane,PCNA,1,0.33596663471187516
inplane,CFB,2,0.822530199952021
inplane,FBN1,1,9.445777493510832e-13
inplane,ACTG2,1,0.2855790224487448
outplane,MDM2,1,0.5291928881478765
outplane,AMY2A,2,0.9999779282232953
outplane,GATM,2,0.9999532204022334
outplane,CFTR,1,0.9998837271051063
outplane,SNCA,1,0.12071617325359407
outplane,ERBB2,1,0.8559955910978724
outplane,CHGA,1,0.969452696689087
induction,CA4,5,0.016769151885718814
induction,PROX1,1,0.11824855151891067
induction,DIRAS3,4,0.022490793465421932
ambient,DPEP1,1,0.962094730200423
ambient,ANPEP,1,0.9996429491059302
outplane,PMP22,1,0.1650109837667202
outplane,CFTR,1,0.9998749028764262
outplane,ADAMTS1,1,0.010103397785643398
outplane,AMY2A,1,0.9999791679129492
outplane,GATM,1,0.999955976668956
ambient,CFTR,1,0.9998327890462207
ambient,AQP3,1,0.7673070625779224
ambient,CFTR,1,0.999806809754508
ambient,DIRAS3,1,0.052924539021589445
outplane,GATM,2,0.9999539474827358
outplane,GLYATL1,2,0.5498718473254234
outplane,AMY2A,2,0.9999673237996279
outplane,GATM,2,0.9999294002229128
inplane,VCAN,1,0.9987257453299779
inplane,AMY2A,3,0.9999772487935372
outplane,CFB,1,0.7372669230935911
outplane,PPP1R1B,1,0.9503083151467114
outplane,CFTR,1,0.9998772222716491
outplane,EHF,1,0.998384688730161
outplane,TM4SF18,1,0.0
inplane,AMY2A,2,0.9999458628300419
inplane,SH2D3C,1,0.0
inplane,GATM,1,0.9998755316639474
ambient,DPEP1,1,0.979271096063204
ambient,HAMP,1,0.9001233057113247
ambient,ANPEP,1,0.9994886184256551
ambient,COCH,1,0.6612726969104654
ambient,KLK11,1,0.9891877676566144
ambient,AQP3,1,0.7867067243557675
outplane,EPCAM,2,0.9994665618413687
outplane,AMY2A,1,0.9999528674432335
outplane,KCNK3,1,0.9277430878749247
outplane,GATM,1,0.9998888454666909
outplane,APOLD1,1,0.0
outplane,IL3RA,1,0.0
outplane,AMY2A,2,0.999963958227799
outplane,GATM,1,0.9999206530233685
outplane,AQP8,1,0.9996649894624895
ambient,PROX1,1,0.3361755837339786
ambient,AQP8,1,0.9998281503285069
induction,PROX1,5,0.08657151714933975
induction,DIRAS3,5,0.01639097906516296
ambient,AMY2A,1,0.9999644906778271
ambient,PEBP4,1,0.595325277339213
inplane,CFB,1,0.9033018335946633
inplane,DST,1,0.5890694509570148
inplane,CYP2A7,1,0.6208513986550352
inplane,CFTR,1,0.9998772002704216
inplane,EHF,1,0.9986413230311385
inplane,SERPINB9,2,0.08431771624880524
inplane,CFTR,1,0.9998819550920803
inplane,AMY2A,1,0.9999803177345188
outplane,PPARG,1,0.09724816299309125
outplane,AMY2A,1,0.9999802330828249
outplane,GATM,2,0.9999582522746382
ambient,DPEP1,1,0.9788951680132121
ambient,DIRAS3,1,0.057694402040655346
inplane,PRDM1,1,0.07857568806777149
inplane,CFB,1,0.8857173412452116
inplane,CLEC14A,1,0.0
inplane,CD93,1,0.0
outplane,GNG11,1,0.0
outplane,CFTR,1,0.9996293223112929
outplane,AMY2A,1,0.9999316026822272
outplane,AQP8,1,0.9992728817372643
ambient,UMOD,1,0.8568461192852592
ambient,AMY2A,1,0.9999790897142973
inplane,NTN4,1,0.8085537001142005
inplane,EPCAM,1,0.9994649788986095
inplane,AMY2A,2,0.9999760749477208
ambient,DPEP1,1,0.9626642319357592
ambient,AMY2A,1,0.9999749790636289
outplane,TENT5C,1,0.993695027767275
outplane,AMY2A,3,0.9999440640726286
outplane,GATM,1,0.9998717555063578
ambient,PROX1,1,0.2632407135410425
ambient,PEBP4,1,0.5055812207250281
outplane,ANPEP,1,0.9996535707255904
outplane,AMY2A,1,0.9999753736213278
outplane,GATM,2,0.999947550422649
outplane,AMY2A,2,0.9999751245215702
outplane,GATM,2,0.9999468085899829
outplane,INS,1,0.9975225563270407
outplane,GCG,1,0.9974587730103603
ambient,FKBP11,1,0.884145998636763
ambient,PROX1,1,0.3294239019591019
outplane,VCAN,1,0.9988178251543274
outplane,ANPEP,1,0.9996987001077261
outplane,AMY2A,1,0.9999785373420345
outplane,CXCL6,1,0.9987182968488095
inplane,STC2,1,0.0
inplane,PLD4,1,0.3494115677181999
inplane,TCIM,1,0.0
inplane,AMY2A,1,0.9999803395274124
outplane,SLAMF7,1,0.9713293987278866
outplane,PMP22,1,0.20356564486402073
outplane,AMY2A,1,0.9999792392770569
outplane,GATM,1,0.9999561525544698
ambient,CPA3,1,0.5870587410593469
ambient,COCH,1,0.43308223886086206
outplane,EPCAM,1,0.9984227726713373
outplane,MET,1,0.1185071806874044
outplane,ANPEP,1,0.999265902530189
outplane,MPEG1,1,0.7713406613923909
outplane,AMY2A,1,0.9999510306310542
ambient,RIDA,1,0.7223655358342029
ambient,KCNK3,1,0.9337875269524902
inplane,DST,1,0.5507830767096744
inplane,CFTR,1,0.9998771622884193
inplane,AMY2A,4,0.9999781831044621
inplane,GATM,2,0.999953748076658
outplane,CFB,1,0.8058842111821966
outplane,CFHR3,1,0.0
outplane,CFTR,1,0.9998802693825393
outplane,GATM,2,0.9999570510275202
ambient,DPEP1,1,0.9788813228163274
ambient,CFTR,1,0.9998752345868843
inplane,ADGRL4,1,0.0
inplane,CFTR,1,0.9998317271845184
inplane,AMY2A,3,0.9999705262546956
inplane,TSPAN19,1,0.3753565066976303
outplane,AMY2A,3,0.9999798773698287
outplane,GATM,1,0.9999575424803284
induction,CA4,2,0.024038825438642886
induction,PROX1,2,0.13256345230392375
induction,CA4,4,0.013510634515743747
induction,PROX1,4,0.0964194212876015
induction,DIRAS3,2,0.017684208897271847
outplane,CFTR,2,0.9998861345365138
outplane,AMY2A,2,0.9999806503427751
outplane,GATM,1,0.999959197476588
outplane,MDM2,1,0.6178175872790983
outplane,CFTR,1,0.9998526790644439
outplane,LIF,1,0.9901076327566453
outplane,PROX1,1,0.2839317803725909
outplane,NPDC1,1,0.0
outplane,AMY2A,1,0.9999527873843803
outplane,GATM,1,0.99989362522359
outplane,DIRAS3,1,0.044211551527323256
inplane,APOLD1,1,0.0
inplane,MDM2,1,0.7124020821397228
inplane,CFTR,1,0.9998022814739631
inplane,FXYD2,1,0.9702274824358629
outplane,KCNMA1,1,0.4880843181464619
outplane,AMY2A,1,0.999975724604479
outplane,GATM,2,0.9999482084709876
outplane,CRISPLD2,1,0.3118243343968341
outplane,SFRP4,1,0.05084467857750885
outplane,AMY2A,1,0.9999788713836342
outplane,GATM,1,0.999955338939786
inplane,SMYD2,1,0.7712085322851827
inplane,KLK11,1,0.9951892105782133
inplane,AMY2A,2,0.9999666292199556
inplane,GATM,1,0.9999271162044735
induction,CA4,3,0.011764279463913119
induction,PROX1,4,0.08645297018388176
induction,DIRAS3,3,0.016115043072657986
outplane,AMY2A,3,0.9999538676008892
outplane,GATM,1,0.999896160861988
inplane,CFTR,2,0.9998718143276863
inplane,PLCG2,2,0.0
inplane,SFRP2,1,0.9986421196056591
inplane,ACTA2,1,2.9320990080350384e-12
inplane,KCNMA1,1,0.44050757484641
inplane,GATM,1,0.9999554116624313
ambient,AMY2A,1,0.9999776600978562
ambient,HAMP,1,0.8315340165682062
induction,CA4,1,0.012832395534533747
induction,PROX1,4,0.09142628922579266
induction,DIRAS3,5,0.016638317926135793
inplane,DST,1,0.3484593378964642
inplane,GATM,2,0.9999484937172094
inplane,AQP8,1,0.9997882163479492
induction,CA4,2,0.013329867542406948
induction,PROX1,3,0.09622795616519453
induction,DIRAS3,5,0.018194631093341962
ambient,ANPEP,1,0.9996860726153494
ambient,DIRAS3,1,0.0595184284742577
ambient,AMY2A,1,0.9999807204832596
ambient,DIRAS3,1,0.060932754381863186
ambient,AMY2A,1,0.9999801802020052
ambient,GLYATL1,1,0.5994030611543653
outplane,DST,1,0.518722191625004
outplane,EPCAM,1,0.9995154436460777
outplane,STC1,1,0.0
outplane,AMY2A,1,0.9999795703163926
outplane,FXYD2,1,0.9669137421043605
inplane,GATM,3,0.9999569922568824
inplane,AQP8,1,0.999823818550897
ambient,CPA3,1,0.7924031768726211
ambient,DIRAS3,1,0.08040445654631767
induction,CA4,4,0.01716472486885956
induction,PROX1,4,0.12071913291916903
induction,DIRAS3,2,0.023289177219356416
ambient,CA4,1,0.030783926959330188
ambient,HAMP,1,0.8847935259826116
outplane,APOLD1,1,0.0
outplane,SOX18,1,0.0
outplane,AMY2A,1,0.9999782491743742
outplane,GATM,1,0.9999540556909956
outplane,LY6D,1,0.10597594992505222
outplane,VCAN,1,0.9993058069445729
outplane,CFHR1,1,0.0
outplane,SFRP2,1,0.999280411586631
outplane,MYC,2,0.678026868949241
induction,CA4,2,0.013779472093481848
induction,PROX1,3,0.09903252562343767
induction,DIRAS3,5,0.018467058659203284
inplane,CFTR,2,0.9998760988075537
inplane,TFPI,1,0.0
inplane,AMY2A,1,0.9999768872958358
outplane,ADGRL4,1,0.0
outplane,MYC,1,0.6973975594337369
outplane,AMY2A,2,0.9999795313554474
ambient,FKBP11,1,0.9258590327821017
ambient,KCNK3,1,0.9621140679764905
ambient,CPA3,1,0.7023111656449287
ambient,KCNK3,1,0.9270113955918227
outplane,CFTR,1,0.9998496945260796
outplane,AMY2A,2,0.9999738360608297
outplane,MLPH,1,0.5598372317815324
induction,CA4,3,0.015230040308361614
induction,PROX1,2,0.09748553205901078
induction,DIRAS3,3,0.020051412249411316
induction,CA4,5,0.015531512281824589
induction,PROX1,1,0.11082686811171105
induction,DIRAS3,4,0.02115679479881083
ambient,ANPEP,1,0.9997021868395607
ambient,GLYATL1,1,0.4588391798311712
outplane,EPCAM,1,0.9994462970384598
outplane,ANPEP,1,0.9996998444827238
outplane,CFTR,2,0.999876868656127
outplane,AMY2A,1,0.9999786771956072
outplane,PROX1,1,0.30769143929655185
induction,CA4,5,0.011870190294398175
induction,PROX1,4,0.08531791092216334
induction,DIRAS3,1,0.01596814524379797
outplane,CFTR,1,0.9998700168017362
outplane,EHF,1,0.998667898016163
outplane,AMY2A,3,0.9999768945308442
outplane,C7,1,0.2335833883346412
outplane,FXYD2,1,0.9641300746760896
outplane,PROX1,1,0.33533064087190834
outplane,CFB,2,0.7783749291290788
outplane,SMYD2,1,0.6560365065238871
outplane,CFTR,1,0.9998785761422012
outplane,AMY2A,1,0.9999793141144055
outplane,GATM,1,0.9999564207111564
outplane,DST,1,0.4160538444702432
outplane,AMY2A,1,0.9999799389448358
outplane,GATM,2,0.9999576639008458
induction,CA4,5,0.015640777773577308
induction,PROX1,2,0.11150370444242419
induction,DIRAS3,3,0.021196464467626686
inplane,TCIM,1,0.0
inplane,MDM2,2,0.44809657684337234
inplane,AMY2A,1,0.9999795647650912
inplane,KCNK3,1,0.9525884640681322
inplane,GATM,1,0.9999569513672752
outplane,CFB,1,0.8914087677033834
outplane,AMY2A,2,0.9999751386814543
outplane,GCG,1,0.9973704359456064
inplane,APOLD1,1,0.0
inplane,TMC5,1,0.9919411565593959
inplane,MYH11,1,0.9961836788487235
inplane,CFTR,1,0.9998826324525304
inplane,TM4SF18,1,0.0
outplane,CD14,1,0.8145679074687173
outplane,SFRP4,1,0.47451424245609986
outplane,CFTR,1,0.9998074266174521
outplane,ADAMTS1,1,3.0268010320355643e-12
outplane,AGR3,1,0.7881025040783614
ambient,KLK11,1,0.9957312058216032
ambient,CA4,1,0.042164550102134046
inplane,TCIM,1,0.0
inplane,PCOLCE,1,0.08820478401346854
inplane,CFTR,1,0.9997637309987149
inplane,TFPI,1,0.0
inplane,AMY2A,1,0.9999610942003087
inplane,DIRAS3,2,0.04428355383505578
inplane,BASP1,1,0.5812781572230996
inplane,MEST,1,0.8119707774856877
inplane,AMY2A,1,0.9999789088637293
inplane,GATM,1,0.9999554590571236
inplane,AQP8,1,0.9998175921816563
inplane,GLIPR1,2,0.5408635326612506
inplane,CD93,2,0.0
inplane,GATM,2,0.9999231810750557
outplane,AMY2A,3,0.9999351365421973
outplane,GATM,1,0.999846593188229
ambient,COCH,1,0.7045001377918048
ambient,AQP8,1,0.9997791837340283
ambient,FKBP11,1,0.9386172109686508
ambient,AQP8,1,0.9997393956485794
outplane,AMY2A,1,0.9999786925462845
outplane,PROX1,1,0.31428100165703077
outplane,GATM,2,0.9999547849714706
ambient,KLK11,1,0.996928736311581
ambient,PROX1,1,0.2978119288199922
outplane,AMY2A,2,0.9999794479607039
outplane,AQP8,2,0.9998226910236786
ambient,CA4,1,0.037699140242466345
ambient,PEBP4,1,0.6259111272350865
ambient,CA4,1,0.06010211035604107
ambient,KCNK3,1,0.9636007882642994
ambient,COCH,1,0.7484044368972209
ambient,GATM,1,0.9999568784223325
outplane,AMY2A,1,0.9999772554924223
outplane,SCGN,1,0.9906104065488417
outplane,GATM,1,0.9999515923747172
outplane,AQP8,1,0.9998006549559187
induction,CA4,4,0.016668958138716383
induction,PROX1,2,0.11538191332335601
induction,DIRAS3,4,0.022284475293730344
inplane,AMY2A,1,0.9999735539423446
inplane,CPA3,1,0.7543216407351987
inplane,GATM,2,0.9999433369675073
ambient,ANPEP,1,0.9996653504472678
ambient,UMOD,1,0.8435255328802066
outplane,AMY2A,2,0.9999768356398846
outplane,GATM,2,0.999950784333068
outplane,AQP8,2,0.9997975803309954
induction,CA4,3,0.013159156778640657
induction,PROX1,4,0.09517882741256034
induction,DIRAS3,3,0.017661055460040154
ambient,DPEP1,1,0.9769963739731894
ambient,CFTR,1,0.9998842427334189
outplane,AMY2A,3,0.9999737645233928
outplane,KCNK3,1,0.9506243749131112
ambient,HAMP,1,0.7211933785287805
ambient,PEBP4,1,0.42297626397141375
ambient,CA4,2,0.030531998750352285
induction,CA4,2,0.012807489439007003
induction,PROX1,4,0.09093254594080358
induction,DIRAS3,4,0.017114666420187663
inplane,CD247,1,0.5776322717050705
inplane,AMY2A,1,0.9999792733236498
inplane,GATM,2,0.9999561665424839
ambient,UMOD,1,0.8814502024618358
ambient,HAMP,1,0.8764731597258075
inplane,PECAM1,1,0.0
inplane,FAS,1,0.3033566461619983
inplane,DST,1,0.45602512842921605
inplane,AMY2A,1,0.999980430363855
induction,CA4,2,0.019239707978760734
induction,PROX1,3,0.13289949664320688
induction,DIRAS3,5,0.02576373729264958
induction,CA4,2,0.013451482700568729
induction,PROX1,3,0.09694392313149436
induction,DIRAS3,5,0.018107101868331976
outplane,SFRP4,1,0.7430945530290556
outplane,TM4SF18,1,0.0
outplane,AMY2A,2,0.9999757484015822
induction,CA4,4,0.013063208507827606
induction,PROX1,1,0.09454514200441322
induction,DIRAS3,5,0.017715918549341625
inplane,CFTR,1,0.9998670429113805
inplane,AMY2A,2,0.9999773217680201
inplane,GATM,1,0.9999517223350631
inplane,AQP8,1,0.9998011572075861
ambient,AQP3,2,0.7869737281344573
inplane,MMRN2,1,0.0
inplane,CFHR3,1,0.0
inplane,CFTR,2,0.9998317518080538
inplane,CDK1,1,0.23765997780856263
outplane,ANPEP,1,0.9996995245814428
outplane,AMY2A,2,0.9999787361838727
outplane,GATM,1,0.99995494756821
inplane,MET,1,0.3121561914101092
inplane,AMY2A,4,0.9999796793953819
induction,CA4,2,0.019291030493249428
induction,PROX1,3,0.13394164910951867
induction,DIRAS3,5,0.026259490558710463
ambient,CPA3,1,0.8560761727584911
ambient,DIRAS3,1,0.06699840385199596
inplane,LAMP3,1,0.7195902173058168
inplane,CLEC14A,1,0.0
inplane,GATM,1,0.9999427106332933
inplane,AQP8,1,0.9997629783964829
outplane,C1orf194,1,0.5929514786792919
outplane,AMY2A,2,0.999978611557123
outplane,GATM,1,0.9999546549851744
ambient,PEBP4,1,0.685070617136297
ambient,GLYATL1,1,0.551610823143058
