cls,gene,n,removal_prob
inplane,PPP1R1B,1,0.9689037576406386
inplane,AMY2A,2,0.9999757842083593
inplane,GATM,1,0.9999498403809514
inplane,FKBP11,1,0.9715228573770517
inplane,RIDA,1,0.9264736669004373
inplane,AMY2A,2,0.99997997310244
ambient,AQP8,1,0.999829570360141
ambient,DIRAS3,1,0.9610584838078005
induction,AMY2A,8,0.999972304675308
induction,GATM,10,0.9999422603613314
induction,AQP8,12,0.9998003644876324
outplane,CLEC10A,1,0.44495370427239167
outplane,CFB,1,0.9200504594155244
outplane,AMY2A,3,0.999974356248442
induction,AMY2A,8,0.9999823759544313
induction,GATM,13,0.9999637103122867
induction,AQP8,9,0.9998678376120085
inplane,AMY2A,3,0.9999796720278291
inplane,GATM,2,0.9999580520544529
inplane,FGL2,1,0.7826347168842542
inplane,CXCR4,1,0.44438444154099344
inplane,ANPEP,1,0.9997480304238128
inplane,GATM,1,0.999963753914089
outplane,CYP2A7,1,0.817249730983758
outplane,CFTR,2,0.9998868496188631
outplane,AMY2A,1,0.9999815218164313
inplane,CFB,1,0.8207488146506698
inplane,MDM2,1,0.5758111430740177
inplane,EPCAM,1,0.9993506672992325
inplane,AMY2A,1,0.9999808721390157
induction,AMY2A,10,0.9999829486167938
induction,GATM,10,0.9999649010934762
induction,AQP8,10,0.9998719931442233
inplane,DST,1,0.6565838346285569
inplane,CFTR,1,0.9998706282447503
inplane,PROX1,1,0.9380042442876633
inplane,GATM,1,0.9999554474170299
ambient,CPA3,1,0.9030652678217697
ambient,COCH,1,0.8857097476826955
ambient,FKBP11,1,0.975429880320402
ambient,AMY2A,1,0.9999819367133609
inplane,AMY2A,3,0.9999822376575833
inplane,GATM,1,0.9999634192810374
inplane,CFTR,1,0.9998862264014273
inplane,AMY2A,2,0.9999793778443045
inplane,AQP8,1,0.999846518979124
induction,AMY2A,8,0.9999771580353426
induction,GATM,10,0.9999527156469833
induction,AQP8,12,0.9998316259831187
induction,AMY2A,11,0.9999755104980715
induction,GATM,9,0.9999476716020254
induction,AQP8,10,0.9998163415645756
outplane,AMY2A,4,0.9999817747516592
outplane,APOA5,1,0.5113879414236697
outplane,GATM,2,0.9999624714691551
outplane,INS,1,0.9974359218658841
induction,AMY2A,15,0.9999785919891528
induction,GATM,7,0.9999557573267928
induction,AQP8,8,0.9998413555673235
induction,AMY2A,10,0.999982174558557
induction,GATM,13,0.9999632994491301
induction,AQP8,7,0.9998662820868339
inplane,GPRC5A,1,0.9891313947128393
inplane,SLC4A1,1,0.2812157687940253
inplane,AMY2A,2,0.9999821909284464
ambient,DPEP1,1,0.9859204194069773
ambient,PEBP4,1,0.8381057402379153
outplane,TMC5,1,0.9929445394197426
outplane,CFTR,2,0.9998898184432139
outplane,AMY2A,1,0.9999814552463625
ambient,GATM,1,0.9999642986523897
ambient,GLYATL1,1,0.7240699906243067
induction,AMY2A,7,0.9999798227319181
induction,GATM,16,0.9999583962455498
induction,AQP8,7,0.9998493647464031
induction,AMY2A,9,0.9999713650090921
induction,GATM,14,0.9999404041483951
induction,AQP8,7,0.9997924843843214
induction,AMY2A,12,0.9999829280601582
induction,GATM,9,0.9999648600188769
induction,AQP8,9,0.9998718240809875
inplane,VWA5A,1,0.8810511764066463
inplane,CFTR,2,0.999892803770269
inplane,AMY2A,1,0.9999820790541544
inplane,AQP8,1,0.9998655788981669
inplane,CFB,1,0.954245501567342
inplane,MYC,1,0.8697122667505566
inplane,AMY2A,3,0.9999783087958044
inplane,GATM,1,0.9999550083810581
ambient,CA4,1,0.9296800021406294
ambient,PEBP4,1,0.852463212946461
ambient,FKBP11,1,0.9709002341548144
ambient,CA4,1,0.9327227664576488
inplane,CFTR,1,0.9998759870273859
inplane,EDNRB,1,0.0
inplane,GATM,2,0.9999569127058278
induction,AMY2A,7,0.9999821534028795
induction,GATM,9,0.9999632209904392
induction,AQP8,14,0.9998665366826693
inplane,CFTR,1,0.9998578424231478
inplane,AMY2A,2,0.9999763682534827
inplane,GATM,1,0.9999511438628899
outplane,MYC,1,0.8817805464605406
outplane,AMY2A,1,0.9999777781115379
outplane,GATM,1,0.9999539320330191
outplane,AQP8,1,0.9998369543520861
outplane,PMP22,1,0.26074493350996875
outplane,CFTR,1,0.9998733495383586
outplane,AMY2A,1,0.9999789455792726
outplane,ELF5,1,0.3453953403324439
ambient,FKBP11,1,0.971485615399357
ambient,HAMP,1,0.9425866483501849
outplane,APCDD1,1,0.4082838216181296
outplane,DST,2,0.6555912612118155
outplane,PROX1,1,0.9522640248558549
inplane,GHRL,1,0.96541014218885
inplane,EHF,1,0.9986803197810931
inplane,PLCG2,1,0.0
inplane,AMY2A,1,0.9999772621140212
induction,AMY2A,12,0.9999807184174725
induction,GATM,11,0.999960221037886
induction,AQP8,7,0.9998563083687318
ambient,RIDA,1,0.8534710786558753
ambient,KLK11,1,0.9968103002316849
outplane,CFTR,1,0.9998744549614648
outplane,AMY2A,3,0.9999782579710988
outplane,AQP8,1,0.9998383062283653
outplane,CD163,1,0.9916523918805925
outplane,CFTR,2,0.9998828011097021
outplane,AMY2A,3,0.999980075322229
inplane,AMY2A,2,0.9999797572248201
inplane,GATM,2,0.9999581268345422
outplane,ANPEP,2,0.999732227402593
outplane,GATM,2,0.9999612910843352
outplane,PECAM1,1,0.0
outplane,TBX3,1,0.020019350859360796
outplane,GATM,2,0.999962392693914
inplane,TCIM,1,0.0
inplane,SMYD2,1,0.8475677485871485
inplane,AMY2A,2,0.9999798499093854
inplane,GATM,1,0.9999584102147914
outplane,CFB,1,0.9050371222143495
outplane,CFTR,1,0.9998816685244566
outplane,GPC3,1,0.8829823322457544
outplane,GATM,1,0.9999590515352524
inplane,MET,1,0.6141391948920519
inplane,AMY2A,3,0.9999817639810253
inplane,GATM,1,0.9999624447078009
ambient,COCH,1,0.915316548188029
ambient,GLYATL1,1,0.7377685628426998
outplane,KLK11,1,0.9970173685609269
outplane,AMY2A,3,0.9999810341530784
outplane,KCNK3,1,0.9856742490324137
inplane,VWA5A,1,0.8557768209061483
inplane,ACTG2,1,0.573393872888497
inplane,HAVCR2,2,0.6404893297082488
inplane,TFPI,1,0.0
inplane,AMY2A,1,0.9999802074439987
inplane,CXCL6,1,0.9985023861079708
inplane,SFRP4,1,0.69196630724691
inplane,EHF,1,0.998616012290539
inplane,AMY2A,2,0.9999521122180897
inplane,GATM,1,0.9998979762970102
induction,AMY2A,8,0.9999829160479827
induction,GATM,8,0.9999648392689525
induction,AQP8,14,0.9998716865179378
ambient,AMY2A,1,0.9999781344895265
ambient,AQP3,1,0.902019095734599
ambient,DIRAS3,1,0.9709961919655912
ambient,GLYATL1,1,0.6873097438947045
ambient,COCH,1,0.8495187458523588
ambient,PROX1,1,0.9209294387429316
ambient,COCH,1,0.9147323483778341
ambient,AQP3,1,0.9515442953597945
induction,AMY2A,14,0.9999746123814343
induction,GATM,8,0.9999470682657898
induction,AQP8,8,0.9998170296731275
induction,AMY2A,8,0.999975642758211
induction,GATM,10,0.9999493737841537
induction,AQP8,12,0.9998227496020892
outplane,IRF8,1,0.6100642347957805
outplane,PRDM1,1,0.26207862754976097
outplane,GHRL,1,0.9683308569054113
outplane,AMY2A,3,0.9999675765015542
outplane,AMY2A,3,0.9999819383896422
outplane,GATM,1,0.999962791753487
outplane,CFTR,1,0.9998668380739951
outplane,AMY2A,2,0.9999778660631867
outplane,GATM,1,0.9999542595778582
outplane,MDM2,1,0.9280305944528815
outplane,CFTR,1,0.9998865576750707
outplane,C1orf162,1,0.8572679728424066
outplane,AMY2A,3,0.9999794793425562
inplane,PMP22,1,0.3234992055371272
inplane,AMY2A,2,0.9999827515108156
inplane,GATM,1,0.9999645086411482
ambient,UMOD,1,0.8521699403858334
ambient,HAMP,1,0.8668743124767436
induction,AMY2A,8,0.9999831765234332
induction,GATM,11,0.9999653770962861
induction,AQP8,11,0.9998736218127772
ambient,AMY2A,1,0.9999810710683187
ambient,CPA3,1,0.8077185495904681
inplane,CRISPLD2,1,7.727374295996015e-12
inplane,AMY2A,2,0.999980512033525
inplane,GATM,1,0.9999598727757685
outplane,MS4A6A,1,0.6326939725404714
outplane,ADAM28,1,0.7828318260654097
outplane,AMY2A,2,0.9999813169630283
outplane,GATM,1,0.9999614999936973
outplane,CRHBP,1,0.146267508381822
outplane,GATM,3,0.9999501426808669
outplane,AQP8,1,0.9998225814934252
induction,AMY2A,7,0.9999647365536234
induction,GATM,7,0.999925737407502
induction,AQP8,10,0.999753485097912
induction,AMY2A,8,0.9999791548560086
induction,GATM,13,0.9999567660144157
induction,AQP8,9,0.9998472791319544
inplane,FBN1,1,0.0157043508659076
inplane,MDM2,1,0.7319793093730547
inplane,CYP2A7,1,0.6628335736079576
inplane,AMY2A,4,0.9999740216524712
ambient,CA4,1,0.8124715068438693
ambient,CPA3,1,0.7601352462470512
ambient,FKBP11,1,0.9275775967353662
ambient,GLYATL1,1,0.49505439663121087
ambient,CA4,1,0.9300367183049573
ambient,KCNK3,1,0.9833762189192704
ambient,KCNK3,1,0.9896630894171814
ambient,AQP3,1,0.9570544503961821
inplane,ECSCR,1,0.0
inplane,AMY2A,1,0.9999416620522551
inplane,KCNK3,1,0.9711231497414924
inplane,HAMP,1,0.7263066185821567
inplane,GATM,1,0.9998583605809678
induction,AMY2A,11,0.9999826076814307
induction,GATM,9,0.9999641504174878
induction,AQP8,10,0.9998700131214702
ambient,RIDA,1,0.8876390276304641
ambient,PEBP4,1,0.788502035981852
ambient,HAMP,1,0.8525312724995422
ambient,AQP8,1,0.9998298122081729
ambient,CA4,1,0.8928893637091608
ambient,AMY2A,1,0.9999765927245335
inplane,MMRN2,1,0.0
inplane,TCIM,1,0.0
inplane,CFTR,1,0.999884250792077
inplane,GATM,1,0.9999593316011065
outplane,CFTR,1,0.9998818497361956
outplane,SNCA,1,0.4097978223986558
outplane,FXYD2,1,0.9798171308965485
outplane,PROX1,1,0.9318478369155978
ambient,DPEP1,1,0.9932320209723045
ambient,PEBP4,1,0.9170899443584678
outplane,AMY2A,4,0.9999787305543252
outplane,TCIM,1,0.0
outplane,CLEC14A,1,0.0
outplane,BAMBI,1,0.7850217749563412
outplane,AMY2A,1,0.9999793923320556
inplane,MMRN2,2,0.0
inplane,AMY2A,4,0.9999790879622903
induction,AMY2A,10,0.9999813676699705
induction,GATM,13,0.9999615798174101
induction,AQP8,7,0.999860919439574
inplane,PCNA,1,0.6982633426191547
inplane,CFB,1,0.943535904423931
inplane,CFTR,1,0.9998968271257742
inplane,ERBB2,1,0.9617871055738242
induction,AMY2A,13,0.9999785200641779
induction,GATM,10,0.9999555131056227
induction,AQP8,7,0.9998419133950674
ambient,FKBP11,1,0.9576536073054244
ambient,DIRAS3,1,0.9642030490367206
inplane,AMY2A,3,0.9999675828696698
inplane,GATM,1,0.9999322392977062
outplane,AMY2A,4,0.9999799421876804
ambient,UMOD,1,0.9311053702020969
ambient,AQP8,1,0.9998245737861039
induction,AMY2A,12,0.9999796970370128
induction,GATM,8,0.9999580712302105
induction,AQP8,10,0.9998491944735578
outplane,CFTR,1,0.9998731965310802
outplane,AMY2A,1,0.9999786382522275
outplane,CD8A,1,0.5473806272504462
outplane,CXCL6,1,0.998158067791824
outplane,GATM,2,0.99995580193229
ambient,KLK11,1,0.9972687562424382
ambient,GLYATL1,1,0.7335554237728286
inplane,TENT5C,1,0.9977803997065408
inplane,AMY2A,1,0.9999816748273631
inplane,FXYD2,1,0.9805840646471073
inplane,GATM,1,0.9999622684548789
inplane,TCIM,1,0.0
inplane,MYC,1,0.6971885451109845
inplane,CFTR,1,0.999869259644621
inplane,AMY2A,2,0.9999774033257759
induction,AMY2A,9,0.9999801377134296
induction,GATM,16,0.999958949019278
induction,AQP8,5,0.9998528397739866
induction,AMY2A,9,0.999982975601027
induction,GATM,10,0.9999649778800389
induction,AQP8,11,0.999871941995596
outplane,ANPEP,1,0.9996976527094322
outplane,TENT5C,1,0.9976617044029042
outplane,AMY2A,1,0.9999793406566742
outplane,GATM,2,0.9999572376765787
outplane,AQP8,1,0.9998476675275957
outplane,PDGFRB,1,0.22174358459743282
outplane,ASPN,1,0.33425290609028724
outplane,TBX3,1,0.2424340054162889
outplane,EHF,1,0.9987822533141789
outplane,AMY2A,1,0.9999797722248952
ambient,GATM,1,0.9999517439213292
ambient,AQP8,1,0.9998283345038036
ambient,GLYATL1,2,0.5499972578630705
outplane,MYH11,1,0.996024400387036
outplane,AMY2A,2,0.999981352930455
outplane,GATM,2,0.999961576502051
induction,AMY2A,6,0.9999822503924995
induction,GATM,11,0.9999634654738283
induction,AQP8,13,0.9998667331239987
ambient,COCH,1,0.8632726475721739
ambient,GATM,1,0.9999594118947899
inplane,AMY2A,2,0.9999814325859853
inplane,HAMP,1,0.9107839808066841
inplane,GATM,1,0.9999617820417642
outplane,MYC,1,0.8296049369938734
outplane,AMY2A,3,0.9999806664175176
inplane,NTN4,1,0.7738772020509059
inplane,TENT5C,1,0.9977119462395274
inplane,AMY2A,1,0.9999811986153637
inplane,GATM,1,0.999961312052922
outplane,FKBP11,1,0.9784292135664632
outplane,EPCAM,1,0.9995566923407639
outplane,MET,1,0.7487479190998099
outplane,AMY2A,2,0.9999775670107831
outplane,GATM,1,0.9999533570828341
ambient,PROX1,1,0.9281964854292999
ambient,GATM,1,0.9999631272501533
outplane,SRPX,1,0.26234029169780027
outplane,AMY2A,2,0.9999818259936769
outplane,GATM,1,0.9999625771067878
outplane,CD3D,1,0.8366535538414279
outplane,AMY2A,2,0.9999748720879478
outplane,GATM,1,0.9999478600962445
induction,AMY2A,11,0.9999797348731319
induction,GATM,9,0.9999581427665252
induction,AQP8,10,0.9998495518822395
inplane,PCNA,1,0.7020567523716941
inplane,AMY2A,2,0.9999784407801028
inplane,AQP8,1,0.999841093716012
induction,AMY2A,10,0.9999831058503877
induction,GATM,12,0.9999652337843746
induction,AQP8,8,0.9998730655350022
outplane,CLEC4E,1,0.8283072180200324
outplane,PPP1R1B,1,0.9905548394422398
outplane,AMY2A,1,0.9999799683073178
outplane,AQP8,1,0.999851553393732
inplane,CXCR4,1,0.06995724775084666
inplane,MYC,1,0.485190404980539
inplane,C1orf162,2,0.5983522311371685
inplane,AMY2A,1,0.9999331335922653
induction,AMY2A,13,0.9999819135859533
induction,GATM,9,0.9999627432388959
induction,AQP8,8,0.9998645489311766
outplane,NTN4,1,0.9041973774778969
outplane,CFB,1,0.9365511913980169
outplane,KCNK3,1,0.9857712435757756
outplane,CXCL2,1,0.7968415017096049
ambient,ANPEP,1,0.9997496802919666
ambient,CFTR,1,0.9998957503253534
ambient,UMOD,1,0.9256992849299062
ambient,GLYATL1,1,0.6456108863660462
outplane,TIMP4,1,0.4004445743884345
outplane,AMY2A,2,0.9999830360497535
outplane,GATM,1,0.9999650829111548
outplane,AQP8,1,0.9998726274333438
induction,AMY2A,10,0.9999833848503625
induction,GATM,9,0.999965803767967
induction,AQP8,11,0.9998752111718222
ambient,CFTR,1,0.9998918938676428
ambient,GATM,1,0.9999628930272552
outplane,AMY2A,3,0.9999835322520884
outplane,CPA3,1,0.9358230374518938
inplane,AMY2A,3,0.999982709989427
inplane,FXYD2,1,0.9857159509604865
inplane,SMYD2,1,0.7898518230929455
inplane,FKBP11,1,0.9497809246684883
inplane,AMY2A,2,0.9999811702276878
inplane,AMY2A,2,0.9999390064118924
inplane,GATM,1,0.9998686992317513
inplane,AQP8,1,0.9995995687729752
outplane,FKBP11,1,0.8171057607517667
outplane,MYC,1,0.49006992345256417
outplane,ANPEP,1,0.9991365735752008
outplane,RND1,1,0.2063689469036133
outplane,AMY2A,2,0.9999423474584082
outplane,GPC3,1,0.5683030110064329
outplane,GATM,1,0.9998759485171762
outplane,SEMA3C,1,0.8167688642903694
outplane,CFTR,1,0.999714377771245
outplane,AMY2A,3,0.9999417997573169
outplane,AMY2A,2,0.9999332092125833
outplane,FXYD2,2,0.9199871906373708
outplane,AMY2A,4,0.9999490415994131
outplane,GATM,1,0.9998914332523359
outplane,FKBP11,1,0.8094490724916386
outplane,CFTR,1,0.999693768535748
outplane,AMY2A,1,0.9999499470236398
outplane,CPA3,1,0.6717576127317051
outplane,GATM,1,0.9998933732298388
ambient,DPEP1,1,0.8696523393190088
ambient,AQP8,1,0.9995383716703158
inplane,CFTR,2,0.9996861923897099
inplane,TM4SF4,1,0.9929670609875912
inplane,GATM,1,0.999872920542795
induction,AMY2A,10,0.9999514442621701
induction,GATM,3,0.9998965586708982
induction,AQP8,5,0.9996717909349663
outplane,PDGFRA,1,0.8475565894890353
outplane,AMY2A,1,0.9999320383493479
outplane,C7,1,0.6523444156802473
outplane,GATM,1,0.9998539692331094
induction,AMY2A,1,0.9999452840799726
induction,GATM,6,0.9998821906781227
induction,AQP8,5,0.9996409499777645
outplane,AMY2A,4,0.9999437061260323
outplane,AQP8,1,0.9996331535998311
outplane,GCG,1,0.9975516296788648
outplane,SFRP4,1,0.9040921044946859
outplane,CFTR,2,0.9996985155543655
outplane,AMY2A,1,0.9999486785863928
outplane,PROX1,1,0.6602063656686028
induction,AMY2A,10,0.9999621619391006
induction,GATM,9,0.9999201332154135
induction,AQP8,5,0.9997372750902083
ambient,ANPEP,1,0.9995411340261617
ambient,UMOD,1,0.7507125412315974
inplane,PMP22,1,0.2129994897675147
inplane,MYC,1,0.544252515947222
inplane,AMY2A,4,0.9999676023290673
induction,AMY2A,3,0.9999452449574863
induction,GATM,8,0.999882206155972
induction,AQP8,1,0.9996398612653401
inplane,MDM2,1,0.7716726038164177
inplane,CFTR,1,0.9997914748938805
inplane,AMY2A,1,0.9999507419875067
inplane,GATM,1,0.9998950692971583
outplane,FGL2,1,0.6115283221195359
outplane,PTPRC,1,0.997791672954956
outplane,AMY2A,2,0.9999484427656599
ambient,AQP8,1,0.9995991563683322
ambient,GLYATL1,1,0.20314827964429139
outplane,CFTR,1,0.9998468540223424
outplane,AMY2A,2,0.9999752132502447
outplane,GATM,2,0.9999486177975007
induction,AMY2A,11,0.9999811446523378
induction,GATM,10,0.9999611518687639
induction,AQP8,9,0.9998588791485135
inplane,KRT7,1,0.9906443186106959
inplane,AMY2A,5,0.9999816441960006
inplane,GATM,1,0.9999621868631154
outplane,TENT5C,1,0.9966506014320614
outplane,AMY2A,4,0.9999683971164807
outplane,AQP8,1,0.9997720280626714
ambient,CFTR,1,0.9998060795396484
ambient,PROX1,1,0.849007463401044
induction,AMY2A,8,0.9999773203804261
induction,GATM,12,0.9999530103844891
induction,AQP8,10,0.9998332899931428
ambient,KCNK3,1,0.939597169215191
ambient,HAMP,1,0.8208947928333916
inplane,GDF15,2,0.8705698894100236
inplane,AMY2A,2,0.999969014003062
inplane,GATM,1,0.9999356151689481
induction,AMY2A,10,0.9999812576309315
induction,GATM,13,0.9999612991281115
induction,AQP8,7,0.9998607257475016
inplane,AMY2A,1,0.9999818535140251
inplane,KCNK3,1,0.9780138813274388
inplane,GATM,2,0.9999626527407104
induction,AMY2A,10,0.9999797261368457
induction,GATM,9,0.9999581955837347
induction,AQP8,11,0.9998486612576954
outplane,SMYD2,1,0.7759115553011733
outplane,ANPEP,1,0.9997365189905691
outplane,AMY2A,1,0.9999816221547153
outplane,AQP8,1,0.9998619251298976
induction,AMY2A,11,0.9999719760655498
induction,GATM,8,0.9999413791590592
induction,AQP8,11,0.9998000675290853
inplane,ANPEP,1,0.999641595906043
inplane,AMY2A,3,0.9999753333799848
outplane,EPCAM,1,0.9992194995402843
outplane,ANPEP,1,0.9995297301335249
outplane,GPC3,1,0.6470205143453291
outplane,GATM,2,0.9999336025584592
ambient,KCNK3,1,0.9603877956062697
ambient,AQP3,1,0.8450906652981844
induction,AMY2A,9,0.9999817881457177
induction,GATM,10,0.9999624893700488
induction,AQP8,11,0.9998635560221072
inplane,AMY2A,1,0.9999816067929294
inplane,COCH,1,0.8437762233682616
inplane,GATM,2,0.9999621291135479
induction,AMY2A,9,0.9999815482789368
induction,GATM,16,0.9999619389500518
induction,AQP8,5,0.9998624230406492
inplane,AMY2A,2,0.9999763723094667
inplane,EGFR,1,0.8625896013830159
inplane,GATM,2,0.9999510597899526
inplane,AQP8,1,0.9998261680273007
inplane,AMY2A,5,0.9999775258260661
inplane,KCNK3,1,0.9594373466392954
inplane,ANPEP,1,0.9996072065165744
inplane,ADAM28,1,0.8387710374608452
inplane,AMY2A,3,0.9999732764237307
inplane,GPC3,1,0.8684916801797415
inplane,GATM,1,0.9999444861459816
inplane,TCIM,1,0.0
inplane,CYTIP,1,0.9096290929298392
inplane,AMY2A,3,0.9999637417709295
inplane,GATM,1,0.9999241542920376
ambient,AMY2A,1,0.9999682661333237
ambient,PROX1,1,0.7989798013029221
ambient,KCNK3,1,0.9562498125084888
ambient,HAMP,1,0.8540643514112722
ambient,ANPEP,1,0.999650032067578
ambient,CA4,1,0.838516145585436
ambient,CPA3,1,0.8213372697381216
ambient,KCNK3,1,0.9663318679239308
ambient,ANPEP,1,0.9996501237612835
ambient,KCNK3,1,0.955105982695201
ambient,CA4,2,0.8187369650614821
inplane,TENT5C,1,0.9979179507228696
inplane,AMY2A,2,0.9999804918625019
inplane,GATM,1,0.999959676403828
ambient,DPEP1,1,0.977733837096608
ambient,COCH,1,0.7807174031625935
outplane,CD79A,1,0.9729672511028686
outplane,AMY2A,3,0.9999722935286187
outplane,GATM,1,0.9999423917035823
outplane,AQP8,1,0.9997986108428042
outplane,APOLD1,1,0.0
outplane,CFTR,1,0.999843558357638
outplane,AMY2A,2,0.9999685251285867
inplane,IGF1,1,0.6096600359717859
inplane,AMY2A,2,0.9999655716002568
inplane,GATM,2,0.9999244541283759
inplane,CD1C,1,0.937513652476795
inplane,AMY2A,1,0.9999766205538525
inplane,GATM,3,0.9999515712753955
induction,AMY2A,9,0.9999812614947269
induction,GATM,12,0.99996142293193
induction,AQP8,9,0.9998593938336868
inplane,NTN4,1,0.8873518944438973
inplane,CFTR,1,0.9998709762953868
inplane,AMY2A,2,0.9999762119584295
induction,AMY2A,11,0.9999732250490428
induction,GATM,13,0.9999443762038369
induction,AQP8,6,0.9998048566326633
inplane,EDN1,1,0.21643450393257935
inplane,ANPEP,1,0.9997230891001103
inplane,AMY2A,1,0.9999807785957803
inplane,INS,1,0.9974044121600878
ambient,CA4,1,0.8140137330100633
ambient,HAMP,1,0.8350517662182243
outplane,FKBP11,1,0.8489647797634144
outplane,SERPINB9,1,0.18648042651501517
outplane,TENT5C,1,0.9963659651950606
outplane,AMY2A,1,0.9999683030966006
ambient,CFTR,1,0.9998793080593427
ambient,KCNK3,1,0.9504901750673266
induction,AMY2A,9,0.9999795824604177
induction,GATM,11,0.9999578727367785
induction,AQP8,10,0.9998479002057767
outplane,CD163,1,0.996275274762967
outplane,CD1E,1,0.7229509020133255
outplane,AMY2A,4,0.9999738263260896
ambient,FKBP11,1,0.9322510203034439
ambient,DIRAS3,1,0.9300691574541818
ambient,AMY2A,1,0.9999757785539259
ambient,HAMP,1,0.9140425196499822
induction,AMY2A,3,0.9999435662495796
induction,GATM,7,0.9998736625591419
induction,AQP8,2,0.9996163190813886
outplane,CD163,1,0.9916988830243838
outplane,CFTR,1,0.9997523038084463
outplane,CLIC6,1,0.7507238963754709
outplane,AMY2A,1,0.9999500161286418
inplane,FSTL3,1,0.7656571392247553
inplane,PROX1,1,0.7629895655483258
inplane,CYP1A1,1,0.04507670235587247
inplane,DIRAS3,1,0.8628898261708815
outplane,AMY2A,3,0.9999803494919111
outplane,GATM,2,0.999959560966389
induction,AMY2A,11,0.9999813416297355
induction,GATM,14,0.9999615703742618
induction,AQP8,5,0.999860203206562
inplane,ANPEP,1,0.99958402013316
inplane,AMY2A,1,0.9999704755114905
inplane,PROX1,1,0.8539237206310246
inplane,GATM,1,0.9999386822822509
ambient,AMY2A,1,0.9999713651872811
ambient,GLYATL1,1,0.41652131747263554
outplane,MYH11,2,0.9960333953677522
outplane,MET,1,0.26732201717387005
outplane,AMY2A,1,0.9999731677870068
induction,AMY2A,9,0.9999768153989291
induction,GATM,14,0.9999519587942262
induction,AQP8,7,0.9998296388936502
inplane,FCGR1A,1,0.5255902140572841
inplane,TCIM,1,0.0
inplane,ACTG2,1,0.35623759874274574
inplane,AMY2A,1,0.9999717454887888
inplane,FKBP11,1,0.8843992058134025
inplane,CFTR,2,0.9998254247773378
inplane,TRAC,1,0.5542554632909276
inplane,AMY2A,1,0.9999710965246109
inplane,SMYD2,1,0.6459737063975032
inplane,AMY2A,3,0.9999768894463189
inplane,GATM,1,0.9999522466784445
inplane,PPP1R1B,1,0.9884022462578125
inplane,DPEP1,1,0.9869584314975747
inplane,CFTR,2,0.9998813819210097
inplane,AMY2A,2,0.9999782701315116
inplane,SMYD2,1,0.6813594210908192
inplane,AMY2A,3,0.999980208562186
inplane,AQP8,1,0.9998516047394007
ambient,AMY2A,1,0.9999803415745621
ambient,CPA3,1,0.8806950087797758
inplane,GATM,2,0.9999615133346651
inplane,AQP8,3,0.999859879607239
induction,AMY2A,12,0.999981200222574
induction,GATM,11,0.9999612566324987
induction,AQP8,7,0.9998594098362965
outplane,AMY2A,2,0.9999806184404585
outplane,GATM,1,0.9999600639544742
outplane,AQP8,1,0.9998549857961402
induction,AMY2A,12,0.9999830255140728
induction,GATM,8,0.9999650366473312
induction,AQP8,10,0.9998728403720548
inplane,CFTR,2,0.9998610860868923
inplane,AMY2A,2,0.9999760654182489
inplane,GATM,1,0.9999503855342213
inplane,CFTR,1,0.9998434422708004
inplane,EHF,1,0.9983296065893656
inplane,AMY2A,3,0.9999735474267019
inplane,EPCAM,1,0.9993233865585223
inplane,AMY2A,2,0.9999735468551642
inplane,GATM,1,0.9999450336168335
outplane,EHF,1,0.9986560042372064
outplane,AMY2A,1,0.999981755738926
outplane,GATM,1,0.9999624357356021
outplane,AQP8,1,0.9998631576539738
outplane,BASP1,1,0.048110353435391384
outplane,TCIM,1,0.0
outplane,AMY2A,1,0.9999791080649608
outplane,FXYD2,1,0.9619808064868677
outplane,APCDD1,1,0.1891512516742575
outplane,CFTR,1,0.9998767856149227
outplane,AMY2A,1,0.9999798388898774
outplane,GATM,1,0.9999584914020727
inplane,FBLN1,1,0.8639615500988904
inplane,FSTL3,1,0.8361633121240017
inplane,STC1,1,0.0
inplane,MALL,1,0.05433228410192592
inplane,AMY2A,2,0.9999672949872457
inplane,ESR1,1,0.8046189750141594
inplane,MDM2,1,0.5696954198796454
inplane,CFTR,1,0.9998893149431789
inplane,TFPI,1,0.0
inplane,AMY2A,1,0.9999815516265376
induction,AMY2A,10,0.9999824589570552
induction,GATM,8,0.9999638772554619
induction,AQP8,12,0.9998685070450978
ambient,CA4,1,0.8404656312663905
ambient,GLYATL1,1,0.4804126463594228
induction,AMY2A,14,0.9999750884824727
induction,GATM,10,0.9999482178009766
induction,AQP8,6,0.9998187601553972
induction,AMY2A,9,0.9999821112347935
induction,GATM,9,0.9999631407882839
induction,AQP8,12,0.9998661423199214
ambient,CFTR,1,0.9998739927951957
ambient,GATM,1,0.9999551891340429
outplane,SMYD2,1,0.7655526953849336
outplane,FKBP11,1,0.9442077529135162
outplane,CFTR,1,0.9998857968150828
outplane,AMY2A,1,0.9999809876786024
outplane,PROX1,1,0.9025352226658674
inplane,CFTR,1,0.9998779337591122
inplane,AMY2A,2,0.9999800160014534
inplane,EGFR,1,0.7717474901554057
induction,AMY2A,6,0.9999725576271616
induction,GATM,14,0.999942748958846
induction,AQP8,10,0.9998026011850435
induction,AMY2A,9,0.9999795223914777
induction,GATM,10,0.9999576828964262
induction,AQP8,11,0.9998482171261233
inplane,FSTL3,1,0.7688334776419323
inplane,DST,1,0.4516309335508608
inplane,STC1,1,0.0
inplane,CFTR,2,0.9998830495089838
inplane,APCDD1,1,0.20630570861581932
inplane,VCAN,1,0.9992844676032487
inplane,ASPN,1,0.21673239241853892
inplane,AMY2A,1,0.9999808609796076
ambient,FKBP11,1,0.9345119770677104
ambient,CFTR,1,0.9998738433793443
outplane,MDM2,1,0.525879145631406
outplane,ANPEP,1,0.9994939022050355
outplane,KRT7,2,0.9896405182151672
outplane,SPI1,1,0.6860574541133239
inplane,C15orf48,1,0.9933435222357966
inplane,KCNMA1,1,0.4837383559848023
inplane,AMY2A,1,0.9999770560208002
inplane,GZMA,1,0.7565045829551736
induction,AMY2A,13,0.999979198997363
induction,GATM,9,0.9999569810331369
induction,AQP8,8,0.9998462060613816
induction,AMY2A,15,0.9999802719210191
induction,GATM,7,0.999959302075547
induction,AQP8,8,0.9998529560727397
ambient,FKBP11,1,0.9044341757757454
ambient,UMOD,1,0.8320441214991184
ambient,FKBP11,1,0.9072259898610111
ambient,PROX1,1,0.8431047037960682
outplane,ASPN,1,0.10051013639620598
outplane,CFB,1,0.6650480142531102
outplane,AMY2A,2,0.9999751270177085
outplane,SRPX,1,0.3238316842080121
outplane,PLA2G7,1,0.9909372238722716
outplane,IGSF6,1,0.5931016265931293
outplane,AMY2A,2,0.9999797053508666
outplane,PROX1,1,0.880887627605798
outplane,ANPEP,1,0.9997376658588645
outplane,AMY2A,1,0.9999817500862553
outplane,GATM,2,0.9999624151604785
inplane,TFPI,1,0.0
inplane,AMY2A,2,0.9999818845102482
inplane,GATM,1,0.9999626998542155
inplane,AQP8,1,0.9998641354214821
induction,AMY2A,11,0.9999733712542233
induction,GATM,11,0.9999432256246611
induction,AQP8,8,0.9998040412918976
outplane,UMOD,1,0.7420521716098816
outplane,HLA-DQB2,1,0.1654197611172098
outplane,C1orf162,1,0.41568085340058136
outplane,CLIC6,1,0.6873679743206342
outplane,CXCL2,1,0.3122506670753312
outplane,GATM,1,0.9999095098679005
ambient,KCNK3,1,0.9746186628782499
ambient,HAMP,1,0.9105109432657112
ambient,ANPEP,1,0.9996906461002774
ambient,PEBP4,1,0.7964555928519118
induction,AMY2A,7,0.9999812740384535
induction,GATM,10,0.9999613684693407
induction,AQP8,13,0.9998604347434485
induction,AMY2A,12,0.9999691565392489
induction,GATM,12,0.999935537838554
induction,AQP8,6,0.9997793661884428
ambient,FKBP11,1,0.8574401935869235
ambient,PROX1,1,0.7550514055904715
inplane,PDGFRB,1,0.008451355900808033
inplane,TCF4,1,0.0
inplane,AMY2A,2,0.9999643551918579
inplane,GATM,1,0.9999254363146858
outplane,SMYD2,1,0.5868741119516108
outplane,ALDH1A3,1,0.5841763584796796
outplane,CFTR,1,0.9997202622682307
outplane,PROX1,1,0.7397430073080127
ambient,UMOD,1,0.5055061371294607
ambient,PROX1,1,0.5085916271318296
inplane,FBN1,1,0.006554117721002006
inplane,MYC,1,0.6111321673393424
inplane,AMY2A,2,0.9999754749934776
inplane,CD14,1,0.4451484386989696
inplane,CD4,2,0.1382728356513706
inplane,CFTR,1,0.9998752863626186
inplane,FXYD2,1,0.9631857646508825
induction,AMY2A,7,0.9999748692574916
induction,GATM,9,0.9999477194163453
induction,AQP8,14,0.9998176324272202
inplane,AMY2A,3,0.9999709141242956
inplane,GATM,1,0.99993958999794
ambient,CFTR,1,0.9998746368301081
ambient,KCNK3,1,0.9571913578311303
induction,AMY2A,11,0.9999807439786982
induction,GATM,10,0.9999602440446123
induction,AQP8,9,0.9998568451178897
outplane,CTSK,1,1.2908896174224083e-11
outplane,CFB,1,0.8324722198501429
outplane,MDM2,1,0.5829339290445157
outplane,CFTR,2,0.9998876045071585
outplane,FXYD2,1,0.9741714620205201
ambient,CPA3,1,0.8472054067250082
ambient,AQP8,1,0.9998433680554376
outplane,CCR7,1,0.2118710623959329
outplane,CFTR,1,0.999884918816142
outplane,AMY2A,1,0.9999805948700236
outplane,HAMP,1,0.930129617788132
inplane,CA4,1,0.8486008588320997
inplane,AMY2A,2,0.9999793178446987
inplane,FXYD2,1,0.9614126931153405
induction,AMY2A,11,0.9999712180091311
induction,GATM,11,0.9999374140183115
induction,AQP8,8,0.9997850720184939
ambient,KCNK3,1,0.9406478378159473
ambient,PEBP4,1,0.6568809454567848
induction,AMY2A,8,0.9999766928172785
induction,GATM,9,0.9999516706298848
induction,AQP8,13,0.999829121954624
outplane,EPCAM,1,0.9993208145629803
outplane,ANPEP,1,0.9996117105264108
outplane,AMY2A,1,0.9999734884183766
outplane,GATM,2,0.9999449225272551
inplane,MYC,1,0.48170203469238115
inplane,PPP1R1A,1,0.9707268368357808
inplane,CFTR,1,0.9996702873018191
inplane,AMY2A,4,0.9999413872106138
inplane,GATM,1,0.9998738482056673
outplane,DST,1,0.43823239601965247
outplane,CFTR,1,0.9998294777640815
outplane,AMY2A,2,0.9999675565429925
outplane,KCNK3,1,0.918137646272006
inplane,AMY2A,2,0.999966914211432
inplane,GATM,1,0.9999310207243011
inplane,AQP8,2,0.999761537059388
induction,AMY2A,5,0.9999474604175486
induction,GATM,3,0.9998832816208126
induction,AQP8,4,0.9996451060357039
ambient,AQP3,1,0.475730305791479
ambient,PEBP4,1,0.3203601124713915
outplane,FKBP11,1,0.9547804139407294
outplane,AMY2A,5,0.9999802221253841
inplane,CAVIN1,1,0.026549552546438204
inplane,CD93,1,0.0
inplane,AMY2A,1,0.9999764857628219
inplane,GATM,1,0.9999514132508192
induction,AMY2A,10,0.9999770544818123
induction,GATM,9,0.9999523622740044
induction,AQP8,11,0.9998324223053675
outplane,SERPINB9,1,0.21845631397516385
outplane,CFTR,2,0.9998420523676714
outplane,CXCL2,1,0.596537432754106
induction,AMY2A,6,0.999977275706421
induction,GATM,13,0.999952910577766
induction,AQP8,11,0.9998330433258427
outplane,FKBP11,1,0.910292424354129
outplane,CFTR,1,0.9998421300313277
outplane,CXCL2,1,0.6386798317240839
outplane,GATM,1,0.9999382501342735
outplane,CFB,1,0.907389920341965
outplane,MYC,1,0.6175943260084527
outplane,CFTR,1,0.9998415360593109
outplane,AMY2A,1,0.9999701848111199
outplane,AQP8,1,0.999784729768961
outplane,CYP2A7,1,0.4992874630997045
outplane,CA4,1,0.8160456179718092
outplane,AMY2A,3,0.9999728689031786
outplane,CYP3A4,1,0.4936402301186664
induction,AMY2A,8,0.9999743816875153
induction,GATM,14,0.9999467254799962
induction,AQP8,8,0.9998138727234077
ambient,PROX1,1,0.8473099740256773
ambient,GATM,1,0.999930438056968
outplane,CFB,1,0.8076139603984586
outplane,TCIM,1,0.0
outplane,PPP1R1B,1,0.9437336478173726
outplane,CFTR,1,0.9997561974400008
outplane,AMY2A,1,0.9999599660459857
outplane,AMY2A,4,0.9999648106047027
outplane,PROX1,1,0.7667274891034109
induction,AMY2A,6,0.9999540003367642
induction,GATM,7,0.9999018878613791
induction,AQP8,5,0.9996901041603199
inplane,CFTR,2,0.9997491896000688
inplane,TENT5C,1,0.995620301401715
inplane,EHF,1,0.997978447846418
inplane,AMY2A,1,0.999954860977222
inplane,PLD4,1,0.6188295369589802
inplane,FKBP11,1,0.8823393444072722
inplane,DERL3,1,0.540660730845098
inplane,PROX1,1,0.7835943951758056
ambient,DPEP1,1,0.9734394166354109
ambient,KCNK3,1,0.9583408831319141
ambient,CA4,1,0.5826559030746684
ambient,COCH,1,0.5068977137373505
ambient,HAMP,1,0.805672506409506
ambient,GATM,1,0.9999425833906751
ambient,KLK11,1,0.9955155280575003
ambient,HAMP,1,0.8895350536743823
induction,AMY2A,11,0.9999808954798345
induction,GATM,14,0.999960617016433
induction,AQP8,5,0.9998572678169222
inplane,TCIM,1,0.0
inplane,AMY2A,4,0.999945024820272
inplane,GATM,1,0.9998817262067491
ambient,UMOD,1,0.6633476580795125
ambient,COCH,1,0.6071203097788818
inplane,CFB,2,0.800661509947549
inplane,PPP1R1B,1,0.925629809055869
inplane,CFTR,2,0.9996317034246699
outplane,MET,1,0.3192570479887683
outplane,CFTR,1,0.9998685353852791
outplane,AMY2A,2,0.9999773273563811
outplane,GPC3,1,0.736745327609218
outplane,PROX1,1,0.8278922622307788
ambient,RIDA,1,0.790054248434494
ambient,KLK11,1,0.9963210832356186
inplane,NTN4,1,0.7499947481810685
inplane,ANPEP,1,0.9996610333786968
inplane,AMY2A,2,0.9999761030944896
inplane,MYC,1,0.5978337274019145
inplane,AMY2A,2,0.9999780145015338
inplane,GATM,2,0.9999546568071168
induction,AMY2A,7,0.9999768450074292
induction,GATM,8,0.9999520363460271
induction,AQP8,15,0.9998296737097554
inplane,ANPEP,1,0.9996731942515199
inplane,AMY2A,3,0.9999775499863487
inplane,PLA2G7,1,0.9871089838656185
inplane,AMY2A,2,0.9999760376958631
inplane,C7,1,0.209466734674156
ambient,UMOD,1,0.8644146245577634
ambient,GLYATL1,1,0.49950854043235815
outplane,AMY2A,2,0.9999663367221215
outplane,FXYD2,1,0.9234611860497159
outplane,AQP8,1,0.9997595916875688
induction,AMY2A,13,0.9999816037422076
induction,GATM,8,0.9999621150848339
induction,AQP8,9,0.9998621091775886
ambient,AQP3,1,0.950112370390762
ambient,PEBP4,1,0.8998953990858081
induction,AMY2A,9,0.9999826170195649
induction,GATM,13,0.9999641926427433
induction,AQP8,8,0.999869811619448
outplane,PDPN,2,0.7955699203025564
outplane,CTSK,1,0.7041128236430882
outplane,SRPX,1,0.5505818666138894
outplane,DMBT1,1,0.9810344341337176
outplane,TENT5C,1,0.9966535753080941
outplane,AMY2A,3,0.999972812063686
outplane,AMY2A,3,0.9999765768317501
outplane,PROX1,1,0.858135036844418
outplane,INS,1,0.9975276478215358
inplane,KCNMA1,1,0.5872465195548766
inplane,TMC5,1,0.9907109304379437
inplane,AMY2A,1,0.9999709991026162
inplane,DIRAS3,1,0.899215028547853
ambient,CFTR,1,0.999867369850729
ambient,AQP8,1,0.9998362940437039
ambient,CA4,1,0.8994688754578002
ambient,DIRAS3,1,0.9616891767056264
induction,AMY2A,10,0.9999796774987796
induction,GATM,9,0.9999579642821532
induction,AQP8,11,0.9998498158260939
outplane,ADGRL4,1,0.0
outplane,STC2,1,0.0
outplane,APOLD1,1,0.0
outplane,AMY2A,3,0.9999818031061183
outplane,GATM,1,0.9999625505940679
outplane,SPIB,1,0.8579845095325099
inplane,SFRP2,1,0.9992621296944658
inplane,ASPN,1,0.28487728549835456
inplane,MDM2,1,0.6149799991183976
inplane,AMY2A,1,0.9999783624566322
induction,AMY2A,7,0.9999639969721053
induction,GATM,10,0.9999196067913573
induction,AQP8,7,0.9997366233476922
induction,AMY2A,8,0.9999712470851055
induction,GATM,9,0.9999383665821746
induction,AQP8,13,0.9997881901958838
inplane,MDM2,1,0.5453904732524433
inplane,KLRD1,1,0.23402015495333695
inplane,CFTR,1,0.9998873400303321
inplane,AMY2A,1,0.9999812459851725
inplane,PROX1,1,0.8857624767252466
ambient,AQP8,1,0.9998363442192253
ambient,PEBP4,1,0.7138110302575882
ambient,UMOD,1,0.8524182523422685
ambient,PEBP4,1,0.7239065167999827
outplane,CFB,1,0.8874684528442497
outplane,MYC,1,0.6224426799346994
outplane,CFTR,2,0.9998756090649489
inplane,TCIM,1,0.0
inplane,AMY2A,3,0.9999787723813914
inplane,MYBPC1,1,0.3394608225024317
outplane,C15orf48,1,0.994858404994155
outplane,CFTR,1,0.9998691037154247
outplane,AMY2A,2,0.9999778806306926
inplane,TENT5C,1,0.9977510981083862
inplane,AMY2A,1,0.9999815619566041
inplane,GPC3,1,0.8288620383631031
inplane,GATM,1,0.9999620515863655
ambient,AMY2A,2,0.999971298597058
induction,AMY2A,13,0.9999788154035947
induction,GATM,11,0.9999561211698581
induction,AQP8,6,0.9998424145452143
outplane,CFTR,1,0.9998667682366283
outplane,FXYD2,1,0.95349086780764
outplane,PROX1,2,0.8427536665073175
outplane,NTN4,1,0.7939136467534234
outplane,AMY2A,3,0.9999757991719248
ambient,GATM,2,0.9999530021867813
inplane,FSTL3,1,0.8771206520401388
inplane,CRISPLD2,1,0.1801611817733869
inplane,MDM2,1,0.6129655854611797
inplane,ALDH1A3,1,0.5514136722314839
inplane,CFTR,2,0.9998508297899147
inplane,CXCL6,1,0.9990704003978604
ambient,CFTR,1,0.9997016019871817
ambient,GLYATL1,1,0.21957221314551145
outplane,CFTR,1,0.9998144393895605
outplane,AMY2A,2,0.9999702496002969
outplane,FXYD2,1,0.925735830528932
outplane,GATM,1,0.9999379630359393
outplane,PECAM1,1,0.0
outplane,GATA2,1,0.0
outplane,AMY2A,1,0.999949148539191
outplane,GATM,1,0.9998915786924268
ambient,RIDA,1,0.7581437451763224
ambient,KCNK3,1,0.9433208308998332
inplane,TCIM,1,0.0
inplane,FKBP11,1,0.9119504120821377
inplane,KLK11,1,0.9964403829072955
inplane,AMY2A,1,0.9999772808542495
inplane,AQP8,1,0.9998312025722819
outplane,SEMA3C,1,0.9000717803801579
outplane,ANPEP,1,0.9996920252916321
outplane,EHF,1,0.9984523310256262
outplane,AMY2A,1,0.9999787846296383
inplane,STC2,1,0.0
inplane,TCIM,1,0.0
inplane,C15orf48,1,0.9923145009338344
inplane,AMY2A,1,0.9999409968904669
inplane,FKBP11,1,0.9235430597785981
inplane,AMY2A,2,0.9999723640437902
inplane,GATM,1,0.99994254837776
inplane,AQP8,1,0.9997990131111186
ambient,RIDA,1,0.6085272573815512
ambient,GLYATL1,1,0.24301928911635384
inplane,DPEP1,1,0.9124447578452318
inplane,AMY2A,3,0.9999393608058501
outplane,CFTR,1,0.9998831598180852
outplane,BAMBI,1,0.5692273160273289
outplane,AMY2A,1,0.9999809100242311
outplane,CD1A,1,0.17030405013042538
outplane,AQP8,1,0.9998572176602397
inplane,AMY2A,3,0.99997734455931
inplane,DIRAS3,1,0.9391829181441746
induction,AMY2A,11,0.9999789392230047
induction,GATM,7,0.9999564400753778
induction,AQP8,12,0.9998443282826628
inplane,CFTR,2,0.9998893909287386
inplane,AMY2A,3,0.9999810223534404
outplane,HAMP,1,0.8970601690254869
outplane,GATM,2,0.9999607212491831
outplane,AQP8,1,0.9998573668198875
ambient,DPEP1,1,0.979194077635461
ambient,HAMP,1,0.8910010346103749
ambient,UMOD,1,0.8560442330817734
ambient,CA4,1,0.8376006373907927
induction,AMY2A,6,0.9999548298796367
induction,GATM,6,0.9999037201202944
induction,AQP8,6,0.9996951267066222
ambient,CPA3,1,0.8279647067892122
ambient,AQP8,1,0.9998615541610445
ambient,COCH,1,0.8054491047482092
ambient,PROX1,1,0.8977586133532618
inplane,FBLN1,1,0.39669339892064537
inplane,ANPEP,1,0.9996644526754819
inplane,AMY2A,1,0.9999767966273726
inplane,KCNK3,1,0.9560970824183188
outplane,CFTR,1,0.9998636370801564
outplane,AMY2A,3,0.9999777943018101
outplane,GATM,1,0.9999541440229096
ambient,HAMP,1,0.8881041649269036
ambient,GATM,1,0.9999612952426675
induction,AMY2A,11,0.999980585288628
induction,GATM,10,0.99995995800635
induction,AQP8,9,0.9998551804827193
induction,AMY2A,11,0.9999777500846305
induction,GATM,7,0.9999538870624705
induction,AQP8,12,0.9998366012675411
induction,AMY2A,11,0.999975157175758
induction,GATM,11,0.9999485297757142
induction,AQP8,8,0.9998173781412047
outplane,MYLK,1,0.011801477375327663
outplane,CA4,1,0.876723807860015
outplane,AMY2A,1,0.9999814341291111
outplane,GATM,1,0.999961789118773
outplane,AQP8,1,0.9998605605211235
ambient,CA4,1,0.865269423713334
ambient,GATM,1,0.9999577281377817
outplane,RIDA,1,0.8848630795022234
outplane,AMY2A,3,0.9999778142426472
outplane,GPC1,1,0.625092328709193
outplane,CD93,2,0.0
outplane,CXCL6,2,0.9960498154195165
induction,AMY2A,8,0.9999801560635295
induction,GATM,12,0.9999590464266628
induction,AQP8,10,0.9998522869160924
induction,AMY2A,10,0.9999812216004116
induction,GATM,7,0.9999613381854302
induction,AQP8,13,0.9998591256520193
inplane,APCDD1,1,0.1692107586552356
inplane,CAVIN1,1,0.12374873920428386
inplane,AMY2A,3,0.9999689134190879
inplane,FXYD2,1,0.9095960660172642
outplane,MYC,1,0.5111833433681684
outplane,CFTR,1,0.9997366124604526
outplane,AMY2A,2,0.9999586183166472
ambient,AMY2A,1,0.9999796002151325
ambient,HAMP,1,0.8688701157120161
ambient,FKBP11,1,0.9238073033680664
ambient,AQP3,1,0.8559175535106254
induction,AMY2A,8,0.9999811871098576
induction,GATM,11,0.9999612527116115
induction,AQP8,11,0.9998590386574063
induction,AMY2A,8,0.9999645135616324
induction,GATM,11,0.9999249574416965
induction,AQP8,5,0.9997549398157419
outplane,VCAN,1,0.9996221341182844
outplane,CFB,1,0.6659423923215702
outplane,TCIM,1,0.0
outplane,FXYD2,1,0.9350388288892127
ambient,CFTR,1,0.9998423064852842
ambient,AQP3,1,0.8819148923948534
induction,AMY2A,11,0.9999797521236024
induction,GATM,10,0.9999581554295353
induction,AQP8,9,0.9998499450479071
ambient,AMY2A,1,0.9999788999709327
ambient,KCNK3,1,0.9726302237375369
inplane,AMY2A,6,0.9999485920884038
ambient,AQP3,1,0.6708816204106944
ambient,GLYATL1,1,0.24119466479373908
ambient,FKBP11,1,0.9336837083053512
ambient,UMOD,1,0.8684151019751392
ambient,RIDA,1,0.5473991898355903
ambient,UMOD,1,0.6252665537735125
outplane,EDN1,3,0.1675307936838044
outplane,CFTR,1,0.9998135120525796
inplane,MYC,1,0.7156836499103304
inplane,GATM,1,0.9999498085307623
inplane,AQP8,2,0.9998244824765021
outplane,LAMP3,1,0.6592545628789384
outplane,TNC,1,0.9950066401998665
outplane,DST,1,0.38199618066588814
outplane,AMY2A,2,0.9999641384124281
outplane,SCGN,1,0.9895610078699002
induction,AMY2A,7,0.9999800547675143
induction,GATM,12,0.9999588512135918
induction,AQP8,11,0.9998513715661392
induction,AMY2A,12,0.9999821319804965
induction,GATM,7,0.9999631721432407
induction,AQP8,11,0.9998664318935838
outplane,RAPGEF3,1,0.0
outplane,AMY2A,4,0.9999752914032813
outplane,GATM,1,0.9999489427610389
outplane,GNG11,1,0.0
outplane,GPR183,1,0.7020650364296092
outplane,MALL,1,0.11029999752373965
outplane,GATM,1,0.9999411426656936
outplane,EHF,1,0.9988597671466659
outplane,AMY2A,2,0.9999759162387747
outplane,RBP5,1,0.0
outplane,GATM,1,0.9999501010011851
induction,AMY2A,5,0.9999608884885685
induction,GATM,10,0.9999174474847274
induction,AQP8,9,0.9997284147940544
induction,AMY2A,13,0.9999785100897964
induction,GATM,9,0.9999556138312602
induction,AQP8,8,0.9998404514076094
induction,AMY2A,13,0.9999790207304773
induction,GATM,12,0.9999566581216557
induction,AQP8,5,0.9998443621213788
ambient,HAMP,2,0.7161812765067718
induction,AMY2A,16,0.9999718204083127
induction,GATM,5,0.9999412441883134
induction,AQP8,9,0.9997969449604293
inplane,AMY2A,4,0.9999671155061611
inplane,AQP8,1,0.9997649963511438
induction,AMY2A,10,0.9999731106399603
induction,AQP8,20,0.9998071442755965
ambient,HAMP,1,0.8472155441944891
ambient,PROX1,1,0.8458416944624978
inplane,DST,1,0.5988337612050361
inplane,EPCAM,1,0.999416418618943
inplane,CFTR,1,0.9998693834397332
inplane,GATM,1,0.9999542275312481
induction,AMY2A,7,0.9999809638669371
induction,GATM,7,0.9999607650967233
induction,AQP8,16,0.9998576950193017
ambient,AMY2A,1,0.9999744241727293
ambient,PROX1,1,0.8454601812803367
inplane,THBS2,1,0.9976740683220308
inplane,ACTA2,1,0.11923203432321916
inplane,AMY2A,1,0.9999803398378062
inplane,EDNRB,1,0.0
outplane,CFB,1,0.7742531565815456
outplane,GPR183,1,0.589758183997301
outplane,AMY2A,2,0.9999772822941472
ambient,CFTR,2,0.9998825450542749
induction,AMY2A,8,0.9999777904129303
induction,GATM,8,0.9999539583195647
induction,AQP8,14,0.9998370357867498
inplane,NTN4,1,0.7632423708139789
inplane,DST,1,0.5071580616749741
inplane,CFTR,1,0.9998669075468605
inplane,AMY2A,1,0.9999770207300711
outplane,ADGRL4,1,0.0
outplane,AMY2A,2,0.9999795265804534
outplane,GATM,1,0.9999577676081565
outplane,FKBP11,1,0.9567049628248151
outplane,PPP1R1A,1,0.972210841931883
outplane,AMY2A,2,0.9999811110618841
outplane,CHGA,1,0.970790975411655
outplane,GATM,1,0.999961042509773
inplane,TCIM,1,0.0
inplane,KCNK3,1,0.9616021973237371
inplane,GATM,2,0.9999578057914345
ambient,ANPEP,1,0.9994757200410308
ambient,PROX1,1,0.7498789487775761
inplane,RIDA,1,0.8537814486627289
inplane,AMY2A,2,0.9999815064272681
inplane,GATM,1,0.9999619172428348
outplane,CFTR,1,0.9997996276782809
outplane,AMY2A,1,0.9999650330950532
outplane,FOXP3,1,0.9127298358703966
outplane,GATM,1,0.999926845593285
outplane,AMY2A,2,0.9999480122955339
outplane,GATM,2,0.9998892835789143
ambient,KLK11,1,0.9930816471368553
ambient,GLYATL1,1,0.40132512686740474
induction,AMY2A,7,0.9999587439806993
induction,GATM,8,0.9999128759325219
induction,AQP8,9,0.9997139659822596
outplane,STC2,1,0.0
outplane,MDM2,1,0.5398665251278567
outplane,AMY2A,1,0.9999780891109445
outplane,CXCL2,1,0.5263751233925407
outplane,GATM,1,0.9999547526213649
ambient,RIDA,1,0.6735332117048878
ambient,PROX1,1,0.655406650289535
induction,AMY2A,10,0.9999814622832105
induction,GATM,12,0.9999618647261654
induction,AQP8,8,0.9998605608662997
induction,AMY2A,10,0.9999751938245376
induction,GATM,7,0.9999485738078316
induction,AQP8,13,0.9998180061926889
induction,AMY2A,5,0.9999545480589914
induction,GATM,7,0.999903224593787
induction,AQP8,6,0.9996922769546557
induction,AMY2A,12,0.9999711249373284
induction,GATM,11,0.9999398266125117
induction,AQP8,7,0.9997915864011743
induction,AMY2A,8,0.9999718919856969
induction,GATM,9,0.9999413895417515
induction,AQP8,13,0.9997975021756338
inplane,NPDC1,1,0.0
inplane,FKBP11,1,0.8170282159251983
inplane,DST,1,0.44735028510834507
inplane,PRF1,1,0.3255699315795042
inplane,AMY2A,2,0.9999396115946356
ambient,AMY2A,1,0.9999780990930195
ambient,GLYATL1,1,0.38802406595120265
outplane,COL5A2,1,3.171241047539297e-12
outplane,MYC,1,0.694190811954847
outplane,RIDA,1,0.8257992388190709
outplane,AMY2A,1,0.9999791245119932
outplane,GATM,1,0.9999569391506999
ambient,PROX1,1,0.9063799677293626
ambient,AQP8,1,0.9998518129335496
outplane,PECAM1,1,0.0
outplane,RAPGEF3,1,0.0
outplane,CFTR,1,0.9998290909943361
outplane,AMY2A,2,0.9999702590839261
ambient,AMY2A,1,0.9999734489644214
ambient,CPA3,1,0.7972232635542839
inplane,MMRN2,1,0.0
inplane,CFTR,1,0.999838105149014
inplane,AMY2A,2,0.9999732074796547
inplane,MZB1,1,0.915850800703447
ambient,UMOD,1,0.8949454707044472
ambient,PEBP4,1,0.7948241421057036
outplane,CAVIN1,3,0.41941863804770685
outplane,ANPEP,1,0.9988935239090474
ambient,CA4,1,0.7915943065331464
ambient,PEBP4,1,0.6600559646567168
induction,AMY2A,5,0.9999802154881352
induction,GATM,13,0.9999591703446814
induction,AQP8,12,0.9998527142726262
induction,AMY2A,4,0.9999427511384497
induction,GATM,3,0.999876787659718
induction,AQP8,5,0.9996239146882979
induction,AMY2A,10,0.9999759008177186
induction,GATM,8,0.9999498965205025
induction,AQP8,12,0.9998247766355863
outplane,FKBP11,1,0.8479858180825945
outplane,ANPEP,1,0.9994744106448907
outplane,AMY2A,1,0.9999669961612218
outplane,KCNK3,1,0.9420278390136272
outplane,TCL1A,1,0.18575917613066573
inplane,APOLD1,1,0.0
inplane,TENT5C,1,0.9971357374023401
inplane,SCGN,2,0.9900252026205856
induction,AMY2A,7,0.9999722942886881
induction,GATM,10,0.9999421889150242
induction,AQP8,13,0.9998008208457903
inplane,CFB,1,0.8948414297370133
inplane,C15orf48,1,0.9953015507198549
inplane,TENT5C,1,0.997228362579472
inplane,AMY2A,3,0.9999772597735485
outplane,PDPN,1,0.4766625126590994
outplane,TNC,1,0.9952326884488045
outplane,PLA2G7,1,0.993921600595727
outplane,AMY2A,1,0.999972491857668
outplane,EHF,1,0.9964607190219815
outplane,AMY2A,2,0.9999371194719837
outplane,LYVE1,1,0.0
induction,AMY2A,3,0.9999523837902329
induction,GATM,9,0.9998986644061603
induction,AQP8,6,0.9996771956778575
inplane,TCIM,1,0.0
inplane,CD163,1,0.9962209669913802
inplane,C1orf162,1,0.5364163535077222
inplane,KCNK3,1,0.8073239542306546
ambient,AQP3,1,0.6289908530583666
ambient,GLYATL1,1,0.18673301599503567
induction,AMY2A,14,0.9999805038068514
induction,GATM,9,0.9999597788091567
induction,AQP8,7,0.9998547032075461
outplane,MET,1,0.39417361465792866
outplane,AMY2A,3,0.999969888371536
outplane,GATM,1,0.999937049031356
inplane,AMY2A,3,0.9999754004454998
inplane,DUSP2,1,0.5954253949846506
inplane,ADH1C,1,0.6122821525916045
ambient,PROX1,1,0.798581000301114
ambient,AQP8,1,0.9997824818251393
outplane,CFB,2,0.7336633057688563
outplane,AMY2A,1,0.9999736297781329
outplane,AGR3,1,0.6771348587783865
inplane,EPCAM,1,0.9986580981925435
inplane,AMY2A,2,0.9999457691031793
inplane,GATM,2,0.99988332621359
inplane,SMYD2,1,0.6455825513815548
inplane,AMY2A,1,0.9999701801157951
inplane,GATM,2,0.9999378431643781
inplane,AQP8,1,0.9997849246186071
inplane,CFTR,1,0.9998439379885589
inplane,AMY2A,2,0.9999709062314809
inplane,CXCL2,1,0.6907417401618564
ambient,DPEP1,1,0.9314643022667323
ambient,PROX1,1,0.67559232739883
outplane,FKBP11,1,0.870422486972931
outplane,UMOD,1,0.7731842871879191
outplane,PLIN4,1,0.335032716139131
outplane,SPIB,1,0.7335671964654282
ambient,RIDA,1,0.7990760860079467
ambient,PEBP4,1,0.7125033950962718
outplane,MCF2L,1,0.0
outplane,CXCR4,1,0.3975898407763314
outplane,PTPRC,1,0.9977057698920486
outplane,AMY2A,2,0.9999771364965687
outplane,GATM,1,0.9999527245023182
induction,AMY2A,11,0.9999742981385134
induction,GATM,7,0.9999465260268007
induction,AQP8,12,0.9998135463430383
ambient,KCNK3,1,0.9707043524602699
ambient,GATM,1,0.9999585649562733
inplane,PECAM1,1,0.0
inplane,SMYD2,1,0.800362760937228
inplane,CFTR,1,0.9998588809396217
inplane,AMY2A,3,0.9999765968502873
inplane,GATM,2,0.9999515368615765
induction,AMY2A,9,0.9999753334737085
induction,GATM,10,0.9999487008615976
induction,AQP8,11,0.9998208288483862
induction,AMY2A,10,0.9999743454288252
induction,GATM,12,0.9999465082167366
induction,AQP8,8,0.9998151433026283
outplane,AMY2A,3,0.9999755241011256
outplane,GATM,1,0.9999494194431892
outplane,AQP8,1,0.9998185994585335
outplane,ANPEP,1,0.999624491740305
outplane,AMY2A,1,0.9999740786262473
outplane,CXCL2,1,0.6374042648585434
outplane,GATM,1,0.9999463040646024
inplane,ECSCR,1,0.0
inplane,MEDAG,1,2.6416202558721125e-11
inplane,DST,1,0.48572606078568437
inplane,CFTR,1,0.9998835357079374
outplane,STC2,1,0.0
outplane,ACTA2,1,0.35149228115729436
outplane,TCIM,1,0.0
outplane,AMY2A,1,0.9999740444116088
outplane,GATM,1,0.9999462284172811
outplane,CFTR,1,0.9998535434049496
outplane,AMY2A,2,0.9999746321550282
outplane,GPC3,1,0.8650500185827508
outplane,GATM,1,0.9999473457155231
outplane,AQP8,1,0.9998145971508331
outplane,CD68,1,0.5995103763353299
outplane,AMY2A,2,0.9999817732047857
outplane,GATM,1,0.9999624724712199
outplane,AMY2A,3,0.9999807908224047
outplane,GATM,2,0.9999604458242691
ambient,DPEP1,1,0.9152847723027293
ambient,KCNK3,1,0.8701684707214421
induction,AMY2A,5,0.9999630728324448
induction,GATM,10,0.9999220310625285
induction,AQP8,9,0.9997438379076375
inplane,CFTR,1,0.9998620464400007
inplane,AMY2A,3,0.999976682576755
inplane,GATM,1,0.9999517278976215
inplane,TSPAN19,1,0.3400718128588789
outplane,NTN4,1,0.7764206362654907
outplane,MDM2,1,0.654743353256357
outplane,EPCAM,1,0.999355030856749
outplane,GATM,2,0.999942982574365
inplane,VCAN,1,0.9996453737071914
inplane,MFAP5,1,0.8120484938534799
inplane,DST,1,0.4666971006886431
inplane,LILRA4,1,0.28440625604319236
outplane,ANPEP,2,0.999551050787872
outplane,GATM,2,0.9999353312320761
ambient,KLK11,1,0.995499029779434
ambient,AQP3,1,0.816602248466427
ambient,CFTR,1,0.9998699420145736
ambient,DIRAS3,1,0.9159328279244304
outplane,CFB,1,0.8758203000440294
outplane,EHF,1,0.9983493420846962
outplane,AMY2A,2,0.9999740046645652
induction,AMY2A,14,0.9999782073865181
induction,GATM,7,0.999954932901126
induction,AQP8,9,0.9998388458691204
inplane,TNC,1,0.9955178491790548
inplane,FCGR3A,1,0.7614124226754051
inplane,MET,1,0.3180410562368905
inplane,ANPEP,1,0.9996265036933191
inplane,AMY2A,3,0.9999743518383847
inplane,GATM,1,0.9999468686997813
induction,AMY2A,8,0.9999762097325702
induction,GATM,13,0.9999506987780791
induction,AQP8,9,0.9998252458105432
ambient,CFTR,1,0.9997892351964435
ambient,GLYATL1,1,0.29122361238587835
inplane,DPEP1,1,0.9703794887196229
inplane,MYC,1,0.6476493379497206
inplane,AMY2A,1,0.9999706752448719
inplane,GATM,1,0.9999388705572413
inplane,PPP1R1A,1,0.9655249201334886
inplane,AMY2A,2,0.9999717120150187
inplane,GATM,1,0.9999414072250615
induction,AMY2A,9,0.9999788566408965
induction,GATM,11,0.9999562670325052
induction,AQP8,10,0.9998437435996369
ambient,CFTR,1,0.9998504357556203
ambient,UMOD,1,0.8019907020436714
ambient,CA4,1,0.8166782304220628
ambient,GLYATL1,1,0.42715215497840675
inplane,CFTR,1,0.9996809371184896
inplane,AMY2A,2,0.9999480495355714
inplane,GATM,1,0.999889336120265
induction,AMY2A,7,0.9999534115090281
induction,GATM,7,0.9999008584163442
induction,AQP8,4,0.9996840977373929
ambient,CFTR,1,0.9998516217270654
ambient,CPA3,1,0.7984618756449217
ambient,CPA3,1,0.7697880148923151
ambient,PEBP4,1,0.7123846202022452
outplane,MMRN2,1,0.0
outplane,CFTR,2,0.999828318160975
outplane,AMY2A,1,0.9999698758406694
outplane,GATM,1,0.9999374071416026
inplane,TCIM,1,0.0
inplane,AMY2A,2,0.9999795830623789
inplane,AQP8,1,0.9998478665728692
ambient,AQP3,2,0.9012502437880818
inplane,CFB,1,0.8231955433640722
inplane,SLC4A1,1,0.09840227968753001
inplane,AMY2A,1,0.9999799377928925
inplane,GATM,1,0.9999586656139448
inplane,AQP8,1,0.999849845181155
induction,AMY2A,7,0.9999684490983648
induction,GATM,13,0.9999340554487203
induction,AQP8,10,0.9997743475603644
ambient,CA4,1,0.7474218942402413
ambient,AMY2A,1,0.9999519237522585
inplane,C15orf48,1,0.9953672802147182
inplane,SMYD2,1,0.5165320417666142
inplane,GATM,2,0.9998672377578409
inplane,MCF2L,1,0.0
inplane,VWA5A,1,0.7234392545231288
inplane,MS4A6A,1,0.42653808302012874
inplane,CFTR,1,0.9998797896622695
inplane,AMY2A,1,0.999978082240572
outplane,EDN1,1,0.22623001749160987
outplane,CCL5,1,0.18447533266505445
outplane,AMY2A,1,0.9999556043928188
outplane,GATM,1,0.9998997502155487
outplane,AQP8,1,0.9996825903388984
outplane,MEDAG,1,0.35480514416538755
outplane,RND1,1,0.10404675056321921
outplane,FXYD2,1,0.9491280678386976
outplane,EGFR,1,0.7824538772882776
outplane,AMY2A,2,0.9999770731591798
outplane,KCNK3,1,0.9523224798059876
outplane,AQP8,1,0.9998303810519357
induction,AMY2A,7,0.9999709610795592
induction,GATM,15,0.9999394428430811
induction,AQP8,8,0.999790857224121
outplane,CFTR,1,0.9998283717512384
outplane,AMY2A,3,0.9999702733303298
outplane,GATM,1,0.9999379882211352
inplane,CLEC14A,1,0.0
inplane,CFTR,1,0.9998418064272988
inplane,AMY2A,2,0.9999726004240953
induction,AMY2A,8,0.9999817510358717
induction,GATM,10,0.9999624295258606
induction,AQP8,12,0.9998630810839485
ambient,KCNK3,1,0.9610664614135674
ambient,DIRAS3,1,0.941309205522164
inplane,TCF4,1,0.0
inplane,APOLD1,1,0.0
inplane,CFTR,1,0.9998640093378509
inplane,SPI1,1,0.5038599758495192
outplane,BCL2L11,1,0.29782056233001153
outplane,AMY2A,3,0.9999776873274286
outplane,GATM,1,0.999953894209288
induction,AMY2A,5,0.9999770476046546
induction,GATM,12,0.9999525432402423
induction,AQP8,13,0.9998301708650482
ambient,RIDA,1,0.5331517877387195
ambient,UMOD,1,0.5168631525537076
inplane,ACTA2,1,0.11772327412830574
inplane,AMY2A,2,0.9999638078706655
inplane,GATM,1,0.9999242911893903
inplane,ASPN,1,0.21964089194261427
inplane,CFTR,1,0.9997957553061426
inplane,AMY2A,2,0.9999574736097219
inplane,GATM,1,0.999910180983188
ambient,ANPEP,1,0.9993023823672003
ambient,KLK11,1,0.9927297212742707
ambient,COCH,1,0.4993790440644694
ambient,GLYATL1,1,0.2278284725526586
induction,AMY2A,8,0.9999688751433261
induction,GATM,9,0.9999348635654707
induction,AQP8,13,0.9997782529904948
induction,AMY2A,2,0.9999435105758865
induction,GATM,2,0.9998772891920847
induction,AQP8,8,0.999629775119781
ambient,DPEP1,1,0.8702302182804553
ambient,KCNK3,1,0.8397303320358562
outplane,BANK1,1,0.40603119997225134
outplane,AMY2A,4,0.9999369029034657
inplane,AMY2A,3,0.9999423480804861
inplane,GATM,2,0.9998758492242321
outplane,AMY2A,2,0.9999429337107253
outplane,GATM,1,0.9998772277136453
outplane,AQP8,1,0.9996247197525493
ambient,CPA3,1,0.5921676455857777
ambient,DIRAS3,1,0.8820547841377159
outplane,CFB,1,0.8590339777373384
outplane,EDN1,1,0.21675338906271135
outplane,EPCAM,1,0.9993377966947317
outplane,CFTR,1,0.9998054640857565
outplane,EHF,1,0.9983057440543542
inplane,MDM2,1,0.5931988638001384
inplane,AMY2A,2,0.999939367595402
inplane,GATM,1,0.9998695070468087
inplane,AQP3,1,0.7444262959318648
outplane,ACTG2,2,0.3642876822798409
outplane,AMY2A,2,0.9999328249114631
outplane,CD83,1,0.6240498523994
outplane,EPCAM,1,0.9991725816589023
outplane,CFTR,2,0.9996529091487647
inplane,SLAMF7,1,0.9803389034990241
inplane,AMY2A,2,0.9999369178099279
inplane,CD2,1,0.6633377814447687
ambient,PROX1,1,0.6421792236364934
ambient,GATM,1,0.9998893225634565
inplane,AMY2A,4,0.9999430702557108
inplane,CXCL2,1,0.3903289524849719
induction,AMY2A,3,0.999942449354834
induction,GATM,5,0.9998761387726344
induction,AQP8,4,0.9996219280118137
outplane,MET,1,0.3391300722344719
outplane,CFTR,1,0.9997282420566463
outplane,AMY2A,2,0.9999379366036097
outplane,GATM,1,0.9998657963783033
inplane,BCL2L11,1,0.23969442930979035
inplane,FKBP11,1,0.7493029857989721
inplane,AMY2A,3,0.9999415262062211
inplane,GATM,1,0.9998732289579726
outplane,KLK11,1,0.992339628564964
outplane,AMY2A,1,0.9999498225757917
outplane,KCNK3,1,0.8489848183544345
outplane,PROX1,1,0.6571384494942742
outplane,GATM,2,0.9998932053524795
induction,AMY2A,4,0.9999462903401932
induction,GATM,2,0.999884135799957
induction,AQP8,6,0.9996493793298852
ambient,ANPEP,1,0.9990618443902369
ambient,KCNK3,1,0.9374095558275577
outplane,AMY2A,1,0.9999442161316949
outplane,GATM,3,0.9998810763822767
induction,AMY2A,4,0.9999437405075486
induction,GATM,4,0.999878580433443
induction,AQP8,4,0.9996331904909996
ambient,DPEP1,1,0.9154431746375874
ambient,ANPEP,1,0.9989478795683094
outplane,CFB,1,0.7881325282543534
outplane,TFPI,1,0.0
outplane,AMY2A,1,0.9999382398677218
outplane,EGFR,1,0.7220782555493099
ambient,RIDA,1,0.588980813645773
ambient,PROX1,1,0.6070570589909083
ambient,CA4,1,0.7018376260526741
ambient,GATM,1,0.9999049326800192
inplane,CFB,1,0.8248267144175289
inplane,CFTR,1,0.9997129511033241
inplane,AMY2A,1,0.999948024032178
inplane,GATM,1,0.99988920457441
outplane,CD68,1,0.76100914201234
outplane,ANPEP,1,0.999407565704277
outplane,AMY2A,1,0.9999602821757095
outplane,GATM,1,0.9999169379526482
inplane,AMY2A,2,0.9999428663206474
inplane,AQP8,1,0.99962423321506
inplane,DIRAS3,1,0.8248595979029947
ambient,RIDA,1,0.6754678260609099
ambient,PEBP4,1,0.48337274254436724
ambient,HAMP,1,0.6456770545209063
ambient,DIRAS3,1,0.8282809161978109
inplane,VCAN,1,0.9996964748442435
inplane,FHL2,1,0.353106269005375
inplane,CFTR,3,0.9995580026778642
ambient,CFTR,1,0.9996771950728534
ambient,AQP8,1,0.9995588037657092
inplane,AMY2A,1,0.9999572789083786
inplane,GATM,1,0.9999097241561615
inplane,AQP8,2,0.9997043694299381
outplane,DST,1,0.5673360312232935
outplane,MYC,1,0.545033248768255
outplane,AMY2A,1,0.9999516189048488
outplane,COCH,1,0.6653190844587686
outplane,AQP8,1,0.9996727020395355
outplane,FHL2,1,0.4994101943509024
outplane,ACTG2,1,0.7381335015050172
outplane,EPCAM,1,0.9991540313334645
outplane,ANPEP,1,0.9990526060547038
outplane,KLRB1,1,0.7497344945959004
outplane,CXCL10,1,0.7911764871002929
outplane,GATM,2,0.9998845550450799
outplane,AQP8,1,0.9996361988448625
outplane,CAVIN1,1,0.11227814148057813
outplane,PRDM1,1,0.17601762882823246
outplane,CYTIP,1,0.6972072547780838
outplane,TMEM52B,1,0.49488403595824226
outplane,CFTR,1,0.9997756086985156
outplane,AMY2A,1,0.9999344709976721
outplane,GATM,1,0.9998589854892438
ambient,DPEP1,1,0.9242248980203971
ambient,AQP3,1,0.6829116504829824
inplane,AMY2A,1,0.9999375890552781
inplane,GPC3,1,0.6561682613319602
inplane,PROX1,1,0.6022777411053644
inplane,GATM,1,0.9998656829606437
outplane,FSTL3,1,0.8288278171931348
outplane,CFTR,1,0.9998030897781488
outplane,AMY2A,1,0.9999653870959521
outplane,CSF3,1,0.11767664415675017
inplane,AMY2A,2,0.9999424411187868
inplane,PROX1,1,0.6165863395006469
inplane,GLYATL1,1,0.2253490503899691
inplane,CFTR,1,0.999764612773667
inplane,AMY2A,3,0.9999587146188403
ambient,CPA3,1,0.608959524445713
ambient,DIRAS3,1,0.8148146312373844
outplane,EPCAM,2,0.9994236282199502
outplane,AMY2A,1,0.9999499065104671
outplane,KCNK3,1,0.8738918652613086
outplane,GATM,1,0.9998933427766727
ambient,AMY2A,1,0.999949902760521
ambient,AQP8,1,0.9996615725238392
inplane,NTN4,1,0.6323173244771317
inplane,RIDA,1,0.58948105122824
inplane,AMY2A,1,0.9999474331134869
inplane,MMRN1,1,0.010023035166070615
inplane,TFPI,2,0.0
inplane,CXCL6,1,0.9990599329287786
inplane,PROX1,1,0.6555891360457691
inplane,AMY2A,2,0.9999483371851233
inplane,GATM,1,0.9998898594754961
inplane,AQP8,1,0.9996515177963144
inplane,CFTR,1,0.9998222354732629
inplane,AMY2A,2,0.9999705489091437
inplane,GATM,1,0.9999388056154237
inplane,NTN4,1,0.5765826065538928
inplane,KCNMA1,1,0.3814547911424726
inplane,AMY2A,2,0.9999479020606147
inplane,NTN4,1,0.5202590357038095
inplane,BAMBI,1,0.45175535329137173
inplane,TFPI,1,0.0
inplane,AMY2A,1,0.9999569244170876
induction,AMY2A,9,0.9999685045746376
induction,GATM,14,0.9999341493227426
induction,AQP8,7,0.9997749754033528
induction,AMY2A,12,0.9999696061253234
induction,GATM,10,0.999936613048327
induction,AQP8,8,0.999781146339048
inplane,DPEP1,1,0.9385296307534506
inplane,ANPEP,1,0.9994488368503972
inplane,TENT5C,1,0.9953561036458582
inplane,GATM,1,0.9999220164485696
outplane,AMY2A,2,0.999948326519064
outplane,GPC3,1,0.5995894159450381
outplane,GATM,1,0.9998899402866901
inplane,AMY2A,3,0.9999558975197881
inplane,GATM,1,0.9999068699742231
outplane,AMY2A,6,0.9999675390643666
outplane,FKBP11,1,0.7747457525083016
outplane,AMY2A,2,0.9999477304645439
outplane,GATM,2,0.9998886880023584
outplane,DST,1,0.4154190003372422
outplane,EPCAM,1,0.9991758923139896
outplane,BAMBI,1,0.5932940453961388
outplane,AMY2A,1,0.9999547278428265
inplane,TENT5C,1,0.9928216895462613
inplane,AMY2A,4,0.99994066951429
outplane,TCIM,1,0.0
outplane,EPCAM,2,0.9992281050217273
outplane,AMY2A,2,0.9999511480097538
outplane,AQP8,1,0.9996700798352592
outplane,THAP2,1,0.33514968723113714
outplane,CFTR,1,0.9996874344361687
outplane,IGSF6,1,0.6991535145693468
outplane,AMY2A,1,0.9999424594526563
outplane,GATM,1,0.9998775244807011
inplane,LAMP3,1,0.625532185822278
inplane,NTN4,1,0.3834450171131547
inplane,AMY2A,1,0.9999307844558541
inplane,SST,1,0.9927397947963322
inplane,GATM,2,0.9998509219950814
ambient,RIDA,1,0.5122754367120381
ambient,AQP8,1,0.9996016674580577
inplane,SFRP2,1,0.9997176445571188
inplane,PPARG,1,0.08813847670512953
inplane,CFTR,1,0.9997992974319523
inplane,AMY2A,2,0.9999668989030517
inplane,GATM,1,0.9999307577414237
inplane,CRISPLD2,1,0.47926756049974173
inplane,FKBP11,1,0.8726671025672539
inplane,MDM2,2,0.5424308877365314
inplane,AMY2A,1,0.999966562311674
inplane,GATM,1,0.9999300717163604
inplane,EPCAM,1,0.9993553884295785
inplane,AMY2A,2,0.9999647811776542
inplane,GATM,1,0.9999262083036302
ambient,AQP3,1,0.727349488191638
ambient,PEBP4,1,0.5376335031295715
ambient,FKBP11,1,0.8010442809135914
ambient,UMOD,1,0.636963671723548
ambient,KCNK3,1,0.8448657498318802
ambient,PEBP4,1,0.4268919237435064
ambient,RIDA,1,0.6010183419072423
ambient,KLK11,1,0.9905166872709547
outplane,ANPEP,1,0.9990198923853865
outplane,EHF,1,0.9976937487989088
outplane,AMY2A,2,0.9999378324905505
outplane,MLPH,1,0.4969784298489145
outplane,GATM,1,0.9998660060892104
inplane,CFTR,1,0.9996830930084274
inplane,IL1R2,1,0.44508215878711643
inplane,AMY2A,2,0.9999416077274265
inplane,GATM,2,0.9998743679188736
inplane,AMY2A,2,0.999941057537464
inplane,GPC3,1,0.6115709118476124
inplane,AQP8,1,0.9996133696581732
inplane,MS4A6A,1,0.9239481845943824
inplane,CXCR4,2,0.6558227265604033
inplane,MYC,1,0.487959624283528
inplane,ADAM28,1,0.7981762704840566
inplane,FCER1A,1,0.9306111399274934
inplane,AMY2A,2,0.9999483924965772
outplane,NTN4,1,0.5733887338485215
outplane,TM4SF18,1,0.0
outplane,AMY2A,1,0.9999359581060954
outplane,GATM,1,0.9998622036035226
inplane,SLC26A2,1,0.17008315501522853
inplane,ANPEP,1,0.9990243993873217
inplane,CFTR,1,0.9996277926572228
inplane,AMY2A,1,0.9999396744131605
inplane,AMY2A,2,0.9999563599320249
inplane,GATM,2,0.9999078063016451
outplane,PTGDS,1,0.5904188570183966
outplane,FBN1,1,0.3165260833213114
outplane,DPT,2,0.9587554681335607
ambient,CPA3,1,0.656073438742973
ambient,HAMP,1,0.7336295809643204
outplane,MYC,1,0.38550865276734325
outplane,CFTR,1,0.9996228557099772
outplane,AMY2A,2,0.9999384089904763
outplane,GATM,1,0.9998674614806713
induction,AMY2A,6,0.9999430426225474
induction,GATM,2,0.9998773765549668
induction,AQP8,4,0.9996261489840872
induction,AMY2A,6,0.9999486640557048
induction,GATM,2,0.9998897655219768
induction,AQP8,4,0.9996606205914915
ambient,KCNK3,1,0.8606023077960452
ambient,GLYATL1,1,0.3264529662761043
induction,AMY2A,2,0.9999453507948888
induction,GATM,5,0.9998823146240488
induction,AQP8,5,0.9996415513228742
ambient,CFTR,1,0.9998424143344283
ambient,PROX1,1,0.7768040941669013
induction,AMY2A,9,0.9999756007045799
induction,GATM,13,0.9999492650822592
induction,AQP8,8,0.9998226770090197
inplane,MS4A6A,1,0.7384466883848398
inplane,MYLK,1,0.012226657552651177
inplane,CFTR,2,0.9998665750434844
inplane,AMY2A,1,0.9999782576837777
inplane,GATM,2,0.9999551204243583
induction,AMY2A,12,0.9999810203722481
induction,GATM,7,0.9999608811169862
induction,AQP8,11,0.9998581225468609
induction,AMY2A,9,0.9999797636833634
induction,GATM,5,0.9999581990544231
induction,AQP8,16,0.9998498029598003
inplane,CFTR,1,0.9998737641004866
inplane,AMY2A,4,0.9999793499487171
inplane,GATM,1,0.99995747765884
outplane,MYC,4,0.7476126073478071
outplane,GATM,2,0.9999612602642823
inplane,AMY2A,3,0.9999787684002295
inplane,COCH,1,0.8064351529486435
outplane,CFTR,1,0.9996484583037332
outplane,AMY2A,3,0.9999462539178102
outplane,GATM,1,0.9998845875571989
outplane,GLIPR1,3,0.6020780401724115
outplane,GATM,1,0.9998685752244373
induction,AMY2A,13,0.9999723959449519
induction,GATM,11,0.9999424614912384
induction,AQP8,6,0.9998009059632373
outplane,INMT,1,0.0854132547876818
outplane,AMY2A,3,0.9999806297581261
outplane,CA4,1,0.7739850375636481
outplane,AMY2A,1,0.9999515405115542
outplane,CXCL2,1,0.44944142576769186
outplane,GATM,2,0.9998968694823319
outplane,FKBP11,1,0.9338257328195791
outplane,AMY2A,3,0.9999808256197033
outplane,GATM,1,0.9999604930890638
outplane,NTN4,1,0.7783037074697261
outplane,DPEP1,1,0.9790152664696687
outplane,AMY2A,2,0.9999757234409273
induction,AMY2A,9,0.9999719882041096
induction,GATM,10,0.9999415414427462
induction,AQP8,11,0.9997987143743615
inplane,GDF15,1,0.8881457250176822
inplane,AMY2A,3,0.999969329529427
inplane,GATM,2,0.9999347059817792
ambient,AQP3,1,0.7915665190454027
ambient,GLYATL1,1,0.28688797712831693
outplane,MYC,1,0.6410756523783894
outplane,IL2RA,1,0.070322385646448
outplane,AMY2A,2,0.9999752458265307
induction,AMY2A,15,0.9999765150009622
induction,GATM,7,0.999951370954457
induction,AQP8,8,0.999827041012493
inplane,CTLA4,1,0.24556077756518935
inplane,AMY2A,1,0.9999791015741363
inplane,GATM,2,0.9999568996156537
outplane,FKBP11,1,0.7875658136731958
outplane,CFTR,1,0.9996347495284916
outplane,AMY2A,3,0.9999443484239943
ambient,AMY2A,1,0.9999761078535615
ambient,PROX1,1,0.8117299301606059
ambient,UMOD,1,0.6382723367696281
ambient,GLYATL1,1,0.21052370234443074
ambient,KCNK3,1,0.8337785739711391
ambient,HAMP,1,0.6922078568892998
ambient,DPEP1,1,0.9526321847075698
ambient,AMY2A,1,0.999966899734323
induction,AMY2A,8,0.9999821770060684
induction,GATM,12,0.9999633016298924
induction,AQP8,10,0.9998663344153811
inplane,MPEG1,1,0.6578089330734265
inplane,CFTR,1,0.9998750851833383
inplane,AMY2A,1,0.9999770666082359
inplane,FXYD2,1,0.9714578192785553
ambient,ANPEP,1,0.9996798713740662
ambient,CFTR,1,0.9998711180898271
induction,AMY2A,11,0.9999814705917692
induction,GATM,9,0.9999618379834473
induction,AQP8,10,0.9998611456426214
inplane,FKBP11,2,0.9494953789748954
inplane,GATM,1,0.9999619666434588
inplane,AQP8,1,0.999861446778946
outplane,TCIM,1,0.0
outplane,CRISPLD2,1,0.7150245517451477
outplane,PLIN4,1,0.6904253216425265
outplane,AMY2A,3,0.9999804734336741
outplane,OGN,1,0.9480169675492325
induction,AMY2A,12,0.9999790442428257
induction,GATM,11,0.9999567859761982
induction,AQP8,7,0.9998436138386569
ambient,KLK11,1,0.9919441939291636
ambient,GATM,1,0.9998961222284807
induction,AMY2A,6,0.9999766215142062
induction,GATM,9,0.9999516702290133
induction,AQP8,15,0.9998269272706093
induction,AMY2A,6,0.9999751639245346
induction,GATM,15,0.9999485430197542
induction,AQP8,9,0.9998174360636897
inplane,AMY2A,3,0.9999787854338839
inplane,GATM,1,0.9999561746812732
outplane,FKBP11,1,0.9385064920137205
outplane,EPCAM,1,0.9992463202977128
outplane,GATA2,1,0.0
outplane,DERL3,1,0.5371123952994535
outplane,AMY2A,2,0.9999777862149557
outplane,GATM,1,0.999954047805523
induction,AMY2A,7,0.9999802692200772
induction,GATM,9,0.9999592382329522
induction,AQP8,14,0.9998536130902381
ambient,CPA3,2,0.7325018328372337
induction,AMY2A,11,0.9999774600300367
induction,GATM,9,0.9999532917759508
induction,AQP8,10,0.999834405801395
induction,AMY2A,3,0.9999466563756578
induction,GATM,7,0.9998852173774377
induction,AQP8,2,0.9996493505545883
inplane,MYLK,1,0.13203300548390262
inplane,CRISPLD2,1,0.03705011187231999
inplane,EPCAM,1,0.9996956273728281
inplane,CFTR,2,0.9997943506814709
inplane,AMY2A,2,0.9999411740426039
inplane,FXYD2,1,0.9585698583194747
inplane,PROX1,1,0.7140453708286282
outplane,CFB,1,0.8382418941599417
outplane,PPP1R1B,2,0.9610078310087368
outplane,AMY2A,2,0.999977907754
outplane,FXYD2,1,0.959257215087726
induction,AMY2A,6,0.9999705782969514
induction,GATM,14,0.9999384484607932
induction,AQP8,10,0.9997901692309924
ambient,RIDA,1,0.7269694032357921
ambient,PROX1,1,0.7796343460729108
inplane,FBLN1,2,0.7864124221113273
inplane,APCDD1,1,0.23441441771215366
inplane,CFTR,2,0.9998266191483154
ambient,ANPEP,1,0.9995800068973052
ambient,GATM,1,0.9999402846032377
induction,AMY2A,9,0.9999787324057667
induction,GATM,12,0.9999560161327024
induction,AQP8,9,0.9998427562317678
outplane,ANPEP,1,0.9993169751051446
outplane,KCNK3,1,0.9680352777468282
outplane,CXCL2,2,0.49461620658190486
outplane,PROX1,1,0.8976713973219201
outplane,GATM,1,0.9999072599426627
inplane,MPEG1,1,0.3232182083846211
inplane,CFTR,1,0.999725917872157
inplane,CA4,1,0.6595326816523247
inplane,AMY2A,1,0.999956511697373
induction,AMY2A,12,0.9999805801232419
induction,GATM,9,0.9999599448393505
induction,AQP8,9,0.9998551713984989
inplane,CAVIN1,1,0.140933649096472
inplane,SMYD2,1,0.7867396553177816
inplane,AMY2A,1,0.9999763850046376
inplane,GPX2,1,0.9900410313682547
induction,AMY2A,10,0.9999772495425724
induction,GATM,5,0.9999528275282289
induction,AQP8,15,0.9998331749174664
inplane,BCL2L11,1,0.6683208107999656
inplane,AMY2A,3,0.9999790434519147
inplane,GATM,1,0.9999567150789243
inplane,AQP8,1,0.9998444148649811
induction,AMY2A,12,0.9999766881176434
induction,GATM,4,0.9999515609132894
induction,AQP8,14,0.9998301972121696
outplane,SOX2,1,0.34439152069773593
outplane,SEMA3C,1,0.7938997130311471
outplane,DST,1,0.49606183487137046
outplane,SCGN,1,0.9899931620648819
induction,AMY2A,8,0.9999787636525156
induction,GATM,14,0.9999560895388023
induction,AQP8,8,0.9998428865776192
outplane,FKBP11,1,0.8954307426575027
outplane,AMY2A,2,0.9999738217712068
outplane,AQP8,1,0.9998072646496129
inplane,AMY2A,2,0.9999702299131312
inplane,GATM,2,0.999937975253753
induction,AMY2A,12,0.9999827631037347
induction,GATM,10,0.9999645086191055
induction,AQP8,8,0.9998707269463196
inplane,GNG11,1,0.0
inplane,CFTR,1,0.9998733634363726
inplane,AMY2A,1,0.9999792985281521
inplane,AQP8,1,0.9998450023143935
induction,AMY2A,12,0.9999798132467614
induction,GATM,9,0.9999584559555855
induction,AQP8,9,0.9998483557070897
ambient,CPA3,1,0.813312521295048
ambient,HAMP,1,0.8730242690954066
induction,AMY2A,10,0.9999790774990321
induction,GATM,9,0.9999567756019515
induction,AQP8,11,0.9998447808714505
ambient,KLK11,2,0.9965793768664581
outplane,CD28,1,0.3231425947944253
outplane,PLAC9,1,0.14081195944343472
outplane,AMY2A,1,0.9999764083121626
outplane,COCH,1,0.7713113080748706
outplane,GATM,1,0.999951225154963
outplane,AMY2A,2,0.9999773227669672
outplane,GATM,1,0.9999530418842806
outplane,AQP8,1,0.9998330074758928
outplane,AMY2A,1,0.9999766216915289
outplane,GATM,3,0.9999515699251721
outplane,AQP8,1,0.9998280747496245
induction,AMY2A,8,0.9999759428595744
induction,GATM,17,0.9999501601752743
induction,AQP8,5,0.9998231231813236
induction,AMY2A,5,0.9999631652497286
induction,GATM,8,0.9999221894190526
induction,AQP8,11,0.9997448336355732
induction,AMY2A,6,0.9999386208511462
induction,GATM,3,0.9998678244824406
induction,AQP8,3,0.9995974111776985
induction,AMY2A,8,0.999971718745715
induction,GATM,9,0.9999408849168905
induction,AQP8,13,0.999797772210635
inplane,MMRN2,1,0.0
inplane,SELL,1,0.12053031218249799
inplane,FCER1A,1,0.7787917033720965
inplane,AMY2A,2,0.9999713896838646
inplane,GATM,1,0.9999405200172798
outplane,MDM2,1,0.49914682176096337
outplane,CNN1,1,0.9919049831441505
outplane,AMY2A,1,0.9999721476155035
outplane,GATM,1,0.9999420996407674
outplane,APOLD1,1,0.0
outplane,AMY2A,2,0.999967840050556
outplane,AQP8,1,0.9997680548430813
outplane,ANPEP,1,0.9997149831639264
outplane,CFTR,2,0.9998806987251521
outplane,AMY2A,3,0.9999801872633853
inplane,BCL2L11,1,0.40994928398925257
inplane,AMY2A,2,0.9999708171929343
inplane,GATM,1,0.9999388991010982
inplane,AQP8,1,0.9997891880354262
outplane,CFB,2,0.8932032792223144
outplane,CFTR,2,0.9997754798692159
outplane,AMY2A,2,0.9999602378086724
outplane,AQP8,1,0.9997256305285422
outplane,EPCAM,1,0.9991952863108527
outplane,AMY2A,1,0.9999659014268265
outplane,AGER,1,0.05778479366340128
outplane,AQP8,1,0.9997573946679676
inplane,TCIM,1,0.0
inplane,ANPEP,1,0.9995340131797629
inplane,AMY2A,3,0.9999682556809315
inplane,GATM,1,0.9999337983091793
inplane,AQP8,1,0.9997714078327877
ambient,AMY2A,1,0.999965330362831
ambient,PROX1,1,0.7788041141064823
outplane,AMY2A,2,0.9999705295843208
outplane,PROX1,1,0.8411586014271185
outplane,GATM,1,0.9999385305561578
ambient,AMY2A,1,0.9999706977362148
ambient,KCNK3,1,0.9508649500398225
ambient,KLK11,1,0.9926392404946901
ambient,KCNK3,1,0.8688474512927942
induction,AMY2A,15,0.999976193774913
induction,GATM,10,0.9999506727616465
induction,AQP8,5,0.9998250492073463
ambient,CFTR,1,0.9998883907047731
ambient,PEBP4,1,0.7303474429465562
inplane,FKBP11,1,0.902100900553209
inplane,AMY2A,2,0.9999775656669249
inplane,GPC3,1,0.7244231092439566
ambient,FKBP11,1,0.8895540114227756
ambient,CPA3,1,0.7202292862634365
outplane,MYC,1,0.579791557254211
outplane,AMY2A,2,0.9999760695987767
outplane,GATM,1,0.9999505758181932
outplane,NTN4,1,0.7925760981013933
outplane,AMY2A,1,0.9999793376731749
outplane,EGFR,1,0.8499317301693452
outplane,GATM,2,0.9999573698546257
outplane,CFTR,1,0.9998925084168699
outplane,TIMP4,1,0.20380306363046163
outplane,AMY2A,1,0.9999815222218377
outplane,FXYD2,2,0.972993138466529
induction,AMY2A,11,0.9999808083458475
induction,GATM,4,0.9999604486258921
induction,AQP8,15,0.9998564846699063
induction,AMY2A,10,0.9999807178336261
induction,GATM,10,0.999960217104109
induction,AQP8,10,0.9998563359033865
outplane,CFB,1,0.866350884839299
outplane,FSTL3,1,0.8585120292932913
outplane,KRT7,1,0.9938106586162194
outplane,ADAMTS1,1,0.05609759466637976
outplane,KCNK3,1,0.9355274445625211
induction,AMY2A,13,0.999976039967169
induction,GATM,9,0.9999502258016418
induction,AQP8,8,0.9998253487423663
outplane,GEM,1,0.4974388933556846
outplane,AMY2A,2,0.9999712350347808
outplane,GATM,1,0.9999402413105895
outplane,AMY2A,2,0.9999718033725618
outplane,PROX1,1,0.7961081651644092
outplane,CYP1A1,1,0.09109995934847659
ambient,RIDA,1,0.8118245200308872
ambient,ANPEP,1,0.9997062523419112
induction,AMY2A,10,0.9999801867295683
induction,GATM,10,0.9999591029526528
induction,AQP8,10,0.9998525938707691
ambient,KLK11,1,0.9922410739780906
ambient,GLYATL1,1,0.4262843280473553
outplane,MYC,1,0.44403678887720677
outplane,EHF,1,0.9961147645161725
outplane,CXCL2,1,0.23124544002096303
outplane,RBP5,1,0.0
ambient,CA4,1,0.5835958032662578
ambient,AQP8,1,0.9996736318619877
inplane,NTN4,1,0.7594354512829201
inplane,MDM2,1,0.5401176773461982
inplane,DST,1,0.5389648241391284
inplane,AMY2A,3,0.9999640889287637
inplane,GCG,1,0.9973195984471748
ambient,CFTR,1,0.9998203443321733
ambient,KCNK3,1,0.9283651869225112
outplane,CAVIN1,2,0.06993171446681035
outplane,LILRB2,1,0.6253535131439687
outplane,SMYD2,1,0.7596905368488409
outplane,MDM2,1,0.6030473931114925
outplane,CFTR,1,0.9998562550528689
outplane,AMY2A,1,0.9999766646236181
outplane,GATM,1,0.9999517175569109
induction,AMY2A,11,0.9999728982897751
induction,GATM,7,0.9999436709858477
induction,AQP8,12,0.9998027660691623
inplane,AMY2A,3,0.9999776800625246
inplane,GPC3,1,0.8255360252227248
inplane,GATM,1,0.9999538688030505
inplane,AQP8,1,0.9998346440816344
outplane,CFB,1,0.42718338253789834
outplane,CFTR,1,0.9995902608163177
outplane,AMY2A,1,0.9999374575937322
outplane,FXYD2,1,0.7803763546779219
induction,AMY2A,12,0.9999770660555588
induction,GATM,7,0.9999524596696425
induction,AQP8,11,0.9998316884881177
induction,AMY2A,4,0.9999433381424895
induction,GATM,4,0.999878001048765
induction,AQP8,4,0.999628185346922
inplane,MYLK,1,0.27708699377721335
inplane,COL5A2,1,0.48378618756762914
inplane,ADAMTS1,1,0.025040575843895407
inplane,EDNRB,1,0.0
inplane,AQP8,1,0.9996215380420094
ambient,DIRAS3,1,0.9591327358840392
ambient,GLYATL1,1,0.5820689938080983
inplane,CD14,2,0.7774039135144641
inplane,FCGR1A,1,0.7110025445819864
inplane,PTPRC,1,0.9981588252282573
inplane,BCL2L11,1,0.33170846690682165
inplane,MYC,1,0.5318863959303697
inplane,AMY2A,1,0.9999650005471744
inplane,GATM,1,0.9999267524629337
inplane,AQP8,1,0.9997506843332694
outplane,PCNA,1,0.22649992818874576
outplane,CFTR,1,0.9997176484125258
outplane,AMY2A,2,0.9999490961066505
outplane,GATM,1,0.9998915093207523
outplane,AQP8,1,0.9996563483767733
inplane,AMY2A,3,0.9999491363750803
inplane,GATM,1,0.9998916117017335
induction,AMY2A,5,0.9999451224434286
induction,GATM,4,0.9998818541205744
induction,AQP8,3,0.9996397944172623
outplane,AMY2A,3,0.9999659042394259
outplane,GATM,1,0.9999286611009635
outplane,FSTL3,1,0.5789731103189149
outplane,AMY2A,3,0.9999546331582145
ambient,KLK11,1,0.9934582049030338
ambient,AQP3,1,0.823130668043451
induction,AMY2A,10,0.9999623465577823
induction,GATM,9,0.9999205054187166
induction,AQP8,5,0.9997387257933663
ambient,KCNK3,1,0.9180157900706676
ambient,PROX1,1,0.6394125088804212
inplane,FKBP11,1,0.8763171047674009
inplane,DPEP1,1,0.9498285752751361
inplane,AMY2A,2,0.9999472406483535
inplane,GATM,2,0.9998876805443373
inplane,AMY2A,2,0.9999687691451221
inplane,CXCL6,1,0.9990359641815983
inplane,HEMGN,1,0.2209094180367337
outplane,NTN4,1,0.4098604645773464
outplane,AMY2A,3,0.9999345457901221
induction,AMY2A,3,0.999947027648053
induction,GATM,5,0.9998860042004696
induction,AQP8,4,0.9996518907573234
ambient,CPA3,1,0.49628603798609094
ambient,HAMP,1,0.5877208346472476
ambient,UMOD,1,0.8099202613887102
ambient,PEBP4,1,0.7059598838784071
inplane,AMY2A,3,0.9999359576249022
inplane,GATM,1,0.9998621626233929
outplane,CFB,1,0.8824431457643754
outplane,FAS,1,0.3021670709668738
outplane,ACTG2,1,0.3405699691744092
outplane,CFTR,1,0.9997591163255778
outplane,AMY2A,1,0.9999465510958543
outplane,FXYD2,1,0.9273436990452845
ambient,KLK11,1,0.9905321737466063
ambient,GATM,1,0.9998645969555937
induction,AMY2A,4,0.9999470724045675
induction,GATM,5,0.9998860712344351
induction,AQP8,3,0.9996524290478779
inplane,AMY2A,3,0.9999445291023848
inplane,SST,1,0.9940824125019128
inplane,GATM,1,0.9998806467176201
outplane,VCAN,1,0.9992807207914003
outplane,CYP2F1,1,0.4232005771235581
outplane,EPCAM,1,0.9988452871738096
outplane,CFTR,2,0.9996403579351559
outplane,AMY2A,2,0.9999380895533214
outplane,AMY2A,3,0.9999409444439051
outplane,GATM,1,0.9998729342527218
induction,AMY2A,2,0.9999431092452683
induction,GATM,6,0.9998775507040291
induction,AQP8,4,0.9996263301147423
outplane,TMC5,1,0.9938405451492569
outplane,CFTR,1,0.9998343534370716
outplane,EHF,1,0.9982777091523831
outplane,AMY2A,2,0.9999716883051107
outplane,GATM,1,0.9999411640728224
inplane,ANPEP,1,0.9995292962399516
inplane,AMY2A,4,0.9999674479924539
induction,AMY2A,4,0.9999432385750869
induction,GATM,6,0.9998778794701044
induction,AQP8,2,0.9996267581521425
outplane,CFTR,2,0.9998669276108565
outplane,AMY2A,1,0.9999783492878672
outplane,FXYD2,1,0.9729373671684494
ambient,CFTR,1,0.9998356308883065
ambient,HAMP,1,0.7655513297276416
ambient,UMOD,1,0.6438103003011378
ambient,CA4,1,0.6499943950647316
induction,AMY2A,11,0.9999765423324649
induction,GATM,11,0.999951405718878
induction,AQP8,8,0.9998274891002109
induction,AMY2A,9,0.9999703016882189
induction,GATM,12,0.999937838999789
induction,AQP8,9,0.9997885168032877
induction,AMY2A,11,0.9999771890396996
induction,GATM,8,0.9999527496821276
induction,AQP8,11,0.999832195894981
ambient,UMOD,1,0.7835016164235542
ambient,GATM,1,0.9999430286650624
outplane,AMY2A,1,0.9999667170056971
outplane,COCH,2,0.6913184241038264
outplane,AQP8,3,0.9997595257084088
outplane,AMY2A,4,0.9999772717506229
outplane,GATM,1,0.9999530018411654
inplane,CFB,1,0.6624934138429859
inplane,AMY2A,3,0.9999686761231518
inplane,CFB,1,0.7170948610094035
inplane,EPCAM,1,0.9988808892691698
inplane,TM4SF18,1,0.0
inplane,GPX2,1,0.9769997741139539
inplane,GPR183,1,0.9366925463087815
inplane,FBN1,1,0.6357200025304357
inplane,TIMP4,1,0.7275849130054499
inplane,GATM,1,0.9998935262113754
induction,AMY2A,9,0.9999752305526856
induction,GATM,8,0.9999486780584553
induction,AQP8,13,0.9998179595893997
outplane,PPP1R1B,1,0.9590517758497141
outplane,GEM,1,0.2989444802101582
outplane,AMY2A,1,0.999967481751628
outplane,PROX1,1,0.8095707796922845
induction,AMY2A,8,0.9999702958372458
induction,GATM,10,0.9999378414287017
induction,AQP8,12,0.9997883228742528
inplane,MMRN2,1,0.0
inplane,AMY2A,2,0.9999691896562977
inplane,GATM,1,0.9999355773874244
ambient,HAMP,1,0.8340920450458584
ambient,PROX1,1,0.8314181987073722
inplane,CFTR,1,0.9998348801879563
inplane,CXCL6,3,0.9980516952714347
inplane,ESR1,1,0.14558986139762586
induction,AMY2A,2,0.9999465656209334
induction,GATM,6,0.9998849887623179
induction,AQP8,4,0.9996490325581578
induction,AMY2A,7,0.9999785971331143
induction,GATM,14,0.9999557669261491
induction,AQP8,9,0.9998414055540084
induction,AMY2A,10,0.9999809194856134
induction,GATM,7,0.9999606822527024
induction,AQP8,13,0.9998572615482042
ambient,CA4,1,0.8303344354245815
ambient,DIRAS3,1,0.9329857752474161
outplane,FBLN1,1,0.8081620060215787
outplane,ANPEP,1,0.9997229105289526
outplane,AMY2A,1,0.9999808150441463
outplane,PROX1,1,0.9481927029157713
inplane,CFTR,1,0.9998784090023761
inplane,AMY2A,2,0.9999798101007049
inplane,AQP8,1,0.9998496186220742
ambient,KCNK3,1,0.9612389365234261
ambient,PROX1,1,0.876437845662632
induction,AMY2A,10,0.9999805435793869
induction,GATM,7,0.9999598306043482
induction,AQP8,13,0.9998553520481133
inplane,CD68,1,0.4654524028982565
inplane,CFTR,2,0.9998875455436862
inplane,DPT,1,0.9621810637539955
inplane,AMY2A,3,0.9999812806669247
inplane,GATM,2,0.9999614624573203
inplane,AQP8,1,0.9998595370072423
inplane,TCIM,1,0.0
inplane,MYC,1,0.6394518296687066
inplane,EHF,1,0.9985366972920837
inplane,GATM,2,0.9999550185094334
inplane,EHF,1,0.9986454390816808
inplane,AMY2A,2,0.9999763462638405
inplane,GATM,1,0.9999509804432914
inplane,MMRN2,1,0.0
inplane,CD34,2,0.0
inplane,ADAMTS1,2,0.025903171260884594
inplane,AMY2A,1,0.9999777204100472
inplane,GATM,1,0.9999540094141519
ambient,CPA3,1,0.7419396625497161
ambient,AQP8,1,0.9998421499503553
induction,AMY2A,8,0.9999690550913067
induction,GATM,12,0.9999353380196899
induction,AQP8,10,0.9997785125604615
induction,AMY2A,13,0.9999817138939592
induction,GATM,10,0.9999623162311941
induction,AQP8,7,0.9998632386895535
inplane,AMY2A,2,0.9999433385222266
inplane,CPA3,1,0.7013762926669078
inplane,GATM,1,0.9998780986009163
inplane,AQP8,1,0.9996273807586202
inplane,ACTG2,1,0.42113961759533736
inplane,AMY2A,2,0.9999713548785739
inplane,GATM,1,0.9999401666764265
inplane,AQP8,1,0.9997947260703168
ambient,FKBP11,1,0.892870451930098
ambient,KCNK3,1,0.9425381502759212
inplane,AMY2A,3,0.9999705479494663
inplane,GATM,1,0.9999385206497099
ambient,AQP8,1,0.9998382005534233
ambient,DIRAS3,1,0.9611528791687521
inplane,MAMDC2,1,0.28422038410949935
inplane,AMY2A,1,0.9999766026368784
inplane,C7,1,0.23158808993464053
inplane,OGN,1,0.5724726682118537
ambient,AQP3,1,0.7107312424824812
ambient,GLYATL1,1,0.2605196657364526
induction,AMY2A,11,0.9999789419963416
induction,GATM,12,0.9999565588614028
induction,AQP8,7,0.9998430414508407
inplane,CD34,1,0.0
inplane,EGFL7,1,0.0
inplane,AMY2A,1,0.9999694247798977
inplane,RBP5,1,0.0
ambient,AMY2A,1,0.9999694996740303
ambient,AQP3,1,0.820252617235043
inplane,EPCAM,1,0.9993864057786832
inplane,CFTR,1,0.9998775448816043
inplane,AMY2A,2,0.9999795969168308
inplane,ERBB2,1,0.884637597298551
inplane,GATM,2,0.9999579753949802
induction,AMY2A,8,0.9999792236344816
induction,GATM,12,0.9999570987376162
induction,AQP8,10,0.999845619095794
inplane,SFRP4,2,0.18839637612999105
inplane,AMY2A,2,0.9999722409054114
inplane,GPX2,1,0.9971089798298859
inplane,EGFR,1,0.848169290154349
induction,AMY2A,11,0.9999779234944055
induction,GATM,10,0.9999543923540177
induction,AQP8,9,0.999836211700814
ambient,KCNK3,1,0.7964332100209671
ambient,GATM,1,0.9998713204336059
inplane,MS4A6A,1,0.8643856802225918
inplane,MYC,1,0.5196605135545453
inplane,AMY2A,3,0.9999444657156504
inplane,GATM,1,0.9998805210541252
ambient,RIDA,1,0.8870384816676314
ambient,CFTR,1,0.9998848963004
induction,AMY2A,11,0.999979396022032
induction,GATM,7,0.9999573713407063
induction,AQP8,12,0.9998478586078484
outplane,AMY2A,2,0.9999816158568454
outplane,GATM,2,0.999962131627318
inplane,SFRP2,1,0.9985767795672315
inplane,CD34,1,0.0
inplane,CD163,1,0.9949007335154177
inplane,AMY2A,3,0.9999772293975014
induction,AMY2A,9,0.9999778098171377
induction,GATM,10,0.9999540219597162
induction,AQP8,11,0.9998369148716028
inplane,ACTG2,1,0.33178695376017386
inplane,CA4,2,0.8556495008927524
inplane,AMY2A,1,0.9999793648395893
outplane,RND1,1,0.11895829491785037
outplane,AMY2A,4,0.9999803205497977
outplane,GATM,1,0.999959478577529
outplane,MYLK,1,0.025854550114600583
outplane,AMY2A,1,0.9999809811712111
outplane,CCNB2,1,0.15460391626316028
outplane,PROX1,1,0.872818030461356
outplane,CFB,1,0.7314646898431774
outplane,CNN1,1,0.9933485268292848
outplane,CCL5,1,0.6996832942520218
outplane,AMY2A,1,0.9999759639258653
outplane,MCF2L,1,0.0
outplane,FCGR1A,1,0.4123842783152194
outplane,CFTR,2,0.9998880645294322
induction,AMY2A,9,0.999982190554619
induction,GATM,8,0.9999633179386812
induction,AQP8,13,0.9998665735018103
ambient,ANPEP,1,0.9997208477140903
ambient,AMY2A,1,0.9999806635453584
outplane,AMY2A,3,0.9999788133593143
outplane,GATM,1,0.9999562291602123
outplane,AQP8,1,0.9998428303261481
induction,AMY2A,9,0.9999785552706347
induction,GATM,9,0.9999557321262036
induction,AQP8,12,0.9998404970639699
outplane,FSTL3,1,0.8439570249828878
outplane,CFTR,1,0.999886536797208
outplane,AMY2A,2,0.999980787617392
ambient,FKBP11,1,0.9548027042865735
ambient,KCNK3,1,0.9765246990991066
induction,AMY2A,7,0.9999792574942659
induction,GATM,10,0.9999571516272565
induction,AQP8,13,0.999846067785912
induction,AMY2A,11,0.9999726461235516
induction,GATM,7,0.9999429468268776
induction,AQP8,12,0.9998030964440009
induction,AMY2A,8,0.9999826808644714
induction,GATM,14,0.999964341651794
induction,AQP8,8,0.9998700821527752
ambient,RIDA,1,0.4747312726110766
ambient,PEBP4,1,0.3606154905904513
ambient,AQP8,1,0.9997994373436293
ambient,AQP3,1,0.7868561944760802
induction,AMY2A,4,0.9999773597671642
induction,GATM,14,0.9999530969366406
induction,AQP8,12,0.9998335236538344
inplane,FCGR1A,1,0.524607824113267
inplane,SMYD2,1,0.757737547618567
inplane,CFTR,1,0.9998812494250321
inplane,FXYD2,1,0.9707367097633441
induction,AMY2A,9,0.999979583575873
induction,GATM,15,0.9999578646767344
induction,AQP8,6,0.9998480293537063
ambient,DPEP1,1,0.9259813090886232
ambient,HAMP,1,0.7040831607681888
inplane,CD34,1,0.0
inplane,MYC,1,0.36142066131099604
inplane,CD163,1,0.9979138640153291
inplane,CFTR,1,0.9996646467001881
inplane,AMY2A,1,0.9999480944187841
inplane,GATM,2,0.9998893766970186
ambient,CFTR,1,0.9998443658241862
ambient,HAMP,1,0.9415949044697776
inplane,TCIM,1,0.0
inplane,CFTR,3,0.999793468713618
inplane,GATM,1,0.9999289281133198
induction,AMY2A,10,0.999977812210355
induction,GATM,7,0.999954005720228
induction,AQP8,13,0.9998371708527751
ambient,UMOD,1,0.8444332363372572
ambient,GLYATL1,1,0.4426751210784834
ambient,CA4,1,0.7588226646738566
ambient,COCH,1,0.6486111412953708
inplane,CFTR,4,0.999836406982193
induction,AMY2A,8,0.9999740670671255
induction,GATM,11,0.9999458807043764
induction,AQP8,11,0.9998136400725396
induction,AMY2A,10,0.9999757017837594
induction,GATM,10,0.9999494850837793
induction,AQP8,10,0.9998233038988206
induction,AMY2A,5,0.999978743947988
induction,GATM,12,0.9999560157512929
induction,AQP8,13,0.9998431185084237
inplane,TCIM,1,0.0
inplane,AMY2A,4,0.9999790042740574
induction,AMY2A,11,0.9999770861186158
induction,GATM,11,0.9999525257247389
induction,AQP8,8,0.99983156046091
inplane,SMYD2,1,0.6797479652355508
inplane,ANPEP,2,0.9996844208990897
inplane,AMY2A,2,0.9999779284897199
ambient,KCNK3,1,0.9548203095429924
ambient,GATM,1,0.9999516544848813
outplane,CFB,1,0.7529477778901539
outplane,FSTL3,1,0.6793406421190589
outplane,MEST,1,0.7978403177086036
outplane,CFTR,1,0.9998610522977431
induction,AMY2A,10,0.9999811517846151
induction,GATM,11,0.9999611335942226
induction,AQP8,9,0.9998593207541389
ambient,ANPEP,1,0.9997280957478386
ambient,KLK11,1,0.9970082876513918
induction,AMY2A,10,0.9999821093786807
induction,GATM,8,0.9999631529751168
induction,AQP8,12,0.9998659389675401
outplane,ADGRL4,1,0.0
outplane,APOLD1,1,0.0
outplane,CFTR,1,0.9998888769545193
outplane,AMY2A,1,0.9999815095672867
ambient,GATM,1,0.9999347436294058
ambient,PEBP4,1,0.6750048625552207
induction,AMY2A,11,0.9999813427680715
induction,GATM,9,0.9999614997464908
induction,AQP8,10,0.9998610696215273
induction,AMY2A,11,0.9999823472112356
induction,GATM,7,0.9999636392248104
induction,AQP8,12,0.9998677632884195
inplane,EPCAM,1,0.9992239302457053
inplane,CFTR,1,0.9998137792178339
inplane,EHF,1,0.9981498515688135
inplane,AMY2A,2,0.999968465883693
inplane,C7,1,0.3160102896896553
induction,AMY2A,6,0.9999817041664066
induction,GATM,9,0.9999622834258847
induction,AQP8,15,0.9998633162351235
induction,AMY2A,8,0.999979953927671
induction,GATM,10,0.9999585306815932
induction,AQP8,12,0.9998519196595173
inplane,AMY2A,1,0.9999782452798064
inplane,FXYD2,1,0.9667002700738581
inplane,GATM,1,0.9999550830870556
inplane,AQP8,1,0.999838297976464
ambient,ANPEP,1,0.9996848733972202
ambient,CPA3,1,0.7715009397968561
inplane,GNG11,1,0.0
inplane,TMC5,1,0.9970920214629332
inplane,FXYD2,1,0.9623281229395485
inplane,GPX2,2,0.9969921754696439
inplane,PROX1,1,0.848425950341547
ambient,CA4,1,0.899617031867088
ambient,PEBP4,1,0.8183441445625169
inplane,PMP22,1,0.119492691861117
inplane,CFB,1,0.8799350156559101
inplane,CFTR,1,0.9998848270783023
inplane,AMY2A,3,0.999980130630082
inplane,ACE2,1,0.28557610407645073
ambient,COCH,1,0.7421065520456155
ambient,GATM,1,0.9999610886473379
inplane,PDGFRA,1,3.868760867220544e-11
inplane,HPGDS,1,0.385647509985071
inplane,AMY2A,3,0.9999796297243237
inplane,C7,1,0.24065585993984262
outplane,ANPEP,2,0.9997261229211181
outplane,GATM,3,0.9999607843936934
induction,AMY2A,11,0.9999785470230749
induction,GATM,8,0.9999556509179429
induction,AQP8,11,0.9998411774442931
outplane,MS4A4A,1,0.3237450052020646
outplane,MYC,1,0.6661614406513083
outplane,TBX3,1,0.025629479052785342
outplane,CCL5,1,0.3505327703408846
outplane,AMY2A,1,0.9999805620104946
outplane,GATM,1,0.9999599795474703
induction,AMY2A,8,0.9999817048382782
induction,GATM,10,0.9999623010455134
induction,AQP8,12,0.9998631299548272
ambient,CPA3,2,0.7960749073316986
ambient,KCNK3,1,0.964204179342621
ambient,COCH,1,0.7898735117661816
induction,AMY2A,9,0.9999782792351491
induction,GATM,8,0.999955019454413
induction,AQP8,13,0.9998400833176807
outplane,CFTR,1,0.9998870186401096
outplane,AMY2A,3,0.9999806406708164
inplane,C5orf46,1,0.6577841846635182
inplane,LIF,1,0.9863404078732728
inplane,FXYD2,2,0.9609294814422235
inplane,AQP3,1,0.8540848260096965
ambient,CFTR,1,0.9998660204718836
ambient,KLK11,1,0.9963635274451879
induction,AMY2A,9,0.9999784942499468
induction,GATM,9,0.9999555713000693
induction,AQP8,12,0.9998404473014132
ambient,ANPEP,1,0.9995564327969592
ambient,HAMP,1,0.7628819642208827
inplane,ANPEP,1,0.9993813843666705
inplane,AMY2A,2,0.9999597334573438
inplane,GATM,1,0.9999149660377258
induction,AMY2A,10,0.9999777250704347
induction,GATM,11,0.9999538401665004
induction,AQP8,9,0.9998363619665056
inplane,ADAM28,1,0.829629188838345
inplane,AMY2A,2,0.9999772492795113
inplane,GATM,1,0.9999529176983467
inplane,GCG,1,0.9973762654539251
inplane,TNFRSF9,1,0.3582613777289543
inplane,AMY2A,2,0.9999774675859885
inplane,CYP4B1,1,0.0
inplane,GATM,1,0.9999534023241609
outplane,CFTR,2,0.9997191578286336
outplane,AMY2A,1,0.9999539308384817
outplane,PROX1,1,0.6085191891762282
induction,AMY2A,10,0.9999707919301561
induction,GATM,8,0.9999388641920575
induction,AQP8,12,0.9997920164582551
ambient,ANPEP,1,0.9997266721902849
ambient,PROX1,1,0.8507755022577668
induction,AMY2A,13,0.9999795893318837
induction,GATM,9,0.9999578253350262
induction,AQP8,8,0.9998486658718326
outplane,CAVIN1,1,0.08987537993788408
outplane,APOLD1,1,0.0
outplane,CFB,1,0.9324753414415796
outplane,FSTL3,1,0.902359031889832
outplane,CFTR,1,0.9998760375307293
outplane,AQP2,1,0.3542704970889422
ambient,KCNK3,1,0.9405070962022649
ambient,PROX1,1,0.8146785197302246
ambient,FKBP11,1,0.9213825457578911
ambient,COCH,1,0.7578516937225555
inplane,PDPN,1,0.6184774877128711
inplane,INMT,1,0.24252840234500928
inplane,AMY2A,2,0.9999772507901663
inplane,GATM,1,0.9999529277361793
inplane,FBLN1,2,0.5375074999873831
inplane,VWA5A,1,0.593278554641466
inplane,AMY2A,2,0.9999577805983882
ambient,HAMP,1,0.9057063518860204
ambient,PROX1,1,0.911464357309513
inplane,PPP1R1B,1,0.9651278761494547
inplane,CFTR,1,0.9998720227495447
inplane,C7,1,0.2962615370851317
inplane,GATM,1,0.9999560889942306
ambient,ANPEP,1,0.9997298235510454
ambient,AQP3,1,0.901061767356366
induction,AMY2A,10,0.9999809402964867
induction,GATM,9,0.9999606748172358
induction,AQP8,11,0.9998580079246264
ambient,PROX1,1,0.8905382819813531
ambient,AQP3,1,0.8811215654464343
outplane,AIF1,1,0.7130850441635335
outplane,STEAP4,1,0.0
outplane,AMY2A,1,0.9999806685554543
outplane,GATM,1,0.9999601638198176
inplane,AMY2A,3,0.9999804367239009
inplane,AQP8,1,0.9998536207786779
outplane,EPCAM,1,0.9994477555174132
outplane,TENT5C,1,0.9975636713297419
outplane,AMY2A,1,0.9999800430345621
outplane,GATM,1,0.999958794836448
outplane,CFTR,1,0.9998647258752917
outplane,AMY2A,1,0.9999775263578903
outplane,GATM,2,0.999953615343894
inplane,PLCG2,1,0.0
inplane,AMY2A,3,0.9999764134449377
inplane,AQP8,1,0.9998255938901164
induction,AMY2A,11,0.9999821735383239
induction,GATM,12,0.999963320016152
induction,AQP8,7,0.9998660042312002
induction,AMY2A,13,0.9999810259941315
induction,GATM,8,0.99996089880726
induction,AQP8,9,0.9998580926200193
induction,AMY2A,8,0.9999821464999473
induction,GATM,6,0.9999632284030004
induction,AQP8,16,0.9998662292439721
induction,AMY2A,10,0.9999806930151534
induction,GATM,11,0.9999601586773511
induction,AQP8,9,0.9998562353004553
induction,AMY2A,13,0.9999712698091934
induction,GATM,7,0.99993954676436
induction,AQP8,10,0.999794858616571
outplane,MDM2,1,0.5388903506522057
outplane,KLRD1,1,0.16639503733432048
outplane,GATM,2,0.9999497390016203
inplane,ANPEP,1,0.9997174037491786
inplane,AMY2A,2,0.9999802546764802
inplane,GATM,1,0.9999592604416037
induction,AMY2A,7,0.9999792103267374
induction,GATM,10,0.9999569920370491
induction,AQP8,13,0.9998464318752288
inplane,CFTR,1,0.9998795936850569
inplane,AMY2A,1,0.9999796941839044
inplane,GATM,2,0.999958097660612
inplane,AMY2A,3,0.999979563718239
inplane,AQP8,1,0.9998477033694992
outplane,AMY2A,3,0.99998173789622
outplane,GATM,1,0.9999624050666606
outplane,ANPEP,1,0.9997143148952709
outplane,AMY2A,3,0.9999800773900306
inplane,CFB,1,0.8416555160745408
inplane,SMYD2,1,0.7994451356840627
inplane,AMY2A,2,0.9999811188385672
ambient,KCNK3,1,0.957501495876703
ambient,AQP3,1,0.8360977698493747
inplane,ANPEP,1,0.9996596240056851
inplane,AMY2A,1,0.9999766028714866
inplane,APOA5,1,0.5024613438995668
inplane,GATM,1,0.9999514575661017
outplane,CFTR,1,0.9998857509427111
outplane,AMY2A,3,0.9999810134505883
outplane,AQP8,1,0.9998579054186635
induction,AMY2A,4,0.9999816862364824
induction,GATM,13,0.9999622765989247
induction,AQP8,13,0.9998628266563429
induction,AMY2A,9,0.9999790556887257
induction,GATM,12,0.9999567006522266
induction,AQP8,9,0.9998449633064292
ambient,ANPEP,1,0.999723469478082
ambient,COCH,1,0.766974081702331
induction,AMY2A,6,0.9999798750710766
induction,GATM,11,0.9999584732885946
induction,AQP8,13,0.9998501167746413
induction,AMY2A,11,0.9999816752553686
induction,GATM,9,0.9999622656850871
induction,AQP8,10,0.9998626056212195
induction,AMY2A,10,0.9999805630840782
induction,GATM,9,0.999959756284004
induction,AQP8,11,0.9998549964711413
induction,AMY2A,9,0.9999786606039538
induction,GATM,10,0.9999558996511893
induction,AQP8,11,0.9998418579177756
ambient,CA4,1,0.9332263260798276
ambient,COCH,1,0.8998948656737229
induction,AMY2A,7,0.9999581143527109
induction,GATM,4,0.9999055410861185
induction,AQP8,7,0.9997020549817803
induction,AMY2A,12,0.9999811804294746
induction,GATM,9,0.9999612234086922
induction,AQP8,9,0.9998591725383849
inplane,FBN1,1,0.017656601486120804
inplane,TFPI,1,0.0
inplane,AMY2A,1,0.9999808529429053
inplane,C7,2,0.32946910910613825
outplane,MYC,1,0.6565292730402816
outplane,ANPEP,1,0.9996894826840382
outplane,AMY2A,1,0.99997809102478
outplane,GATM,1,0.9999547534900047
ambient,COCH,1,0.7805235798965012
ambient,PEBP4,1,0.7529085979035712
inplane,LAMP3,1,0.8303432552306678
inplane,GPC1,1,0.7165708078904165
inplane,CD34,1,0.0
inplane,CFB,1,0.871383494234952
inplane,MYC,1,0.7409427676991048
inplane,MALL,1,0.05054730774434846
inplane,AMY2A,1,0.9999810553985499
inplane,GATM,1,0.9999610013297573
ambient,FKBP11,1,0.9461385198109172
ambient,AQP8,1,0.9998583680811324
ambient,ANPEP,1,0.9997142887983518
ambient,GLYATL1,1,0.5773707712917868
ambient,CFTR,1,0.9998248561139813
ambient,AMY2A,1,0.9999710295260216
inplane,AMY2A,4,0.9999690696374206
induction,AMY2A,12,0.9999827747096464
induction,GATM,4,0.9999645208336082
induction,AQP8,14,0.9998709525861403
ambient,ANPEP,1,0.9997180792994744
ambient,AQP8,1,0.999855444923309
inplane,CD93,1,0.0
inplane,AMY2A,4,0.9999775651975391
inplane,AMY2A,2,0.9999760177861259
inplane,GATM,1,0.9999503565873727
inplane,AQP8,1,0.9998232077740798
ambient,DPEP1,1,0.9628942302641703
ambient,AMY2A,1,0.9999770177063132
induction,AMY2A,6,0.999976591834678
induction,GATM,10,0.9999510894419315
induction,AQP8,14,0.9998266205993623
induction,AMY2A,14,0.9999825573626059
induction,GATM,10,0.9999640634706579
induction,AQP8,6,0.9998694392427804
induction,AMY2A,12,0.9999788590457677
induction,GATM,10,0.9999562959706813
induction,AQP8,8,0.9998434867538528
ambient,AMY2A,1,0.9999415264048525
ambient,KCNK3,1,0.8196023079697318
ambient,HAMP,1,0.8466771093179698
ambient,DIRAS3,1,0.9458200737146456
induction,AMY2A,12,0.9999808591484456
induction,GATM,9,0.9999605387932937
induction,AQP8,9,0.999857035565178
outplane,CFTR,1,0.9998731498703815
outplane,AMY2A,3,0.9999781107729365
outplane,KCNK3,1,0.9565368524270651
induction,AMY2A,10,0.9999789539866323
induction,GATM,6,0.999956462220811
induction,AQP8,14,0.9998445332753291
ambient,UMOD,1,0.7613105081689344
ambient,HAMP,1,0.7951948821250894
inplane,CCR7,1,0.09373006335969747
inplane,CFTR,1,0.9998742680491893
inplane,CD300E,1,0.1572879557791349
inplane,SNCA,1,0.19363311372899705
inplane,CA4,1,0.8356297949446212
inplane,GATM,1,0.9999521419371998
inplane,GCG,1,0.9974746096442271
outplane,AMY2A,3,0.9999790997910587
outplane,GATM,2,0.9999568032711049
induction,AMY2A,7,0.9999707005210383
induction,GATM,14,0.9999364233897955
induction,AQP8,9,0.9997833101959431
ambient,GATM,1,0.9999414505848577
ambient,DIRAS3,1,0.9103375500587234
outplane,RAPGEF3,1,0.0
outplane,AMY2A,1,0.9999619315528991
outplane,GATM,1,0.9999180407687827
outplane,CSF3,1,0.1985974739824149
induction,AMY2A,12,0.9999770089897518
induction,GATM,11,0.9999524297510125
induction,AQP8,7,0.9998302699875553
induction,AMY2A,7,0.9999706494004572
induction,GATM,10,0.9999386046769988
induction,AQP8,13,0.999790598460237
outplane,ANPEP,1,0.9996661665623746
outplane,AMY2A,1,0.9999767610854768
outplane,KCNK3,1,0.9485991373563062
outplane,GATM,2,0.9999519660145935
outplane,FCGR1A,1,0.8238012163490397
outplane,CFB,1,0.9213468403015543
outplane,CFTR,1,0.9998925842450211
outplane,CCNB2,1,0.14897733201337882
outplane,CFTR,1,0.9998969773087941
outplane,AMY2A,3,0.999982423203822
outplane,GATM,1,0.9999638250595865
outplane,NTN4,1,0.6490028865075487
outplane,CFTR,3,0.9998351681352887
outplane,KRT7,1,0.9916938162369051
outplane,SPIB,1,0.6044197845897838
outplane,ANPEP,1,0.9996854736758269
outplane,CFTR,1,0.9998672461217215
outplane,AMY2A,2,0.9999783951601884
outplane,GATM,1,0.9999553678914159
outplane,PMP22,1,0.17473775017227755
outplane,FKBP11,1,0.8150840028751379
outplane,TM4SF18,2,0.0
outplane,APOBEC3A,1,0.2940605109219324
inplane,FSTL3,1,0.5317478503732505
inplane,FKBP11,1,0.8696470450676552
inplane,CFTR,1,0.9998354373748543
inplane,AMY2A,1,0.9999731435632434
inplane,COL5A2,1,2.5882629373086274e-12
inplane,CFTR,1,0.9998748404279785
inplane,AMY2A,1,0.9999772561518427
inplane,FXYD2,1,0.9603862343470367
outplane,MS4A6A,1,0.4674312431044073
outplane,CFTR,1,0.9998839504756879
outplane,AMY2A,3,0.9999803657764728
inplane,CFTR,2,0.9998880220029297
inplane,AMY2A,2,0.9999805310339017
outplane,DST,1,0.38121745967717013
outplane,SERPINB9,1,0.18984999038804495
outplane,MET,1,0.2676098583187825
outplane,LAG3,1,0.21292129099171653
outplane,AMY2A,1,0.9999701146772452
induction,AMY2A,14,0.9999702230762585
induction,GATM,7,0.9999379111694722
induction,AQP8,9,0.9997854650468595
outplane,APOLD1,1,0.0
outplane,LY86,1,0.6340685500521481
outplane,AMY2A,2,0.9999711943764951
outplane,KLRB1,1,0.6970005375587134
outplane,GATM,1,0.9999400039039996
outplane,CFB,1,0.8887568070114743
outplane,GATM,4,0.9999194255119314
outplane,AMY2A,1,0.9999512259677075
outplane,GATM,3,0.9998960934545954
induction,AMY2A,7,0.999981518643857
induction,GATM,14,0.9999618798650302
induction,AQP8,9,0.9998621781931809
ambient,UMOD,1,0.6634759743602281
ambient,PROX1,1,0.6567141561569894
ambient,UMOD,1,0.9393233599779887
ambient,CPA3,1,0.9168632878386334
inplane,CD14,1,0.7168311486947037
inplane,NTN4,1,0.6675478410692374
inplane,AMY2A,1,0.9999730893775498
inplane,FXYD2,1,0.9386843266434367
ambient,GATM,1,0.9999502978605073
ambient,AQP3,1,0.8449559631532298
induction,AMY2A,8,0.99998144764448
induction,GATM,12,0.9999617651427316
induction,AQP8,10,0.9998612761444987
outplane,GPC1,1,0.7949848107442725
outplane,EPCAM,1,0.9992727252237341
outplane,CFTR,1,0.999867976145818
outplane,AMY2A,1,0.9999785647189476
ambient,DPEP1,1,0.9756918121003005
ambient,KLK11,1,0.9971257136736257
ambient,CFTR,1,0.9998562659260251
ambient,GLYATL1,1,0.4675949445526272
ambient,DPEP1,1,0.9739166142715296
ambient,DIRAS3,1,0.9388188007576752
induction,AMY2A,9,0.9999754392275222
induction,GATM,13,0.9999489437749632
induction,AQP8,8,0.9998213453478889
ambient,FKBP11,1,0.8811285868921754
ambient,DPEP1,1,0.95231003570525
outplane,SMYD2,1,0.6435230951374638
outplane,AMY2A,1,0.9999790918693524
outplane,GATM,2,0.9999568720126039
ambient,KCNK3,1,0.9803806024104643
ambient,COCH,1,0.8673946293675533
ambient,CPA3,1,0.8795951010431884
ambient,AQP8,1,0.9998632373829573
induction,AMY2A,8,0.9999787637510936
induction,GATM,11,0.9999559948023224
induction,AQP8,11,0.999843966051063
inplane,ANPEP,1,0.9997332662681587
inplane,AMY2A,2,0.9999813971003448
inplane,GATM,1,0.9999617145458658
inplane,PRDM1,1,0.1706197296827533
inplane,ANPEP,2,0.999677691508236
inplane,AMY2A,1,0.9999778600980375
inplane,VCAN,1,0.9988029143289758
inplane,CD28,1,0.38546298092159903
inplane,AMY2A,2,0.9999742525016815
outplane,SNCA,1,0.3975296090088659
outplane,AMY2A,2,0.9999681522015891
outplane,AQP8,1,0.9997722870976887
inplane,AMY2A,3,0.9999703941278354
inplane,GATM,2,0.9999365058314369
inplane,AQP8,1,0.999777966817699
ambient,CPA3,1,0.7534498843830015
ambient,HAMP,1,0.8327411753422752
induction,AMY2A,10,0.9999786229058729
induction,GATM,10,0.9999555247391687
induction,AQP8,10,0.9998408993295257
ambient,CPA3,1,0.6402968229369874
ambient,GATM,1,0.9998896806509554
inplane,MET,1,0.22066552184375865
inplane,AMY2A,3,0.9999402462020625
inplane,GATM,2,0.9998519362412678
inplane,MNDA,1,0.28748973565863223
inplane,GPR183,1,0.49799014154468835
inplane,AMY2A,1,0.9999814237728873
inplane,AQP8,1,0.9998606635451336
outplane,SMYD2,1,0.8036716602764267
outplane,CFTR,2,0.999857288266912
outplane,AMY2A,2,0.9999763344868833
outplane,PROX1,1,0.9138875028686182
outplane,GATM,1,0.9999509685245677
induction,AMY2A,9,0.9999731072325365
induction,GATM,16,0.9999439121184283
induction,AQP8,5,0.9998063770938617
induction,AMY2A,12,0.999975576380555
induction,GATM,7,0.9999491157682378
induction,AQP8,11,0.9998235718530611
induction,AMY2A,14,0.9999810267158854
induction,GATM,7,0.99996083690746
induction,AQP8,9,0.9998588406198231
inplane,CFTR,1,0.9998877444239777
inplane,AMY2A,2,0.9999807510847116
inplane,PROX1,1,0.9022152097575835
ambient,CFTR,1,0.9998864405254526
ambient,GLYATL1,1,0.6222860984128895
ambient,CFTR,1,0.9998653409046326
ambient,PROX1,1,0.8445792787550275
induction,AMY2A,17,0.9999799775574042
induction,GATM,7,0.999958758993844
induction,AQP8,6,0.9998500072245823
ambient,HAMP,1,0.8914964003170212
ambient,GLYATL1,1,0.5244099233420382
outplane,LILRA4,1,0.3843504731458104
outplane,AMY2A,3,0.9999778787374911
outplane,CD2,1,0.8105652039566021
outplane,GATM,1,0.9999543135145151
ambient,UMOD,1,0.8557307376658029
ambient,KCNK3,1,0.9577511267412341
ambient,AMY2A,2,0.9999811317143238
inplane,MYC,1,0.713286707269571
inplane,AMY2A,2,0.9999774403423713
inplane,FXYD2,1,0.9665769350790065
inplane,GATM,1,0.9999533699420314
induction,AMY2A,14,0.9999822257420298
induction,GATM,8,0.999963361496129
induction,AQP8,8,0.999867178578152
ambient,RIDA,1,0.7692669633475213
ambient,CA4,1,0.793898479619067
outplane,AMY2A,2,0.9999761341452758
outplane,GATM,1,0.9999505705771238
outplane,AQP8,1,0.999824369907559
induction,AMY2A,10,0.9999748199402076
induction,GATM,7,0.9999476410359583
induction,AQP8,13,0.9998170102304468
outplane,CFB,1,0.8647432630587966
outplane,CFTR,1,0.9998734174975275
outplane,AMY2A,1,0.999978217069501
outplane,GATM,1,0.9999549868080517
induction,AMY2A,9,0.999979275204911
induction,GATM,14,0.9999571585493279
induction,AQP8,7,0.9998465410530977
inplane,PECAM1,1,0.0
inplane,TMC5,1,0.9910936552279769
inplane,ANPEP,1,0.9996387213614976
inplane,ADAMTS1,1,1.8476331575811855e-12
inplane,AMY2A,2,0.9999752425834594
inplane,GATM,1,0.9999487139517121
ambient,KLK11,1,0.996589828817667
ambient,AQP8,1,0.9998389193215758
outplane,CFB,1,0.930480562296629
outplane,CFTR,2,0.9998611422767861
outplane,TFPI,1,0.0
outplane,AMY2A,2,0.9999731619661644
outplane,PROX1,1,0.8654241861351198
outplane,GCG,1,0.9973221415316987
ambient,RIDA,1,0.8735305212164757
ambient,ANPEP,1,0.9997229030093028
induction,AMY2A,9,0.9999740514730006
induction,GATM,13,0.9999459887311849
induction,AQP8,8,0.999812019244048
outplane,CFTR,1,0.9997854789406518
outplane,AMY2A,2,0.9999645447941634
outplane,GATM,1,0.9999231036153107
induction,AMY2A,8,0.9999806164094573
induction,GATM,13,0.9999600473159668
induction,AQP8,9,0.9998551174677581
ambient,ANPEP,1,0.9997123860111824
ambient,CPA3,1,0.8246855599100373
induction,AMY2A,8,0.9999728709607139
induction,GATM,15,0.9999436189175501
induction,AQP8,7,0.9998025152431967
outplane,CFB,1,0.9231739298274679
outplane,EPCAM,1,0.999489208111093
outplane,CFTR,1,0.9998729326514965
outplane,PROX1,1,0.9182117053055946
ambient,KCNK3,1,0.9127496123538337
ambient,HAMP,1,0.757322611719123
ambient,PROX1,1,0.8182495090078908
ambient,GLYATL1,1,0.380568329487565
ambient,UMOD,1,0.8540741457318756
ambient,GATM,1,0.9999412695394492
outplane,ECSCR,1,0.0
outplane,INMT,1,0.07798982203768456
outplane,PECAM1,1,0.0
outplane,SOX18,1,0.0
ambient,DPEP1,1,0.9471758167757688
ambient,PROX1,1,0.7703415599165806
induction,AMY2A,12,0.999975977615574
induction,GATM,9,0.9999502178190983
induction,AQP8,9,0.9998235404537483
ambient,KCNK3,1,0.9458531020696016
ambient,DIRAS3,1,0.9189531766500727
induction,AMY2A,6,0.9999812953145988
induction,GATM,13,0.9999614175958257
induction,AQP8,11,0.9998605320710917
inplane,FCN1,1,0.21077359166324128
inplane,TM4SF18,1,0.0
inplane,AMY2A,2,0.999977316868173
inplane,GATM,1,0.9999531455226455
outplane,AMY2A,2,0.9999633184970272
outplane,GATM,2,0.999923325961647
outplane,AQP8,1,0.9997377292659968
induction,AMY2A,8,0.9999783800119644
induction,GATM,12,0.9999552557233404
induction,AQP8,10,0.9998405121657175
ambient,DPEP1,1,0.9675076659167939
ambient,PROX1,1,0.8357450348052426
inplane,VSIG4,1,0.6257387244754489
inplane,EPCAM,1,0.9992423787568339
inplane,TENT5C,1,0.9962849008855288
inplane,AMY2A,1,0.9999699710054196
outplane,MYC,1,0.6670800579678162
outplane,CD163,1,0.9914803416573842
outplane,AMY2A,2,0.9999797812791555
outplane,GATM,1,0.9999583318085709
induction,AMY2A,14,0.9999813881985553
induction,GATM,5,0.9999615728621252
induction,AQP8,11,0.999860480859784
induction,AMY2A,12,0.9999802574482655
induction,GATM,8,0.9999591871922475
induction,AQP8,10,0.9998525362609724
inplane,FSTL3,1,0.7365205050997574
inplane,ANPEP,1,0.9996134886476342
inplane,CFTR,2,0.9998428262145745
inplane,AMY2A,1,0.9999744579082328
inplane,GATM,1,0.9999456244437471
outplane,PECAM1,1,0.0
outplane,CFTR,2,0.9998847422730425
outplane,AMY2A,1,0.9999792279359827
outplane,KCNK3,1,0.9580341249421473
outplane,GATM,1,0.999957121494161
ambient,CA4,1,0.7092445058170743
ambient,HAMP,1,0.7642998174782116
induction,AMY2A,10,0.999963915238645
induction,GATM,8,0.9999237222905334
induction,AQP8,6,0.9997505212818071
induction,AMY2A,8,0.9999731531883769
induction,GATM,8,0.9999438753077576
induction,AQP8,14,0.9998081101235871
inplane,AMY2A,3,0.9999557913509454
inplane,FXYD2,1,0.9257777823967137
inplane,GATM,1,0.9999066726054278
ambient,CFTR,1,0.9998676921927276
ambient,CA4,1,0.8562357502950729
ambient,GATM,1,0.999956832396435
ambient,AQP3,1,0.8672494517197153
ambient,PROX1,2,0.7821429654934278
outplane,MNDA,1,0.5139111429663765
outplane,BCL2L11,1,0.31004629189335664
outplane,CXCL6,2,0.9977001473175153
induction,AMY2A,10,0.9999821695283352
induction,GATM,9,0.9999632830165133
induction,AQP8,11,0.9998663165447694
ambient,DPEP1,1,0.905232828963824
ambient,AQP3,1,0.7781441913154407
induction,AMY2A,9,0.9999772304447311
induction,GATM,12,0.9999521905775518
induction,AQP8,9,0.999829207825019
outplane,EHF,1,0.9985913325964431
outplane,AMY2A,3,0.999982540800252
induction,AMY2A,7,0.9999785120769072
induction,GATM,9,0.9999556881570996
induction,AQP8,14,0.9998396481117011
outplane,VWA5A,1,0.6688812411941121
outplane,AMY2A,2,0.999979618569548
outplane,GATM,1,0.999957988834457
inplane,TCIM,2,0.0
inplane,ANPEP,1,0.9994643065606879
inplane,AMY2A,1,0.9999624228816467
outplane,AMY2A,3,0.999975812322707
outplane,GATM,1,0.9999498897791546
induction,AMY2A,9,0.999976509487212
induction,GATM,7,0.9999513124905667
induction,AQP8,14,0.9998275312730455
induction,AMY2A,6,0.999956459347842
induction,GATM,8,0.9999074898339897
induction,AQP8,4,0.9997034246508852
induction,AMY2A,7,0.9999717515921197
induction,GATM,9,0.9999410810488321
induction,AQP8,14,0.9997966591642218
induction,AMY2A,9,0.9999793524868623
induction,GATM,5,0.9999572901149522
induction,AQP8,16,0.9998474362001589
inplane,CFTR,1,0.9998948457751766
inplane,AMY2A,1,0.9999822691483389
inplane,AQP8,2,0.9998670661416144
induction,AMY2A,4,0.9999560574971729
induction,GATM,10,0.9999062658576375
induction,AQP8,4,0.9997040442405675
inplane,CFTR,1,0.99988251756419
inplane,AMY2A,1,0.9999801448851274
inplane,CXCL6,1,0.9981827354158752
inplane,GATM,1,0.9999590394723036
outplane,PCNA,1,0.6778776838613746
outplane,AMY2A,2,0.9999792829295021
outplane,GATM,1,0.9999571864500135
inplane,MDM2,1,0.7783633100911357
inplane,CD4,1,0.32764952415684623
inplane,MET,1,0.630261728858682
inplane,SERPINB3,1,0.985887579285518
inplane,AMY2A,2,0.9999781788557266
inplane,FXYD2,1,0.9831795778511682
inplane,GATM,1,0.9999549040282331
inplane,DIRAS3,2,0.9653411862294855
induction,AMY2A,8,0.9999804657420941
induction,GATM,12,0.9999597326838702
induction,AQP8,10,0.9998540395842894
outplane,MYC,1,0.612961428627718
outplane,AMY2A,3,0.9999780982500196
outplane,GATM,1,0.9999549482676654
induction,AMY2A,9,0.9999731552455372
induction,GATM,15,0.9999438387584805
induction,AQP8,6,0.9998062340105239
ambient,CFTR,2,0.9998719126373671
inplane,CD83,1,0.3660650016198762
inplane,CAV1,1,0.046022971928840306
inplane,CFTR,1,0.9998797535925665
inplane,AMY2A,2,0.999979690275981
inplane,GATM,1,0.9999581614841614
induction,AMY2A,12,0.9999806636226849
induction,GATM,6,0.999960185153474
induction,AQP8,12,0.9998549909651481
inplane,MS4A6A,1,0.8369715991203462
inplane,CFB,2,0.8205211040295005
inplane,SERPINB9,1,0.27392311993713514
inplane,CFTR,1,0.9998213145344375
inplane,AMY2A,1,0.9999700667488647
outplane,CTSK,1,0.2749170024058871
outplane,HAVCR2,1,0.844827448864856
outplane,TM4SF18,1,0.0
outplane,AMY2A,1,0.9999763301588894
outplane,FXYD2,1,0.9708348183323408
outplane,CXCL6,1,0.9982023664001162
outplane,GCG,1,0.9973975494543083
inplane,MEST,1,0.7943876419044795
inplane,TENT5C,1,0.9976488679784961
inplane,KCNK3,1,0.9577737556889031
inplane,GATM,1,0.9999582563952379
inplane,TMC5,1,0.9905018631761762
inplane,PPARG,1,0.07264126320041686
inplane,CFTR,1,0.9998851398310369
inplane,CAVIN2,1,0.0
outplane,TCIM,1,0.0
outplane,CFTR,1,0.9998811869796893
outplane,EHF,1,0.9987448705434921
outplane,CXCL6,1,0.9985794414470368
induction,AMY2A,15,0.999975968502831
induction,GATM,9,0.999950077899028
induction,AQP8,6,0.9998248218060654
induction,AMY2A,8,0.9999813418417561
induction,GATM,9,0.9999614952859619
induction,AQP8,13,0.9998610924435439
inplane,VCAN,1,0.9986692509658042
inplane,CFTR,1,0.9998834503225155
inplane,GATM,2,0.9999600655232155
outplane,AMY2A,3,0.9999796414162822
outplane,GATM,1,0.99995802303984
outplane,FAS,1,0.37494288288045663
outplane,AMY2A,3,0.9999749286441768
inplane,EDN1,1,0.35657867176919933
inplane,CFTR,2,0.9998855808212794
inplane,AMY2A,1,0.9999809668082132
inplane,AMY2A,4,0.9999804526202857
inplane,GATM,1,0.9999597506200002
outplane,CFTR,1,0.9998663750031354
outplane,TFPI,1,0.0
outplane,AMY2A,1,0.9999778251010394
outplane,GATM,1,0.9999541210911561
outplane,AQP8,1,0.9998362623293432
inplane,BASP1,1,0.08366776427307243
inplane,DST,1,0.6222117164131318
inplane,GATA2,1,0.0
inplane,FXYD2,1,0.9785550181323253
ambient,PROX1,1,0.9266530988007443
ambient,GLYATL1,1,0.6192664997348591
induction,AMY2A,12,0.9999812425171066
induction,GATM,9,0.9999613755904102
induction,AQP8,9,0.9998593497888165
inplane,BCL2L11,1,0.3815517142450576
inplane,AMY2A,2,0.999979690031075
inplane,GATM,1,0.9999580994612592
induction,AMY2A,7,0.9999791114419945
induction,GATM,9,0.9999568028453734
induction,AQP8,14,0.9998455257887672
inplane,TM4SF18,1,0.0
inplane,AMY2A,2,0.9999814223483763
inplane,ERBB2,1,0.9614588685609717
inplane,CFB,1,0.8613518811787688
inplane,MYC,1,0.7029328749748049
inplane,AMY2A,2,0.9999743459506018
inplane,GATM,1,0.999946867119952
ambient,KLK11,1,0.9966142994298242
ambient,HAMP,1,0.896282127819306
ambient,ANPEP,1,0.999622726578412
ambient,CA4,1,0.8632938213762611
ambient,CPA3,1,0.8797793170468915
ambient,KCNK3,1,0.9714303880841557
inplane,AMY2A,2,0.9999754346760221
inplane,GATM,2,0.9999490829295409
inplane,FKBP11,1,0.9179465905522266
inplane,MYC,1,0.6578989549515533
inplane,PPP1R1A,1,0.9715468491071665
inplane,AMY2A,4,0.9999704745866805
inplane,GPX2,1,0.9898368351653336
inplane,CLCA2,1,0.23139565942160933
ambient,AMY2A,1,0.9999787287502108
ambient,COCH,1,0.8517977255337383
induction,AMY2A,7,0.9999398135814511
induction,GATM,2,0.9998700830644943
induction,AQP8,3,0.999607782201107
induction,AMY2A,9,0.9999735424012118
induction,GATM,15,0.9999450178067402
induction,AQP8,6,0.9998073636449633
ambient,RIDA,1,0.8621690180661705
ambient,AQP8,1,0.9998334924732666
ambient,GATM,1,0.9999340889030709
ambient,AQP3,1,0.9408657991752424
induction,AMY2A,9,0.9999803563927876
induction,GATM,12,0.9999594681712097
induction,AQP8,9,0.9998536809391714
ambient,KCNK3,1,0.9372956360473353
ambient,GATM,1,0.9999331723089194
ambient,ANPEP,1,0.9991083497508647
ambient,PEBP4,1,0.42532300499303344
inplane,PPP1R1B,1,0.9606260237052849
inplane,AMY2A,4,0.9999672238785122
inplane,MDM2,1,0.5205322006731585
inplane,ANPEP,1,0.9995569164269662
inplane,AMY2A,3,0.9999701807957989
inplane,CDK1,1,0.286506976078839
inplane,GATM,1,0.9999378770525407
ambient,ANPEP,1,0.9996281135638139
ambient,COCH,1,0.8354365661226584
induction,AMY2A,9,0.9999812740193119
induction,GATM,11,0.9999614239613288
induction,AQP8,10,0.9998597815158099
outplane,NTN4,1,0.7552207841651208
outplane,CFB,1,0.8586659609572498
outplane,MS4A1,1,0.46911173146245144
outplane,C1orf162,1,0.7535746952823983
outplane,AMY2A,1,0.9999751592496842
outplane,CFB,1,0.8623030916968033
outplane,MET,1,0.4016210865913832
outplane,ANPEP,1,0.9996788726810469
outplane,SMIM24,1,0.3778951893354331
inplane,TCIM,1,0.0
inplane,CD93,1,0.0
inplane,AMY2A,2,0.9999811486549344
induction,AMY2A,10,0.9999816501120649
induction,GATM,12,0.9999621942136848
induction,AQP8,8,0.9998626504797609
inplane,MEST,1,0.7904311561301319
inplane,AMY2A,1,0.9999772733602551
inplane,GATM,2,0.9999530586888444
induction,AMY2A,5,0.9999662126979201
induction,GATM,10,0.9999285543291985
induction,AQP8,9,0.9997666341226492
ambient,RIDA,1,0.8884792296257885
ambient,HAMP,1,0.916907932384148
induction,AMY2A,9,0.9999796039673602
induction,GATM,9,0.9999579098417813
induction,AQP8,12,0.9998481452004853
induction,AMY2A,6,0.999982666404881
induction,GATM,15,0.9999643156711088
induction,AQP8,9,0.9998699286251289
inplane,CFTR,1,0.9998486474863455
inplane,KLK11,1,0.9956636579097685
inplane,AMY2A,2,0.9999719360098912
inplane,FXYD2,1,0.9534678114988513
inplane,GATM,1,0.9999416927933332
induction,AMY2A,12,0.9999786854478934
induction,GATM,9,0.9999559124015618
induction,AQP8,9,0.9998424848075805
outplane,C5orf46,1,0.4539157004513603
outplane,CFTR,1,0.99986141442959
outplane,AMY2A,2,0.9999768972299342
inplane,PRDM1,1,0.25575019984857095
inplane,CFTR,1,0.9998541333344436
inplane,ADAM28,1,0.7626879293336011
inplane,AMY2A,2,0.9999758203183755
inplane,PPP1R1B,1,0.9752002749778236
inplane,DPEP1,1,0.9858402376446166
inplane,CFTR,1,0.9998788965401667
inplane,GATM,1,0.9999592392514005
outplane,SMYD2,1,0.7350769603031114
outplane,STEAP4,1,0.0
outplane,CFTR,1,0.9998761420910097
outplane,FXYD2,1,0.9647276687519432
inplane,ASPN,1,0.26898060516403155
inplane,TCIM,1,0.0
inplane,CFTR,1,0.9996222830525953
inplane,EHF,1,0.9958622358091894
inplane,CXCL6,1,0.9957533423798095
ambient,KLK11,1,0.9969345471844155
ambient,CPA3,1,0.8393113260116797
ambient,KCNK3,1,0.9124567884970962
ambient,GATM,1,0.9999270053516309
induction,AMY2A,8,0.9999575733632415
induction,GATM,5,0.9999095909873887
induction,AQP8,5,0.9997134285993085
outplane,CFTR,1,0.9998747125871414
outplane,AMY2A,2,0.9999771442753861
outplane,GPX2,1,0.9968655862836474
outplane,GATM,2,0.999952705165162
induction,AMY2A,8,0.9999794625398721
induction,GATM,9,0.9999575606143289
induction,AQP8,13,0.9998477574360025
induction,AMY2A,10,0.999979851061673
induction,GATM,12,0.9999583687787286
induction,AQP8,8,0.9998505757355544
ambient,GATM,2,0.9999530586602142
inplane,AMY2A,2,0.9999717743849647
inplane,CXCL2,1,0.41077401938002844
inplane,AQP8,1,0.9997947046152792
induction,AMY2A,10,0.999980976075137
induction,GATM,7,0.9999607946840796
induction,AQP8,13,0.9998577341023488
induction,AMY2A,13,0.9999788824480395
induction,GATM,7,0.9999563127810644
induction,AQP8,10,0.999844021465593
inplane,C1orf194,1,0.6368208216065998
inplane,ANPEP,1,0.9997016786385802
inplane,AMY2A,1,0.9999791929573506
inplane,AQP8,1,0.999845696298964
induction,AMY2A,12,0.9999801693652778
induction,GATM,10,0.9999589929811511
induction,AQP8,8,0.9998533206286361
inplane,STC1,1,0.0
inplane,AMY2A,2,0.9999774797244473
inplane,GATM,1,0.9999534327414438
induction,AMY2A,7,0.9999806469423138
induction,GATM,11,0.9999600802314481
induction,AQP8,12,0.999855698043442
ambient,RIDA,1,0.7666791047044114
ambient,AQP3,1,0.8081951262319177
inplane,MYC,1,0.5548009849431839
inplane,EPCAM,1,0.9990895521039538
inplane,CXCL2,1,0.45534786574302766
inplane,GATM,1,0.9999300561983181
induction,AMY2A,9,0.9999743679527193
induction,GATM,11,0.9999467695346725
induction,AQP8,10,0.9998129746420746
induction,AMY2A,12,0.9999805742949901
induction,GATM,8,0.9999599353615911
induction,AQP8,10,0.9998550981526565
outplane,PTGDS,1,0.9303934922501417
outplane,FSTL3,1,0.9335066199101824
outplane,KLK11,1,0.9949736850901246
outplane,ARFGEF3,1,0.9170626063966324
outplane,AMY2A,3,0.9999688789658402
outplane,GATM,1,0.9999532534695605
outplane,GCG,4,0.9975659127357747
induction,AMY2A,16,0.999980708056223
induction,GATM,7,0.999960201382191
induction,AQP8,7,0.9998562110635826
inplane,MYLK,1,0.3627966178683665
inplane,CRISPLD2,1,0.4280436866128765
inplane,COL5A2,1,0.604360105357316
inplane,AMY2A,2,0.9999752493559473
inplane,C7,1,0.6714099663714026
inplane,AQP8,1,0.9998180677500719
induction,AMY2A,9,0.9999688457480032
induction,GATM,12,0.9999347961671572
induction,AQP8,9,0.9997781046501333
induction,AMY2A,13,0.9999724350469334
induction,GATM,9,0.9999425454704611
induction,AQP8,8,0.9998011613768178
ambient,FKBP11,1,0.812957226125063
ambient,AQP3,1,0.7754211814850913
induction,AMY2A,12,0.9999710022494024
induction,GATM,9,0.9999393244479514
induction,AQP8,9,0.9997933057484566
ambient,KLK11,1,0.9932573622243491
ambient,GATM,1,0.9999116458929751
inplane,CD14,1,0.5639261142164533
inplane,CFB,1,0.9443889062787354
inplane,CFTR,2,0.9997741982835698
outplane,STC1,1,0.0
outplane,AMY2A,4,0.999953042552393
outplane,GATM,1,0.9999001134595619
outplane,AQP8,1,0.9996812309777994
outplane,MFAP5,1,0.28074013880100124
outplane,AMY2A,1,0.999978092040074
outplane,FXYD2,1,0.9613014662050725
outplane,GATM,1,0.9999547532864576
ambient,UMOD,1,0.7256219753854004
ambient,CPA3,1,0.6284118213416552
inplane,CFTR,1,0.9997661263836868
inplane,TM4SF18,1,0.0
inplane,AMY2A,1,0.9999576247961083
inplane,GATM,1,0.9999105716689489
induction,AMY2A,10,0.9999721010016932
induction,GATM,9,0.9999418340268441
induction,AQP8,11,0.9997989150773093
induction,AMY2A,13,0.9999736361701819
induction,GATM,4,0.9999449756658189
induction,AQP8,13,0.9998106059170181
outplane,EPCAM,1,0.9992401317958344
outplane,AMY2A,2,0.9999646406963891
outplane,SCGN,1,0.9896252264694989
induction,AMY2A,14,0.9999745011229958
induction,GATM,7,0.9999452280138088
induction,AQP8,9,0.999808301786269
outplane,ANPEP,1,0.9996796912191337
outplane,AMY2A,3,0.9999778338606815
ambient,FKBP11,1,0.9138409694322867
ambient,AQP3,1,0.835098878338627
outplane,EPCAM,1,0.9993241578489984
outplane,ANPEP,1,0.99961510836559
outplane,CFTR,1,0.9998433212287706
outplane,GPC3,1,0.7463517019269388
inplane,FCGR1A,1,0.7355238797320662
inplane,PLD4,1,0.5639643833131109
inplane,CD247,1,0.5893993263256024
inplane,AMY2A,2,0.9999725046259907
inplane,SPIB,1,0.7228248182980475
inplane,ACTG2,1,0.36707933582600694
inplane,EPCAM,1,0.9994678481001431
inplane,ANPEP,1,0.9997219541461893
inplane,AMY2A,1,0.9999806131033857
inplane,GATM,1,0.9999600499848885
inplane,EPCAM,1,0.9995846251006855
inplane,AMY2A,4,0.9999603443381772
inplane,GATM,1,0.9999163313388053
ambient,CA4,1,0.8300842904928034
ambient,AMY2A,1,0.9999775157298468
ambient,HAMP,1,0.8654824811370438
ambient,GLYATL1,1,0.4589926333711164
ambient,ANPEP,1,0.9995759126843624
ambient,PEBP4,1,0.638430199683897
induction,AMY2A,12,0.9999753023826603
induction,GATM,10,0.9999487300985727
induction,AQP8,8,0.999819569433421
inplane,IRF8,1,0.33109453959011914
inplane,MDM2,1,0.5078673920982659
inplane,CFTR,1,0.999873740173203
inplane,AMY2A,4,0.9999790036712071
induction,AMY2A,10,0.9999778589873771
induction,GATM,13,0.9999542222636008
induction,AQP8,7,0.9998361571353976
induction,AMY2A,8,0.9999750009203578
induction,GATM,11,0.9999480424295415
induction,AQP8,11,0.9998180503874132
ambient,CFTR,1,0.9998043426080324
ambient,PROX1,1,0.8351422528371244
inplane,GYPA,1,0.27116982229370723
inplane,AMY2A,1,0.9999379970849396
inplane,CYP2B6,1,0.12150468786926782
inplane,GATM,1,0.9998666638559364
inplane,AQP8,1,0.9995785425409989
outplane,CFTR,1,0.9998847514982481
outplane,AMY2A,2,0.9999802773024604
outplane,GATM,2,0.9999593246267929
inplane,CFTR,1,0.999868459342653
inplane,AMY2A,1,0.999975519664963
inplane,FXYD2,2,0.9695322232355374
ambient,PROX1,1,0.8221620459795922
ambient,AQP3,1,0.8431228910682881
inplane,PLAC9,1,0.23567781942399946
inplane,GATA2,1,0.0
inplane,DPT,1,0.9842845458191961
inplane,AMY2A,2,0.9999374050451104
inplane,C20orf85,1,0.2995453711127485
induction,AMY2A,11,0.9999775022989918
induction,GATM,11,0.9999534897018022
induction,AQP8,8,0.9998334618731723
outplane,CFB,1,0.8298888811123717
outplane,C1orf162,1,0.641903786266812
outplane,AMY2A,2,0.9999778368142628
outplane,PEBP4,1,0.7148290374658963
ambient,CFTR,1,0.9998782258528212
ambient,AQP8,1,0.9998441968275346
outplane,CFB,1,0.8098617665770133
outplane,TMC5,1,0.9899768970452881
outplane,GDF15,1,0.9108382352658831
outplane,GATM,1,0.999952398190495
outplane,KCNMA1,1,0.5559578175682542
outplane,MTRNR2L11,1,0.46333631430868183
outplane,AMY2A,1,0.9999812156329133
outplane,GATM,1,0.9999613389714933
outplane,DIRAS3,1,0.9475147166149832
induction,AMY2A,8,0.9999720544058642
induction,GATM,11,0.9999417336451738
induction,AQP8,11,0.9997986139421294
inplane,CFB,1,0.8421313949283142
inplane,EHF,1,0.9985440605400965
inplane,AMY2A,1,0.9999781058494113
inplane,SPIB,1,0.694215619554506
induction,AMY2A,9,0.9999808248609366
induction,GATM,12,0.9999604433449638
induction,AQP8,9,0.999857069804978
ambient,FKBP11,1,0.8868867685033086
ambient,PEBP4,1,0.651332709291766
ambient,CPA3,1,0.7707392136105702
ambient,HAMP,1,0.8478733199344309
ambient,CFTR,1,0.9998389266949191
ambient,GLYATL1,1,0.42456760699816665
inplane,HAVCR2,1,0.7258651501000584
inplane,AMY2A,1,0.9999804743588729
inplane,PROX1,1,0.9043348200878902
inplane,GATM,1,0.9999597758841926
inplane,AQP8,1,0.9998538038180895
induction,AMY2A,15,0.9999784844713568
induction,GATM,12,0.9999556273080263
induction,AQP8,3,0.99983948812603
induction,AMY2A,6,0.9999629502223488
induction,GATM,5,0.9999217056184684
induction,AQP8,13,0.9997436289631404
induction,AMY2A,14,0.999973844816233
induction,GATM,7,0.9999456177069023
induction,AQP8,9,0.9998098782100061
inplane,SMYD2,1,0.712418996597229
inplane,AMY2A,3,0.9999757664024574
inplane,GATM,1,0.9999498086739013
inplane,AMY2A,3,0.9999802631128495
inplane,GATM,1,0.9999593296348539
ambient,CFTR,1,0.9998703631236441
ambient,AMY2A,1,0.9999781124488439
inplane,CD14,1,0.4078517710177001
inplane,FSTL3,1,0.7974716949210005
inplane,CFTR,1,0.9998698213110571
inplane,TM4SF18,1,0.0
induction,AMY2A,10,0.9999801040690636
induction,GATM,13,0.9999588995582316
induction,AQP8,7,0.9998523590360464
ambient,CFTR,1,0.9998634410693128
ambient,KLK11,1,0.996364185403267
outplane,AMY2A,2,0.9999798415462204
outplane,CXCL6,1,0.9986791898824235
outplane,GATM,1,0.9999584123878874
outplane,THBS2,1,0.9957516385978399
outplane,PDGFRA,1,5.72628611195114e-11
outplane,SLC26A2,1,0.2925368332724384
outplane,ACTA2,1,6.221911874604302e-12
induction,AMY2A,11,0.9999786347314364
induction,GATM,9,0.99995585462621
induction,AQP8,10,0.9998415689034419
outplane,MYC,2,0.607785653205124
outplane,AMY2A,2,0.9999748057335364
outplane,GATM,2,0.9999479186386576
inplane,VCAN,1,0.9987772139510959
inplane,CFB,1,0.8936273833007286
inplane,MNDA,1,0.443182712306707
inplane,AIF1,1,0.7652122657505664
inplane,CFTR,1,0.9998808160273328
inplane,AMY2A,2,0.9999790212841826
inplane,AMY2A,3,0.9999817400344991
inplane,GATM,1,0.9999624579880225
ambient,ANPEP,1,0.9995973025410464
ambient,DIRAS3,1,0.925475867832025
ambient,AMY2A,1,0.9999804157064933
ambient,AQP3,1,0.8668500073406549
inplane,DST,1,0.5980074931681291
inplane,AMY2A,2,0.9999767297512228
inplane,GATM,2,0.9999518051362123
inplane,AMY2A,4,0.9999688323532951
inplane,BTNL9,1,0.0
outplane,FGL2,1,0.7195397266873522
outplane,MS4A6A,1,0.8460614205173896
outplane,BAMBI,1,0.7766208100491541
outplane,AMY2A,2,0.9999809413372167
outplane,PROX1,1,0.9282098568927284
outplane,GATM,1,0.9999607263781255
ambient,DPEP1,1,0.9714655468498353
ambient,RIDA,1,0.7923657144481531
inplane,NTN4,1,0.7390525873418734
inplane,MEST,1,0.798817828828168
inplane,IGSF6,1,0.5826957238046191
inplane,AMY2A,2,0.9999771282987898
induction,AMY2A,13,0.999979303532116
induction,GATM,9,0.9999571230209279
induction,AQP8,8,0.9998478219973864
induction,AMY2A,7,0.9999818079624432
induction,GATM,14,0.9999625140260635
induction,AQP8,9,0.9998638956049339
inplane,AMY2A,4,0.9999798865161895
inplane,GATM,1,0.9999585156765238
inplane,AQP8,1,0.9998499825693596
ambient,RIDA,1,0.6200387229534455
ambient,KLK11,1,0.9920281326575622
outplane,TCIM,2,0.0
outplane,BCL2L11,1,0.2990301840687408
outplane,CFTR,1,0.9997997746901439
inplane,CFTR,1,0.9996685087481679
inplane,EHF,1,0.9976550618019838
inplane,AMY2A,1,0.9999388577836601
inplane,FXYD2,1,0.8693089181151846
inplane,INS,1,0.9973775394102602
induction,AMY2A,7,0.999962419930434
induction,GATM,7,0.9999205945712796
induction,AQP8,10,0.9997398687957771
outplane,MYC,1,0.5763247482312889
outplane,AMY2A,3,0.999974934928806
ambient,DPEP1,1,0.9608620860709973
ambient,PEBP4,1,0.6435718999269973
induction,AMY2A,8,0.9999726183836878
induction,GATM,10,0.9999428893844345
induction,AQP8,12,0.9998028923785944
inplane,CFB,1,0.4335830016890171
inplane,MDM2,1,0.3753980824145281
inplane,CFTR,1,0.9996699044327287
inplane,GDF15,1,0.715439173930704
inplane,AMY2A,1,0.9999488140161302
ambient,ANPEP,1,0.9989938508235444
ambient,COCH,1,0.4330831742043474
inplane,MDM2,1,0.5030415275877436
inplane,AMY2A,3,0.9999462723394112
inplane,GATM,1,0.999885475613908
inplane,DST,1,0.2952323598416057
inplane,AMY2A,2,0.9999484561768114
inplane,KCNK3,1,0.8472132663192543
outplane,AMY2A,2,0.9999419199702853
outplane,FXYD2,1,0.7795733749172465
outplane,GATM,2,0.9998750815983513
outplane,FKBP11,1,0.9201140529606969
outplane,AMY2A,2,0.9999743416188899
outplane,GATM,1,0.9999468279554808
ambient,GATM,1,0.9999467048420243
ambient,GLYATL1,1,0.43702680067248323
outplane,TMC5,1,0.9831475295073078
outplane,PPARG,1,0.18361524442091937
outplane,CFTR,1,0.9996120049436671
outplane,CAVIN2,1,0.0
inplane,AMY2A,2,0.9999438129298935
inplane,CXCL2,1,0.23600903625517766
inplane,GATM,1,0.9998790944339339
outplane,MMRN2,1,0.0
outplane,SFRP4,1,0.9152569363287762
outplane,CFTR,1,0.9998781929555022
outplane,TM4SF18,1,0.0
outplane,AMY2A,1,0.9999797482625554
outplane,PECAM1,1,0.0
outplane,MDM2,1,0.4552953671956823
outplane,TFPI,1,0.0
outplane,AMY2A,2,0.9999783422617704
outplane,GATM,1,0.9999554346777193
inplane,MS4A6A,1,0.791931447420934
inplane,FBN1,1,0.011940234259476878
inplane,AMY2A,2,0.9999811013511628
induction,AMY2A,7,0.9999824098585343
induction,GATM,11,0.9999637911881449
induction,AQP8,12,0.9998679602213872
ambient,AQP3,2,0.8100843350538286
induction,AMY2A,14,0.9999818686948382
induction,GATM,7,0.9999626626445077
induction,AQP8,9,0.9998640719981088
inplane,CFB,1,0.8097399356722864
inplane,EDN1,1,0.1739141075631201
inplane,EPCAM,1,0.9993469928844787
inplane,CFTR,2,0.9998822610481584
inplane,GATM,1,0.9999603580754823
ambient,DPEP1,1,0.9842619340741585
ambient,PEBP4,1,0.8220377296317408
ambient,AQP8,1,0.9998621139124269
ambient,DIRAS3,1,0.9587531514818262
induction,AMY2A,11,0.9999820931548344
induction,GATM,7,0.9999631313947163
induction,AQP8,12,0.9998656769345486
ambient,HAMP,1,0.8326829006007055
ambient,PEBP4,1,0.6905196367296165
outplane,SFTA2,1,0.30446071809990716
outplane,FBN1,1,0.26963104481726996
outplane,EPCAM,1,0.9994785843891869
outplane,TENT5C,1,0.9977493901295638
outplane,GATM,1,0.999961025822849
ambient,CA4,1,0.8066039040151184
ambient,PEBP4,1,0.6925536113357641
inplane,VSIG4,1,9.171585713119157e-11
inplane,PTPRC,1,0.99525484718137
inplane,KCNMA1,1,0.47505326443948903
inplane,PPARG,1,0.04860191971149819
inplane,PRDM1,1,0.056393075713360385
inplane,ACTA2,1,2.976618951322507e-12
inplane,TCIM,1,0.0
inplane,CRISPLD2,1,4.04476452331437e-12
inplane,AMY2A,1,0.9999785103936425
inplane,GATM,1,0.9999556705750944
outplane,AMY2A,3,0.9999780826298083
outplane,SOX17,1,0.0
ambient,DPEP1,1,0.9847748141678565
ambient,KCNK3,1,0.9768046068421155
ambient,DIRAS3,1,0.9269214349997402
ambient,GLYATL1,1,0.4470322079190294
outplane,AMY2A,1,0.9999814621170046
outplane,PROX1,1,0.943079725590108
outplane,GATM,2,0.9999618090533539
outplane,AQP8,1,0.9998612180402027
outplane,DST,1,0.47561013057173973
outplane,PPP1R1B,1,0.966688381754287
outplane,EPCAM,1,0.9993652954779372
outplane,KRT7,1,0.9867273201831839
outplane,AMY2A,1,0.9999813042696051
ambient,DPEP1,1,0.9715068003234801
ambient,AQP8,1,0.9998510039213255
induction,AMY2A,16,0.9999795103191053
induction,GATM,7,0.9999576664918999
induction,AQP8,7,0.9998480291462267
ambient,CPA3,2,0.9283098211327723
induction,AMY2A,9,0.9999830147781206
induction,GATM,14,0.999965038124614
induction,AQP8,7,0.999872479694441
inplane,CTSK,1,0.020881408970857662
inplane,CFB,1,0.8545592326844049
inplane,CFTR,1,0.9998902588100359
inplane,AMY2A,2,0.9999817045830591
inplane,FXYD2,1,0.9719705600102823
outplane,GLIPR1,1,0.523106324021158
outplane,TMC5,1,0.9956439878298724
outplane,CFTR,1,0.9998580232162122
outplane,GDF15,1,0.9214485408614955
outplane,CD163,1,0.9949587713104214
outplane,AMY2A,2,0.9999807449371877
outplane,AQP8,1,0.9998560258265529
outplane,CAVIN1,1,0.04490194676595105
outplane,FBN1,1,0.014746458936739204
outplane,AMY2A,3,0.9999809865675652
induction,AMY2A,7,0.9999821787066703
induction,GATM,6,0.9999632710315104
induction,AQP8,17,0.9998667507109167
outplane,AMY2A,5,0.999978775882871
inplane,PMP22,1,0.20361157446213762
inplane,PECAM1,1,0.0
inplane,PLAC9,1,0.24237592984696477
inplane,EPCAM,1,0.9994005311947082
inplane,GEM,1,0.3110245413940974
inplane,AMY2A,1,0.9999801566598696
inplane,SOX17,1,0.0
ambient,RIDA,1,0.9109786419994682
ambient,CFTR,1,0.9998747222829335
outplane,AMY2A,5,0.9999789787245327
outplane,AQP8,2,0.9998440628621694
inplane,AMY2A,3,0.9999749555279427
inplane,GATM,1,0.999948064130925
ambient,RIDA,1,0.8603467032430553
ambient,DIRAS3,1,0.9550309677640889
induction,AMY2A,9,0.999981579565403
induction,GATM,10,0.9999620728776902
induction,AQP8,11,0.9998618379574594
outplane,AMY2A,4,0.9999800587008413
outplane,GATM,1,0.9999588604660813
ambient,RIDA,1,0.8157094351861551
ambient,GLYATL1,1,0.4707431920872882
induction,AMY2A,13,0.9999780462713254
induction,GATM,8,0.9999545158628987
induction,AQP8,9,0.9998386075495046
inplane,VCAN,1,0.9997308059369946
inplane,MYLK,1,0.7009252315819707
inplane,AMY2A,2,0.9999414492712858
inplane,GATM,1,0.9998740036574076
inplane,ANPEP,1,0.9990176553770509
inplane,AMY2A,3,0.9999406164450287
inplane,GATM,1,0.9998721836061382
inplane,C15orf48,2,0.9956252837430893
inplane,CPA3,1,0.8686855022093593
inplane,GATM,1,0.9999619789529446
inplane,TBX3,1,0.07849389967974651
inplane,PLIN4,1,0.5188339628447588
inplane,CD79A,1,0.9632430344819989
inplane,AMY2A,3,0.9999790168882225
inplane,CFAP53,1,0.7862380610402594
ambient,ANPEP,1,0.9996826226901006
ambient,AQP3,1,0.8910355149742064
induction,AMY2A,11,0.9999758500937119
induction,GATM,9,0.9999498102140758
induction,AQP8,10,0.9998241978030677
outplane,MS4A4A,1,0.8816336261786308
outplane,ANPEP,1,0.9996376694429828
outplane,AMY2A,1,0.9999747947067171
outplane,GATM,1,0.9999476545579536
outplane,CAVIN1,1,0.057352117023381166
outplane,LILRB2,1,0.25318575118336806
outplane,MDM2,1,0.6079885995781611
outplane,CFTR,1,0.9998871154495593
outplane,AMY2A,2,0.9999809582401465
outplane,GATM,1,0.9999607993552858
outplane,FKBP11,1,0.9500636889099833
outplane,CFTR,1,0.9998647158477307
outplane,AMY2A,1,0.9999739876642344
outplane,GATM,1,0.9999459538921867
outplane,KCNMA1,1,0.513362862199368
outplane,AMY2A,3,0.9999776674778812
outplane,AQP8,1,0.999835086843237
ambient,CPA3,1,0.7577156448455347
ambient,HAMP,1,0.8330344305848347
outplane,CFTR,1,0.9997908210203091
outplane,AMY2A,3,0.9999625447981826
outplane,GATM,1,0.9999193609297028
induction,AMY2A,10,0.999969142841373
induction,GATM,12,0.999935446178491
induction,AQP8,8,0.9997799269188367
ambient,RIDA,1,0.8593502009878219
ambient,CA4,1,0.8786035464738254
induction,AMY2A,11,0.9999618697393567
induction,GATM,4,0.9999194287588932
induction,AQP8,9,0.9997360931708025
ambient,HAMP,1,0.7071609133306853
ambient,GATM,1,0.9999094039549397
induction,AMY2A,5,0.9999493432468192
induction,GATM,3,0.9998910444271433
induction,AQP8,4,0.9996666233265068
outplane,PDGFRA,1,0.8727082348364842
outplane,CFB,1,0.8109457567870351
outplane,PPP1R1B,1,0.9263919976819293
outplane,GATM,1,0.9998680056827408
induction,AMY2A,8,0.9999560547205788
induction,GATM,2,0.9999061865623213
induction,AQP8,8,0.9997046786774983
outplane,NTN4,1,0.5810159999801576
outplane,CFB,1,0.8144680659168697
outplane,TMC5,1,0.9955837492269252
outplane,CNN1,1,0.9938153799564321
outplane,IL1RL1,1,0.4232605058750961
inplane,PECAM1,1,0.0
inplane,AMY2A,3,0.9999655873940173
induction,AMY2A,4,0.9999703560948856
induction,GATM,12,0.9999379290318773
induction,AQP8,14,0.999789150933306
outplane,CFB,1,0.8269240547491891
outplane,FKBP11,1,0.891764958941426
outplane,KLRD1,1,0.17296445937407456
outplane,AMY2A,1,0.9999757948490691
induction,AMY2A,9,0.9999752269664889
induction,GATM,10,0.9999484945756456
induction,AQP8,11,0.9998198889347047
induction,AMY2A,8,0.9999756011808795
induction,GATM,14,0.9999492879478632
induction,AQP8,8,0.9998224407245683
induction,AMY2A,8,0.9999807498918922
induction,GATM,13,0.999960281642291
induction,AQP8,9,0.9998565934457369
induction,AMY2A,13,0.9999768741605768
induction,GATM,7,0.999952167625133
induction,AQP8,10,0.9998290824876053
outplane,MS4A6A,1,0.7262080033689557
outplane,FAS,1,0.22377321763128266
outplane,MALL,1,0.015061452289839905
outplane,AMY2A,1,0.9999740514335533
outplane,AMY2A,1,0.999971761992182
outplane,GATM,2,0.9999413174761668
outplane,AQP8,1,0.9997944087187918
outplane,PGR,1,0.378049493416897
outplane,ADGRL4,1,0.0
outplane,CFB,1,0.8029382802457761
outplane,THAP2,1,0.39459065439692864
outplane,AMY2A,2,0.9999695698689937
outplane,GATM,1,0.9999366076318729
outplane,PECAM1,2,0.0
outplane,CFTR,2,0.999754289154026
outplane,TFPI,1,0.0
outplane,AMY2A,3,0.9999506853092994
induction,AMY2A,5,0.9999772871102979
induction,GATM,11,0.9999529054877202
induction,AQP8,14,0.99983344961936
outplane,NTN4,1,0.6562216662955833
outplane,MDM2,1,0.5544731762052225
outplane,AMY2A,2,0.9999435804923804
outplane,GATM,1,0.9998738195950756
induction,AMY2A,10,0.9999732585334219
induction,GATM,10,0.9999440635567816
induction,AQP8,10,0.9998038329414104
ambient,DPEP1,1,0.9646352372638172
ambient,COCH,1,0.7210734454212708
outplane,ACTG2,1,0.34659518482727236
outplane,MYC,1,0.6974756010049814
outplane,CFTR,2,0.9998879490949223
outplane,AMY2A,1,0.9999810717565665
induction,AMY2A,10,0.9999813563656695
induction,GATM,10,0.9999615902424658
induction,AQP8,10,0.9998604376834415
ambient,DPEP1,1,0.9791653788069619
ambient,CA4,1,0.8717948418957902
induction,AMY2A,6,0.9999714101994577
induction,GATM,12,0.9999401788051168
induction,AQP8,12,0.9997962049773591
outplane,EPCAM,1,0.9995176175739099
outplane,AMY2A,2,0.9999596093071399
outplane,GATM,1,0.9999148433047678
induction,AMY2A,11,0.9999707505818383
induction,GATM,10,0.999938690688908
induction,AQP8,9,0.9997926182699337
outplane,NTN4,1,0.5313794113640458
outplane,CFTR,1,0.9997918802032338
outplane,AMY2A,1,0.9999666165343669
outplane,FXYD2,2,0.902064718916232
inplane,AMY2A,3,0.9999715035894082
inplane,C7,1,0.6663788072229588
inplane,GATM,1,0.9999408496068624
inplane,FKBP11,1,0.9574719593674583
inplane,AMY2A,4,0.9999815001311633
inplane,KCNK3,1,0.9778885194820937
inplane,GATM,2,0.9999618131014706
induction,AMY2A,9,0.9999800319900687
induction,GATM,11,0.9999587670553355
induction,AQP8,10,0.999851634470474
inplane,DST,1,0.7964432534093543
inplane,CFTR,1,0.9997313332561613
inplane,CA4,1,0.8751986675766282
inplane,AMY2A,2,0.9999572884190352
inplane,SMYD2,1,0.5156586437755476
inplane,CFTR,1,0.9996683484404908
inplane,GATM,2,0.9998853438423915
ambient,CFTR,1,0.9998491056010202
ambient,HAMP,1,0.8463667204994081
induction,AMY2A,11,0.9999703986817301
induction,GATM,13,0.9999381566309586
induction,AQP8,6,0.9997880102013665
inplane,FSTL3,1,0.8138499444045345
inplane,PPP1R1B,1,0.931042306263668
inplane,SLC4A1,1,0.09113880389741269
inplane,FXYD2,1,0.9162115413011009
inplane,CLCA1,1,0.20392685995917004
inplane,GPX2,1,0.9954655487064425
ambient,UMOD,1,0.8580914008683959
ambient,AMY2A,1,0.9999702661788975
ambient,KLK11,1,0.9957857083629597
ambient,COCH,1,0.7468441776019554
outplane,FGL2,1,0.6708646340588791
outplane,CD14,1,0.7446354223730487
outplane,TCIM,1,0.0
outplane,KCNMA1,1,0.539244966646766
inplane,FAS,1,0.2524061169777143
inplane,AMY2A,1,0.9999720380109409
inplane,GATM,2,0.9999418933587702
inplane,PDGFRA,1,0.21713457556962223
inplane,MYC,1,0.4417799033745111
inplane,AMY2A,3,0.9999582760763162
induction,AMY2A,3,0.9999503428394744
induction,GATM,1,0.9998857632518976
induction,AQP8,8,0.9996527667831079
ambient,CFTR,1,0.9996177028316902
ambient,KCNK3,1,0.9197498487601167
inplane,AMY2A,4,0.9999674944570868
inplane,EDNRB,1,0.0
inplane,GATM,1,0.9999320764119406
inplane,CFTR,2,0.9998513194598996
inplane,AMY2A,1,0.9999752924402437
inplane,PROX1,1,0.8722510946694616
outplane,AMY2A,3,0.9999766937618199
outplane,AQP8,1,0.9998280888186173
induction,AMY2A,12,0.9999798157034079
induction,GATM,4,0.9999583616899661
induction,AQP8,14,0.9998495473634735
ambient,UMOD,2,0.8160564632841011
induction,AMY2A,9,0.9999790457013371
induction,GATM,13,0.9999566938681648
induction,AQP8,8,0.9998447299986947
inplane,EPCAM,2,0.99955465030687
inplane,PPP1R1A,1,0.9693342019910783
inplane,CFTR,1,0.9998505213204953
inplane,GATM,1,0.99994130984503
ambient,COCH,1,0.7916260776975061
ambient,AQP3,1,0.875224809522896
inplane,AMY2A,4,0.9999780252432654
inplane,GATM,1,0.9999545843729155
induction,AMY2A,12,0.9999820426898619
induction,GATM,8,0.9999630241390417
induction,AQP8,10,0.9998653382948006
ambient,HAMP,1,0.9468790487563585
ambient,GLYATL1,1,0.7131871976277121
outplane,MCF2L,1,0.0
outplane,CFTR,1,0.9998885389871474
outplane,EHF,2,0.9987871536239004
outplane,AMY2A,2,0.9999808425768002
induction,AMY2A,12,0.9999783296481725
induction,GATM,5,0.9999551828711722
induction,AQP8,13,0.9998397826114899
induction,AMY2A,8,0.9999767883230727
induction,GATM,11,0.999952050119487
induction,AQP8,11,0.9998277580855998
ambient,AMY2A,1,0.9999815667459422
ambient,PEBP4,1,0.7895882002941248
outplane,CAVIN1,1,0.16646030675729373
outplane,NPDC1,1,0.0
outplane,AMY2A,3,0.999979543458178
inplane,ANPEP,1,0.9996641447554219
inplane,AMY2A,2,0.9999762809391677
inplane,GATM,1,0.9999507796587127
inplane,AQP8,1,0.9998265148661353
inplane,AMY2A,3,0.999976750117448
inplane,FOXP3,1,0.7512464634265563
inplane,GPC3,1,0.7856759972808921
ambient,CA4,1,0.8272706873189104
ambient,AQP8,1,0.9998289802895917
outplane,CFB,1,0.9387335822687547
outplane,MYC,1,0.8308035185766074
outplane,ANPEP,1,0.9997170349210439
outplane,GATM,1,0.9999590693365431
induction,AMY2A,16,0.999978749049873
induction,GATM,10,0.9999561551895373
induction,AQP8,4,0.9998416694743394
inplane,CFTR,1,0.9998787547855222
inplane,AMY2A,2,0.9999798265937732
inplane,GATM,1,0.9999584084913572
inplane,GNG11,1,0.0
inplane,CFTR,1,0.9998837288151075
inplane,AMY2A,1,0.9999806192225396
inplane,GPX2,1,0.9891693281652276
outplane,NTN4,1,0.7659019266082808
outplane,ACTG2,1,0.3286123769696131
outplane,ARFGEF3,1,0.8235837154898729
outplane,AMY2A,2,0.9999813269103047
outplane,GATM,1,0.9999615507107483
ambient,HAMP,1,0.919575095515559
ambient,GATM,1,0.9999612080117982
ambient,DPEP1,1,0.9839153131764601
ambient,RIDA,1,0.8780306283220918
induction,AMY2A,10,0.9999824804868263
induction,GATM,9,0.9999639182777623
induction,AQP8,11,0.9998687077298092
induction,AMY2A,9,0.999980803227968
induction,GATM,8,0.9999603773978529
induction,AQP8,13,0.9998571573087338
inplane,MDM2,1,0.519369807723477
inplane,AMY2A,2,0.9999786552371377
inplane,GATM,1,0.9999559631243928
ambient,AQP8,1,0.9997794793576178
ambient,AQP3,1,0.7646438543355925
inplane,MCF2L,1,0.0
inplane,CD300E,1,0.20691609025702007
inplane,AMY2A,1,0.999980866322259
inplane,GATM,1,0.9999605832908097
outplane,NTN4,1,0.43829948333766644
outplane,CFTR,1,0.9996134189692293
outplane,AMY2A,1,0.9999401138310753
outplane,GATM,1,0.9998724334450498
induction,AMY2A,12,0.9999740258530933
induction,GATM,11,0.9999458813480177
induction,AQP8,7,0.9998124177058598
outplane,AMY2A,4,0.9999687955872292
inplane,AMY2A,3,0.9999695620712133
inplane,AQP8,1,0.9997809988272792
inplane,AMY2A,2,0.9999781448223153
inplane,GATM,2,0.9999548513519857
inplane,CFTR,2,0.9997741438005345
inplane,AMY2A,2,0.9999639275174148
inplane,GATM,1,0.9999242954555566
outplane,AMY2A,3,0.99997465454627
outplane,GATM,1,0.9999474543797143
induction,AMY2A,7,0.9999821244193074
induction,GATM,13,0.9999631700703814
induction,AQP8,10,0.9998662159620262
ambient,ANPEP,1,0.9997138007084242
ambient,CA4,1,0.8885804665762782
outplane,CFTR,2,0.999837616033414
outplane,AMY2A,2,0.9999696021573188
induction,AMY2A,9,0.9999791962424243
induction,GATM,15,0.9999570414778188
induction,AQP8,6,0.9998454236894537
inplane,VCAN,1,0.9993739924036903
inplane,PRDM1,1,0.20632381820513568
inplane,TM4SF18,1,0.0
inplane,AQP8,1,0.9998337049201959
ambient,UMOD,1,0.8755035831581292
ambient,GATM,1,0.9999615136912008
inplane,COL5A2,1,3.5271785492341223e-12
inplane,RIDA,1,0.8411898806007836
inplane,AMY2A,2,0.9999814767286183
induction,AMY2A,8,0.9999828617672074
induction,GATM,10,0.9999647263907302
induction,AQP8,12,0.9998712927570163
ambient,HAMP,1,0.9144156057327035
ambient,PEBP4,1,0.8048172822675783
induction,AMY2A,11,0.999982089997237
induction,GATM,7,0.9999631055237218
induction,AQP8,12,0.9998658829992579
inplane,NTN4,1,0.7317420429380517
inplane,CFB,1,0.8721488559165194
inplane,CFTR,1,0.9998440465390102
inplane,AMY2A,2,0.9999711681137097
inplane,MAMDC2,1,0.407879457568591
inplane,AMY2A,2,0.9999800815951065
inplane,AQP8,2,0.9998513473252845
inplane,TCIM,1,0.0
inplane,MDM2,1,0.5773264596109549
inplane,AMY2A,2,0.9999795835652141
induction,AMY2A,10,0.9999823799674388
induction,GATM,10,0.9999637080446778
induction,AQP8,10,0.9998679926343328
outplane,AMY2A,2,0.9999784697100415
outplane,PROX1,1,0.878263681696774
outplane,GATM,1,0.999955536630011
ambient,CFTR,1,0.9998697297694473
ambient,GATM,1,0.9999507772582384
outplane,TENT5C,1,0.997148608428857
outplane,AMY2A,2,0.9999755756880482
outplane,AQP8,1,0.9998203763876391
induction,AMY2A,6,0.9999567346820039
induction,GATM,7,0.9999077389644415
induction,AQP8,5,0.9997083477282459
ambient,CFTR,1,0.9997490635506617
ambient,KLK11,1,0.9932992545770015
ambient,DPEP1,1,0.8749951827904923
ambient,KCNK3,1,0.7660199382217479
induction,AMY2A,5,0.9999566728156187
induction,GATM,8,0.9999077762762915
induction,AQP8,5,0.9997064055340216
inplane,DST,1,0.4205710646364812
inplane,CFTR,1,0.999742034420587
inplane,PROX1,1,0.640778047429214
inplane,GATM,1,0.999890058296533
ambient,RIDA,1,0.4184616454390955
ambient,GLYATL1,1,0.1284365659402834
induction,AMY2A,7,0.9999548958278495
induction,GATM,3,0.9999038577646485
induction,AQP8,8,0.9996955978943977
induction,AMY2A,5,0.9999465621306444
induction,GATM,1,0.9998848907706223
induction,AQP8,6,0.9996497620219666
induction,AMY2A,4,0.9999409343556265
induction,GATM,6,0.999872897587697
induction,AQP8,2,0.9996118184382807
ambient,ANPEP,1,0.9995235874088234
ambient,CFTR,1,0.9998164692558617
outplane,EPCAM,1,0.9991177795223496
outplane,AMY2A,2,0.9999493021447592
outplane,AQP8,1,0.9996580727527353
outplane,NTN4,1,0.4376793226037299
outplane,ALDH1A3,2,0.42798461495710793
outplane,CFTR,1,0.999646444903757
outplane,EGFR,1,0.6169755750155177
inplane,CFTR,1,0.9997573985435569
inplane,AMY2A,3,0.9999400589186596
inplane,GATM,1,0.9998712535231529
ambient,AMY2A,1,0.9999581483681617
ambient,DIRAS3,1,0.9019707459900452
outplane,AMY2A,2,0.9999598886246757
outplane,GATM,2,0.9999161447548052
induction,AMY2A,8,0.9999740649914055
induction,GATM,13,0.9999458797824717
induction,AQP8,9,0.999813588938492
induction,AMY2A,9,0.999978946428217
induction,GATM,11,0.9999565653726467
induction,AQP8,10,0.9998431052349102
induction,AMY2A,8,0.9999625293871457
induction,GATM,9,0.9999208120545781
induction,AQP8,7,0.9997407587009991
inplane,CD4,1,0.347411797640497
inplane,LIF,1,0.9862004025996418
inplane,AMY2A,3,0.999976628076406
ambient,CFTR,1,0.9998806779464591
ambient,AMY2A,1,0.9999804983484172
ambient,COCH,1,0.6158963481466064
ambient,AQP8,1,0.9997447975141732
outplane,AMY2A,3,0.9999672029289689
outplane,GATM,1,0.9999314073338007
inplane,AMY2A,3,0.9999782481707794
inplane,GATM,1,0.9999551180380905
inplane,AQP8,1,0.9998379821472843
inplane,MYC,1,0.747309718208407
inplane,AMY2A,3,0.9999772727474757
outplane,ADGRL4,1,0.0
outplane,CD34,1,0.0
outplane,LILRB2,1,0.30359422854093354
outplane,SNCG,1,0.038952019905215685
outplane,AMY2A,3,0.9999637951431886
outplane,KCNK3,1,0.9162146775990706
inplane,CD3D,1,0.20396879801983547
inplane,PPP1R1B,1,0.9459932510004887
inplane,AMY2A,2,0.9999791514092117
outplane,RIDA,1,0.896041152444485
outplane,AMY2A,2,0.9999790208469135
outplane,AQP8,2,0.9998441993121109
induction,AMY2A,14,0.9999755468356687
induction,GATM,10,0.9999490836487585
induction,AQP8,6,0.9998230408201445
ambient,CPA3,1,0.88090888341712
ambient,GLYATL1,1,0.5984615811616676
ambient,AMY2A,2,0.9999437316300058
ambient,RIDA,1,0.8858534535923397
ambient,AMY2A,1,0.9999765670406152
inplane,AMY2A,2,0.9999772997702218
inplane,GCG,2,0.9973833346944201
inplane,GNG11,1,0.0
inplane,AMY2A,2,0.9999781666298759
inplane,FXYD2,1,0.9686415839919791
ambient,CFTR,1,0.9998094632001236
ambient,KCNK3,1,0.9518595190305068
induction,AMY2A,8,0.9999706644310703
induction,GATM,10,0.9999388681791344
induction,AQP8,12,0.9997882503349854
ambient,CPA3,1,0.6279961854659585
ambient,PEBP4,1,0.5743188867763996
outplane,CFTR,1,0.9997182403378495
outplane,AMY2A,3,0.9999500964971816
outplane,GATM,1,0.999891993679042
induction,AMY2A,10,0.9999771273948415
induction,GATM,9,0.9999526761979277
induction,AQP8,11,0.9998311272945855
induction,AMY2A,13,0.9999730415252267
induction,GATM,14,0.9999436299560867
induction,AQP8,3,0.9998074368246858
outplane,EGFR,2,0.8064191883640817
outplane,GATM,2,0.9999418093004607
outplane,AQP8,1,0.9997960090491488
induction,AMY2A,7,0.9999805604701949
induction,GATM,15,0.9999598929271722
induction,AQP8,8,0.999855157895387
outplane,MET,1,0.10233900250009342
outplane,AMY2A,2,0.9999493433005696
outplane,GATM,1,0.9998920417104227
inplane,TCIM,1,0.0
inplane,SMYD2,1,0.7303471498498726
inplane,ANPEP,1,0.9996170947516293
inplane,LPL,1,0.2324419295714356
inplane,CFAP53,1,0.7131132969513422
ambient,CA4,1,0.7626532547310368
ambient,CPA3,1,0.7101169887670635
outplane,CFTR,1,0.9998765614299825
outplane,EHF,1,0.9985007349938185
outplane,AMY2A,2,0.9999794593375453
ambient,AQP3,1,0.8658259518222396
ambient,GLYATL1,1,0.49520750572711736
outplane,CRISPLD2,1,0.1793258907025277
outplane,MDM2,1,0.532680935952333
outplane,AMY2A,2,0.9999810576611127
outplane,NTN4,1,0.6907954347110475
outplane,CFB,2,0.8323705137707137
outplane,CFTR,1,0.9998216016676789
outplane,ADAM28,1,0.7642498483624564
induction,AMY2A,13,0.9999718938673959
induction,GATM,7,0.9999413779109912
induction,AQP8,10,0.9997976818326337
outplane,TENT5C,1,0.9975564671877688
outplane,AMY2A,4,0.9999797621609373
ambient,FKBP11,1,0.8594136832878744
ambient,RIDA,1,0.7029861235801541
ambient,PEBP4,1,0.8363046717215938
ambient,GLYATL1,1,0.6529070301933604
inplane,CFTR,1,0.9998450236534003
inplane,GATA2,1,0.0
inplane,AMY2A,2,0.9999736826608625
inplane,ANPEP,1,0.9992227895852259
inplane,AMY2A,1,0.999951450279728
inplane,FXYD2,1,0.8507502398360723
inplane,CYP4B1,1,0.0
inplane,ACE2,1,0.03470074710451365
induction,AMY2A,8,0.9999817322278544
induction,GATM,9,0.9999623606443343
induction,AQP8,13,0.9998632975085285
ambient,FKBP11,1,0.8356856975270892
ambient,PROX1,1,0.7328355849191845
ambient,CFTR,1,0.9998848449784508
ambient,AMY2A,1,0.9999808470896782
outplane,AMY2A,2,0.9999754057594605
outplane,GATM,1,0.99994903024279
outplane,DIRAS3,1,0.9399072392201673
inplane,MMRN2,1,0.0
inplane,TMC5,1,0.9968139925773171
inplane,EPCAM,1,0.9995337660247238
inplane,MET,1,0.38475255282228393
inplane,FXYD2,1,0.9561098460703265
outplane,PPP1R1A,1,0.9717129932030477
outplane,AMY2A,4,0.9999782570717478
induction,AMY2A,9,0.999982764263733
induction,GATM,8,0.9999645245773373
induction,AQP8,13,0.9998705741499769
inplane,AMY2A,4,0.9999803230465063
inplane,GATM,1,0.9999593773233745
induction,AMY2A,8,0.9999810299461509
induction,GATM,9,0.9999608704746553
induction,AQP8,13,0.9998585507554633
ambient,CA4,1,0.8480698247081304
ambient,HAMP,1,0.8737742038779521
induction,AMY2A,11,0.9999706109271214
induction,GATM,10,0.999938547838147
induction,AQP8,9,0.9997900773831354
outplane,FBLN1,1,0.6556335048991103
outplane,CAVIN1,1,0.09535938693867219
outplane,CLEC4E,1,0.24410089196663698
outplane,CFTR,1,0.9998810239813137
outplane,CXCL6,1,0.9963792378441938
inplane,CD247,1,0.1988799435413774
inplane,AMY2A,2,0.9999812125299301
inplane,MCEMP1,1,0.12137788088556212
inplane,GATM,1,0.9999613185577485
outplane,DST,1,0.48582966366248737
outplane,MYC,1,0.7552726307084883
outplane,KIT,1,0.2200174607752836
outplane,AMY2A,3,0.9999817574216511
ambient,UMOD,1,0.8742076873930067
ambient,HAMP,1,0.884842528100339
outplane,PMP22,1,0.32607646457697825
outplane,BCL2L11,1,0.31687801292060735
outplane,CFTR,1,0.999816782774768
outplane,AMY2A,2,0.9999655692949482
inplane,KRT7,1,0.9929318392933417
inplane,AMY2A,2,0.9999494453168909
inplane,HMGCS2,1,0.4641159936190957
inplane,GATM,1,0.9998922193720481
outplane,AMY2A,3,0.9999589609596176
outplane,HAMP,1,0.7546242512654183
ambient,ANPEP,1,0.999442454437008
ambient,AQP8,1,0.9997149093193203
ambient,DPEP1,1,0.9656792832817314
ambient,HAMP,1,0.8641999890414603
ambient,KCNK3,1,0.9574570017969127
ambient,GATM,1,0.9999491443171461
outplane,NTN4,1,0.866644313510903
outplane,CNN1,1,0.9914413252703791
outplane,ANPEP,1,0.9997306357430872
outplane,CFTR,1,0.9998905800776884
outplane,AMY2A,1,0.9999810924092875
induction,AMY2A,12,0.9999786383009374
induction,GATM,10,0.9999558342057339
induction,AQP8,8,0.9998419151438002
inplane,MYC,1,0.6413260009052846
inplane,EPCAM,1,0.9993780689600283
inplane,AMY2A,1,0.9999791933661497
inplane,GATM,1,0.9999570742479906
induction,AMY2A,7,0.9999773471981382
induction,GATM,12,0.9999531686174563
induction,AQP8,11,0.9998323190409099
induction,AMY2A,5,0.9999790960788814
induction,GATM,9,0.9999568107562485
induction,AQP8,16,0.9998449559778
outplane,AMY2A,3,0.9999750240230925
outplane,GATM,2,0.9999473814141546
induction,AMY2A,10,0.9999798470321133
induction,GATM,12,0.9999583671428045
induction,AQP8,8,0.9998504686219498
outplane,ANPEP,1,0.9996760680846464
outplane,KLK11,1,0.9964600878180755
outplane,AMY2A,3,0.999977663437134
outplane,GATM,2,0.999953801477702
inplane,STC2,2,0.0
inplane,AMY2A,1,0.9999755548881607
inplane,AQP8,1,0.9998205669789305
ambient,RIDA,1,0.886399091667902
ambient,ANPEP,1,0.9996775104680015
induction,AMY2A,9,0.9999813906843777
induction,GATM,10,0.9999616421872638
induction,AQP8,11,0.9998609158808885
induction,AMY2A,15,0.9999715916379218
induction,GATM,6,0.9999406145737307
induction,AQP8,9,0.9997969123340906
induction,AMY2A,8,0.9999794941265252
induction,GATM,12,0.9999576731562343
induction,AQP8,10,0.9998474441775149
ambient,CA4,1,0.8320991923472999
ambient,AQP8,1,0.9998064567639617
ambient,RIDA,1,0.8526340619436155
ambient,PROX1,1,0.8965624977861506
ambient,UMOD,1,0.9503774635337456
ambient,AQP3,1,0.9604549093375332
ambient,CFTR,1,0.999888360360456
ambient,UMOD,1,0.9092237594670434
induction,AMY2A,13,0.9999813515305891
induction,GATM,7,0.9999615766459606
induction,AQP8,10,0.9998604444610997
ambient,HAMP,1,0.8552465485838111
ambient,PROX1,1,0.8614108947261635
ambient,RIDA,1,0.8361042269471086
ambient,PROX1,1,0.8799353489277071
induction,AMY2A,10,0.9999794510275357
induction,GATM,10,0.9999575422593912
induction,AQP8,10,0.9998476094457189
outplane,FKBP11,1,0.9429874113195018
outplane,AMY2A,3,0.9999764203445517
induction,AMY2A,9,0.9999814494674925
induction,GATM,14,0.9999617420822153
induction,AQP8,7,0.9998616049965043
inplane,ASPN,1,0.3151522462254277
inplane,DST,1,0.4523882379695322
inplane,RGS16,1,0.3499073824503893
inplane,EHF,1,0.9976604004553579
inplane,AMY2A,1,0.9999696351651427
ambient,CFTR,1,0.9998847477972654
ambient,CPA3,1,0.8257069628454631
outplane,BCL2L11,1,0.30059915550454996
outplane,MYC,1,0.6262544334337098
outplane,CFTR,1,0.999873539311734
outplane,AMY2A,2,0.9999782258193058
inplane,PCNA,1,0.3450833426801154
inplane,CFB,2,0.8237729363773503
inplane,FBN1,1,9.892087149410145e-13
inplane,ACTG2,1,0.29076853263083324
outplane,MDM2,1,0.53782064918492
outplane,AMY2A,2,0.9999794531219137
outplane,GATM,2,0.9999576179326062
outplane,CFTR,1,0.9998849405187552
outplane,SNCA,1,0.12166159493679152
outplane,ERBB2,1,0.8573649382824768
outplane,CHGA,1,0.96855113073248
induction,AMY2A,11,0.9999811807770894
induction,GATM,14,0.9999612116674454
induction,AQP8,5,0.9998593220927594
ambient,AMY2A,1,0.9999768610752885
ambient,COCH,1,0.7015508909557406
outplane,PMP22,1,0.16830800962989745
outplane,CFTR,1,0.9998802173875824
outplane,ADAMTS1,1,0.010100070480954737
outplane,AMY2A,1,0.9999804255534143
outplane,GATM,1,0.9999596668721589
ambient,AQP8,1,0.9998025100126057
ambient,GLYATL1,1,0.3326365573071334
ambient,GATM,1,0.9999370196501303
ambient,PEBP4,1,0.5829236255710295
outplane,GATM,2,0.9999583005519848
outplane,GLYATL1,2,0.49548021273873244
outplane,AMY2A,2,0.9999702406723624
outplane,GATM,2,0.9999381551970264
inplane,VCAN,1,0.9986851650087958
inplane,AMY2A,3,0.9999787992545565
outplane,CFB,1,0.7502255154272546
outplane,PPP1R1B,1,0.953565359563034
outplane,CFTR,1,0.9998827077328925
outplane,EHF,1,0.9984503720584413
outplane,TM4SF18,1,0.0
inplane,AMY2A,2,0.9999511172613316
inplane,SH2D3C,1,0.0
inplane,GATM,1,0.9998958324949969
ambient,CA4,1,0.8827344800879624
ambient,KCNK3,1,0.971499315225974
ambient,FKBP11,1,0.8960756697732968
ambient,UMOD,1,0.8030298818931721
ambient,CPA3,1,0.5877462810948502
ambient,PROX1,1,0.7874089312830888
outplane,EPCAM,2,0.9994692764610474
outplane,AMY2A,1,0.9999582986269858
outplane,KCNK3,1,0.9340582154903792
outplane,GATM,1,0.9999084062305045
outplane,APOLD1,1,0.0
outplane,IL3RA,1,0.0
outplane,AMY2A,2,0.9999682523249473
outplane,GATM,1,0.9999335708784519
outplane,AQP8,1,0.999773705817246
ambient,DPEP1,1,0.9773512004834223
ambient,PEBP4,1,0.7611651975832814
induction,AMY2A,8,0.9999705228006814
induction,GATM,11,0.9999383275350003
induction,AQP8,11,0.9997898237546125
ambient,RIDA,1,0.7877883821788507
ambient,COCH,1,0.739288822083555
inplane,CFB,1,0.9060835792887976
inplane,DST,1,0.6019748043767563
inplane,CYP2A7,1,0.6498344704839734
inplane,CFTR,1,0.9998830135215624
inplane,EHF,1,0.9986792334332676
inplane,SERPINB9,2,0.08544222374540689
inplane,CFTR,1,0.9998832698253197
inplane,AMY2A,1,0.9999808856247079
outplane,PPARG,1,0.1001442936704684
outplane,AMY2A,1,0.9999814844286413
outplane,GATM,2,0.9999618604152316
ambient,CFTR,1,0.9998859129427176
ambient,UMOD,1,0.8934976626293485
inplane,PRDM1,1,0.08245738289829818
inplane,CFB,1,0.8885267676815446
inplane,CLEC14A,1,0.0
inplane,CD93,1,0.0
outplane,GNG11,1,0.0
outplane,CFTR,1,0.9996494585091826
outplane,AMY2A,1,0.999939930183238
outplane,AQP8,1,0.9996059488850103
ambient,CPA3,1,0.7791207850829671
ambient,PEBP4,1,0.7143199628337689
inplane,NTN4,1,0.8204434911342571
inplane,EPCAM,1,0.9994735888940283
inplane,AMY2A,2,0.999977837714336
ambient,UMOD,1,0.829578752608553
ambient,KCNK3,1,0.9484608072684202
outplane,TENT5C,1,0.9941356190250198
outplane,AMY2A,3,0.9999495892428044
outplane,GATM,1,0.9998926963502609
ambient,KLK11,1,0.995399709289212
ambient,AQP8,1,0.9997858801502018
outplane,ANPEP,1,0.9996724909473557
outplane,AMY2A,1,0.9999771894004346
outplane,GATM,2,0.9999528535189892
outplane,AMY2A,2,0.9999769579131446
outplane,GATM,2,0.9999523008751438
outplane,INS,1,0.9974391103971043
outplane,GCG,1,0.9973731843708264
ambient,KCNK3,1,0.9548681234472884
ambient,AQP8,1,0.999783096167245
outplane,VCAN,1,0.9987719530554839
outplane,ANPEP,1,0.9997164173717392
outplane,AMY2A,1,0.9999801594674083
outplane,CXCL6,1,0.9986765963451503
inplane,STC2,1,0.0
inplane,PLD4,1,0.36435587632261235
inplane,TCIM,1,0.0
inplane,AMY2A,1,0.9999814586369807
outplane,SLAMF7,1,0.9713802694745513
outplane,PMP22,1,0.2077227218025951
outplane,AMY2A,1,0.9999804662088347
outplane,GATM,1,0.9999597596781492
ambient,CPA3,1,0.6234653816426567
ambient,DIRAS3,1,0.8218032505771352
outplane,EPCAM,1,0.9985365839474655
outplane,MET,1,0.1348602428252591
outplane,ANPEP,1,0.9993316516507076
outplane,MPEG1,1,0.7773111758983609
outplane,AMY2A,1,0.9999567427926646
ambient,DIRAS3,1,0.9081689619267928
ambient,PEBP4,1,0.6447352485622442
inplane,DST,1,0.5577378458433967
inplane,CFTR,1,0.9998823844244219
inplane,AMY2A,4,0.999979647783281
inplane,GATM,2,0.9999580162314992
outplane,CFB,1,0.8115126141873781
outplane,CFHR3,1,0.0
outplane,CFTR,1,0.9998853882330772
outplane,GATM,2,0.9999606785377129
ambient,ANPEP,1,0.9997131484427421
ambient,AQP8,1,0.9998502188648091
inplane,ADGRL4,1,0.0
inplane,CFTR,1,0.9998426018922231
inplane,AMY2A,3,0.999973329637835
inplane,TSPAN19,1,0.38763913036423125
outplane,AMY2A,3,0.9999811006438541
outplane,GATM,1,0.9999610815623147
induction,AMY2A,2,0.9999486969682194
induction,GATM,5,0.9998895398411312
induction,AQP8,5,0.9996633285824872
induction,AMY2A,9,0.9999806738533258
induction,GATM,10,0.9999601204677872
induction,AQP8,11,0.9998560771064103
outplane,CFTR,2,0.9998901311195532
outplane,AMY2A,2,0.9999817056433598
outplane,GATM,1,0.9999623350836361
outplane,MDM2,1,0.6240996815019073
outplane,CFTR,1,0.9998608001977771
outplane,LIF,1,0.9898910685394157
outplane,PROX1,1,0.8696734577288294
outplane,NPDC1,1,0.0
outplane,AMY2A,1,0.9999590173639902
outplane,GATM,1,0.9999135188985279
outplane,DIRAS3,1,0.8821697875408476
inplane,APOLD1,1,0.0
inplane,MDM2,1,0.7299699215946744
inplane,CFTR,1,0.9998165539237188
inplane,FXYD2,1,0.9753258785131101
outplane,KCNMA1,1,0.5067517779971427
outplane,AMY2A,1,0.9999775006244993
outplane,GATM,2,0.999953467491017
outplane,CRISPLD2,1,0.31859565380917054
outplane,SFRP4,1,0.05467660531844687
outplane,AMY2A,1,0.9999801617690851
outplane,GATM,1,0.9999591189763225
inplane,SMYD2,1,0.7885968119863996
inplane,KLK11,1,0.9955464164698096
inplane,AMY2A,2,0.999970797223957
inplane,GATM,1,0.9999391187226843
induction,AMY2A,11,0.9999817162544148
induction,GATM,11,0.9999623202930535
induction,AQP8,8,0.9998632658057918
outplane,AMY2A,3,0.9999588326486116
outplane,GATM,1,0.9999130970891063
inplane,CFTR,2,0.999877389910082
inplane,PLCG2,2,0.0
inplane,SFRP2,1,0.998600612713458
inplane,ACTA2,1,3.0871971645751728e-12
inplane,KCNMA1,1,0.45796691398049383
inplane,GATM,1,0.9999592224949858
ambient,DIRAS3,1,0.9255093436159536
ambient,GLYATL1,1,0.42094987600640155
induction,AMY2A,11,0.9999786614574583
induction,GATM,12,0.9999558707144568
induction,AQP8,7,0.9998422167696496
inplane,DST,1,0.3574165267797931
inplane,GATM,2,0.999952953564345
inplane,AQP8,1,0.9998308216247177
induction,AMY2A,5,0.9999818095122814
induction,GATM,14,0.9999625369667954
induction,AQP8,11,0.999863673533288
ambient,CFTR,1,0.9998763985592203
ambient,CA4,1,0.8140911015160015
ambient,COCH,1,0.8299971899109603
ambient,GATM,1,0.999962592907171
ambient,GATM,1,0.9999618189961139
ambient,DIRAS3,1,0.9563387030047631
outplane,DST,1,0.5249694182811528
outplane,EPCAM,1,0.9995220416401513
outplane,STC1,1,0.0
outplane,AMY2A,1,0.999980817376227
outplane,FXYD2,1,0.9698973349388295
inplane,GATM,3,0.9999606110892695
inplane,AQP8,1,0.999857004676719
ambient,FKBP11,1,0.9252172426613501
ambient,AQP8,1,0.9998581969907239
induction,AMY2A,7,0.9999814419420762
induction,GATM,7,0.9999617663103704
induction,AQP8,16,0.9998610809775327
ambient,AQP3,1,0.8731539326348496
ambient,GLYATL1,1,0.5024621919707861
outplane,APOLD1,1,0.0
outplane,SOX18,1,0.0
outplane,AMY2A,1,0.9999795563612887
outplane,GATM,1,0.999957882643298
outplane,LY6D,1,0.11300882374226484
outplane,VCAN,1,0.9992922991110093
outplane,CFHR1,1,0.0
outplane,SFRP2,1,0.999267027039191
outplane,MYC,2,0.6973859498789509
induction,AMY2A,12,0.9999812929362311
induction,GATM,10,0.999961453412529
induction,AQP8,8,0.9998600356449204
inplane,CFTR,2,0.9998803737833842
inplane,TFPI,1,0.0
inplane,AMY2A,1,0.9999783357531703
outplane,ADGRL4,1,0.0
outplane,MYC,1,0.7148253643725102
outplane,AMY2A,2,0.9999807776569881
ambient,KLK11,1,0.9968268380394151
ambient,PROX1,1,0.8841152281913063
ambient,HAMP,1,0.8085720497611157
ambient,GLYATL1,1,0.3522434925312796
outplane,CFTR,1,0.9998577830001597
outplane,AMY2A,2,0.999975946325026
outplane,MLPH,1,0.572501937148424
induction,AMY2A,9,0.9999638489766112
induction,GATM,5,0.999923520459587
induction,AQP8,10,0.9997506531537862
induction,AMY2A,15,0.9999817402076174
induction,GATM,4,0.9999623821034784
induction,AQP8,11,0.9998632979054233
ambient,AMY2A,1,0.9999800843847562
ambient,GATM,1,0.9999589993642141
outplane,EPCAM,1,0.9994608920031238
outplane,ANPEP,1,0.9997157379171571
outplane,CFTR,2,0.9998826862472543
outplane,AMY2A,1,0.9999801666365816
outplane,PROX1,1,0.9197276526780009
induction,AMY2A,9,0.9999778402794346
induction,GATM,11,0.9999540777534496
induction,AQP8,10,0.9998372211747201
outplane,CFTR,1,0.9998750173622352
outplane,EHF,1,0.9986885680645078
outplane,AMY2A,3,0.9999783711586908
outplane,C7,1,0.2567648306213036
outplane,FXYD2,1,0.9677556907047914
outplane,PROX1,1,0.8828192635130355
outplane,CFB,2,0.7818436287392523
outplane,SMYD2,1,0.66736083646728
outplane,CFTR,1,0.9998831970917487
outplane,AMY2A,1,0.9999804983225664
outplane,GATM,1,0.9999598681408784
outplane,DST,1,0.42676090802606903
outplane,AMY2A,1,0.9999812145763534
outplane,GATM,2,0.9999613135101021
induction,AMY2A,11,0.9999819997266214
induction,GATM,7,0.9999629190296336
induction,AQP8,12,0.9998652134970328
inplane,TCIM,1,0.0
inplane,MDM2,2,0.45936335406955797
inplane,AMY2A,1,0.9999806800939507
inplane,KCNK3,1,0.9556434254256475
inplane,GATM,1,0.9999602369882844
outplane,CFB,1,0.892029481000701
outplane,AMY2A,2,0.9999769853812112
outplane,GCG,1,0.9972887770399381
inplane,APOLD1,1,0.0
inplane,TMC5,1,0.9914734076696368
inplane,MYH11,1,0.9960249582149302
inplane,CFTR,1,0.9998870604660868
inplane,TM4SF18,1,0.0
outplane,CD14,1,0.8225196633457361
outplane,SFRP4,1,0.4933932964662593
outplane,CFTR,1,0.9998251422135358
outplane,ADAMTS1,1,3.166245043928484e-12
outplane,AGR3,1,0.7926784827031623
ambient,ANPEP,1,0.9996303191885
ambient,AMY2A,1,0.9999747094812789
inplane,TCIM,1,0.0
inplane,PCOLCE,1,0.09249757738942843
inplane,CFTR,1,0.9997891442691785
inplane,TFPI,1,0.0
inplane,AMY2A,1,0.9999663218911601
inplane,DIRAS3,2,0.8865717173081985
inplane,BASP1,1,0.581610191879456
inplane,MEST,1,0.8222016358752543
inplane,AMY2A,1,0.9999801647680655
inplane,GATM,1,0.9999591352516456
inplane,AQP8,1,0.9998515200119533
inplane,GLIPR1,2,0.5526131658025316
inplane,CD93,2,0.0
inplane,GATM,2,0.9999361899099801
outplane,AMY2A,3,0.9999428911697573
outplane,GATM,1,0.9998771815652981
ambient,DPEP1,1,0.9688874244516544
ambient,PROX1,1,0.8498435291155153
ambient,KLK11,1,0.9957988938303279
ambient,GLYATL1,1,0.5383559346315498
outplane,AMY2A,1,0.9999801747794287
outplane,PROX1,1,0.9210959131361853
outplane,GATM,2,0.9999590904309753
ambient,DIRAS3,2,0.9368502106851061
outplane,AMY2A,2,0.9999806657694309
outplane,AQP8,2,0.9998549473936831
ambient,UMOD,1,0.8480340320482233
ambient,PEBP4,1,0.7165100795060935
ambient,AMY2A,1,0.9999812680771866
ambient,COCH,1,0.7763853322992009
ambient,KCNK3,1,0.9651225001758208
ambient,DIRAS3,1,0.9457089103815228
outplane,AMY2A,1,0.9999786980491828
outplane,SCGN,1,0.9903782294221918
outplane,GATM,1,0.9999559712463787
outplane,AQP8,1,0.9998422019992228
induction,AMY2A,10,0.9999783512550589
induction,GATM,13,0.9999552417281853
induction,AQP8,7,0.9998397799124218
inplane,AMY2A,1,0.9999757627084173
inplane,CPA3,1,0.7733848854236335
inplane,GATM,2,0.9999497879801239
ambient,ANPEP,1,0.9996809830480327
ambient,UMOD,1,0.8351137605334644
outplane,AMY2A,2,0.9999782681006575
outplane,GATM,2,0.9999551049127219
outplane,AQP8,2,0.9998387604383026
induction,AMY2A,12,0.9999819626338597
induction,GATM,9,0.9999628489972969
induction,AQP8,9,0.9998648602498886
ambient,DPEP1,1,0.9780078938243657
ambient,GLYATL1,1,0.49759906389901465
outplane,AMY2A,3,0.9999759027771961
outplane,KCNK3,1,0.9552517134893339
ambient,AQP3,1,0.7986927718772818
ambient,GLYATL1,1,0.3284786054000852
ambient,FKBP11,1,0.8992749604945846
ambient,HAMP,1,0.834100808618377
induction,AMY2A,5,0.9999792161333916
induction,GATM,14,0.9999570512704504
induction,AQP8,11,0.9998459330640043
inplane,CD247,1,0.5896030961338845
inplane,AMY2A,1,0.9999805256757324
inplane,GATM,2,0.9999598612114518
ambient,CA4,1,0.8552208032170207
ambient,AQP3,1,0.8599013356240991
inplane,PECAM1,1,0.0
inplane,FAS,1,0.31119618286477824
inplane,DST,1,0.46602261037945314
inplane,AMY2A,1,0.9999814668358774
induction,AMY2A,12,0.9999806492630319
induction,GATM,12,0.9999601658405
induction,AQP8,6,0.9998547613443427
induction,AMY2A,12,0.9999819360348627
induction,GATM,7,0.9999627978333777
induction,AQP8,11,0.9998646180698979
outplane,SFRP4,1,0.7556336615802492
outplane,TM4SF18,1,0.0
outplane,AMY2A,2,0.9999775472539795
induction,AMY2A,9,0.9999814364082777
induction,GATM,8,0.9999617265703638
induction,AQP8,13,0.9998613735704518
inplane,CFTR,1,0.9998722348518632
inplane,AMY2A,2,0.9999787367009385
inplane,GATM,1,0.9999560487640473
inplane,AQP8,1,0.9998425155304808
ambient,CA4,2,0.7521441052703806
inplane,MMRN2,1,0.0
inplane,CFHR3,1,0.0
inplane,CFTR,2,0.9998417880699123
inplane,CDK1,1,0.24245494406790846
outplane,ANPEP,1,0.9997150159456719
outplane,AMY2A,2,0.9999801866648609
outplane,GATM,1,0.9999591378329242
inplane,MET,1,0.32551541163363795
inplane,AMY2A,4,0.9999809378837072
induction,AMY2A,11,0.9999813093920452
induction,GATM,12,0.9999615068446074
induction,AQP8,7,0.9998599277052225
ambient,CFTR,1,0.9998903789897433
ambient,CPA3,1,0.8652981044996124
inplane,LAMP3,1,0.7331764244785394
inplane,CLEC14A,1,0.0
inplane,GATM,1,0.9999492327698292
inplane,AQP8,1,0.9998198092495528
outplane,C1orf194,1,0.6106500839533426
outplane,AMY2A,2,0.9999801036689808
outplane,GATM,1,0.9999589544495178
ambient,GATM,1,0.999961068309757
ambient,GLYATL1,1,0.5031963135779421
