cls,gene,n,removal_prob
inplane,PPP1R1B,1,0.9676187744851237
inplane,AMY2A,2,0.9999738736828293
inplane,GATM,1,0.9999446065311017
inplane,FKBP11,1,0.9692064112478509
inplane,RIDA,1,0.9241798465550146
inplane,AMY2A,2,0.9999790041926576
ambient,FKBP11,1,0.9510923219368166
ambient,DIRAS3,1,0.9526311605924082
induction,AMY2A,7,0.9999665123849028
induction,AQP8,3,0.9997213160582682
outplane,CLEC10A,1,0.3872530065733718
outplane,CFB,1,0.9195787905831885
outplane,AMY2A,3,0.9999724638562647
induction,AMY2A,2,0.9999808991135846
induction,GATM,4,0.9999600125025838
induction,AQP8,4,0.9998435459339153
inplane,AMY2A,3,0.999978720492887
inplane,GATM,2,0.9999552853641093
inplane,FGL2,1,0.7754707818427149
inplane,CXCR4,1,0.4515994585679468
inplane,ANPEP,1,0.9997402757856987
inplane,GATM,1,0.9999616412778006
outplane,CYP2A7,1,0.8024912877044705
outplane,CFTR,2,0.9998824449296118
outplane,AMY2A,1,0.999980566552359
inplane,CFB,1,0.8115871424442967
inplane,MDM2,1,0.5621273701610044
inplane,EPCAM,1,0.9993273952471827
inplane,AMY2A,1,0.9999799031812406
induction,AMY2A,3,0.9999818123224153
induction,GATM,3,0.9999619749863249
induction,AQP8,4,0.9998511407879999
inplane,DST,1,0.6447857764653424
inplane,CFTR,1,0.9998643401874302
inplane,PROX1,1,0.9314141327052773
inplane,GATM,1,0.9999515146806615
ambient,FKBP11,2,0.9649325465443263
ambient,KCNK3,1,0.985992763959062
ambient,GLYATL1,1,0.7627252002482761
inplane,AMY2A,3,0.9999814826071941
inplane,GATM,1,0.9999612276393902
inplane,CFTR,1,0.9998828993959241
inplane,AMY2A,2,0.9999783369919549
inplane,AQP8,1,0.9998220855886463
induction,AMY2A,6,0.9999742746849647
induction,GATM,1,0.9999455630500271
induction,AQP8,3,0.9997879747287522
induction,AMY2A,4,0.9999728183132636
induction,GATM,3,0.9999400827450177
induction,AQP8,3,0.9997673369248271
outplane,AMY2A,4,0.9999808389879479
outplane,APOA5,1,0.49273721823193206
outplane,GATM,2,0.9999598745642226
outplane,INS,1,0.9975151455448966
induction,AMY2A,3,0.9999766008889089
induction,GATM,4,0.9999507180749058
induction,AQP8,3,0.9998076709742759
induction,AMY2A,3,0.9999809768830474
induction,GATM,5,0.9999601899206155
induction,AQP8,2,0.9998442161924411
inplane,GPRC5A,1,0.9894767407424406
inplane,SLC4A1,1,0.2728273000953163
inplane,AMY2A,2,0.9999814678120504
ambient,CFTR,1,0.999885450584947
ambient,UMOD,1,0.9240133497536254
outplane,TMC5,1,0.9932594304037293
outplane,CFTR,2,0.9998869951491076
outplane,AMY2A,1,0.9999806975679044
ambient,GATM,1,0.9999625052878104
ambient,AQP3,1,0.9439371853825547
induction,AMY2A,1,0.9999778249055377
induction,GATM,1,0.9999534343187227
induction,AQP8,8,0.9998180445992114
induction,AMY2A,4,0.9999654906671644
induction,GATM,4,0.9999259499980045
induction,AQP8,2,0.9997132900163938
induction,AMY2A,4,0.9999818644026844
induction,GATM,5,0.9999620697515305
induction,AQP8,1,0.9998515347514578
inplane,VWA5A,1,0.8742246329065819
inplane,CFTR,2,0.9998889846248428
inplane,AMY2A,1,0.9999811816485961
inplane,AQP8,1,0.9998458425549023
inplane,CFB,1,0.9542683107605476
inplane,MYC,1,0.8617363360604712
inplane,AMY2A,3,0.9999772635498686
inplane,GATM,1,0.9999516854715953
ambient,KLK11,1,0.9956618384200294
ambient,COCH,1,0.8771736797177558
ambient,AMY2A,1,0.9999793604809769
ambient,GLYATL1,1,0.734739872659314
inplane,CFTR,1,0.9998722535323593
inplane,EDNRB,1,0.0
inplane,GATM,2,0.9999540585750435
induction,AMY2A,2,0.9999808618634584
induction,GATM,4,0.9999599053066562
induction,AQP8,4,0.9998431742311191
inplane,CFTR,1,0.9998502124721909
inplane,AMY2A,2,0.9999746814152575
inplane,GATM,1,0.9999465442297618
outplane,MYC,1,0.8719364219291468
outplane,AMY2A,1,0.9999762883536166
outplane,GATM,1,0.9999496457640819
outplane,AQP8,1,0.9998041658742234
outplane,PMP22,1,0.2570146300750804
outplane,CFTR,1,0.9998680278605954
outplane,AMY2A,1,0.9999777041644368
outplane,ELF5,1,0.3324809607423578
ambient,PROX1,2,0.9450529434825975
outplane,APCDD1,1,0.41959208022046524
outplane,DST,2,0.652357582657609
outplane,PROX1,1,0.9503390875216647
inplane,GHRL,1,0.9664671010786329
inplane,EHF,1,0.9986597538191254
inplane,PLCG2,1,0.0
inplane,AMY2A,1,0.9999757429975279
induction,AMY2A,2,0.9999787034664691
induction,GATM,4,0.9999552347388133
induction,AQP8,4,0.9998251513606728
ambient,KCNK3,2,0.9656842195881112
outplane,CFTR,1,0.9998701093204766
outplane,AMY2A,3,0.9999770675069712
outplane,AQP8,1,0.9998116084662263
outplane,CD163,1,0.9919457024255555
outplane,CFTR,2,0.999879739388558
outplane,AMY2A,3,0.9999791999761134
inplane,AMY2A,2,0.9999787255168973
inplane,GATM,2,0.999955058671768
outplane,ANPEP,2,0.9997210027676345
outplane,GATM,2,0.9999585815018712
outplane,PECAM1,1,0.0
outplane,TBX3,1,0.021124715208796552
outplane,GATM,2,0.9999599152411879
inplane,TCIM,1,0.0
inplane,SMYD2,1,0.8414458071713311
inplane,AMY2A,2,0.999978908878419
inplane,GATM,1,0.9999556517337159
outplane,CFB,1,0.9041054630863731
outplane,CFTR,1,0.9998773790968869
outplane,GPC3,1,0.8727225108688073
outplane,GATM,1,0.9999561603825109
inplane,MET,1,0.6118462338584698
inplane,AMY2A,3,0.9999810471922052
inplane,GATM,1,0.9999603192222548
ambient,PROX1,1,0.9548808487694115
ambient,AQP3,1,0.9492453905329009
outplane,KLK11,1,0.9969405440658208
outplane,AMY2A,3,0.9999800186503554
outplane,KCNK3,1,0.9846496809743555
inplane,VWA5A,1,0.8481475697253793
inplane,ACTG2,1,0.5691360325551864
inplane,HAVCR2,2,0.6287657200093997
inplane,TFPI,1,0.0
inplane,AMY2A,1,0.9999791668072884
inplane,CXCL6,1,0.998556446686365
inplane,SFRP4,1,0.6806375358564455
inplane,EHF,1,0.9986281218832127
inplane,AMY2A,2,0.9999483559159176
inplane,GATM,1,0.999884141794474
induction,AMY2A,3,0.9999818068935016
induction,GATM,2,0.9999619718111635
induction,AQP8,5,0.9998511150332535
ambient,KCNK3,1,0.9710868207028323
ambient,HAMP,1,0.9024750291392885
ambient,PROX1,1,0.9397040606557286
ambient,AQP8,1,0.9998275075883797
ambient,CA4,1,0.8797594198176478
ambient,AQP8,1,0.9998253486205365
ambient,KLK11,1,0.996886251041574
ambient,HAMP,1,0.951735077277724
induction,AMY2A,5,0.9999700738658553
induction,GATM,2,0.9999356141371828
induction,AQP8,3,0.9997509800503881
induction,AMY2A,4,0.9999720422584585
induction,GATM,4,0.9999403660895193
induction,AQP8,2,0.9997685130259322
outplane,IRF8,1,0.6021813893362424
outplane,PRDM1,1,0.256477517083052
outplane,GHRL,1,0.9690495730707492
outplane,AMY2A,3,0.9999635430896228
outplane,AMY2A,3,0.9999808917031857
outplane,GATM,1,0.9999599505646966
outplane,CFTR,1,0.9998604289603751
outplane,AMY2A,2,0.9999764212616824
outplane,GATM,1,0.9999502587190958
outplane,MDM2,1,0.9263936081011582
outplane,CFTR,1,0.9998826295146807
outplane,C1orf162,1,0.8474611260546117
outplane,AMY2A,3,0.9999783104033572
inplane,PMP22,1,0.31551509654072596
inplane,AMY2A,2,0.9999819884834956
inplane,GATM,1,0.9999623516535264
ambient,CFTR,1,0.9998462927142645
ambient,PEBP4,1,0.6319625442491874
induction,AMY2A,5,0.9999820814949552
induction,GATM,4,0.9999625301303902
induction,AQP8,1,0.9998533262118007
ambient,KLK11,1,0.9969473815625853
ambient,AQP3,1,0.8637571268771106
inplane,CRISPLD2,1,7.383316180664679e-12
inplane,AMY2A,2,0.9999794923336307
inplane,GATM,1,0.9999570539197146
outplane,MS4A6A,1,0.6024328907179927
outplane,ADAM28,1,0.7744471062113778
outplane,AMY2A,2,0.9999803284276914
outplane,GATM,1,0.9999587487374247
outplane,CRHBP,1,0.14151542351384494
outplane,GATM,3,0.9999453883174142
outplane,AQP8,1,0.9997873613938956
induction,AMY2A,3,0.9999572887967891
induction,GATM,2,0.99990637968111
induction,AQP8,3,0.9996408037861612
induction,AMY2A,1,0.9999770098856634
induction,GATM,4,0.9999511696409238
induction,AQP8,5,0.999810105215345
inplane,FBN1,1,0.01595881896448259
inplane,MDM2,1,0.7225552771188999
inplane,CYP2A7,1,0.6293578301360764
inplane,AMY2A,4,0.9999714668750576
ambient,CA4,1,0.7569479926235083
ambient,GLYATL1,1,0.4640578265000328
ambient,PROX1,1,0.8591339296170257
ambient,DIRAS3,1,0.9228766579590642
ambient,UMOD,1,0.9381193303892679
ambient,GATM,1,0.9999544991699698
ambient,FKBP11,1,0.9793822548493694
ambient,CPA3,1,0.9408644382778616
inplane,ECSCR,1,0.0
inplane,AMY2A,1,0.9999355265044934
inplane,KCNK3,1,0.9691709040197533
inplane,HAMP,1,0.6935883126006781
inplane,GATM,1,0.9998308512322525
induction,AMY2A,2,0.9999814266992486
induction,GATM,5,0.9999610766972961
induction,AQP8,3,0.999847774923179
ambient,FKBP11,1,0.9433632886503702
ambient,RIDA,1,0.879742295445746
ambient,CA4,1,0.8022403174974283
ambient,GLYATL1,1,0.5235882245937356
ambient,CPA3,1,0.8537020316147705
ambient,DIRAS3,1,0.9485643435157753
inplane,MMRN2,1,0.0
inplane,TCIM,1,0.0
inplane,CFTR,1,0.9998806201794439
inplane,GATM,1,0.9999566936107211
outplane,CFTR,1,0.9998765445797506
outplane,SNCA,1,0.40492076248512854
outplane,FXYD2,1,0.9774973766706014
outplane,PROX1,1,0.9254040045597676
ambient,CA4,1,0.9511746625816175
ambient,DIRAS3,1,0.9803281312053196
outplane,AMY2A,4,0.9999774494519219
outplane,TCIM,1,0.0
outplane,CLEC14A,1,0.0
outplane,BAMBI,1,0.7832715803419238
outplane,AMY2A,1,0.999978260488552
inplane,MMRN2,2,0.0
inplane,AMY2A,4,0.999978021042497
induction,AMY2A,3,0.9999797697034685
induction,GATM,3,0.9999575439453219
induction,AQP8,4,0.9998340588749041
inplane,PCNA,1,0.6914290808350867
inplane,CFB,1,0.9427088606470307
inplane,CFTR,1,0.9998939433335294
inplane,ERBB2,1,0.9612108881297015
induction,AMY2A,5,0.9999758770787018
induction,GATM,3,0.9999488976137937
induction,AQP8,2,0.999801052296189
ambient,CPA3,1,0.8683394270606699
ambient,AQP8,1,0.9998278112402694
inplane,AMY2A,3,0.9999638752102146
inplane,GATM,1,0.9999218054976242
outplane,AMY2A,4,0.9999789399919641
ambient,COCH,1,0.8703156026648625
ambient,GATM,1,0.9999450174087078
induction,AMY2A,4,0.9999778823944544
induction,GATM,5,0.9999534608738675
induction,AQP8,1,0.9998183021533235
outplane,CFTR,1,0.9998676738490739
outplane,AMY2A,1,0.9999773059092085
outplane,CD8A,1,0.5382912612828653
outplane,CXCL6,1,0.9982158731812572
outplane,GATM,2,0.9999520112563454
ambient,ANPEP,1,0.9997456236718102
ambient,KLK11,1,0.9972381077153606
inplane,TENT5C,1,0.9976784644779748
inplane,AMY2A,1,0.9999808378463642
inplane,FXYD2,1,0.9787240289637541
inplane,GATM,1,0.9999598740771436
inplane,TCIM,1,0.0
inplane,MYC,1,0.6818088513741712
inplane,CFTR,1,0.9998647103565301
inplane,AMY2A,2,0.9999761627873361
induction,AMY2A,5,0.9999784142081184
induction,GATM,4,0.9999544780161527
induction,AQP8,1,0.999822439195747
induction,AMY2A,3,0.9999819076131005
induction,GATM,4,0.9999622004764535
induction,AQP8,3,0.9998519806218497
outplane,ANPEP,1,0.9996879466346875
outplane,TENT5C,1,0.9975709348809672
outplane,AMY2A,1,0.9999783997846323
outplane,GATM,2,0.9999543516204683
outplane,AQP8,1,0.9998221031349802
outplane,PDGFRB,1,0.22102709401554
outplane,ASPN,1,0.325097475159965
outplane,TBX3,1,0.24237920994128448
outplane,EHF,1,0.9987746796210666
outplane,AMY2A,1,0.9999788497854037
ambient,ANPEP,1,0.9996408479746549
ambient,CA4,1,0.8365636825996863
ambient,PROX1,1,0.8948270738526618
ambient,AQP3,1,0.8912527081968881
outplane,MYH11,1,0.9961584203034153
outplane,AMY2A,2,0.9999804827556581
outplane,GATM,2,0.999959078362582
induction,AMY2A,1,0.9999810388888286
induction,GATM,5,0.9999603610848602
induction,AQP8,4,0.9998448184356659
ambient,UMOD,1,0.9247574035578261
ambient,AQP8,1,0.9998300891947987
inplane,AMY2A,2,0.9999804502472492
inplane,HAMP,1,0.9083244055809885
inplane,GATM,1,0.9999591019144244
outplane,MYC,1,0.8196406372940483
outplane,AMY2A,3,0.999979642013245
inplane,NTN4,1,0.7596727334610842
inplane,TENT5C,1,0.9976095009643505
inplane,AMY2A,1,0.9999803373981934
inplane,GATM,1,0.9999588919652844
outplane,FKBP11,1,0.9762814188570771
outplane,EPCAM,1,0.999556007171646
outplane,MET,1,0.7452482159810265
outplane,AMY2A,2,0.9999762425943352
outplane,GATM,1,0.999949205465663
ambient,PEBP4,1,0.7874368965965411
ambient,GLYATL1,1,0.6714783254151757
outplane,SRPX,1,0.2487348018084401
outplane,AMY2A,2,0.9999808236110471
outplane,GATM,1,0.999959839805452
outplane,CD3D,1,0.8276151888752858
outplane,AMY2A,2,0.9999730859159078
outplane,GATM,1,0.9999427494867842
induction,AMY2A,4,0.9999777959494497
induction,GATM,3,0.9999532522985546
induction,AQP8,3,0.9998175315093264
inplane,PCNA,1,0.6924379023817274
inplane,AMY2A,2,0.9999772088227181
inplane,AQP8,1,0.9998121042434954
induction,AMY2A,3,0.9999819229147936
induction,GATM,4,0.9999622117229986
induction,AQP8,3,0.9998520584480118
outplane,CLEC4E,1,0.8244669507663328
outplane,PPP1R1B,1,0.9900783794191709
outplane,AMY2A,1,0.9999789070966882
outplane,AQP8,1,0.9998264756538714
inplane,CXCR4,1,0.07125498427655741
inplane,MYC,1,0.43555585831088683
inplane,C1orf162,2,0.5845252815056254
inplane,AMY2A,1,0.9999264729379829
induction,AMY2A,6,0.9999805664554288
induction,GATM,1,0.9999592981209768
induction,AQP8,3,0.9998407805213353
outplane,NTN4,1,0.8981959528981459
outplane,CFB,1,0.9356778926808065
outplane,KCNK3,1,0.9848675604887808
outplane,CXCL2,1,0.7920765976682237
ambient,CFTR,1,0.9998930777421429
ambient,GATM,1,0.9999619268221871
ambient,RIDA,1,0.9011029877955873
ambient,AMY2A,1,0.9999804373958989
outplane,TIMP4,1,0.38702817834044023
outplane,AMY2A,2,0.9999824740977487
outplane,GATM,1,0.999963352010818
outplane,AQP8,1,0.9998565415849798
induction,AMY2A,5,0.9999823783239656
induction,GATM,4,0.9999631614173119
induction,AQP8,1,0.9998557798193138
ambient,UMOD,1,0.9282853668903123
ambient,COCH,1,0.8486084339602866
outplane,AMY2A,3,0.9999833581769733
outplane,CPA3,1,0.9344197234123349
inplane,AMY2A,3,0.9999820799188945
inplane,FXYD2,1,0.9844280184602675
inplane,SMYD2,1,0.7823775968566214
inplane,FKBP11,1,0.9458651175784062
inplane,AMY2A,2,0.9999802285320425
inplane,AMY2A,2,0.9999318517913525
inplane,GATM,1,0.9998434754773946
inplane,AQP8,1,0.9994116184913141
outplane,FKBP11,1,0.7942266551295729
outplane,MYC,1,0.46173625731414847
outplane,ANPEP,1,0.999069159182338
outplane,RND1,1,0.2027700836482601
outplane,AMY2A,2,0.999935723968924
outplane,GPC3,1,0.5279747541470015
outplane,GATM,1,0.9998524234442522
outplane,SEMA3C,1,0.81695918175393
outplane,CFTR,1,0.9997015363305618
outplane,AMY2A,3,0.9999352399620188
outplane,AMY2A,2,0.9999256338331791
outplane,FXYD2,2,0.9131396266664721
outplane,AMY2A,4,0.9999446266409393
outplane,GATM,1,0.9998757754993682
outplane,FKBP11,1,0.7881355284457247
outplane,CFTR,1,0.9996780732013949
outplane,AMY2A,1,0.9999453628602125
outplane,CPA3,1,0.6509634384078337
outplane,GATM,1,0.9998774820214669
ambient,RIDA,1,0.5476633619862981
ambient,COCH,1,0.42783019212598217
inplane,CFTR,2,0.999670459776966
inplane,TM4SF4,1,0.9931783452290825
inplane,GATM,1,0.9998484540127746
induction,AMY2A,2,0.9999414780334327
induction,GATM,2,0.9998688998428698
induction,AQP8,2,0.9995017540290401
outplane,PDGFRA,1,0.841021897553627
outplane,AMY2A,1,0.9999237574976838
outplane,C7,1,0.634802047484153
outplane,GATM,1,0.9998254854389012
induction,AQP8,4,0.9994243563144647
outplane,AMY2A,4,0.9999376215593246
outplane,AQP8,1,0.9994596613361734
outplane,GCG,1,0.9976387450034676
outplane,SFRP4,1,0.8969030445471473
outplane,CFTR,2,0.999683482251443
outplane,AMY2A,1,0.9999438462896054
outplane,PROX1,1,0.6275814542513445
induction,AMY2A,4,0.9999533166025069
induction,GATM,1,0.9998970363404958
induction,AQP8,3,0.9996060159110972
ambient,FKBP11,1,0.8328947234675533
ambient,COCH,1,0.5629665800695918
inplane,PMP22,1,0.20927324056391972
inplane,MYC,1,0.5076230907432104
inplane,AMY2A,4,0.9999634127528241
induction,AMY2A,2,0.9999332550282043
induction,AQP8,2,0.9994237609881728
inplane,MDM2,1,0.7705149638354896
inplane,CFTR,1,0.9997853295234685
inplane,AMY2A,1,0.9999463993596297
inplane,GATM,1,0.9998798125476113
outplane,FGL2,1,0.6027007731857382
outplane,PTPRC,1,0.9978232246522541
outplane,AMY2A,2,0.9999436017180725
ambient,CA4,1,0.4788596740530253
ambient,COCH,1,0.45200464695189146
outplane,CFTR,1,0.9998371762056852
outplane,AMY2A,2,0.9999732564090698
outplane,GATM,2,0.9999432176414481
induction,AMY2A,2,0.9999795069156215
induction,GATM,4,0.9999570590789254
induction,AQP8,4,0.9998320554163456
inplane,KRT7,1,0.9908220623881581
inplane,AMY2A,5,0.9999807160350406
inplane,GATM,1,0.999959592816095
outplane,TENT5C,1,0.996245485148763
outplane,AMY2A,4,0.9999643314175657
outplane,AQP8,1,0.9997031477343539
ambient,ANPEP,1,0.9994572532779793
ambient,CPA3,1,0.8023115226501282
induction,AMY2A,2,0.9999745530846658
induction,GATM,6,0.9999460615586218
induction,AQP8,2,0.9997900641751879
ambient,KCNK3,1,0.9329835329129406
ambient,PROX1,1,0.8019541453487602
inplane,GDF15,2,0.863764746626527
inplane,AMY2A,2,0.99996627505232
inplane,GATM,1,0.9999280175388908
induction,AMY2A,3,0.9999796339096428
induction,GATM,4,0.9999571365828958
induction,AQP8,3,0.9998326668662403
inplane,AMY2A,1,0.9999809758505398
inplane,KCNK3,1,0.9765576904443565
inplane,GATM,2,0.9999602117097147
induction,AMY2A,4,0.999977808535289
induction,GATM,3,0.9999534146247597
induction,AQP8,3,0.9998179437082203
outplane,SMYD2,1,0.7668986893582047
outplane,ANPEP,1,0.9997266735965209
outplane,AMY2A,1,0.9999807439325051
outplane,AQP8,1,0.9998423839041966
induction,AMY2A,5,0.999966065329133
induction,GATM,4,0.9999265099174272
induction,AQP8,1,0.9997165651591761
inplane,ANPEP,1,0.9996205464806697
inplane,AMY2A,3,0.9999735748633258
outplane,EPCAM,1,0.9991785693573719
outplane,ANPEP,1,0.9994742453308719
outplane,GPC3,1,0.604775069421658
outplane,GATM,2,0.9999223934089206
ambient,UMOD,1,0.8655946128332939
ambient,PEBP4,1,0.6483720683977922
induction,AMY2A,1,0.9999801424565917
induction,GATM,2,0.9999584158562858
induction,AQP8,7,0.9998373202877643
inplane,AMY2A,1,0.9999806052417874
inplane,COCH,1,0.8227377618789699
inplane,GATM,2,0.9999593936201999
induction,AMY2A,3,0.9999798477177093
induction,GATM,4,0.9999576510037519
induction,AQP8,3,0.9998345697707643
inplane,AMY2A,2,0.9999744920291693
inplane,EGFR,1,0.8512048064090274
inplane,GATM,2,0.9999459362459716
inplane,AQP8,1,0.999789569819404
inplane,AMY2A,5,0.999976271849142
inplane,KCNK3,1,0.9565125367331163
inplane,ANPEP,1,0.9995778926498325
inplane,ADAM28,1,0.8267359725758984
inplane,AMY2A,3,0.9999709645013252
inplane,GPC3,1,0.8527763089996787
inplane,GATM,1,0.9999380531498017
inplane,TCIM,1,0.0
inplane,CYTIP,1,0.9024791515789237
inplane,AMY2A,3,0.9999595348408763
inplane,GATM,1,0.99991226659145
ambient,DPEP1,1,0.9438524326824426
ambient,HAMP,1,0.7589436257583285
ambient,ANPEP,1,0.9996652529637555
ambient,PEBP4,1,0.6360903002295194
ambient,DPEP1,1,0.9679050549643339
ambient,AQP3,1,0.850882182066256
ambient,RIDA,1,0.8340135440258447
ambient,UMOD,1,0.8867644711244664
ambient,HAMP,1,0.841046462943494
ambient,GATM,1,0.9999447278050932
ambient,HAMP,1,0.8421268609372263
ambient,AQP3,1,0.8131470491840835
inplane,TENT5C,1,0.9978288122220065
inplane,AMY2A,2,0.9999795013404444
inplane,GATM,1,0.9999568290757447
ambient,KLK11,1,0.9968929801530475
ambient,AQP3,1,0.8610978392965352
outplane,CD79A,1,0.9727749667691962
outplane,AMY2A,3,0.9999698057077201
outplane,GATM,1,0.9999354893265471
outplane,AQP8,1,0.999749760028344
outplane,APOLD1,1,0.0
outplane,CFTR,1,0.9998313606154191
outplane,AMY2A,2,0.999964637549966
inplane,IGF1,1,0.5764838367627434
inplane,AMY2A,2,0.9999617806283435
inplane,GATM,2,0.9999124439067236
inplane,CD1C,1,0.9281470930236371
inplane,AMY2A,1,0.9999749720907609
inplane,GATM,3,0.9999469451674623
induction,AMY2A,3,0.9999795451777767
induction,GATM,5,0.9999571949201119
induction,AQP8,2,0.9998324959115819
inplane,NTN4,1,0.8805379845388878
inplane,CFTR,1,0.9998646487962399
inplane,AMY2A,2,0.9999743745592594
induction,AMY2A,1,0.9999689984037025
induction,GATM,5,0.9999338752359529
induction,AQP8,4,0.9997433192284633
inplane,EDN1,1,0.21397120964749095
inplane,ANPEP,1,0.9997109835268604
inplane,AMY2A,1,0.999979734696013
inplane,INS,1,0.9974807398699842
ambient,RIDA,1,0.7763972937053871
ambient,PROX1,1,0.8299338798236172
outplane,FKBP11,1,0.8326568016249869
outplane,SERPINB9,1,0.18510036319600298
outplane,TENT5C,1,0.9960410463185361
outplane,AMY2A,1,0.9999653259393221
ambient,HAMP,1,0.8372350825025429
ambient,COCH,1,0.6791659151820411
induction,AMY2A,3,0.9999775875054808
induction,GATM,2,0.9999528847434004
induction,AQP8,5,0.999815980796701
outplane,CD163,1,0.9963406772533115
outplane,CD1E,1,0.7120652290474774
outplane,AMY2A,4,0.9999716658727323
ambient,CA4,1,0.8097973567208863
ambient,AMY2A,1,0.999945215758953
ambient,UMOD,1,0.8945594039327606
ambient,AMY2A,1,0.9999737702651879
induction,GATM,3,0.9998368916225902
induction,AQP8,1,0.9993875672045512
outplane,CD163,1,0.9919250628426933
outplane,CFTR,1,0.9997435889439839
outplane,CLIC6,1,0.7490103483552782
outplane,AMY2A,1,0.9999454971312083
inplane,FSTL3,1,0.7670254976046014
inplane,PROX1,1,0.7500423749476751
inplane,CYP1A1,1,0.04447093546295122
inplane,DIRAS3,1,0.8378939374610003
outplane,AMY2A,3,0.9999794201460755
outplane,GATM,2,0.9999569660163996
induction,AMY2A,4,0.9999797593694553
induction,GATM,4,0.9999575971873247
induction,AQP8,2,0.9998341448401995
inplane,ANPEP,1,0.9995603578998443
inplane,AMY2A,1,0.9999682856624406
inplane,PROX1,1,0.8409926014675969
inplane,GATM,1,0.9999324157097933
ambient,GATM,1,0.9999326633241823
ambient,AQP3,1,0.7998090441530971
outplane,MYH11,2,0.9961819446186132
outplane,MET,1,0.24739524963888349
outplane,AMY2A,1,0.9999708668094308
induction,AMY2A,3,0.9999737033272296
induction,GATM,4,0.9999442377945253
induction,AQP8,3,0.9997830039663834
inplane,FCGR1A,1,0.5101345823166328
inplane,TCIM,1,0.0
inplane,ACTG2,1,0.3507970582939586
inplane,AMY2A,1,0.9999690337661974
inplane,FKBP11,1,0.870659652409996
inplane,CFTR,2,0.9998135278856172
inplane,TRAC,1,0.5529694980443911
inplane,AMY2A,1,0.9999685096020604
inplane,SMYD2,1,0.6349416515526461
inplane,AMY2A,3,0.9999755433732455
inplane,GATM,1,0.99994844185822
inplane,PPP1R1B,1,0.9880873875731254
inplane,DPEP1,1,0.985283961812843
inplane,CFTR,2,0.9998761952664835
inplane,AMY2A,2,0.9999767709027321
inplane,SMYD2,1,0.6700647703882312
inplane,AMY2A,3,0.9999792990213593
inplane,AQP8,1,0.9998304343650387
ambient,DPEP1,1,0.9837833362553442
ambient,UMOD,1,0.9207466774078108
inplane,GATM,2,0.9999587033690002
inplane,AQP8,3,0.9998384387705336
induction,AMY2A,4,0.9999795463525718
induction,GATM,3,0.9999571108262375
induction,AQP8,3,0.9998323081718751
outplane,AMY2A,2,0.9999795488798814
outplane,GATM,1,0.9999571258650524
outplane,AQP8,1,0.9998323510807836
induction,AMY2A,5,0.9999818264771005
induction,GATM,4,0.9999619477569258
induction,AQP8,1,0.9998511269228221
inplane,CFTR,2,0.9998553509648012
inplane,AMY2A,2,0.9999745395482976
inplane,GATM,1,0.9999459333413192
inplane,CFTR,1,0.999832968171216
inplane,EHF,1,0.9982686143448171
inplane,AMY2A,3,0.9999711361808382
inplane,EPCAM,1,0.9993010507150408
inplane,AMY2A,2,0.9999711582816528
inplane,GATM,1,0.9999384370060911
outplane,EHF,1,0.9986239793504715
outplane,AMY2A,1,0.9999808374357555
outplane,GATM,1,0.9999598930830931
outplane,AQP8,1,0.9998430629360143
outplane,BASP1,1,0.050614630677367045
outplane,TCIM,1,0.0
outplane,AMY2A,1,0.9999777452778386
outplane,FXYD2,1,0.9581591349752818
outplane,APCDD1,1,0.18415603946655024
outplane,CFTR,1,0.9998712542597546
outplane,AMY2A,1,0.9999786950762116
outplane,GATM,1,0.9999553927720845
inplane,FBLN1,1,0.8593224646004478
inplane,FSTL3,1,0.8288750882281071
inplane,STC1,1,0.0
inplane,MALL,1,0.05547487689235242
inplane,AMY2A,2,0.9999659964187122
inplane,ESR1,1,0.8060396593214947
inplane,MDM2,1,0.5608022353945272
inplane,CFTR,1,0.9998854899968139
inplane,TFPI,1,0.0
inplane,AMY2A,1,0.9999806528653813
induction,AMY2A,5,0.9999810995773121
induction,GATM,4,0.9999604458631519
induction,AQP8,1,0.9998452189572428
ambient,FKBP11,1,0.9141960707092294
ambient,CFTR,1,0.9998581603581284
induction,AMY2A,5,0.9999710282494189
induction,GATM,3,0.9999381457133993
induction,AQP8,2,0.9997599896964509
induction,AMY2A,2,0.9999805315764986
induction,GATM,1,0.9999592023049886
induction,AQP8,7,0.99984044288825
ambient,KCNK3,1,0.9388893735398337
ambient,AQP3,1,0.8040403150673578
outplane,SMYD2,1,0.7553429902006885
outplane,FKBP11,1,0.9393746641521615
outplane,CFTR,1,0.9998812611789905
outplane,AMY2A,1,0.999979964723409
outplane,PROX1,1,0.8945822305023304
inplane,CFTR,1,0.9998733668889547
inplane,AMY2A,2,0.9999790334409181
inplane,EGFR,1,0.7576824015380393
induction,AMY2A,1,0.9999668021083312
induction,GATM,3,0.9999284868357828
induction,AQP8,6,0.9997235648945071
induction,AMY2A,5,0.9999774384796846
induction,GATM,3,0.999952463901006
induction,AQP8,2,0.9998145130862114
inplane,FSTL3,1,0.7658202410880268
inplane,DST,1,0.44395613214228136
inplane,STC1,1,0.0
inplane,CFTR,2,0.9998784111563557
inplane,APCDD1,1,0.19783463779648258
inplane,VCAN,1,0.9992978295285695
inplane,ASPN,1,0.20723728576950384
inplane,AMY2A,1,0.9999797872392406
ambient,CPA3,1,0.811328536566044
ambient,PROX1,1,0.8764929537350026
outplane,MDM2,1,0.5087136630122429
outplane,ANPEP,1,0.9994416348531374
outplane,KRT7,2,0.9899044907907035
outplane,SPI1,1,0.6733106521360321
inplane,C15orf48,1,0.9932223492026718
inplane,KCNMA1,1,0.46803490914046475
inplane,AMY2A,1,0.9999757279463706
inplane,GZMA,1,0.5878838326421781
induction,AMY2A,3,0.9999768722947843
induction,GATM,4,0.999951163069379
induction,AQP8,3,0.9998096143454421
induction,AMY2A,4,0.9999783200728274
induction,GATM,4,0.9999544423926687
induction,AQP8,2,0.9998220348768291
ambient,KLK11,1,0.9965200275874386
ambient,DIRAS3,1,0.9086587116228318
ambient,DPEP1,1,0.9648503868136722
ambient,COCH,1,0.6785920039046147
outplane,ASPN,1,0.08982836572847264
outplane,CFB,1,0.6397271811204526
outplane,AMY2A,2,0.9999731053008157
outplane,SRPX,1,0.31638757050882904
outplane,PLA2G7,1,0.9911607653343634
outplane,IGSF6,1,0.5816648471565598
outplane,AMY2A,2,0.9999786464367778
outplane,PROX1,1,0.8718835889256683
outplane,ANPEP,1,0.9997277387518334
outplane,AMY2A,1,0.9999808629305494
outplane,GATM,2,0.9999599270854308
inplane,TFPI,1,0.0
inplane,AMY2A,2,0.9999808925913802
inplane,GATM,1,0.9999599919321949
inplane,AQP8,1,0.9998434767398713
induction,AMY2A,1,0.9999679377687901
induction,GATM,7,0.9999289609699439
induction,AQP8,2,0.9997253220716033
outplane,UMOD,1,0.7402352912980596
outplane,HLA-DQB2,1,0.15664116921263083
outplane,C1orf162,1,0.39618076743289665
outplane,CLIC6,1,0.6761140002289525
outplane,CXCL2,1,0.2821521839597495
outplane,GATM,1,0.9998951722126644
ambient,DIRAS3,1,0.9499277446792604
ambient,PEBP4,1,0.7440599449720422
ambient,UMOD,1,0.9012458007998514
ambient,CPA3,1,0.8426536964578556
induction,AMY2A,1,0.9999793635604229
induction,GATM,4,0.9999566518209114
induction,AQP8,5,0.9998306373677369
induction,AMY2A,2,0.9999627794921994
induction,GATM,2,0.9999195273401448
induction,AQP8,6,0.9996894232626351
ambient,CFTR,1,0.9997213324361937
ambient,COCH,1,0.5651835407250699
inplane,PDGFRB,1,0.008510656988576448
inplane,TCF4,1,0.0
inplane,AMY2A,2,0.9999601797492524
inplane,GATM,1,0.999913712621826
outplane,SMYD2,1,0.570366587157455
outplane,ALDH1A3,1,0.5712245179969466
outplane,CFTR,1,0.9997082442890362
outplane,PROX1,1,0.7129630664777904
ambient,DPEP1,1,0.8275035815947331
ambient,AMY2A,1,0.9999326491851764
inplane,FBN1,1,0.006688041930714261
inplane,MYC,1,0.5869130344129794
inplane,AMY2A,2,0.999973599531525
inplane,CD14,1,0.432104677464076
inplane,CD4,2,0.13437208575604864
inplane,CFTR,1,0.9998711498166678
inplane,FXYD2,1,0.9600231920848266
induction,AMY2A,2,0.99997079278144
induction,GATM,3,0.9999376035985191
induction,AQP8,5,0.99975795101731
inplane,AMY2A,3,0.9999683053461667
inplane,GATM,1,0.9999324164686885
ambient,AMY2A,1,0.9999771023519448
ambient,DIRAS3,1,0.922222196527847
induction,AMY2A,4,0.9999792843448737
induction,GATM,3,0.9999564477337529
induction,AQP8,3,0.9998299016243498
outplane,CTSK,1,1.1951439837787348e-11
outplane,CFB,1,0.8188556365923418
outplane,MDM2,1,0.5601534804390632
outplane,CFTR,2,0.9998824279261086
outplane,FXYD2,1,0.970415008781499
ambient,ANPEP,1,0.999683374273847
ambient,GLYATL1,1,0.5975309085868619
outplane,CCR7,1,0.2034380752175612
outplane,CFTR,1,0.999880272303106
outplane,AMY2A,1,0.999979487232097
outplane,HAMP,1,0.9278413027866892
inplane,CA4,1,0.8135451824036574
inplane,AMY2A,2,0.9999779685309407
inplane,FXYD2,1,0.9568972663278783
induction,AMY2A,3,0.9999655068167107
induction,GATM,4,0.9999215105697944
induction,AQP8,3,0.9996968907357267
ambient,ANPEP,2,0.9995677154799946
induction,AMY2A,4,0.9999734518533426
induction,GATM,4,0.9999436525969685
induction,AQP8,2,0.9997808120169105
outplane,EPCAM,1,0.9992981270428926
outplane,ANPEP,1,0.9995819426487661
outplane,AMY2A,1,0.9999710940168087
outplane,GATM,2,0.9999383276719745
inplane,MYC,1,0.44927654360696945
inplane,PPP1R1A,1,0.9719858326818248
inplane,CFTR,1,0.9996549089138999
inplane,AMY2A,4,0.9999352964770958
inplane,GATM,1,0.9998513264139909
outplane,DST,1,0.4294574915927807
outplane,CFTR,1,0.9998142820590747
outplane,AMY2A,2,0.999963206439794
outplane,KCNK3,1,0.9048620160424089
inplane,AMY2A,2,0.9999626482407035
inplane,GATM,1,0.9999195800292302
inplane,AQP8,2,0.9996890765609988
induction,AMY2A,2,0.9999367946016157
induction,GATM,2,0.9998490547053026
ambient,KLK11,1,0.9892214533552008
ambient,GLYATL1,1,0.1598837157253038
outplane,FKBP11,1,0.9499773357684483
outplane,AMY2A,5,0.9999788992133765
inplane,CAVIN1,1,0.025399041438375125
inplane,CD93,1,0.0
inplane,AMY2A,1,0.9999750775460908
inplane,GATM,1,0.9999474629546986
induction,AMY2A,5,0.9999740006277019
induction,GATM,2,0.9999446722855548
induction,AQP8,3,0.9997850152773343
outplane,SERPINB9,1,0.21619241796950095
outplane,CFTR,2,0.9998283583114935
outplane,CXCL2,1,0.5865935619452299
induction,AMY2A,4,0.9999741700963831
induction,GATM,3,0.9999452412770541
induction,AQP8,3,0.999786885930495
outplane,FKBP11,1,0.8956042804079886
outplane,CFTR,1,0.9998277638545118
outplane,CXCL2,1,0.6275708648443544
outplane,GATM,1,0.9999276585096201
outplane,CFB,1,0.9068380214138746
outplane,MYC,1,0.5838973970286843
outplane,CFTR,1,0.999828368215711
outplane,AMY2A,1,0.9999664505435639
outplane,AQP8,1,0.9997208867823243
outplane,CYP2A7,1,0.4657370661159198
outplane,CA4,1,0.7693119561641396
outplane,AMY2A,3,0.9999703400253308
outplane,CYP3A4,1,0.4712804385336832
induction,AMY2A,3,0.999970462445135
induction,GATM,2,0.9999368892677681
induction,AQP8,5,0.9997551946225943
ambient,UMOD,1,0.8367774796688727
ambient,COCH,1,0.714929700988295
outplane,CFB,1,0.802784394943411
outplane,TCIM,1,0.0
outplane,PPP1R1B,1,0.9389682761848749
outplane,CFTR,1,0.9997388393081162
outplane,AMY2A,1,0.9999557855445154
outplane,AMY2A,4,0.9999605561278422
outplane,PROX1,1,0.7321717116799698
induction,AMY2A,1,0.9999449429080409
induction,AQP8,5,0.9995304537130675
inplane,CFTR,2,0.9997319288419965
inplane,TENT5C,1,0.995203333356174
inplane,EHF,1,0.9979510505333159
inplane,AMY2A,1,0.9999496037450257
inplane,PLD4,1,0.6091497737591723
inplane,FKBP11,1,0.8673415701184236
inplane,DERL3,1,0.5225905399193772
inplane,PROX1,1,0.7573972651183323
ambient,UMOD,1,0.8612653155806506
ambient,GLYATL1,1,0.5046911511593052
ambient,CPA3,1,0.5825660060855361
ambient,AQP3,1,0.6239106402709644
ambient,KLK11,1,0.9953818984248185
ambient,CPA3,1,0.7074820360553988
ambient,AMY2A,1,0.9999694955640376
ambient,DIRAS3,1,0.9336843433381935
induction,GATM,7,0.9999562042751882
induction,AQP8,3,0.9998288046958098
inplane,TCIM,1,0.0
inplane,AMY2A,4,0.9999391288224814
inplane,GATM,1,0.9998603409268895
ambient,AQP8,2,0.9993661604440582
inplane,CFB,2,0.7997350197234856
inplane,PPP1R1B,1,0.9212670403879054
inplane,CFTR,2,0.9996060354639645
outplane,MET,1,0.3145154225450687
outplane,CFTR,1,0.9998633527622133
outplane,AMY2A,2,0.9999759762121172
outplane,GPC3,1,0.7172043016121152
outplane,PROX1,1,0.81492223395244
ambient,UMOD,1,0.8337992067032569
ambient,KCNK3,1,0.9456599394729783
inplane,NTN4,1,0.7383581047700648
inplane,ANPEP,1,0.9996414175191446
inplane,AMY2A,2,0.9999743837383797
inplane,MYC,1,0.5780632501139236
inplane,AMY2A,2,0.9999765484158203
inplane,GATM,2,0.9999507245166118
induction,AMY2A,5,0.9999738363524123
induction,GATM,2,0.9999445907122878
induction,AQP8,3,0.9997842614366431
inplane,ANPEP,1,0.9996588956732977
inplane,AMY2A,3,0.9999763241649383
inplane,PLA2G7,1,0.9874427922340517
inplane,AMY2A,2,0.9999740711630125
inplane,C7,1,0.18750170699240942
ambient,CPA3,1,0.803711617101794
ambient,COCH,1,0.7498612974161359
outplane,AMY2A,2,0.9999622641432028
outplane,FXYD2,1,0.9112261293625665
outplane,AQP8,1,0.9996848551469318
induction,AMY2A,2,0.999980027877495
induction,GATM,4,0.99995818250856
induction,AQP8,4,0.9998363967830906
ambient,KLK11,1,0.9971877907317083
ambient,CA4,1,0.9373113591436742
induction,AMY2A,4,0.9999813586355345
induction,GATM,3,0.9999609611243268
induction,AQP8,3,0.9998472788601992
outplane,PDPN,2,0.7923339128381727
outplane,CTSK,1,0.7030702480870101
outplane,SRPX,1,0.5402962163358209
outplane,DMBT1,1,0.9819149640381298
outplane,TENT5C,1,0.9963950742320575
outplane,AMY2A,3,0.9999707305762475
outplane,AMY2A,3,0.9999749746459936
outplane,PROX1,1,0.8454180088113238
outplane,INS,1,0.9976203733822775
inplane,KCNMA1,1,0.5713354029072628
inplane,TMC5,1,0.9911775347601587
inplane,AMY2A,1,0.9999682701891681
inplane,DIRAS3,1,0.8740749547618523
ambient,ANPEP,1,0.9996666713811511
ambient,COCH,1,0.7285574424071544
ambient,UMOD,1,0.9162281732025387
ambient,KCNK3,1,0.9745551217897949
induction,AMY2A,6,0.9999775090605456
induction,GATM,2,0.999952495173074
induction,AQP8,2,0.9998148270629318
outplane,ADGRL4,1,0.0
outplane,STC2,1,0.0
outplane,APOLD1,1,0.0
outplane,AMY2A,3,0.9999810577709634
outplane,GATM,1,0.9999603949377786
outplane,SPIB,1,0.8521946489712919
inplane,SFRP2,1,0.9992748246076251
inplane,ASPN,1,0.27629910321945017
inplane,MDM2,1,0.6086495533335926
inplane,AMY2A,1,0.9999771220861909
induction,AMY2A,4,0.9999563509162582
induction,AQP8,4,0.9996038049661885
induction,AMY2A,2,0.9999653409606469
induction,GATM,4,0.9999226630335004
induction,AQP8,4,0.9997011913475295
inplane,MDM2,1,0.5361158577751278
inplane,KLRD1,1,0.2287539501111605
inplane,CFTR,1,0.9998833672516347
inplane,AMY2A,1,0.9999803172154682
inplane,PROX1,1,0.8770842610108128
ambient,CA4,1,0.7927507665829505
ambient,AQP3,1,0.8419174967848753
ambient,UMOD,1,0.8610653140622341
ambient,GATM,1,0.9999537717058319
outplane,CFB,1,0.8875889668197986
outplane,MYC,1,0.6059597139403419
outplane,CFTR,2,0.9998712127772471
inplane,TCIM,1,0.0
inplane,AMY2A,3,0.9999773607920782
inplane,MYBPC1,1,0.32747893061870015
outplane,C15orf48,1,0.994844656203635
outplane,CFTR,1,0.9998625243938402
outplane,AMY2A,2,0.9999763454773566
inplane,TENT5C,1,0.9976460138522268
inplane,AMY2A,1,0.9999806853124765
inplane,GPC3,1,0.8152764708557821
inplane,GATM,1,0.999959601755004
ambient,AQP8,1,0.9997306481350628
ambient,PEBP4,1,0.6594805330113159
induction,AMY2A,3,0.9999767144649859
induction,GATM,3,0.9999507949300627
induction,AQP8,4,0.9998079885780831
outplane,CFTR,1,0.9998617127430042
outplane,FXYD2,1,0.9488717193142608
outplane,PROX1,2,0.8308501103287103
outplane,NTN4,1,0.7831405707601393
outplane,AMY2A,3,0.9999738829897609
ambient,HAMP,1,0.8616223413764137
ambient,DIRAS3,1,0.9279598240237581
inplane,FSTL3,1,0.8756284377882775
inplane,CRISPLD2,1,0.17853309733973521
inplane,MDM2,1,0.606816092815085
inplane,ALDH1A3,1,0.5358737359379435
inplane,CFTR,2,0.9998424108817868
inplane,CXCL6,1,0.9990960139216984
ambient,RIDA,1,0.564101148966262
ambient,GLYATL1,1,0.25350636005299965
outplane,CFTR,1,0.9997930221894478
outplane,AMY2A,2,0.9999662665898492
outplane,FXYD2,1,0.9095144252193695
outplane,GATM,1,0.9999273234512942
outplane,PECAM1,1,0.0
outplane,GATA2,1,0.0
outplane,AMY2A,1,0.9999445153849554
outplane,GATM,1,0.9998753678707933
ambient,COCH,1,0.6613191780598602
ambient,PROX1,1,0.8034505124802156
inplane,TCIM,1,0.0
inplane,FKBP11,1,0.9049675031194635
inplane,KLK11,1,0.9963548661617913
inplane,AMY2A,1,0.9999760543151642
inplane,AQP8,1,0.9998032347419099
outplane,SEMA3C,1,0.8985934694647675
outplane,ANPEP,1,0.9996786604252298
outplane,EHF,1,0.9984140310249245
outplane,AMY2A,1,0.9999776137485997
inplane,STC2,1,0.0
inplane,TCIM,1,0.0
inplane,C15orf48,1,0.9921885952909066
inplane,AMY2A,1,0.9999337554507665
inplane,FKBP11,1,0.9139862912479157
inplane,AMY2A,2,0.9999698018207974
inplane,GATM,1,0.9999354913765022
inplane,AQP8,1,0.9997497510427698
ambient,KLK11,1,0.9924941802314636
ambient,HAMP,1,0.6637281316046553
inplane,DPEP1,1,0.8950743030631259
inplane,AMY2A,3,0.9999326407985425
outplane,CFTR,1,0.9998792779537711
outplane,BAMBI,1,0.5600675972245641
outplane,AMY2A,1,0.9999800378382622
outplane,CD1A,1,0.16135652886488439
outplane,AQP8,1,0.9998363482186732
inplane,AMY2A,3,0.999975732851167
inplane,DIRAS3,1,0.9248869995741882
induction,AMY2A,4,0.9999764464570753
induction,GATM,4,0.9999502761450442
induction,AQP8,2,0.999806137246272
inplane,CFTR,2,0.9998850760972656
inplane,AMY2A,3,0.9999799518297139
outplane,HAMP,1,0.8941554071544339
outplane,GATM,2,0.9999577815274036
outplane,AQP8,1,0.9998349163175252
ambient,GATM,1,0.9999574994043152
ambient,DIRAS3,1,0.9401910947778539
ambient,PEBP4,2,0.6397175072036136
induction,AMY2A,3,0.9999455430106013
induction,GATM,2,0.9998779064759467
induction,AQP8,1,0.9995361352078775
ambient,CFTR,1,0.9998859476285574
ambient,AQP8,1,0.9998397596361858
ambient,GATM,1,0.9999596940663243
ambient,GLYATL1,1,0.5823800284310923
inplane,FBLN1,1,0.3763004654031251
inplane,ANPEP,1,0.9996454440450677
inplane,AMY2A,1,0.999975229308936
inplane,KCNK3,1,0.9521919854770358
outplane,CFTR,1,0.9998578731655046
outplane,AMY2A,3,0.9999765502590227
outplane,GATM,1,0.999950630163382
ambient,CFTR,1,0.9998799323257169
ambient,KCNK3,1,0.9649265483473861
induction,AMY2A,5,0.9999787195347675
induction,GATM,2,0.999955299551511
induction,AQP8,3,0.9998253538545413
induction,AMY2A,4,0.9999747320378013
induction,GATM,2,0.9999464307860156
induction,AQP8,4,0.9997915175059807
induction,AMY2A,4,0.999971710164147
induction,GATM,3,0.9999400298325525
induction,AQP8,3,0.9997666016345402
outplane,MYLK,1,0.012737617171095117
outplane,CA4,1,0.8492882223675988
outplane,AMY2A,1,0.9999805403470168
outplane,GATM,1,0.9999592999260858
outplane,AQP8,1,0.99984069553966
ambient,KLK11,1,0.9966634532745808
ambient,AMY2A,1,0.9999781759547189
outplane,RIDA,1,0.8789463029081762
outplane,AMY2A,3,0.9999762889388126
outplane,GPC1,1,0.6079476410811133
outplane,CD93,2,0.0
outplane,CXCL6,2,0.9960860215827355
induction,AMY2A,1,0.9999781307534755
induction,GATM,6,0.9999540152365689
induction,AQP8,3,0.9998204143499169
induction,AMY2A,3,0.9999797555640456
induction,GATM,2,0.9999576583953713
induction,AQP8,5,0.9998342715064946
inplane,APCDD1,1,0.1670021300308009
inplane,CAVIN1,1,0.12198932915904703
inplane,AMY2A,3,0.999966155637934
inplane,FXYD2,1,0.8960845251800044
outplane,MYC,1,0.4774000969589398
outplane,CFTR,1,0.9997117352758105
outplane,AMY2A,2,0.9999536248178896
ambient,ANPEP,1,0.999693198374119
ambient,CA4,1,0.8120000204062154
ambient,CPA3,1,0.7745734804100777
ambient,PEBP4,1,0.6489186189075925
induction,AMY2A,3,0.9999796165443848
induction,GATM,4,0.999957323751883
induction,AQP8,3,0.9998330334451332
induction,AMY2A,2,0.9999566370844937
induction,GATM,3,0.9999040052464624
induction,AQP8,3,0.9996332581764787
outplane,VCAN,1,0.9996208234265559
outplane,CFB,1,0.6454948167865704
outplane,TCIM,1,0.0
outplane,FXYD2,1,0.925763354301301
ambient,KLK11,1,0.9955475158589637
ambient,KCNK3,1,0.9616930547542863
induction,AMY2A,5,0.9999777192356195
induction,GATM,2,0.9999530406159001
induction,AQP8,3,0.9998167873141096
ambient,UMOD,1,0.9021787152427212
ambient,CPA3,1,0.8462793670503944
inplane,AMY2A,6,0.9999438067995855
ambient,ANPEP,1,0.9993979220870723
ambient,CA4,1,0.5805486925977201
ambient,FKBP11,2,0.9240997410880415
ambient,RIDA,1,0.5231678189573536
ambient,PROX1,1,0.5633326590195236
outplane,EDN1,3,0.16461432631932682
outplane,CFTR,1,0.9997970675377078
inplane,MYC,1,0.6940059888480701
inplane,GATM,1,0.9999446662474784
inplane,AQP8,2,0.9997853304228064
outplane,LAMP3,1,0.6376924609822638
outplane,TNC,1,0.995168841409599
outplane,DST,1,0.3737301321770127
outplane,AMY2A,2,0.9999597198549062
outplane,SCGN,1,0.9899048845582228
induction,AMY2A,1,0.9999780162634098
induction,GATM,5,0.9999538092962235
induction,AQP8,4,0.999819553441257
induction,AMY2A,3,0.9999808224452098
induction,GATM,5,0.9999597974448241
induction,AQP8,2,0.9998427936378779
outplane,RAPGEF3,1,0.0
outplane,AMY2A,4,0.9999739927581693
outplane,GATM,1,0.9999451721340222
outplane,GNG11,1,0.0
outplane,GPR183,1,0.6919696817878038
outplane,MALL,1,0.11402337720288969
outplane,GATM,1,0.9999341541715143
outplane,EHF,1,0.9988434506012729
outplane,AMY2A,2,0.9999740821497876
outplane,RBP5,1,0.0
outplane,GATM,1,0.9999450241664216
induction,GATM,5,0.99989399685713
induction,AQP8,3,0.9995941789331922
induction,AMY2A,5,0.999976176818534
induction,GATM,1,0.9999498367719662
induction,AQP8,4,0.9998042127755037
induction,AMY2A,2,0.9999769165849486
induction,GATM,3,0.9999513696131697
induction,AQP8,5,0.9998102351147384
ambient,RIDA,1,0.6363897477736096
ambient,CFTR,1,0.9997888280237207
induction,AMY2A,3,0.9999657381302928
induction,GATM,3,0.9999262826827223
induction,AQP8,4,0.9997149029365208
inplane,AMY2A,4,0.9999631330392268
inplane,AQP8,1,0.9996921866906961
induction,GATM,1,0.9999304241680067
induction,AQP8,9,0.9997310460567199
ambient,AMY2A,1,0.9999760090051818
ambient,PEBP4,1,0.6135753691490151
inplane,DST,1,0.5857320187293545
inplane,EPCAM,1,0.9994024629826589
inplane,CFTR,1,0.9998628867103041
inplane,GATM,1,0.9999500359356673
induction,GATM,5,0.999956576574269
induction,AQP8,5,0.9998301781009282
ambient,ANPEP,1,0.9996059812066754
ambient,HAMP,1,0.8477233175712668
inplane,THBS2,1,0.9977168275464652
inplane,ACTA2,1,0.11979504469067226
inplane,AMY2A,1,0.9999792083398329
inplane,EDNRB,1,0.0
outplane,CFB,1,0.7590649352983068
outplane,GPR183,1,0.567184220527089
outplane,AMY2A,2,0.9999758285721733
ambient,COCH,1,0.8259916513532579
ambient,GLYATL1,1,0.6476799963507219
induction,AMY2A,7,0.9999748044286884
induction,GATM,3,0.9999465556511525
inplane,NTN4,1,0.7494712125541885
inplane,DST,1,0.49967569053725447
inplane,CFTR,1,0.9998602430768542
inplane,AMY2A,1,0.9999753686940787
outplane,ADGRL4,1,0.0
outplane,AMY2A,2,0.9999781701741423
outplane,GATM,1,0.9999541172513403
outplane,FKBP11,1,0.9530271088988806
outplane,PPP1R1A,1,0.9730461060543104
outplane,AMY2A,2,0.9999800817501788
outplane,CHGA,1,0.9716676730319432
outplane,GATM,1,0.9999581586817106
inplane,TCIM,1,0.0
inplane,KCNK3,1,0.9585548858896311
inplane,GATM,2,0.999954172806139
ambient,DPEP1,1,0.9397429934547188
ambient,DIRAS3,1,0.8496851290375036
inplane,RIDA,1,0.8483387079071283
inplane,AMY2A,2,0.9999804024232207
inplane,GATM,1,0.9999589536367751
outplane,CFTR,1,0.9997835303689584
outplane,AMY2A,1,0.9999609825293992
outplane,FOXP3,1,0.8801887867988691
outplane,GATM,1,0.9999154064178105
outplane,AMY2A,2,0.9999433779055712
outplane,GATM,2,0.9998731113825979
ambient,DPEP1,1,0.912422567677837
ambient,UMOD,1,0.7113153151053441
induction,AMY2A,3,0.9999496592719942
induction,GATM,1,0.9998889643911492
induction,AQP8,4,0.9995751485302327
outplane,STC2,1,0.0
outplane,MDM2,1,0.5298338689463267
outplane,AMY2A,1,0.9999768154994245
outplane,CXCL2,1,0.5159849212117943
outplane,GATM,1,0.9999511833885518
ambient,AMY2A,1,0.999927604562111
ambient,GLYATL1,1,0.31005164550955944
induction,AMY2A,4,0.9999801429714238
induction,GATM,3,0.9999585112021597
induction,AQP8,3,0.9998375397179132
induction,AMY2A,4,0.9999716985441199
induction,GATM,2,0.9999399702159821
induction,AQP8,4,0.9997664268310175
induction,AMY2A,3,0.999945678570677
induction,GATM,1,0.9998783742510089
induction,AQP8,2,0.9995376421557826
induction,AMY2A,4,0.9999656006033231
induction,GATM,3,0.9999260310502301
induction,AQP8,3,0.9997138575241293
induction,AMY2A,5,0.9999660898870579
induction,GATM,4,0.9999270499552237
induction,AQP8,1,0.99971785255418
inplane,NPDC1,1,0.0
inplane,FKBP11,1,0.7940066549407276
inplane,DST,1,0.43722107307016167
inplane,PRF1,1,0.32211991279317365
inplane,AMY2A,2,0.9999331662602375
ambient,KLK11,1,0.9964074531530809
ambient,HAMP,1,0.8205081371943412
outplane,COL5A2,1,3.0306868126217523e-12
outplane,MYC,1,0.6772670345743131
outplane,RIDA,1,0.8184467229010978
outplane,AMY2A,1,0.9999778613988478
outplane,GATM,1,0.9999534635785974
ambient,PEBP4,2,0.7223937609036124
outplane,PECAM1,1,0.0
outplane,RAPGEF3,1,0.0
outplane,CFTR,1,0.9998181056343196
outplane,AMY2A,2,0.9999675069698929
ambient,RIDA,1,0.7856938899365068
ambient,AMY2A,1,0.9999711068687245
inplane,MMRN2,1,0.0
inplane,CFTR,1,0.9998264992588329
inplane,AMY2A,2,0.9999707077326047
inplane,MZB1,1,0.8895161467811115
ambient,CPA3,1,0.8387228056872016
ambient,HAMP,1,0.895168924848313
outplane,CAVIN1,3,0.4400848797250124
outplane,ANPEP,1,0.9987929418796473
ambient,UMOD,1,0.8173986063367447
ambient,COCH,1,0.6560926053932163
induction,AMY2A,4,0.9999781507526165
induction,GATM,2,0.9999540610677986
induction,AQP8,4,0.9998205871444905
induction,AMY2A,1,0.9999305904280131
induction,GATM,3,0.9998408060276233
induction,AMY2A,2,0.9999721148608174
induction,GATM,4,0.9999405007663521
induction,AQP8,4,0.9997690687334413
outplane,FKBP11,1,0.8241284646224077
outplane,ANPEP,1,0.9994147980053774
outplane,AMY2A,1,0.9999631442874314
outplane,KCNK3,1,0.936353857161501
outplane,TCL1A,1,0.17360419102592994
inplane,APOLD1,1,0.0
inplane,TENT5C,1,0.996940891751444
inplane,SCGN,2,0.9902987753064966
induction,AMY2A,4,0.9999663441818936
induction,GATM,3,0.9999274885664153
induction,AQP8,3,0.9997197263096492
inplane,CFB,1,0.8936571879529122
inplane,C15orf48,1,0.9953272727958912
inplane,TENT5C,1,0.9970361120639943
inplane,AMY2A,3,0.9999757016029772
outplane,PDPN,1,0.4718117697600771
outplane,TNC,1,0.9953827318692098
outplane,PLA2G7,1,0.9940312131529885
outplane,AMY2A,1,0.9999699582522135
outplane,EHF,1,0.9963962047192518
outplane,AMY2A,2,0.9999300249604625
outplane,LYVE1,1,0.0
induction,GATM,3,0.9998727000121478
induction,AQP8,3,0.9995157772166063
inplane,TCIM,1,0.0
inplane,CD163,1,0.9962731611567529
inplane,C1orf162,1,0.5211013337501442
inplane,KCNK3,1,0.7754259001583708
ambient,PROX1,1,0.5076202520652542
ambient,GATM,1,0.9998472586160629
induction,AMY2A,5,0.9999786127101877
induction,GATM,2,0.9999550518871765
induction,AQP8,3,0.9998244243426115
outplane,MET,1,0.37388478034964856
outplane,AMY2A,3,0.9999668572699277
outplane,GATM,1,0.9999282568526223
inplane,AMY2A,3,0.9999734423462129
inplane,DUSP2,1,0.5764158586616366
inplane,ADH1C,1,0.5970187393924918
ambient,ANPEP,1,0.9995097010280991
ambient,KLK11,1,0.9948619259718445
outplane,CFB,2,0.7277383828287547
outplane,AMY2A,1,0.9999715128934867
outplane,AGR3,1,0.6694550753168695
inplane,EPCAM,1,0.9986334432839736
inplane,AMY2A,2,0.9999399073381902
inplane,GATM,2,0.9998620950999956
inplane,SMYD2,1,0.6119084738053865
inplane,AMY2A,1,0.9999662213470291
inplane,GATM,2,0.9999273027311258
inplane,AQP8,1,0.9997188791757503
inplane,CFTR,1,0.9998304860452034
inplane,AMY2A,2,0.9999671885314281
inplane,CXCL2,1,0.6821782895719489
ambient,FKBP11,1,0.7901673491347067
ambient,UMOD,1,0.6839834075696739
outplane,FKBP11,1,0.8505488332621577
outplane,UMOD,1,0.7710199647150809
outplane,PLIN4,1,0.31384680637535634
outplane,SPIB,1,0.7168570361511657
ambient,ANPEP,1,0.9996650583075223
ambient,UMOD,1,0.8542337539144358
outplane,MCF2L,1,0.0
outplane,CXCR4,1,0.40240014905899224
outplane,PTPRC,1,0.9977427059336962
outplane,AMY2A,2,0.9999755813640719
outplane,GATM,1,0.9999484262866266
induction,AMY2A,1,0.9999700648601888
induction,GATM,4,0.9999360138529525
induction,AQP8,5,0.999751841995074
ambient,CPA3,1,0.8337854717554832
ambient,COCH,1,0.7904314695963603
inplane,PECAM1,1,0.0
inplane,SMYD2,1,0.7877263306634201
inplane,CFTR,1,0.9998510857648946
inplane,AMY2A,3,0.9999748675584161
inplane,GATM,2,0.9999467534214087
induction,AMY2A,4,0.9999712929507181
induction,GATM,2,0.9999386738323822
induction,AQP8,4,0.9997620991045186
induction,AMY2A,6,0.9999693370810621
induction,GATM,4,0.9999340318303188
outplane,AMY2A,3,0.9999738289635389
outplane,GATM,1,0.9999447936198296
outplane,AQP8,1,0.9997846951217847
outplane,ANPEP,1,0.9996008746060098
outplane,AMY2A,1,0.9999721129706369
outplane,CXCL2,1,0.6257713166560798
outplane,GATM,1,0.9999408689096265
inplane,ECSCR,1,0.0
inplane,MEDAG,1,2.560485157232506e-11
inplane,DST,1,0.47743388793194497
inplane,CFTR,1,0.9998794351031076
outplane,STC2,1,0.0
outplane,ACTA2,1,0.3480157038536148
outplane,TCIM,1,0.0
outplane,AMY2A,1,0.9999720681911712
outplane,GATM,1,0.9999407587851376
outplane,CFTR,1,0.9998456451818201
outplane,AMY2A,2,0.9999726099036758
outplane,GPC3,1,0.8500468011878635
outplane,GATM,1,0.9999416729553493
outplane,AQP8,1,0.9997734281239212
outplane,CD68,1,0.569126373749608
outplane,AMY2A,2,0.9999809647613802
outplane,GATM,1,0.9999601614398045
outplane,AMY2A,3,0.9999796926922567
outplane,GATM,2,0.9999574700095112
ambient,HAMP,1,0.6707152818857501
ambient,PROX1,1,0.7046982592824117
induction,AMY2A,2,0.9999546613272896
induction,GATM,3,0.9999000371866211
induction,AQP8,3,0.99961743752077
inplane,CFTR,1,0.999855207964529
inplane,AMY2A,3,0.9999750582347354
inplane,GATM,1,0.9999471933353024
inplane,TSPAN19,1,0.32922452545615144
outplane,NTN4,1,0.7604381910992215
outplane,MDM2,1,0.6453303833965476
outplane,EPCAM,1,0.9993398375761252
outplane,GATM,2,0.9999363686651835
inplane,VCAN,1,0.9996447133869204
inplane,MFAP5,1,0.8050509853350336
inplane,DST,1,0.45815498309877456
inplane,LILRA4,1,0.2743924454445974
outplane,ANPEP,2,0.9995063139566138
outplane,GATM,2,0.999925684335745
ambient,PROX1,1,0.7960464092596115
ambient,AQP3,1,0.8035939125249982
ambient,CFTR,1,0.9998629209006513
ambient,AQP3,1,0.7882579459142303
outplane,CFB,1,0.8734562193654212
outplane,EHF,1,0.9983019406044042
outplane,AMY2A,2,0.9999719156946769
induction,AMY2A,3,0.9999759536449684
induction,GATM,4,0.9999492243620727
induction,AQP8,3,0.9998020558464168
inplane,TNC,1,0.9956309839693535
inplane,FCGR3A,1,0.7489372214210558
inplane,MET,1,0.3079520919547737
inplane,ANPEP,1,0.9996076742815638
inplane,AMY2A,3,0.9999727435268664
inplane,GATM,1,0.9999422130586683
induction,AMY2A,2,0.9999728718140479
induction,GATM,2,0.9999424749699047
induction,AQP8,6,0.9997761445870758
ambient,CPA3,1,0.622421542627539
ambient,COCH,1,0.5411662438319875
inplane,DPEP1,1,0.963274029756366
inplane,MYC,1,0.6049510363874749
inplane,AMY2A,1,0.999966748051267
inplane,GATM,1,0.9999284118500609
inplane,PPP1R1A,1,0.966538403094391
inplane,AMY2A,2,0.9999694806769481
inplane,GATM,1,0.9999352988511995
induction,AMY2A,3,0.9999763743680367
induction,GATM,3,0.9999501071197232
induction,AQP8,4,0.9998055058537556
ambient,CA4,1,0.7257529812077869
ambient,KCNK3,1,0.9320791093064931
ambient,DPEP1,1,0.9663085435555003
ambient,UMOD,1,0.8503144147325963
inplane,CFTR,1,0.9996664470063149
inplane,AMY2A,2,0.9999436608581068
inplane,GATM,1,0.9998736618452992
induction,AMY2A,3,0.9999446587838702
induction,GATM,2,0.999876249450507
induction,AQP8,1,0.9995293070491678
ambient,FKBP11,1,0.910826741699258
ambient,HAMP,1,0.8522758916997866
ambient,CFTR,1,0.9998758134616224
ambient,DIRAS3,1,0.9186935328760532
outplane,MMRN2,1,0.0
outplane,CFTR,2,0.9998183115218562
outplane,AMY2A,1,0.9999672588925049
outplane,GATM,1,0.9999301146579942
inplane,TCIM,1,0.0
inplane,AMY2A,2,0.9999782461832891
inplane,AQP8,1,0.9998213730628638
ambient,FKBP11,1,0.9455723252944905
ambient,DIRAS3,1,0.9500355245899488
inplane,CFB,1,0.8211874902370266
inplane,SLC4A1,1,0.09505420623941563
inplane,AMY2A,1,0.9999788184108548
inplane,GATM,1,0.9999555973515897
inplane,AQP8,1,0.9998263703709712
induction,AMY2A,2,0.9999615953446347
induction,GATM,2,0.9999169958681299
induction,AQP8,6,0.9996796087421705
ambient,RIDA,1,0.7148504137793577
ambient,GATM,1,0.9998783113317585
inplane,C15orf48,1,0.9954388424894052
inplane,SMYD2,1,0.49834830548563536
inplane,GATM,2,0.9998418028130417
inplane,MCF2L,1,0.0
inplane,VWA5A,1,0.7120727616564582
inplane,MS4A6A,1,0.39681012905941415
inplane,CFTR,1,0.9998752685223761
inplane,AMY2A,1,0.99997674463026
outplane,EDN1,1,0.23279044554778516
outplane,CCL5,1,0.1835866364204638
outplane,AMY2A,1,0.9999521171494287
outplane,GATM,1,0.9998853524756032
outplane,AQP8,1,0.9995646435488191
outplane,MEDAG,1,0.3494944300619497
outplane,RND1,1,0.09740265641882262
outplane,FXYD2,1,0.9418849458665021
outplane,EGFR,1,0.7614943557699602
outplane,AMY2A,2,0.9999754081571117
outplane,KCNK3,1,0.948155309749414
outplane,AQP8,1,0.9997975607781789
induction,AMY2A,5,0.9999646455912024
induction,GATM,3,0.9999238593093983
induction,AQP8,2,0.9997056519800205
outplane,CFTR,1,0.9998114586739966
outplane,AMY2A,3,0.999966343453473
outplane,GATM,1,0.9999274229638152
inplane,CLEC14A,1,0.0
inplane,CFTR,1,0.9998329553026166
inplane,AMY2A,2,0.9999703919566659
induction,AMY2A,4,0.9999803429150521
induction,GATM,3,0.9999588841294413
induction,AQP8,3,0.9998390729486322
ambient,DPEP1,1,0.9717039154319638
ambient,AQP8,1,0.9998137943047422
inplane,TCF4,1,0.0
inplane,APOLD1,1,0.0
inplane,CFTR,1,0.9998570713958899
inplane,SPI1,1,0.48833953594313695
outplane,BCL2L11,1,0.2910053782282944
outplane,AMY2A,3,0.9999763489054967
outplane,GATM,1,0.9999501391915769
induction,AMY2A,5,0.9999743796564591
induction,GATM,4,0.9999459481857685
induction,AQP8,1,0.9997892087464434
ambient,KLK11,1,0.9896245237241996
ambient,AQP8,1,0.9993725732982768
inplane,ACTA2,1,0.11850167352166985
inplane,AMY2A,2,0.9999592103102991
inplane,GATM,1,0.9999115871679886
inplane,ASPN,1,0.21291095593983023
inplane,CFTR,1,0.9997827011054351
inplane,AMY2A,2,0.9999523883375336
inplane,GATM,1,0.9998948184996822
ambient,CFTR,1,0.9997656197402224
ambient,KLK11,1,0.9923640553970283
ambient,ANPEP,1,0.9991334410813792
ambient,AMY2A,1,0.9999405356132699
induction,AMY2A,1,0.999961771851687
induction,GATM,4,0.9999172334223585
induction,AQP8,5,0.9996807615189084
induction,AMY2A,2,0.9999320167622586
induction,GATM,1,0.9998420018186054
induction,AQP8,1,0.9994071409400933
ambient,KLK11,1,0.9899415050140199
ambient,AQP3,1,0.6604697026970174
outplane,BANK1,1,0.39937895686806
outplane,AMY2A,4,0.999929673426515
inplane,AMY2A,3,0.9999363904042674
inplane,GATM,2,0.9998536666552215
outplane,AMY2A,2,0.9999362295394243
outplane,GATM,1,0.9998537130786493
outplane,AQP8,1,0.9994497836047503
ambient,GATM,2,0.9998746040156297
outplane,CFB,1,0.8583751080949141
outplane,EDN1,1,0.21747140418518418
outplane,EPCAM,1,0.9993224723510296
outplane,CFTR,1,0.9997886923624233
outplane,EHF,1,0.9982556211547136
inplane,MDM2,1,0.5886715165548224
inplane,AMY2A,2,0.999932234817851
inplane,GATM,1,0.9998443566790769
inplane,AQP3,1,0.7352762778441775
outplane,ACTG2,2,0.36230717244514804
outplane,AMY2A,2,0.9999251299158302
outplane,CD83,1,0.6156216997094078
outplane,EPCAM,1,0.9991794783826246
outplane,CFTR,2,0.9996341516517613
inplane,SLAMF7,1,0.9799487344921645
inplane,AMY2A,2,0.9999296120381729
inplane,CD2,1,0.6523198952716094
ambient,GATM,1,0.9998716889976947
ambient,GLYATL1,1,0.28580020276322793
inplane,AMY2A,4,0.999938046651886
inplane,CXCL2,1,0.387929470857156
induction,AMY2A,1,0.9999302639372928
induction,GATM,2,0.9998399606302655
induction,AQP8,1,0.9993981942431498
outplane,MET,1,0.33830634076795796
outplane,CFTR,1,0.9997211915805574
outplane,AMY2A,2,0.9999322929770038
outplane,GATM,1,0.9998429602651537
inplane,BCL2L11,1,0.232769127322623
inplane,FKBP11,1,0.7191134726538585
inplane,AMY2A,3,0.9999349994444543
inplane,GATM,1,0.9998494473190997
outplane,KLK11,1,0.9921908104375088
outplane,AMY2A,1,0.9999452170792484
outplane,KCNK3,1,0.8323305955585419
outplane,PROX1,1,0.630462311553075
outplane,GATM,2,0.9998774039414466
induction,AMY2A,1,0.9999352103302047
induction,GATM,1,0.999850710785987
induction,AQP8,2,0.99943959599132
ambient,AQP8,1,0.9994453125462023
ambient,PEBP4,1,0.5485009919461051
outplane,AMY2A,1,0.999939364563908
outplane,GATM,3,0.9998638185825198
induction,AMY2A,1,0.9999323423060744
induction,GATM,1,0.9998438603829272
induction,AQP8,2,0.9994142928180885
ambient,GATM,1,0.9998267672187331
ambient,GLYATL1,1,0.29191664592422106
outplane,CFB,1,0.7913496567538257
outplane,TFPI,1,0.0
outplane,AMY2A,1,0.9999306220799794
outplane,EGFR,1,0.710922970083479
ambient,KLK11,1,0.9907684692644484
ambient,CPA3,1,0.5932605191269187
ambient,KLK11,1,0.9927095116916093
ambient,PEBP4,1,0.3904378171803762
inplane,CFB,1,0.8256738274703536
inplane,CFTR,1,0.9997007743382554
inplane,AMY2A,1,0.9999432070488476
inplane,GATM,1,0.9998724847106089
outplane,CD68,1,0.7426370019113679
outplane,ANPEP,1,0.999341495155953
outplane,AMY2A,1,0.9999552927347739
outplane,GATM,1,0.9999031467524729
inplane,AMY2A,2,0.9999365448339211
inplane,AQP8,1,0.9994523495717935
inplane,DIRAS3,1,0.780850410747832
ambient,RIDA,1,0.6649402395944455
ambient,AMY2A,1,0.9999492883116448
ambient,HAMP,1,0.6203732751560205
ambient,DIRAS3,1,0.7857966203151305
inplane,VCAN,1,0.9996932794547372
inplane,FHL2,1,0.3485144975903327
inplane,CFTR,3,0.9995228441636473
ambient,AMY2A,1,0.9999245939836068
ambient,KCNK3,1,0.7860676570028436
inplane,AMY2A,1,0.9999523674857032
inplane,GATM,1,0.9998947130644825
inplane,AQP8,2,0.9995975071764903
outplane,DST,1,0.5601385971810375
outplane,MYC,1,0.5171333264495717
outplane,AMY2A,1,0.9999471498889055
outplane,COCH,1,0.6238838970001237
outplane,AQP8,1,0.9995500534261632
outplane,FHL2,1,0.5037142578515245
outplane,ACTG2,1,0.7363620857423768
outplane,EPCAM,1,0.9991605821516493
outplane,ANPEP,1,0.9989692812268594
outplane,KLRB1,1,0.7451660961849647
outplane,CXCL10,1,0.7598582880013148
outplane,GATM,2,0.9998675946023673
outplane,AQP8,1,0.9994977499316328
outplane,CAVIN1,1,0.11110492805225991
outplane,PRDM1,1,0.17511422523051923
outplane,CYTIP,1,0.6818424546120704
outplane,TMEM52B,1,0.48309209197068914
outplane,CFTR,1,0.99976834900431
outplane,AMY2A,1,0.9999268920094563
outplane,GATM,1,0.999832074814534
ambient,AMY2A,1,0.9999445852233687
ambient,KCNK3,1,0.85918978142396
inplane,AMY2A,1,0.9999302141099926
inplane,GPC3,1,0.6275326470957018
inplane,PROX1,1,0.5603391873061001
inplane,GATM,1,0.9998397090362295
outplane,FSTL3,1,0.8251595678873441
outplane,CFTR,1,0.9997852790631511
outplane,AMY2A,1,0.9999609432933163
outplane,CSF3,1,0.11359687492175485
inplane,AMY2A,2,0.9999371909138547
inplane,PROX1,1,0.5880723644238987
inplane,GLYATL1,1,0.26415026153998333
inplane,CFTR,1,0.9997471084650283
inplane,AMY2A,3,0.9999538394797306
ambient,ANPEP,1,0.9992482080962304
ambient,PEBP4,1,0.3383053535056082
outplane,EPCAM,2,0.9994272824441774
outplane,AMY2A,1,0.9999451872296329
outplane,KCNK3,1,0.8598560720451964
outplane,GATM,1,0.9998772382330272
ambient,COCH,1,0.5101180933243274
ambient,PEBP4,1,0.33971486260310957
inplane,NTN4,1,0.6220729789930108
inplane,RIDA,1,0.5780631633350638
inplane,AMY2A,1,0.9999424419415679
inplane,MMRN1,1,0.010279799083618646
inplane,TFPI,2,0.0
inplane,CXCL6,1,0.9990869131043552
inplane,PROX1,1,0.6284887965452277
inplane,AMY2A,2,0.9999436749966443
inplane,GATM,1,0.9998735460873011
inplane,AQP8,1,0.9995198592116197
inplane,CFTR,1,0.9998091368044888
inplane,AMY2A,2,0.9999677329377169
inplane,GATM,1,0.9999311329721441
inplane,NTN4,1,0.5640118459503322
inplane,KCNMA1,1,0.37199727450293096
inplane,AMY2A,2,0.9999430449883484
inplane,NTN4,1,0.494633853425849
inplane,BAMBI,1,0.45093977954224773
inplane,TFPI,1,0.0
inplane,AMY2A,1,0.9999517712966889
induction,AMY2A,2,0.9999616279182564
induction,GATM,5,0.9999169738367006
induction,AQP8,3,0.9996796752706719
induction,AMY2A,1,0.9999627372265235
induction,GATM,5,0.9999197584222342
induction,AQP8,4,0.9996897877146209
inplane,DPEP1,1,0.9256870130461504
inplane,ANPEP,1,0.9993895272974017
inplane,TENT5C,1,0.9947348499476918
inplane,GATM,1,0.9999092705202192
outplane,AMY2A,2,0.9999436017523768
outplane,GPC3,1,0.5700038553544133
outplane,GATM,1,0.9998735929541595
inplane,AMY2A,3,0.999950871842303
inplane,GATM,1,0.9998915035369706
outplane,AMY2A,6,0.9999634806435959
outplane,FKBP11,1,0.7555164239950558
outplane,AMY2A,2,0.9999429582211634
outplane,GATM,2,0.9998721960088561
outplane,DST,1,0.4073675741997119
outplane,EPCAM,1,0.9991644776709043
outplane,BAMBI,1,0.5943526179366194
outplane,AMY2A,1,0.9999492329834208
inplane,TENT5C,1,0.9920199052528117
inplane,AMY2A,4,0.9999339716560827
outplane,TCIM,1,0.0
outplane,EPCAM,2,0.999235890604628
outplane,AMY2A,2,0.99994673539801
outplane,AQP8,1,0.9995461512354279
outplane,THAP2,1,0.32932163390886493
outplane,CFTR,1,0.9996753534670513
outplane,IGSF6,1,0.6886021584490963
outplane,AMY2A,1,0.999937250410474
outplane,GATM,1,0.9998595215101449
inplane,LAMP3,1,0.6054589017216673
inplane,NTN4,1,0.3407188972908848
inplane,AMY2A,1,0.9999228788936609
inplane,SST,1,0.9929776315299585
inplane,GATM,2,0.9998225881645609
ambient,FKBP11,1,0.7163583952050054
ambient,AMY2A,1,0.9999322107136301
inplane,SFRP2,1,0.9997144227622118
inplane,PPARG,1,0.08539366931771886
inplane,CFTR,1,0.9997795855827162
inplane,AMY2A,2,0.9999627314511325
inplane,GATM,1,0.9999192284813617
inplane,CRISPLD2,1,0.47031599241738187
inplane,FKBP11,1,0.853155441213116
inplane,MDM2,2,0.5288736167822672
inplane,AMY2A,1,0.9999622414457467
inplane,GATM,1,0.9999182123399589
inplane,EPCAM,1,0.9993441285048141
inplane,AMY2A,2,0.9999604844177156
inplane,GATM,1,0.999914056122805
ambient,CA4,1,0.6321186481626748
ambient,KCNK3,1,0.8730234262315193
ambient,PROX1,1,0.6092974350671554
ambient,DIRAS3,1,0.7706846928492355
ambient,KLK11,1,0.9897375980147985
ambient,COCH,1,0.46788007304213064
ambient,CFTR,1,0.9997510641762568
ambient,COCH,1,0.4456480956205303
outplane,ANPEP,1,0.9989436345288639
outplane,EHF,1,0.997697832477834
outplane,AMY2A,2,0.9999309356995472
outplane,MLPH,1,0.4922214493672197
outplane,GATM,1,0.9998408467985895
inplane,CFTR,1,0.9996664466417478
inplane,IL1R2,1,0.4413257872875249
inplane,AMY2A,2,0.9999348392891053
inplane,GATM,2,0.9998504396260338
inplane,AMY2A,2,0.999934129539456
inplane,GPC3,1,0.5814498535082901
inplane,AQP8,1,0.9994310098466599
inplane,MS4A6A,1,0.9170130124982018
inplane,CXCR4,2,0.6543777471524532
inplane,MYC,1,0.46006231779911355
inplane,ADAM28,1,0.7863408699912668
inplane,FCER1A,1,0.8978035346305947
inplane,AMY2A,2,0.9999439967940669
outplane,NTN4,1,0.5588692223881015
outplane,TM4SF18,1,0.0
outplane,AMY2A,1,0.9999285581610601
outplane,GATM,1,0.9998359785048535
inplane,SLC26A2,1,0.16369081766111881
inplane,ANPEP,1,0.9989375959938791
inplane,CFTR,1,0.9996020641183903
inplane,AMY2A,1,0.9999325551346406
inplane,AMY2A,2,0.9999512732469489
inplane,GATM,2,0.9998922988860961
outplane,PTGDS,1,0.5763622781925922
outplane,FBN1,1,0.30986050755402494
outplane,DPT,2,0.7957690378435109
ambient,CPA3,1,0.6346826570993256
ambient,AQP3,1,0.7792685039643574
outplane,MYC,1,0.35405450049411946
outplane,CFTR,1,0.9995973501537877
outplane,AMY2A,2,0.999931198445732
outplane,GATM,1,0.9998420001581745
induction,AMY2A,2,0.9999304961546488
induction,AQP8,2,0.9993999949256954
induction,AMY2A,3,0.9999384561971536
induction,GATM,1,0.9998593038518004
ambient,PROX1,1,0.668661929263122
ambient,PEBP4,1,0.3449348538278826
induction,AMY2A,3,0.999933574915696
induction,GATM,1,0.9998473857488158
ambient,ANPEP,1,0.9995968283672224
ambient,DIRAS3,1,0.8699881211969176
induction,AMY2A,4,0.9999716791563898
induction,GATM,2,0.9999395063124634
induction,AQP8,4,0.9997653157483778
inplane,MS4A6A,1,0.7225628459394731
inplane,MYLK,1,0.012360380899988477
inplane,CFTR,2,0.9998620016088864
inplane,AMY2A,1,0.9999772204761337
inplane,GATM,2,0.9999520843586883
induction,AMY2A,2,0.999979279590956
induction,GATM,2,0.9999565590175719
induction,AQP8,6,0.9998301386215184
induction,AMY2A,3,0.9999777568880291
induction,GATM,3,0.9999531928689074
induction,AQP8,4,0.9998172623577122
inplane,CFTR,1,0.9998682923771952
inplane,AMY2A,4,0.9999782080542166
inplane,GATM,1,0.9999543607775385
outplane,MYC,4,0.733555172646235
outplane,GATM,2,0.9999584638632439
inplane,AMY2A,3,0.9999775387982381
inplane,COCH,1,0.7813048807369212
outplane,CFTR,1,0.9996261069341982
outplane,AMY2A,3,0.9999409340628602
outplane,GATM,1,0.9998649053475416
outplane,GLIPR1,3,0.5931934717374635
outplane,GATM,1,0.9998429486875535
induction,AMY2A,2,0.9999663249424233
induction,GATM,4,0.9999275494346149
induction,AQP8,4,0.9997197940835014
outplane,INMT,1,0.07954589431931047
outplane,AMY2A,3,0.9999794799350705
outplane,CA4,1,0.6997724696358361
outplane,AMY2A,1,0.9999469492328312
outplane,CXCL2,1,0.4004366807441685
outplane,GATM,2,0.9998812913376037
outplane,FKBP11,1,0.928087214797012
outplane,AMY2A,3,0.9999797196305976
outplane,GATM,1,0.999957481791938
outplane,NTN4,1,0.7571786007645402
outplane,DPEP1,1,0.9758854686630717
outplane,AMY2A,2,0.9999738620244132
induction,AMY2A,1,0.9999659666988302
induction,GATM,4,0.9999266533696707
induction,AQP8,5,0.9997165347005975
inplane,GDF15,1,0.8778327070741017
inplane,AMY2A,3,0.9999656291149945
inplane,GATM,2,0.9999241853385796
ambient,KLK11,1,0.9940752545419426
ambient,CA4,1,0.6674304828739681
outplane,MYC,1,0.6139418578122349
outplane,IL2RA,1,0.07181216189145434
outplane,AMY2A,2,0.9999732764847165
induction,AMY2A,4,0.9999737550421001
induction,GATM,1,0.9999444320081247
induction,AQP8,5,0.9997836215805711
inplane,CTLA4,1,0.24322549675824168
inplane,AMY2A,1,0.9999779003213001
inplane,GATM,2,0.9999535712924853
outplane,FKBP11,1,0.7557591796836297
outplane,CFTR,1,0.999608365185288
outplane,AMY2A,3,0.9999382648362334
ambient,RIDA,1,0.7291488920263863
ambient,CFTR,1,0.9998482137108425
ambient,KLK11,1,0.9916991368567714
ambient,KCNK3,1,0.8515290501996565
ambient,HAMP,1,0.6546641262079442
ambient,PEBP4,1,0.2805723756906142
ambient,CFTR,1,0.9997786017202891
ambient,PEBP4,1,0.45337299930473496
induction,AMY2A,3,0.9999808100249657
induction,GATM,4,0.9999598481780728
induction,AQP8,3,0.9998428669242487
inplane,MPEG1,1,0.6535157662062219
inplane,CFTR,1,0.9998700403152027
inplane,AMY2A,1,0.9999755635790171
inplane,FXYD2,1,0.9687677784733555
ambient,DPEP1,1,0.9752366558168118
ambient,ANPEP,1,0.9996633185899426
induction,AMY2A,3,0.9999798685297968
induction,GATM,3,0.9999578427002558
induction,AQP8,4,0.9998350775787419
inplane,FKBP11,2,0.9450640900173353
inplane,GATM,1,0.9999590980937667
inplane,AQP8,1,0.9998399681268347
outplane,TCIM,1,0.0
outplane,CRISPLD2,1,0.7095119878132008
outplane,PLIN4,1,0.6787638491365589
outplane,AMY2A,3,0.9999795963832081
outplane,OGN,1,0.9060528753111995
induction,AMY2A,3,0.9999768776042142
induction,GATM,2,0.9999514385861412
induction,AQP8,5,0.9998102580399765
ambient,HAMP,1,0.7441973966609114
ambient,GLYATL1,1,0.2850485363366033
induction,AMY2A,6,0.999974259245249
induction,GATM,2,0.9999457530085751
induction,AQP8,2,0.999788351695285
induction,AMY2A,4,0.9999716561263051
induction,GATM,2,0.9999399115599599
induction,AQP8,4,0.9997661474934171
inplane,AMY2A,3,0.9999775240860805
inplane,GATM,1,0.9999526434604279
outplane,FKBP11,1,0.931158491223459
outplane,EPCAM,1,0.9992081686914474
outplane,GATA2,1,0.0
outplane,DERL3,1,0.5115627805499725
outplane,AMY2A,2,0.9999762554139661
outplane,GATM,1,0.9999498070738109
induction,GATM,7,0.9999544976160638
induction,AQP8,3,0.9998223785022345
ambient,AMY2A,1,0.9999677887316057
ambient,AQP3,1,0.7270236231939577
induction,AMY2A,1,0.9999743367836973
induction,GATM,4,0.9999455994036227
induction,AQP8,5,0.999788271711379
induction,GATM,2,0.9998507697190139
induction,AQP8,2,0.9994388715481028
inplane,MYLK,1,0.1334195516918536
inplane,CRISPLD2,1,0.0368372034003861
inplane,EPCAM,1,0.9996962282501088
inplane,CFTR,2,0.9997873688243359
inplane,AMY2A,2,0.9999342881818182
inplane,FXYD2,1,0.9553569544839858
inplane,PROX1,1,0.6900015508996276
outplane,CFB,1,0.8364226858838086
outplane,PPP1R1B,2,0.9593468179079715
outplane,AMY2A,2,0.9999765896748912
outplane,FXYD2,1,0.9549818380945101
induction,AMY2A,5,0.9999639890974447
induction,GATM,2,0.999922003923642
induction,AQP8,3,0.9996992065237077
ambient,KCNK3,2,0.9137919129609934
inplane,FBLN1,2,0.7755539060572787
inplane,APCDD1,1,0.22781328287685965
inplane,CFTR,2,0.9998113451924485
ambient,DPEP1,1,0.9458486237605546
ambient,KLK11,1,0.9952326545054679
induction,AMY2A,2,0.9999762952431022
induction,GATM,5,0.9999499671150144
induction,AQP8,3,0.9998049159432499
outplane,ANPEP,1,0.9992532203079448
outplane,KCNK3,1,0.9643355163206515
outplane,CXCL2,2,0.4598997324790218
outplane,PROX1,1,0.8847902689277766
outplane,GATM,1,0.9998926370709272
inplane,MPEG1,1,0.3132015603684528
inplane,CFTR,1,0.999703705423561
inplane,CA4,1,0.5905622694468573
inplane,AMY2A,1,0.9999518675235594
induction,AMY2A,3,0.9999786642936501
induction,GATM,3,0.9999551881288461
induction,AQP8,4,0.9998249110570129
inplane,CAVIN1,1,0.1371272923425707
inplane,SMYD2,1,0.7727863079961654
inplane,AMY2A,1,0.9999745093969145
inplane,GPX2,1,0.9905527880654995
induction,AMY2A,5,0.9999741514437955
induction,GATM,1,0.9999451561843361
induction,AQP8,4,0.9997866292741162
inplane,BCL2L11,1,0.6557582961824565
inplane,AMY2A,3,0.999977869688624
inplane,GATM,1,0.9999533920474484
inplane,AQP8,1,0.9998181022075876
induction,AMY2A,2,0.9999733719747742
induction,GATM,4,0.9999432624069798
induction,AQP8,4,0.9997796558581
outplane,SOX2,1,0.3276978185312722
outplane,SEMA3C,1,0.7925837922532599
outplane,DST,1,0.4817112303853355
outplane,SCGN,1,0.9902740414866302
induction,AMY2A,5,0.9999762877736166
induction,GATM,2,0.9999499339185554
induction,AQP8,3,0.9998048149923631
outplane,FKBP11,1,0.884028961250562
outplane,AMY2A,2,0.9999718085021068
outplane,AQP8,1,0.9997674948426577
inplane,AMY2A,2,0.9999663695539734
inplane,GATM,2,0.9999276778868843
induction,AMY2A,4,0.9999816216045715
induction,GATM,2,0.9999615411941435
induction,AQP8,4,0.9998494999811054
inplane,GNG11,1,0.0
inplane,CFTR,1,0.999868457076501
inplane,AMY2A,1,0.9999782414602781
inplane,AQP8,1,0.9998216847356627
induction,AMY2A,2,0.999978187711951
induction,GATM,5,0.9999543960557152
induction,AQP8,3,0.9998214767991102
ambient,ANPEP,1,0.9997004782341216
ambient,CA4,1,0.8162650101589922
induction,AMY2A,4,0.9999769795166906
induction,GATM,3,0.9999515248123177
induction,AQP8,3,0.9998108037287295
ambient,DPEP1,1,0.9749188394434933
ambient,KLK11,1,0.9964813577307674
outplane,CD28,1,0.31943959193764093
outplane,PLAC9,1,0.1356515572472492
outplane,AMY2A,1,0.9999747759208848
outplane,COCH,1,0.742061760725807
outplane,GATM,1,0.999946742114645
outplane,AMY2A,2,0.9999757424740626
outplane,GATM,1,0.9999486261758298
outplane,AQP8,1,0.9997999733292708
outplane,AMY2A,1,0.9999748274612944
outplane,GATM,3,0.9999466377453037
outplane,AQP8,1,0.9997923152144775
induction,AMY2A,3,0.999972567326635
induction,GATM,2,0.999941821878513
induction,AQP8,5,0.9997736157181742
induction,AMY2A,3,0.9999548863793967
induction,AQP8,5,0.9996192118173685
induction,AMY2A,1,0.9999250938824449
induction,AQP8,3,0.9993531170595208
induction,AMY2A,5,0.9999662895811212
induction,GATM,4,0.9999271766720679
induction,AQP8,1,0.9997188396805579
inplane,MMRN2,1,0.0
inplane,SELL,1,0.118630055243511
inplane,FCER1A,1,0.69613103294299
inplane,AMY2A,2,0.9999689197179573
inplane,GATM,1,0.9999335890735755
outplane,MDM2,1,0.4893987679956452
outplane,CNN1,1,0.9921258227514954
outplane,AMY2A,1,0.9999696203960445
outplane,GATM,1,0.9999351018830864
outplane,APOLD1,1,0.0
outplane,AMY2A,2,0.9999635107678454
outplane,AQP8,1,0.9996963117342189
outplane,ANPEP,1,0.9997000991274646
outplane,CFTR,2,0.9998750186452672
outplane,AMY2A,3,0.9999789373299595
inplane,BCL2L11,1,0.39753469034235833
inplane,AMY2A,2,0.9999671801459661
inplane,GATM,1,0.9999289513614921
inplane,AQP8,1,0.9997254321099063
outplane,CFB,2,0.893495465212762
outplane,CFTR,2,0.9997616353122386
outplane,AMY2A,2,0.9999560012854373
outplane,AQP8,1,0.9996276725004783
outplane,EPCAM,1,0.9991596870475019
outplane,AMY2A,1,0.9999615856443647
outplane,AGER,1,0.05231930257613049
outplane,AQP8,1,0.9996786867980338
inplane,TCIM,1,0.0
inplane,ANPEP,1,0.9994804112051684
inplane,AMY2A,3,0.9999641575337418
inplane,GATM,1,0.9999227896074081
inplane,AQP8,1,0.99970154813403
ambient,ANPEP,1,0.9994226651906943
ambient,AQP3,1,0.7702483173949722
outplane,AMY2A,2,0.9999666242050317
outplane,PROX1,1,0.817837595591564
outplane,GATM,1,0.9999280519150089
ambient,UMOD,1,0.8314617109000668
ambient,KLK11,1,0.9950016309512243
ambient,CA4,1,0.5229362857484976
ambient,PROX1,1,0.6022093554286805
induction,AMY2A,5,0.9999731022017799
induction,GATM,2,0.9999429516743664
induction,AQP8,3,0.9997780186578265
ambient,CFTR,1,0.9998832914379574
ambient,GLYATL1,1,0.5070459920915091
inplane,FKBP11,1,0.8932358359798831
inplane,AMY2A,2,0.9999761430723414
inplane,GPC3,1,0.7019267125284676
ambient,CFTR,1,0.9998618701227491
ambient,KCNK3,1,0.9379883188849776
outplane,MYC,1,0.5631514909012224
outplane,AMY2A,2,0.9999747240663166
outplane,GATM,1,0.9999467679502825
outplane,NTN4,1,0.7806727940585527
outplane,AMY2A,1,0.9999780101959969
outplane,EGFR,1,0.8409806424805912
outplane,GATM,2,0.9999537627872591
outplane,CFTR,1,0.9998879340193801
outplane,TIMP4,1,0.19203349228789002
outplane,AMY2A,1,0.9999804104006662
outplane,FXYD2,2,0.9702509371466321
induction,AMY2A,4,0.999979158000488
induction,GATM,2,0.9999563250839462
induction,AQP8,4,0.9998291898112782
induction,AMY2A,1,0.9999787236582824
induction,GATM,5,0.9999552896362177
induction,AQP8,4,0.9998253454362485
outplane,CFB,1,0.8650676144291887
outplane,FSTL3,1,0.8558413521255832
outplane,KRT7,1,0.9939893009524275
outplane,ADAMTS1,1,0.054456433105425917
outplane,KCNK3,1,0.924858854340716
induction,AMY2A,2,0.9999727777758388
induction,GATM,2,0.9999419813655369
induction,AQP8,6,0.9997747062018997
outplane,GEM,1,0.4921531144918695
outplane,AMY2A,2,0.9999686167526901
outplane,GATM,1,0.9999330387200639
outplane,AMY2A,2,0.9999692017633479
outplane,PROX1,1,0.7734459471152646
outplane,CYP1A1,1,0.08738214869434247
ambient,RIDA,1,0.8057589578307726
ambient,AMY2A,1,0.9999781644011717
induction,AMY2A,4,0.9999784368465563
induction,GATM,2,0.999954636501688
induction,AQP8,4,0.9998228767496091
ambient,FKBP11,1,0.9008911462332109
ambient,GLYATL1,1,0.4529681324019522
outplane,MYC,1,0.41969095764022
outplane,EHF,1,0.9959413989650757
outplane,CXCL2,1,0.21340068523275768
outplane,RBP5,1,0.0
ambient,AQP8,2,0.9995550125360336
inplane,NTN4,1,0.7440699405811486
inplane,MDM2,1,0.5311515088346659
inplane,DST,1,0.5307480536285687
inplane,AMY2A,3,0.9999596572333236
inplane,GCG,1,0.9974024679902473
ambient,AMY2A,1,0.9999670140073197
ambient,KCNK3,1,0.9210593267523445
outplane,CAVIN1,2,0.06558323798440968
outplane,LILRB2,1,0.6155550673080792
outplane,SMYD2,1,0.7433688992346017
outplane,MDM2,1,0.5853248581180099
outplane,CFTR,1,0.9998477390866581
outplane,AMY2A,1,0.9999749341338878
outplane,GATM,1,0.9999470072611334
induction,AMY2A,5,0.9999685495762366
induction,GATM,3,0.9999329145393016
induction,AQP8,2,0.9997395963206176
inplane,AMY2A,3,0.9999761294028564
inplane,GPC3,1,0.8072768577740393
inplane,GATM,1,0.9999496356451796
inplane,AQP8,1,0.9998035934032302
outplane,CFB,1,0.39428921963278185
outplane,CFTR,1,0.9995555514404176
outplane,AMY2A,1,0.9999298465674674
outplane,FXYD2,1,0.7329369695417862
induction,AMY2A,3,0.9999739348907315
induction,GATM,5,0.9999447268563093
induction,AQP8,2,0.9997849100183013
induction,AMY2A,3,0.9999313441291419
induction,GATM,1,0.9998422627339649
inplane,MYLK,1,0.2737692866332856
inplane,COL5A2,1,0.4827606084531708
inplane,ADAMTS1,1,0.024518019228351173
inplane,EDNRB,1,0.0
inplane,AQP8,1,0.999445092244793
ambient,DIRAS3,1,0.9504243189149387
ambient,GLYATL1,1,0.6292333572863225
inplane,CD14,2,0.7658653434391294
inplane,FCGR1A,1,0.6940511114953288
inplane,PTPRC,1,0.9981679400481643
inplane,BCL2L11,1,0.31453745913085185
inplane,MYC,1,0.48989480108915295
inplane,AMY2A,1,0.999960674599708
inplane,GATM,1,0.9999146890498525
inplane,AQP8,1,0.9996712270896002
outplane,PCNA,1,0.22229135842377978
outplane,CFTR,1,0.99970719068734
outplane,AMY2A,2,0.9999447328496273
outplane,GATM,1,0.9998759574609978
outplane,AQP8,1,0.9995289516972147
inplane,AMY2A,3,0.9999447052201488
inplane,GATM,1,0.9998759225938386
induction,AMY2A,2,0.9999333342706332
induction,GATM,2,0.9998468875317971
outplane,AMY2A,3,0.9999617722850555
outplane,GATM,1,0.9999171020869796
outplane,FSTL3,1,0.572362064800134
outplane,AMY2A,3,0.9999493585619755
ambient,RIDA,1,0.7333677209825039
ambient,CA4,1,0.7115189352525637
induction,AMY2A,1,0.9999534389569205
induction,GATM,1,0.999897289838527
induction,AQP8,6,0.9996070124908657
ambient,DIRAS3,1,0.813171350220859
ambient,PEBP4,1,0.3742237831963351
inplane,FKBP11,1,0.8603371045893851
inplane,DPEP1,1,0.940849705745126
inplane,AMY2A,2,0.9999425507802998
inplane,GATM,2,0.999871358228576
inplane,AMY2A,2,0.9999646342331715
inplane,CXCL6,1,0.9990612413987243
inplane,HEMGN,1,0.21140981611306353
outplane,NTN4,1,0.3904316850699552
outplane,AMY2A,3,0.9999269317810969
induction,AMY2A,2,0.9999355407793766
induction,GATM,1,0.9998521033543891
induction,AQP8,1,0.9994437808878478
ambient,AMY2A,1,0.9999415353199332
ambient,PROX1,1,0.5104577826232581
ambient,CFTR,1,0.9995744430098892
ambient,GLYATL1,1,0.48403295603871066
inplane,AMY2A,3,0.9999286872941687
inplane,GATM,1,0.9998362002021242
outplane,CFB,1,0.8819487627231167
outplane,FAS,1,0.30049336202020627
outplane,ACTG2,1,0.3393527538710509
outplane,CFTR,1,0.9997498450474102
outplane,AMY2A,1,0.999941424791753
outplane,FXYD2,1,0.9211024381696526
ambient,DPEP1,1,0.9013753415444622
ambient,AQP3,1,0.7891585243501137
induction,AMY2A,1,0.9999355345293551
induction,GATM,2,0.9998519872849544
induction,AQP8,1,0.9994435126058737
inplane,AMY2A,3,0.9999388664585571
inplane,SST,1,0.9943698778689704
inplane,GATM,1,0.9998595576967331
outplane,VCAN,1,0.9992975062096912
outplane,CYP2F1,1,0.41932082103166357
outplane,EPCAM,1,0.9988420341253192
outplane,CFTR,2,0.9996195080670676
outplane,AMY2A,2,0.9999311275003476
outplane,AMY2A,3,0.9999344315569691
outplane,GATM,1,0.9998494939102205
induction,AMY2A,1,0.9999310145979966
induction,GATM,3,0.9998416554620698
outplane,TMC5,1,0.9941184187160224
outplane,CFTR,1,0.9998231896190278
outplane,EHF,1,0.9982170682414451
outplane,AMY2A,2,0.9999690632852177
outplane,GATM,1,0.9999339479166547
inplane,ANPEP,1,0.9994804550136076
inplane,AMY2A,4,0.9999634556925929
induction,AMY2A,1,0.9999308276995333
induction,AQP8,3,0.9994029805856721
outplane,CFTR,2,0.9998610238032609
outplane,AMY2A,1,0.9999770906475651
outplane,FXYD2,1,0.9696384416620814
ambient,CA4,1,0.6712649523325314
ambient,PROX1,1,0.7366022196193209
ambient,RIDA,1,0.628377222199966
ambient,AMY2A,1,0.9999459109230266
induction,AMY2A,4,0.9999733224420216
induction,GATM,5,0.9999434606527439
induction,AQP8,1,0.9997799304253795
induction,AMY2A,1,0.999963973657312
induction,GATM,2,0.9999219103809186
induction,AQP8,7,0.9996989444135606
induction,AMY2A,4,0.9999743678086923
induction,GATM,2,0.9999457089834441
induction,AQP8,4,0.999788626576101
ambient,ANPEP,1,0.9995629281954601
ambient,PEBP4,1,0.5076367318397736
outplane,AMY2A,1,0.9999625174391508
outplane,COCH,2,0.642025571131116
outplane,AQP8,3,0.9996883339374687
outplane,AMY2A,4,0.9999756344913323
outplane,GATM,1,0.9999485383937828
inplane,CFB,1,0.6278888817656416
inplane,AMY2A,3,0.9999644840658224
inplane,CFB,1,0.6840830927615233
inplane,EPCAM,1,0.9987692584039632
inplane,TM4SF18,1,0.0
inplane,GPX2,1,0.9775918922231838
inplane,GPR183,1,0.9328749708369316
inplane,FBN1,1,0.6304923490299348
inplane,TIMP4,1,0.7142977299153184
inplane,GATM,1,0.9998779755141969
induction,AMY2A,4,0.9999716786753404
induction,GATM,3,0.9999399816752742
induction,AQP8,3,0.9997663838724562
outplane,PPP1R1B,1,0.9571203843452285
outplane,GEM,1,0.29984120425434124
outplane,AMY2A,1,0.9999635598260088
outplane,PROX1,1,0.7837642766318443
induction,AMY2A,3,0.9999641367076353
induction,GATM,6,0.9999223215002565
induction,AQP8,1,0.9997004344663604
inplane,MMRN2,1,0.0
inplane,AMY2A,2,0.9999661916432532
inplane,GATM,1,0.9999268018444655
ambient,DPEP1,1,0.96112326027643
ambient,GATM,1,0.999945490204546
inplane,CFTR,1,0.999826312064841
inplane,CXCL6,3,0.998107207538691
inplane,ESR1,1,0.14088878056153176
induction,AMY2A,2,0.9999349044333105
induction,GATM,1,0.999850537925651
induction,AQP8,1,0.9994380702513405
induction,AMY2A,6,0.9999765366751785
induction,AQP8,4,0.9998070380353739
induction,AMY2A,3,0.9999791595358685
induction,GATM,5,0.9999563255346645
induction,AQP8,2,0.999829196086088
ambient,KCNK3,1,0.9520045078951587
ambient,DIRAS3,1,0.9189061938970797
outplane,FBLN1,1,0.8005657578288432
outplane,ANPEP,1,0.9997101322708356
outplane,AMY2A,1,0.9999797446342343
outplane,PROX1,1,0.9434939462708528
inplane,CFTR,1,0.9998727579299816
inplane,AMY2A,2,0.9999785549526898
inplane,AQP8,1,0.9998238821237843
ambient,FKBP11,1,0.924809794397726
ambient,GLYATL1,1,0.5427032313906521
induction,AMY2A,5,0.9999785351316662
induction,GATM,2,0.9999548399774375
induction,AQP8,3,0.9998236764870451
inplane,CD68,1,0.43148034425413784
inplane,CFTR,2,0.9998825962180179
inplane,DPT,1,0.823931799709323
inplane,AMY2A,3,0.9999801911708169
inplane,GATM,2,0.9999585336135642
inplane,AQP8,1,0.9998377552338811
inplane,TCIM,1,0.0
inplane,MYC,1,0.6204479612706961
inplane,EHF,1,0.9984994856591907
inplane,GATM,2,0.9999513050151623
inplane,EHF,1,0.9986243244946047
inplane,AMY2A,2,0.999974678631077
inplane,GATM,1,0.9999462579039099
inplane,MMRN2,1,0.0
inplane,CD34,2,0.0
inplane,ADAMTS1,2,0.025587559001295168
inplane,AMY2A,1,0.9999766194820541
inplane,GATM,1,0.999950821315643
ambient,UMOD,1,0.8301360378310695
ambient,PROX1,1,0.8100501511774547
induction,AMY2A,2,0.999963088351466
induction,GATM,3,0.999920286746331
induction,AQP8,5,0.9996922033422914
induction,AMY2A,5,0.9999801261716742
induction,GATM,2,0.9999583291485056
induction,AQP8,3,0.9998370669729196
inplane,AMY2A,2,0.9999370336577517
inplane,CPA3,1,0.6820254185466365
inplane,GATM,1,0.999855549056105
inplane,AQP8,1,0.9994567003711469
inplane,ACTG2,1,0.40830487528446535
inplane,AMY2A,2,0.9999678670637674
inplane,GATM,1,0.9999305439675067
inplane,AQP8,1,0.9997319038797725
ambient,CPA3,1,0.7162420728421441
ambient,HAMP,1,0.8089069237444695
inplane,AMY2A,3,0.9999671303638845
inplane,GATM,1,0.9999290119300663
ambient,ANPEP,1,0.9996680217034144
ambient,GLYATL1,1,0.6415418487572868
inplane,MAMDC2,1,0.26655755297581096
inplane,AMY2A,1,0.9999749240723519
inplane,C7,1,0.2119142860905181
inplane,OGN,1,0.39141839714234894
ambient,FKBP11,1,0.8033293248460271
ambient,CA4,1,0.6035257987238947
induction,AMY2A,3,0.9999766815891702
induction,GATM,4,0.9999509886746291
induction,AQP8,3,0.9998085628074009
inplane,CD34,1,0.0
inplane,EGFL7,1,0.0
inplane,AMY2A,1,0.9999670191352317
inplane,RBP5,1,0.0
ambient,ANPEP,1,0.9995111837648084
ambient,CPA3,1,0.7600334515539348
inplane,EPCAM,1,0.9993724938725497
inplane,CFTR,1,0.9998729506736709
inplane,AMY2A,2,0.9999785328059535
inplane,ERBB2,1,0.8824056825669155
inplane,GATM,2,0.999955023047361
induction,AMY2A,2,0.9999771927503897
induction,GATM,5,0.9999519913762095
induction,AQP8,3,0.9998125957956341
inplane,SFRP4,2,0.18122659101788363
inplane,AMY2A,2,0.9999697531980344
inplane,GPX2,1,0.9972118125601966
inplane,EGFR,1,0.8395985133991016
induction,AMY2A,6,0.9999755596138721
induction,GATM,2,0.9999485123732639
induction,AQP8,2,0.999799084934192
ambient,CFTR,1,0.9995705368285884
ambient,PEBP4,1,0.24871565924392824
inplane,MS4A6A,1,0.8541669386518239
inplane,MYC,1,0.49208834210994823
inplane,AMY2A,3,0.9999382789802903
inplane,GATM,1,0.9998583275657782
ambient,CPA3,2,0.8589936025918352
induction,AMY2A,5,0.9999772405367728
induction,GATM,2,0.9999519291468737
induction,AQP8,3,0.9998126191670873
outplane,AMY2A,2,0.9999805856800534
outplane,GATM,2,0.9999593139027919
inplane,SFRP2,1,0.9986185856675974
inplane,CD34,1,0.0
inplane,CD163,1,0.995017370073644
inplane,AMY2A,3,0.999975900912119
induction,AMY2A,3,0.9999750385755095
induction,GATM,2,0.9999471059524238
induction,AQP8,5,0.9997941033951353
inplane,ACTG2,1,0.32248929333350307
inplane,CA4,2,0.8221881924530986
inplane,AMY2A,1,0.9999780949342844
outplane,RND1,1,0.1158938607752692
outplane,AMY2A,4,0.9999791509533416
outplane,GATM,1,0.9999563386808558
outplane,MYLK,1,0.027085606616806368
outplane,AMY2A,1,0.9999798530433514
outplane,CCNB2,1,0.1631764150467081
outplane,PROX1,1,0.8626024674913791
outplane,CFB,1,0.7183488282994612
outplane,CNN1,1,0.993478317351373
outplane,CCL5,1,0.6955024338078151
outplane,AMY2A,1,0.9999745857975868
outplane,MCF2L,1,0.0
outplane,FCGR1A,1,0.39416813474120427
outplane,CFTR,2,0.9998832073076404
induction,AMY2A,3,0.999980771237004
induction,GATM,2,0.9999597361771961
induction,AQP8,5,0.9998424789797721
ambient,COCH,1,0.7424244844266354
ambient,AQP3,1,0.8485225007426783
outplane,AMY2A,3,0.9999775928526864
outplane,GATM,1,0.9999527913715511
outplane,AQP8,1,0.9998157870820036
induction,AMY2A,2,0.9999765747536882
induction,GATM,4,0.9999507473432476
induction,AQP8,4,0.9998076477036655
outplane,FSTL3,1,0.8404014943652136
outplane,CFTR,1,0.9998820693129543
outplane,AMY2A,2,0.9999797108289409
ambient,KCNK3,1,0.9749079758958008
ambient,HAMP,1,0.9139160724363631
induction,AMY2A,2,0.9999772814853529
induction,GATM,4,0.9999521813840597
induction,AQP8,4,0.99981333213033
induction,AMY2A,6,0.9999671562219326
induction,GATM,1,0.9999292917130452
induction,AQP8,3,0.9997266066096643
induction,AMY2A,6,0.999981259086242
induction,GATM,3,0.9999607737979446
induction,AQP8,1,0.9998465116440971
ambient,UMOD,1,0.5383748237668176
ambient,GLYATL1,1,0.16934947270538792
ambient,COCH,1,0.6361162833904812
ambient,PEBP4,1,0.5403697245481601
induction,AMY2A,5,0.9999743980550527
induction,GATM,3,0.9999457561250829
induction,AQP8,2,0.9997888377335852
inplane,FCGR1A,1,0.5017997075074265
inplane,SMYD2,1,0.7446639983950023
inplane,CFTR,1,0.9998755653257777
inplane,FXYD2,1,0.9673255286586532
induction,GATM,6,0.9999529322348306
induction,AQP8,4,0.9998162198180266
ambient,CA4,1,0.5555620097346554
ambient,CPA3,1,0.5845058572209001
inplane,CD34,1,0.0
inplane,MYC,1,0.3363041072486763
inplane,CD163,1,0.9979057404351139
inplane,CFTR,1,0.9996455283520967
inplane,AMY2A,1,0.9999434501222687
inplane,GATM,2,0.9998730869572051
ambient,KLK11,1,0.9956226150389423
ambient,AQP3,1,0.933334172571314
inplane,TCIM,1,0.0
inplane,CFTR,3,0.9997771620745172
inplane,GATM,1,0.9999186126424782
induction,AMY2A,5,0.9999750920552337
induction,GATM,3,0.9999471719740975
induction,AQP8,2,0.9997944376728495
ambient,CA4,1,0.7880267201231327
ambient,AQP3,1,0.8331828396546396
ambient,PEBP4,1,0.5129438342240655
ambient,GLYATL1,1,0.38193235088254296
inplane,CFTR,4,0.9998253347056714
induction,AMY2A,3,0.9999692599269506
induction,GATM,3,0.9999337427999452
induction,AQP8,4,0.9997439408754111
induction,AMY2A,1,0.9999719591420565
induction,GATM,6,0.9999401506331896
induction,AQP8,3,0.9997677392668504
induction,AMY2A,2,0.9999762475787314
induction,GATM,3,0.9999498000634893
induction,AQP8,5,0.9998043732671874
inplane,TCIM,1,0.0
inplane,AMY2A,4,0.9999776781394732
induction,AMY2A,5,0.9999738736693817
induction,GATM,1,0.9999446105834546
induction,AQP8,4,0.9997844354924391
inplane,SMYD2,1,0.6682188633409056
inplane,ANPEP,2,0.999669834988552
inplane,AMY2A,2,0.9999766194313595
ambient,FKBP11,1,0.9064608190076971
ambient,AMY2A,1,0.9999750410612378
outplane,CFB,1,0.7373442804240516
outplane,FSTL3,1,0.6615896562256165
outplane,MEST,1,0.7832553055804761
outplane,CFTR,1,0.999853313312373
induction,AMY2A,3,0.9999795709100132
induction,GATM,3,0.9999571154495371
induction,AQP8,4,0.9998324027442348
ambient,RIDA,1,0.8638536208294672
ambient,CPA3,1,0.856569348148106
induction,AMY2A,1,0.9999806584827265
induction,GATM,7,0.9999595114295768
induction,AQP8,2,0.9998415813186671
outplane,ADGRL4,1,0.0
outplane,APOLD1,1,0.0
outplane,CFTR,1,0.9998848866882014
outplane,AMY2A,1,0.9999805802967274
ambient,KLK11,1,0.9948854802472924
ambient,HAMP,1,0.82560454182398
induction,AMY2A,3,0.999979496208778
induction,GATM,5,0.9999569011183506
induction,AQP8,2,0.9998316591354602
induction,AMY2A,2,0.9999808385561939
induction,GATM,5,0.9999598796809174
induction,AQP8,3,0.9998430361833254
inplane,EPCAM,1,0.9991835488361276
inplane,CFTR,1,0.9997949559870271
inplane,EHF,1,0.9980500020764496
inplane,AMY2A,2,0.9999643460503543
inplane,C7,1,0.29431207310678287
induction,AMY2A,2,0.9999801047869669
induction,GATM,4,0.9999582898742202
induction,AQP8,4,0.9998369043551596
induction,GATM,4,0.9999536973653934
induction,AQP8,6,0.9998194594412356
inplane,AMY2A,1,0.9999770093466042
inplane,FXYD2,1,0.9634488341978987
inplane,GATM,1,0.999951612566409
inplane,AQP8,1,0.9998111054836898
ambient,GATM,1,0.9999511444340379
ambient,AQP3,1,0.8406957416004491
inplane,GNG11,1,0.0
inplane,TMC5,1,0.9971839683564685
inplane,FXYD2,1,0.9586242039034533
inplane,GPX2,2,0.997087937044721
inplane,PROX1,1,0.8353210119671821
ambient,FKBP11,1,0.9485517192391284
ambient,PEBP4,1,0.7530187202352213
inplane,PMP22,1,0.11632977057719418
inplane,CFB,1,0.8795915220232982
inplane,CFTR,1,0.9998805394060024
inplane,AMY2A,3,0.9999790333195689
inplane,ACE2,1,0.29237130239652587
ambient,AQP8,1,0.9998356706504766
ambient,PEBP4,1,0.6293549958211981
inplane,PDGFRA,1,3.5964231592799933e-11
inplane,HPGDS,1,0.3789407917211739
inplane,AMY2A,3,0.9999782614752357
inplane,C7,1,0.21929777850672472
outplane,ANPEP,2,0.9997136115200699
outplane,GATM,3,0.9999578495694252
induction,AMY2A,3,0.9999763667377138
induction,GATM,4,0.9999501627114589
induction,AQP8,3,0.9998056055407251
outplane,MS4A4A,1,0.3239646140898166
outplane,MYC,1,0.6495839020072419
outplane,TBX3,1,0.026350492143538462
outplane,CCL5,1,0.3494094198852834
outplane,AMY2A,1,0.999979421556574
outplane,GATM,1,0.9999569127219756
induction,AMY2A,3,0.9999801435391397
induction,GATM,5,0.9999583968813687
induction,AQP8,2,0.999837280716155
ambient,COCH,1,0.7321548155572006
ambient,PROX1,1,0.8505345729211593
ambient,RIDA,2,0.8280973253670754
induction,GATM,6,0.999949663156528
induction,AQP8,4,0.9998039473442218
outplane,CFTR,1,0.9998827535734464
outplane,AMY2A,3,0.9999795844432715
inplane,C5orf46,1,0.6661528348005071
inplane,LIF,1,0.9868846080104554
inplane,FXYD2,2,0.956448899958476
inplane,AQP3,1,0.8461135118256746
ambient,RIDA,1,0.7360987757639095
ambient,GATM,1,0.9999480077412418
induction,AMY2A,5,0.9999765008357719
induction,GATM,1,0.9999505207246532
induction,AQP8,4,0.9998068790798244
ambient,RIDA,1,0.6533092826366488
ambient,CFTR,1,0.9998052108697889
inplane,ANPEP,1,0.9993204356531049
inplane,AMY2A,2,0.9999550539220048
inplane,GATM,1,0.9999007358607762
induction,AMY2A,6,0.9999749376278434
induction,GATM,2,0.9999468482469903
induction,AQP8,2,0.9997931719938821
inplane,ADAM28,1,0.8247432529290843
inplane,AMY2A,2,0.999975728296985
inplane,GATM,1,0.9999486486230751
inplane,GCG,1,0.9974659708197958
inplane,TNFRSF9,1,0.3604003465857657
inplane,AMY2A,2,0.9999758351300823
inplane,CYP4B1,1,0.0
inplane,GATM,1,0.9999489536258803
outplane,CFTR,2,0.9996963881220412
outplane,AMY2A,1,0.9999486296411227
outplane,PROX1,1,0.5666422146376936
induction,AMY2A,2,0.9999644004665742
induction,GATM,5,0.9999228957920241
induction,AQP8,3,0.9997026437664901
ambient,DPEP1,2,0.9686413820816586
induction,AMY2A,5,0.9999776518550257
induction,GATM,4,0.9999529124560869
induction,AQP8,1,0.9998162647609904
outplane,CAVIN1,1,0.08718339268194653
outplane,APOLD1,1,0.0
outplane,CFB,1,0.9323277129578517
outplane,FSTL3,1,0.9016786725531118
outplane,CFTR,1,0.9998723721180057
outplane,AQP2,1,0.34250663322458175
ambient,COCH,1,0.6462708356759014
ambient,GATM,1,0.9999427197663345
ambient,FKBP11,1,0.915743923373614
ambient,AQP8,1,0.9998225600963486
inplane,PDPN,1,0.6172859675967683
inplane,INMT,1,0.23585727907934284
inplane,AMY2A,2,0.9999758704257505
inplane,GATM,1,0.9999489757775245
inplane,FBLN1,2,0.5255846656275847
inplane,VWA5A,1,0.5721822413444856
inplane,AMY2A,2,0.9999528091000099
ambient,AQP8,1,0.9998337264269679
ambient,PEBP4,1,0.7378280790487497
inplane,PPP1R1B,1,0.9634132688183239
inplane,CFTR,1,0.9998668753492044
inplane,C7,1,0.2757379842282047
inplane,GATM,1,0.9999526954639723
ambient,RIDA,1,0.8614964992264682
ambient,CPA3,1,0.8355982704866388
induction,AMY2A,2,0.999979036213612
induction,GATM,4,0.9999559497554208
induction,AQP8,4,0.9998279183382424
ambient,PROX1,1,0.882717262198133
ambient,GATM,1,0.9999567055122199
outplane,AIF1,1,0.6977660621594857
outplane,STEAP4,1,0.0
outplane,AMY2A,1,0.9999795164732825
outplane,GATM,1,0.999957045145529
inplane,AMY2A,3,0.9999793246401639
inplane,AQP8,1,0.999830506601329
outplane,EPCAM,1,0.9994348139954446
outplane,TENT5C,1,0.9974099611885029
outplane,AMY2A,1,0.9999788260899795
outplane,GATM,1,0.999955406364391
outplane,CFTR,1,0.9998583156426806
outplane,AMY2A,1,0.9999761028447987
outplane,GATM,2,0.999949710117349
inplane,PLCG2,1,0.0
inplane,AMY2A,3,0.9999750996670514
inplane,AQP8,1,0.9997950366462075
induction,AMY2A,3,0.9999808691473613
induction,GATM,3,0.9999600152227739
induction,AQP8,4,0.9998434499447251
induction,AMY2A,4,0.9999793159202727
induction,GATM,3,0.9999566452012517
induction,AQP8,3,0.9998304592307197
induction,AMY2A,1,0.9999806578774093
induction,GATM,1,0.9999595096649563
induction,AQP8,8,0.9998415752263602
induction,AMY2A,3,0.9999786764187927
induction,GATM,3,0.9999551659949345
induction,AQP8,4,0.9998249022949429
induction,AMY2A,5,0.9999650569655693
induction,GATM,4,0.9999237292972347
induction,AQP8,1,0.9997060607458665
outplane,MDM2,1,0.5315649498209147
outplane,KLRD1,1,0.15995952585572815
outplane,GATM,2,0.9999442738434695
inplane,ANPEP,1,0.9997034402256078
inplane,AMY2A,2,0.9999790392042673
inplane,GATM,1,0.9999559336592068
induction,AMY2A,4,0.9999768053268371
induction,GATM,2,0.999951015001752
induction,AQP8,4,0.9998090480779716
inplane,CFTR,1,0.9998737593708923
inplane,AMY2A,1,0.9999783598202069
inplane,GATM,2,0.9999544795798555
inplane,AMY2A,3,0.9999782409222198
inplane,AQP8,1,0.9998213410638459
outplane,AMY2A,3,0.9999808780965729
outplane,GATM,1,0.9999599969745286
outplane,ANPEP,1,0.9996989268010246
outplane,AMY2A,3,0.9999787710474057
inplane,CFB,1,0.8333484669378902
inplane,SMYD2,1,0.7898800769363906
inplane,AMY2A,2,0.9999801251223998
ambient,PROX1,1,0.8448572633154503
ambient,GLYATL1,1,0.4938634696728502
inplane,ANPEP,1,0.9996428067153639
inplane,AMY2A,1,0.9999751503779494
inplane,APOA5,1,0.4826063393082557
inplane,GATM,1,0.9999471230959603
outplane,CFTR,1,0.9998814629242238
outplane,AMY2A,3,0.9999800245119889
outplane,AQP8,1,0.9998362626269243
induction,AMY2A,6,0.999980077323335
induction,GATM,1,0.9999582648114184
induction,AQP8,3,0.9998367533594189
induction,AMY2A,3,0.9999769064690905
induction,GATM,2,0.9999512941211748
induction,AQP8,5,0.9998100290694895
ambient,CA4,1,0.812769856998621
ambient,KCNK3,1,0.9586298688797074
induction,AMY2A,5,0.9999777538482773
induction,GATM,3,0.9999532450687951
induction,AQP8,2,0.999817370560986
induction,AMY2A,4,0.9999802517093481
induction,GATM,3,0.9999586698948704
induction,AQP8,3,0.9998382728130285
induction,AMY2A,6,0.9999789548957935
induction,AQP8,4,0.99982653544155
induction,AMY2A,3,0.9999764275991649
induction,GATM,5,0.9999503255861846
induction,AQP8,2,0.9998061843985829
ambient,FKBP11,1,0.9697122231685533
ambient,GATM,1,0.9999490205325197
induction,AMY2A,3,0.9999512697538441
induction,GATM,2,0.9998827503506986
induction,AQP8,1,0.9995548701998156
induction,AMY2A,2,0.9999795514682501
induction,GATM,4,0.9999571483464129
induction,AQP8,4,0.9998324111666315
inplane,FBN1,1,0.01784770755485754
inplane,TFPI,1,0.0
inplane,AMY2A,1,0.999979773406016
inplane,C7,2,0.3087046077332053
outplane,MYC,1,0.6402648563177078
outplane,ANPEP,1,0.9996755273045563
outplane,AMY2A,1,0.9999768094269216
outplane,GATM,1,0.9999511640683146
ambient,CA4,1,0.8247222300259104
ambient,AQP3,1,0.8623151452201807
inplane,LAMP3,1,0.8229432036704278
inplane,GPC1,1,0.7118350359102095
inplane,CD34,1,0.0
inplane,CFB,1,0.8695311124546634
inplane,MYC,1,0.7272439071025579
inplane,MALL,1,0.053580014537992326
inplane,AMY2A,1,0.9999800238406942
inplane,GATM,1,0.9999581928770921
ambient,AQP8,1,0.9998356670299784
ambient,GLYATL1,1,0.5989442367557458
ambient,UMOD,1,0.9106949754314293
ambient,AQP8,1,0.9998284777264841
ambient,COCH,1,0.6029827432797784
ambient,AQP3,1,0.7468055143629528
inplane,AMY2A,4,0.9999652648847478
induction,AMY2A,3,0.9999816927796535
induction,GATM,3,0.9999616800474173
induction,AQP8,4,0.9998500597395837
ambient,AMY2A,1,0.9999796449315361
ambient,COCH,1,0.8883107969646099
inplane,CD93,1,0.0
inplane,AMY2A,4,0.9999759489560983
inplane,AMY2A,2,0.9999745325070495
inplane,GATM,1,0.9999460892946749
inplane,AQP8,1,0.9997900556207542
ambient,CA4,1,0.7416614282658269
ambient,GATM,1,0.9999486547172843
induction,AMY2A,4,0.9999738437270885
induction,GATM,5,0.9999440057519476
induction,AQP8,1,0.99978205622639
induction,AMY2A,2,0.9999813034656412
induction,GATM,5,0.9999608265325353
induction,AQP8,3,0.9998467834801165
induction,AMY2A,3,0.9999765583796932
induction,GATM,3,0.9999505347352425
induction,AQP8,4,0.9998071088600058
ambient,DIRAS3,1,0.7195201558314406
ambient,PEBP4,1,0.27889562401108603
ambient,ANPEP,1,0.9995642918350246
ambient,HAMP,1,0.836982476837103
induction,AMY2A,4,0.9999791719690798
induction,GATM,3,0.9999562962349978
induction,AQP8,3,0.9998291718606763
outplane,CFTR,1,0.9998683790702325
outplane,AMY2A,3,0.9999768480925806
outplane,KCNK3,1,0.9535739521430622
induction,AMY2A,1,0.9999764092845624
induction,GATM,2,0.9999501874870514
induction,AQP8,7,0.99980580827025
ambient,KLK11,1,0.9945669963137714
ambient,CA4,1,0.6620713364121804
inplane,CCR7,1,0.0879325633079151
inplane,CFTR,1,0.9998686839806143
inplane,CD300E,1,0.15415179163965032
inplane,SNCA,1,0.19073940775437703
inplane,CA4,1,0.7974627398215097
inplane,GATM,1,0.9999475051313601
inplane,GCG,1,0.9975572481509166
outplane,AMY2A,3,0.9999778888535351
outplane,GATM,2,0.9999533665556096
induction,AMY2A,4,0.9999645769193934
induction,GATM,4,0.9999194738592433
induction,AQP8,2,0.999689450366708
ambient,ANPEP,1,0.999562170596287
ambient,AQP8,1,0.999746205340696
outplane,RAPGEF3,1,0.0
outplane,AMY2A,1,0.9999583501416004
outplane,GATM,1,0.9999060468997796
outplane,CSF3,1,0.19545787975667372
induction,AMY2A,3,0.9999741553580457
induction,GATM,3,0.9999453666404651
induction,AQP8,4,0.9997871182963546
induction,AMY2A,2,0.9999643173379953
induction,GATM,4,0.999922810692425
induction,AQP8,4,0.9997021601402843
outplane,ANPEP,1,0.9996467717348467
outplane,AMY2A,1,0.9999751095773629
outplane,KCNK3,1,0.9441925842755131
outplane,GATM,2,0.9999474738455468
outplane,FCGR1A,1,0.815222811819952
outplane,CFB,1,0.9171548490520521
outplane,CFTR,1,0.9998888690455752
outplane,CCNB2,1,0.15152291730042788
outplane,CFTR,1,0.9998937980644587
outplane,AMY2A,3,0.9999816031469373
outplane,GATM,1,0.9999615179097444
outplane,NTN4,1,0.6268862699608336
outplane,CFTR,3,0.9998237917647619
outplane,KRT7,1,0.9918934386652033
outplane,SPIB,1,0.5860501444101506
outplane,ANPEP,1,0.9996706764597724
outplane,CFTR,1,0.9998613460793994
outplane,AMY2A,2,0.9999771336084066
outplane,GATM,1,0.9999518179569963
outplane,PMP22,1,0.1712286932842435
outplane,FKBP11,1,0.7884628463470227
outplane,TM4SF18,2,0.0
outplane,APOBEC3A,1,0.28226466376042514
inplane,FSTL3,1,0.5141228780718785
inplane,FKBP11,1,0.8584466841445194
inplane,CFTR,1,0.9998275426667149
inplane,AMY2A,1,0.9999715134479586
inplane,COL5A2,1,2.5127677716341168e-12
inplane,CFTR,1,0.9998704999401975
inplane,AMY2A,1,0.9999759588748071
inplane,FXYD2,1,0.9569009913949993
outplane,MS4A6A,1,0.4349307288970756
outplane,CFTR,1,0.9998793262557829
outplane,AMY2A,3,0.999979269439035
inplane,CFTR,2,0.9998842103408064
inplane,AMY2A,2,0.9999795104170541
outplane,DST,1,0.3639492317268368
outplane,SERPINB9,1,0.18636053723638613
outplane,MET,1,0.2503864514774815
outplane,LAG3,1,0.20507837224096515
outplane,AMY2A,1,0.9999660496364807
induction,AMY2A,4,0.9999636759545978
induction,GATM,3,0.9999218310694689
induction,AQP8,3,0.9996977147870533
outplane,APOLD1,1,0.0
outplane,LY86,1,0.6205931683555872
outplane,AMY2A,2,0.9999679709974894
outplane,KLRB1,1,0.6941822787799207
outplane,GATM,1,0.999931159417116
outplane,CFB,1,0.8853751591554323
outplane,GATM,4,0.999906807093889
outplane,AMY2A,1,0.9999467259437202
outplane,GATM,3,0.9998805681674945
induction,AMY2A,2,0.9999803208799369
induction,GATM,1,0.9999587082706323
induction,AQP8,7,0.999838596691571
ambient,ANPEP,1,0.9992867747098214
ambient,KLK11,1,0.9925451340580702
ambient,CFTR,1,0.9998832753565337
ambient,GLYATL1,1,0.7393572629806386
inplane,CD14,1,0.7066083757699502
inplane,NTN4,1,0.651474164060277
inplane,AMY2A,1,0.999971236009124
inplane,FXYD2,1,0.932239363205543
ambient,GATM,1,0.9999462134962406
ambient,DIRAS3,1,0.9158439070000117
induction,AMY2A,6,0.9999797741463499
induction,GATM,3,0.9999575938103578
induction,AQP8,1,0.9998341876512338
outplane,GPC1,1,0.78743588177741
outplane,EPCAM,1,0.9992389898856839
outplane,CFTR,1,0.999861377542456
outplane,AMY2A,1,0.9999771793183898
ambient,PROX1,1,0.8624575496483264
ambient,GATM,1,0.9999596231966064
ambient,ANPEP,1,0.9996352124419549
ambient,GATM,1,0.9999460958817945
ambient,GATM,1,0.9999501926572073
ambient,GLYATL1,1,0.5077485368850227
induction,AMY2A,2,0.999971559187733
induction,GATM,2,0.9999392872309768
induction,AQP8,6,0.9997644052014435
ambient,FKBP11,1,0.865475302274372
ambient,CFTR,1,0.9996801778433179
outplane,SMYD2,1,0.628626214553629
outplane,AMY2A,1,0.9999776582301234
outplane,GATM,2,0.9999530444130448
ambient,DPEP1,1,0.985578089739845
ambient,RIDA,1,0.8964872897212127
ambient,KLK11,1,0.9970317580013713
ambient,GATM,1,0.9999595368749339
induction,AMY2A,2,0.9999763207537905
induction,GATM,4,0.9999498118602937
induction,AQP8,4,0.999804652914598
inplane,ANPEP,1,0.9997231382003388
inplane,AMY2A,2,0.9999804953203483
inplane,GATM,1,0.9999592114257225
inplane,PRDM1,1,0.16728504798211574
inplane,ANPEP,2,0.9996595752744175
inplane,AMY2A,1,0.9999763712690817
inplane,VCAN,1,0.9988393025437304
inplane,CD28,1,0.38025087548087766
inplane,AMY2A,2,0.999972442206813
outplane,SNCA,1,0.38917736925625235
outplane,AMY2A,2,0.9999643654944314
outplane,AQP8,1,0.9997025625874097
inplane,AMY2A,3,0.9999677333174029
inplane,GATM,2,0.9999286877764433
inplane,AQP8,1,0.9997233800617474
ambient,CFTR,2,0.9998410702489301
induction,AMY2A,4,0.9999760667486856
induction,GATM,4,0.9999490961383938
induction,AQP8,2,0.9998015290105736
ambient,FKBP11,1,0.8109694153330528
ambient,CFTR,1,0.9996593508333594
inplane,MET,1,0.20134789794409103
inplane,AMY2A,3,0.9999349790848809
inplane,GATM,2,0.9998256955296326
inplane,MNDA,1,0.27591036756666365
inplane,GPR183,1,0.4768153275357233
inplane,AMY2A,1,0.9999805269599639
inplane,AQP8,1,0.9998405212194089
outplane,SMYD2,1,0.7904025407434525
outplane,CFTR,2,0.999849082350269
outplane,AMY2A,2,0.9999745217506645
outplane,PROX1,1,0.9038735473421963
outplane,GATM,1,0.9999459599941314
induction,AMY2A,2,0.9999675649807764
induction,GATM,3,0.9999300962501287
induction,AQP8,5,0.9997298403410729
induction,AMY2A,2,0.9999722010403371
induction,GATM,3,0.9999404044481294
induction,AQP8,5,0.9997691544818046
induction,AMY2A,4,0.9999791009375463
induction,GATM,3,0.9999560436372729
induction,AQP8,3,0.9998283537969419
inplane,CFTR,1,0.9998835167862142
inplane,AMY2A,2,0.9999796903262932
inplane,PROX1,1,0.8944041523871205
ambient,CFTR,1,0.9998828946845917
ambient,CPA3,1,0.8832796758585952
ambient,DPEP1,1,0.9616925249937862
ambient,CFTR,1,0.9998594084267366
induction,AMY2A,4,0.9999781483949121
induction,GATM,3,0.9999542218149957
induction,AQP8,3,0.9998209450273019
ambient,FKBP11,1,0.936586894471952
ambient,AMY2A,1,0.9999807225739182
outplane,LILRA4,1,0.37662683996366164
outplane,AMY2A,3,0.9999766364748106
outplane,CD2,1,0.8058946730937977
outplane,GATM,1,0.999950800843351
ambient,CFTR,2,0.9998769153466923
ambient,CFTR,1,0.9998829567977767
ambient,CPA3,1,0.8060880781998612
inplane,MYC,1,0.6951023678820587
inplane,AMY2A,2,0.9999758426709875
inplane,FXYD2,1,0.9626545777472388
inplane,GATM,1,0.9999490190176769
induction,AMY2A,1,0.9999809397698093
induction,GATM,2,0.999960026332047
induction,AQP8,7,0.9998437163958502
ambient,UMOD,2,0.8083662303641685
outplane,AMY2A,2,0.9999742843104217
outplane,GATM,1,0.999945495234198
outplane,AQP8,1,0.9997878548119572
induction,AMY2A,5,0.999970795052194
induction,GATM,4,0.999937655302203
induction,AQP8,1,0.9997580749416141
outplane,CFB,1,0.8643996724705173
outplane,CFTR,1,0.9998686992617795
outplane,AMY2A,1,0.9999769654504975
outplane,GATM,1,0.9999514398055375
induction,AMY2A,3,0.9999769101469026
induction,AQP8,7,0.9998100039619996
inplane,PECAM1,1,0.0
inplane,TMC5,1,0.9915564920009343
inplane,ANPEP,1,0.9996158903937195
inplane,ADAMTS1,1,1.7676970998081742e-12
inplane,AMY2A,2,0.9999733690859671
inplane,GATM,1,0.9999435384619332
ambient,CA4,1,0.7729323169017976
ambient,KCNK3,1,0.9480452332093154
outplane,CFB,1,0.9293641275980985
outplane,CFTR,2,0.9998533910008837
outplane,TFPI,1,0.0
outplane,AMY2A,2,0.9999707728900357
outplane,PROX1,1,0.8505154146896798
outplane,GCG,1,0.99740911906346
ambient,DPEP1,1,0.9811626861543872
ambient,PEBP4,1,0.7475645026417306
induction,AMY2A,3,0.9999700632235727
induction,GATM,4,0.9999359153867494
induction,AQP8,3,0.9997516156786805
outplane,CFTR,1,0.9997675123574382
outplane,AMY2A,2,0.9999606315272992
outplane,GATM,1,0.9999110440828616
induction,AMY2A,2,0.9999788666569593
induction,GATM,6,0.9999556780846998
induction,AQP8,2,0.9998267193093322
ambient,HAMP,1,0.8810170747139625
ambient,COCH,1,0.777134896078743
induction,AMY2A,2,0.9999686058891252
induction,GATM,3,0.9999329946304037
induction,AQP8,5,0.9997399726234899
outplane,CFB,1,0.9231486230665157
outplane,EPCAM,1,0.9994827352150165
outplane,CFTR,1,0.9998671778492194
outplane,PROX1,1,0.910614518155985
ambient,KLK11,1,0.9941998770416908
ambient,KCNK3,1,0.9004924989425671
ambient,PROX1,2,0.8058677820057824
ambient,DPEP1,1,0.9658186290803338
ambient,PEBP4,1,0.6205600949727732
outplane,ECSCR,1,0.0
outplane,INMT,1,0.07334671278172611
outplane,PECAM1,1,0.0
outplane,SOX18,1,0.0
ambient,CFTR,1,0.9998024587648879
ambient,GLYATL1,1,0.3765918166900667
induction,AMY2A,3,0.9999726378060103
induction,GATM,5,0.9999419768151144
induction,AQP8,2,0.9997742095710582
ambient,CFTR,1,0.999864097344611
ambient,AQP3,1,0.8020568299715758
induction,AMY2A,1,0.9999797453499744
induction,GATM,5,0.9999574641447692
induction,AQP8,4,0.9998337938351212
inplane,FCN1,1,0.20714678341065806
inplane,TM4SF18,1,0.0
inplane,AMY2A,2,0.9999759877410819
inplane,GATM,1,0.9999494149088728
outplane,AMY2A,2,0.9999590657025994
outplane,GATM,2,0.9999114389797485
outplane,AQP8,1,0.9996583121614319
induction,AMY2A,3,0.9999758467963998
induction,GATM,3,0.9999488978936919
induction,AQP8,4,0.9998009482030674
ambient,AMY2A,1,0.9999707699640142
ambient,KCNK3,1,0.9436254630129158
inplane,VSIG4,1,0.6212853072033679
inplane,EPCAM,1,0.9992190554998164
inplane,TENT5C,1,0.995939055459986
inplane,AMY2A,1,0.9999672765573594
outplane,MYC,1,0.6509400802615569
outplane,CD163,1,0.9916950783981293
outplane,AMY2A,2,0.9999786289186616
outplane,GATM,1,0.9999551734767815
induction,GATM,4,0.9999576695905252
induction,AQP8,6,0.9998344430584297
induction,AMY2A,1,0.999978245038293
induction,GATM,4,0.9999541897775001
induction,AQP8,5,0.9998210172701879
inplane,FSTL3,1,0.7216582761766803
inplane,ANPEP,1,0.9995878506095105
inplane,CFTR,2,0.9998334732309231
inplane,AMY2A,1,0.9999725371272191
inplane,GATM,1,0.9999399605345157
outplane,PECAM1,1,0.0
outplane,CFTR,2,0.9998797959459529
outplane,AMY2A,1,0.9999778700090834
outplane,KCNK3,1,0.954727748248471
outplane,GATM,1,0.9999534172416332
ambient,ANPEP,1,0.9994261070686425
ambient,KCNK3,1,0.8977616359007875
induction,AMY2A,3,0.9999558056818895
induction,GATM,3,0.9999023044209463
induction,AQP8,2,0.9996265327451758
induction,AMY2A,3,0.9999686958149754
induction,GATM,2,0.9999324000726719
induction,AQP8,5,0.9997389608074521
inplane,AMY2A,3,0.9999506713028972
inplane,FXYD2,1,0.9176403964654513
inplane,GATM,1,0.999891130900011
ambient,DPEP1,1,0.9746178197742223
ambient,AMY2A,1,0.9999764953612116
ambient,KLK11,1,0.99658660562383
ambient,AQP3,1,0.8607550481100719
ambient,CA4,1,0.7001259626225645
ambient,AQP8,1,0.9997458167158129
outplane,MNDA,1,0.5074362907775636
outplane,BCL2L11,1,0.3035823784932552
outplane,CXCL6,2,0.9977671716274088
induction,AMY2A,6,0.9999806772144341
induction,GATM,1,0.9999595489494788
induction,AQP8,3,0.9998417308626029
ambient,DPEP1,1,0.8886436838637265
ambient,KCNK3,1,0.9275583186855285
induction,AMY2A,5,0.9999745303094355
induction,GATM,2,0.999945223926225
induction,AQP8,3,0.9997864996095877
outplane,EHF,1,0.9985459288285596
outplane,AMY2A,3,0.99998169559852
induction,AMY2A,3,0.9999762287196422
induction,GATM,5,0.999950102655936
induction,AQP8,2,0.9998049952403132
outplane,VWA5A,1,0.6514379711331296
outplane,AMY2A,2,0.9999784723764915
outplane,GATM,1,0.9999548290587329
inplane,TCIM,2,0.0
inplane,ANPEP,1,0.9994130432437132
inplane,AMY2A,1,0.9999580983745548
outplane,AMY2A,3,0.9999738610181547
outplane,GATM,1,0.9999445698391397
induction,AMY2A,2,0.9999734729452392
induction,GATM,4,0.9999437605992502
induction,AQP8,4,0.9997811287972049
induction,AMY2A,4,0.9999487012040171
induction,GATM,1,0.999885438450463
induction,AQP8,1,0.9995639997284941
induction,AMY2A,2,0.9999659276442792
induction,GATM,5,0.9999266878610121
induction,AQP8,3,0.9997164738024723
induction,AMY2A,5,0.9999773653906249
induction,GATM,1,0.9999522408366298
induction,AQP8,4,0.9998137556496505
inplane,CFTR,1,0.9998920142796456
inplane,AMY2A,1,0.9999815286508642
inplane,AQP8,2,0.9998487034470952
induction,GATM,1,0.9998833460456437
induction,AQP8,5,0.9995572833870099
inplane,CFTR,1,0.99987709314054
inplane,AMY2A,1,0.9999788875145696
inplane,CXCL6,1,0.9982339342959154
inplane,GATM,1,0.9999556166278946
outplane,PCNA,1,0.6702725001293258
outplane,AMY2A,2,0.9999780912882238
outplane,GATM,1,0.9999538027803214
inplane,MDM2,1,0.7736824236246229
inplane,CD4,1,0.3190678895299892
inplane,MET,1,0.6244087464607413
inplane,SERPINB3,1,0.9863436453674895
inplane,AMY2A,2,0.9999767178311453
inplane,FXYD2,1,0.9814507864333812
inplane,GATM,1,0.9999508890849116
inplane,DIRAS3,2,0.9578600922994668
induction,AMY2A,5,0.9999786802295513
induction,GATM,4,0.9999552763563858
induction,AQP8,1,0.9998251664602106
outplane,MYC,1,0.6053698123037298
outplane,AMY2A,3,0.9999776340260247
outplane,GATM,1,0.9999533107081923
induction,AMY2A,5,0.9999675892925035
induction,GATM,1,0.9999298703889771
induction,AQP8,4,0.9997289806550128
ambient,CA4,1,0.8467371472779265
ambient,AQP8,1,0.9998084394934357
inplane,CD83,1,0.3537936842347239
inplane,CAV1,1,0.04477764985589172
inplane,CFTR,1,0.9998745661394791
inplane,AMY2A,2,0.9999784910433448
inplane,GATM,1,0.9999549129693319
induction,AMY2A,2,0.9999789081311298
induction,GATM,3,0.9999558553968992
induction,AQP8,5,0.9998272652706269
inplane,MS4A6A,1,0.8244655060387461
inplane,CFB,2,0.8147993473867252
inplane,SERPINB9,1,0.2697548854423
inplane,CFTR,1,0.9998025450339969
inplane,AMY2A,1,0.9999660842332082
outplane,CTSK,1,0.27535030728273147
outplane,HAVCR2,1,0.8382402910901292
outplane,TM4SF18,1,0.0
outplane,AMY2A,1,0.9999745473452827
outplane,FXYD2,1,0.9672405505563922
outplane,CXCL6,1,0.9982584101280758
outplane,GCG,1,0.9974812420108302
inplane,MEST,1,0.7839631726848906
inplane,TENT5C,1,0.9975270490317371
inplane,KCNK3,1,0.9549607977301261
inplane,GATM,1,0.9999551402786727
inplane,TMC5,1,0.9909832118874741
inplane,PPARG,1,0.07065334043142091
inplane,CFTR,1,0.9998817857477204
inplane,CAVIN2,1,0.0
outplane,TCIM,1,0.0
outplane,CFTR,1,0.9998779589054796
outplane,EHF,1,0.9987360530458385
outplane,CXCL6,1,0.998631480290883
induction,AMY2A,1,0.9999726190982504
induction,GATM,5,0.9999416265450176
induction,AQP8,4,0.9997733558384954
induction,AMY2A,5,0.9999797767179882
induction,GATM,3,0.999957505738621
induction,AQP8,2,0.99983399596518
inplane,VCAN,1,0.9987064208693113
inplane,CFTR,1,0.9998796743953884
inplane,GATM,2,0.9999574325818199
outplane,AMY2A,3,0.9999786798550718
outplane,GATM,1,0.9999552445796127
outplane,FAS,1,0.3700032189844821
outplane,AMY2A,3,0.9999731533327832
inplane,EDN1,1,0.35265272164394
inplane,CFTR,2,0.9998810359621907
inplane,AMY2A,1,0.9999799277058247
inplane,AMY2A,4,0.9999793157896691
inplane,GATM,1,0.9999566876297572
outplane,CFTR,1,0.9998603101088988
outplane,TFPI,1,0.0
outplane,AMY2A,1,0.9999764225437839
outplane,GATM,1,0.9999501575028411
outplane,AQP8,1,0.9998057861353566
inplane,BASP1,1,0.08779880340936652
inplane,DST,1,0.6175901274102888
inplane,GATA2,1,0.0
inplane,FXYD2,1,0.9765522094589942
ambient,CFTR,1,0.9998779998731749
ambient,UMOD,1,0.9233633714461016
induction,AMY2A,3,0.999979941821514
induction,GATM,3,0.9999580309845257
induction,AQP8,4,0.9998357573358762
inplane,BCL2L11,1,0.3704101397793046
inplane,AMY2A,2,0.9999784368695988
inplane,GATM,1,0.9999546657619142
induction,AMY2A,2,0.9999767071052436
induction,GATM,5,0.9999508456706703
induction,AQP8,3,0.9998083259057857
inplane,TM4SF18,1,0.0
inplane,AMY2A,2,0.9999803744828554
inplane,ERBB2,1,0.9607224325066823
inplane,CFB,1,0.8583864956327678
inplane,MYC,1,0.6829701593859551
inplane,AMY2A,2,0.9999725080286538
inplane,GATM,1,0.9999417209686287
ambient,CPA3,1,0.8386748581440451
ambient,GATM,1,0.9999525873563043
ambient,FKBP11,1,0.9257301005012182
ambient,AQP3,1,0.8822874301389508
ambient,CA4,1,0.8562645050101739
ambient,COCH,1,0.8080609596698098
inplane,AMY2A,2,0.9999735179459671
inplane,GATM,2,0.9999437845166365
inplane,FKBP11,1,0.9029956575587915
inplane,MYC,1,0.6191414017908936
inplane,PPP1R1A,1,0.9724688906290012
inplane,AMY2A,4,0.9999666517124394
inplane,GPX2,1,0.9903816327861712
inplane,CLCA2,1,0.2142004729626944
ambient,RIDA,1,0.8846671568644774
ambient,CA4,1,0.8813648019008117
induction,AMY2A,3,0.999927203768275
induction,GATM,1,0.9998318942167351
induction,AMY2A,1,0.9999694592339103
induction,GATM,5,0.9999348186846125
induction,AQP8,4,0.9997470453145219
ambient,CFTR,1,0.9998565487715039
ambient,CPA3,1,0.8535712184453887
ambient,COCH,1,0.8770674905836804
ambient,AQP3,1,0.9343016633501331
induction,AMY2A,2,0.9999782665886428
induction,GATM,5,0.999954318950657
induction,AQP8,3,0.9998215707695284
ambient,CA4,1,0.7174219947877494
ambient,GLYATL1,1,0.4114448820483153
ambient,FKBP11,1,0.7680490179359507
ambient,CFTR,1,0.9996800662213483
inplane,PPP1R1B,1,0.9588531159082343
inplane,AMY2A,4,0.9999631385532839
inplane,MDM2,1,0.4998176254015396
inplane,ANPEP,1,0.9995047529096011
inplane,AMY2A,3,0.9999663249996754
inplane,CDK1,1,0.274124164878892
inplane,GATM,1,0.99992759909232
ambient,RIDA,1,0.8636871810101852
ambient,HAMP,1,0.9106225456079475
induction,GATM,5,0.9999573495618167
induction,AQP8,5,0.9998331792150698
outplane,NTN4,1,0.7414286144531663
outplane,CFB,1,0.8574912077076124
outplane,MS4A1,1,0.46335285923898406
outplane,C1orf162,1,0.7421460816845064
outplane,AMY2A,1,0.9999734811234439
outplane,CFB,1,0.8600021345466351
outplane,MET,1,0.39183480270744886
outplane,ANPEP,1,0.9996603320404495
outplane,SMIM24,1,0.3723865480777946
inplane,TCIM,1,0.0
inplane,CD93,1,0.0
inplane,AMY2A,2,0.9999801485484082
induction,AMY2A,3,0.9999803441996896
induction,GATM,5,0.9999588109169644
induction,AQP8,2,0.9998389103122558
inplane,MEST,1,0.778837219469863
inplane,AMY2A,1,0.9999759884476479
inplane,GATM,2,0.9999494240255776
induction,AMY2A,3,0.9999599029242724
induction,GATM,4,0.9999114402080459
induction,AQP8,1,0.9996613183481716
ambient,CFTR,1,0.9998866450330395
ambient,CPA3,1,0.8620145932886302
induction,AMY2A,2,0.9999775286758801
induction,GATM,4,0.9999527620012137
induction,AQP8,4,0.9998154999550872
induction,AMY2A,4,0.9999815072172952
induction,GATM,3,0.9999613205536532
induction,AQP8,3,0.9998486061306834
inplane,CFTR,1,0.9998392927257437
inplane,KLK11,1,0.9954297727704278
inplane,AMY2A,2,0.9999692629522146
inplane,FXYD2,1,0.9481033041364183
inplane,GATM,1,0.9999344086790956
induction,AMY2A,5,0.9999764156796748
induction,GATM,1,0.9999501841958878
induction,AQP8,4,0.9998058228702682
outplane,C5orf46,1,0.4602327948436691
outplane,CFTR,1,0.999855588210887
outplane,AMY2A,2,0.9999755306177439
inplane,PRDM1,1,0.25148510896847964
inplane,CFTR,1,0.9998452604540746
inplane,ADAM28,1,0.7523274150124193
inplane,AMY2A,2,0.9999738890885518
inplane,PPP1R1B,1,0.9732230587341781
inplane,DPEP1,1,0.9840296398897874
inplane,CFTR,1,0.9998730010441849
inplane,GATM,1,0.999955938449942
outplane,SMYD2,1,0.7206062869941148
outplane,STEAP4,1,0.0
outplane,CFTR,1,0.9998696843763986
outplane,FXYD2,1,0.9602472562415462
inplane,ASPN,1,0.2617618956543658
inplane,TCIM,1,0.0
inplane,CFTR,1,0.9995923474534087
inplane,EHF,1,0.9956327703976099
inplane,CXCL6,1,0.9958106575126213
ambient,RIDA,1,0.8490440316555794
ambient,KCNK3,1,0.9673481361899806
ambient,CA4,1,0.595390068322837
ambient,PEBP4,1,0.4087718607727695
induction,AMY2A,4,0.9999495234212686
induction,GATM,1,0.999886853969468
induction,AQP8,1,0.9995700789164375
outplane,CFTR,1,0.9998689055114376
outplane,AMY2A,2,0.9999754963053841
outplane,GPX2,1,0.9969703429298618
outplane,GATM,2,0.9999481720835983
induction,AMY2A,6,0.9999773857056532
induction,AQP8,4,0.9998140985949917
induction,AMY2A,5,0.9999778684608172
induction,GATM,2,0.9999533784438398
induction,AQP8,3,0.9998180671098171
ambient,ANPEP,1,0.9996592811425785
ambient,UMOD,1,0.8437741940598928
inplane,AMY2A,2,0.9999690750710949
inplane,CXCL2,1,0.392511975746918
inplane,AQP8,1,0.9997437408955773
induction,AMY2A,3,0.9999792868135134
induction,GATM,2,0.999956590431835
induction,AQP8,5,0.999830234905933
induction,AMY2A,4,0.9999764124011916
induction,GATM,2,0.9999501762180767
induction,AQP8,4,0.999805793497648
inplane,C1orf194,1,0.6254781051391727
inplane,ANPEP,1,0.9996899483721173
inplane,AMY2A,1,0.9999780933428727
inplane,AQP8,1,0.9998198940887518
induction,AMY2A,5,0.9999781817946855
induction,GATM,3,0.9999539571198772
induction,AQP8,2,0.9998204579467321
inplane,STC1,1,0.0
inplane,AMY2A,2,0.9999758415366111
inplane,GATM,1,0.9999489854221694
induction,AMY2A,1,0.9999787103087143
induction,GATM,3,0.9999552878397463
induction,AQP8,6,0.9998252955936651
ambient,RIDA,1,0.7564223941075916
ambient,AMY2A,1,0.9999735273159771
inplane,MYC,1,0.5166472674250577
inplane,EPCAM,1,0.9990340407350833
inplane,CXCL2,1,0.4341527225331452
inplane,GATM,1,0.9999182684418519
induction,AMY2A,1,0.9999705929096173
induction,GATM,1,0.9999373532737902
induction,AQP8,8,0.9997566916260541
induction,AMY2A,7,0.9999789859368645
induction,GATM,2,0.9999558824026036
induction,AQP8,1,0.9998275928168103
outplane,PTGDS,1,0.9263439343014772
outplane,FSTL3,1,0.9296120042228889
outplane,KLK11,1,0.9946230100835597
outplane,ARFGEF3,1,0.9069838442321354
outplane,AMY2A,3,0.999965255306171
outplane,GATM,1,0.9999488911011147
outplane,GCG,4,0.9976404341988429
induction,AMY2A,6,0.9999786421564997
induction,GATM,2,0.999955114943175
induction,AQP8,2,0.9998246687061338
inplane,MYLK,1,0.35939244817443694
inplane,CRISPLD2,1,0.42107825497470264
inplane,COL5A2,1,0.603183485396151
inplane,AMY2A,2,0.9999734255660698
inplane,C7,1,0.6538944636364128
inplane,AQP8,1,0.9997807098991528
induction,AMY2A,6,0.9999621498898558
induction,GATM,2,0.9999179413319975
induction,AQP8,2,0.9996836726560964
induction,AMY2A,2,0.9999664438460653
induction,GATM,3,0.9999278361868406
induction,AQP8,5,0.999720852220079
ambient,GATM,2,0.9998912772996688
induction,AMY2A,2,0.9999652974617291
induction,GATM,6,0.9999248569519986
induction,AQP8,2,0.9997101752041132
ambient,RIDA,1,0.6915005123581457
ambient,CFTR,1,0.999736430614565
inplane,CD14,1,0.5536613250766156
inplane,CFB,1,0.9448614433093974
inplane,CFTR,2,0.9997681091846196
outplane,STC1,1,0.0
outplane,AMY2A,4,0.9999492972178162
outplane,GATM,1,0.9998866006989172
outplane,AQP8,1,0.9995686995334169
outplane,MFAP5,1,0.273943908030823
outplane,AMY2A,1,0.9999768485551324
outplane,FXYD2,1,0.9577023882578165
outplane,GATM,1,0.9999512433376482
ambient,HAMP,1,0.7222941357027073
ambient,GATM,1,0.9999105370654474
inplane,CFTR,1,0.9997507744695676
inplane,TM4SF18,1,0.0
inplane,AMY2A,1,0.9999528073043112
inplane,GATM,1,0.9998959006945036
induction,AMY2A,5,0.9999662116628648
induction,GATM,3,0.9999273199019779
induction,AQP8,2,0.9997188833322623
induction,AMY2A,2,0.9999682757397345
induction,GATM,4,0.9999316579109353
induction,AQP8,4,0.9997358256156259
outplane,EPCAM,1,0.9992185002662409
outplane,AMY2A,2,0.9999605558454863
outplane,SCGN,1,0.9900407910242087
induction,AMY2A,2,0.9999705760623029
induction,GATM,2,0.9999345787798297
induction,AQP8,6,0.999746083294332
outplane,ANPEP,1,0.9996623421902543
outplane,AMY2A,3,0.9999763967218496
ambient,KLK11,1,0.9947627682068634
ambient,PEBP4,1,0.5883088911579947
outplane,EPCAM,1,0.9993065783586945
outplane,ANPEP,1,0.9995895989463253
outplane,CFTR,1,0.9998343133552617
outplane,GPC3,1,0.7234081934028678
inplane,FCGR1A,1,0.7223295075450217
inplane,PLD4,1,0.5501253022377388
inplane,CD247,1,0.575088396808042
inplane,AMY2A,2,0.9999698909097229
inplane,SPIB,1,0.7058191810855414
inplane,ACTG2,1,0.3615372663561929
inplane,EPCAM,1,0.9994561977992001
inplane,ANPEP,1,0.9997089399618504
inplane,AMY2A,1,0.999979486563238
inplane,GATM,1,0.9999569888509989
inplane,EPCAM,1,0.999582244378367
inplane,AMY2A,4,0.9999560109638078
inplane,GATM,1,0.9999030150434707
ambient,KLK11,1,0.9963116744657482
ambient,PEBP4,1,0.6242396717779126
ambient,FKBP11,1,0.9155133700406752
ambient,AMY2A,1,0.9999791222925805
ambient,DPEP1,1,0.9544929612745405
ambient,AQP8,1,0.9997372819314561
induction,AMY2A,5,0.9999720257955276
induction,GATM,2,0.9999404523518717
induction,AQP8,3,0.9997686495508318
inplane,IRF8,1,0.32115531663065044
inplane,MDM2,1,0.4964308987700241
inplane,CFTR,1,0.9998674162262992
inplane,AMY2A,4,0.9999776121836425
induction,AMY2A,4,0.9999751515783083
induction,GATM,1,0.9999475401855303
induction,AQP8,5,0.9997954758914972
induction,AMY2A,3,0.9999711573549974
induction,GATM,2,0.9999384599558873
induction,AQP8,5,0.9997611456859588
ambient,DPEP1,1,0.961832113749929
ambient,UMOD,1,0.8288359329742829
inplane,GYPA,1,0.2633994210313183
inplane,AMY2A,1,0.9999327504447149
inplane,CYP2B6,1,0.11795333654424056
inplane,GATM,1,0.9998475372578078
inplane,AQP8,1,0.9994212685155788
outplane,CFTR,1,0.9998799783401647
outplane,AMY2A,2,0.9999791019430394
outplane,GATM,2,0.9999560817584238
inplane,CFTR,1,0.9998620055032791
inplane,AMY2A,1,0.9999736069122391
inplane,FXYD2,2,0.9664943071820045
ambient,PROX1,1,0.8056580688324579
ambient,GATM,1,0.9999305716427233
inplane,PLAC9,1,0.22720026188638665
inplane,GATA2,1,0.0
inplane,DPT,1,0.9196841131769655
inplane,AMY2A,2,0.9999302393708291
inplane,C20orf85,1,0.2909917313201751
induction,AMY2A,3,0.9999748337888915
induction,GATM,4,0.999946888007996
induction,AQP8,3,0.9997929030928275
outplane,CFB,1,0.8278003687887452
outplane,C1orf162,1,0.6296977774679109
outplane,AMY2A,2,0.9999765455282306
outplane,PEBP4,1,0.6267131849749779
ambient,FKBP11,1,0.9470347474729089
ambient,HAMP,1,0.9089820299454768
outplane,CFB,1,0.8075655329335654
outplane,TMC5,1,0.9904439835616605
outplane,GDF15,1,0.9068939709788542
outplane,GATM,1,0.9999493094307065
outplane,KCNMA1,1,0.5417293817530093
outplane,MTRNR2L11,1,0.4492297504386129
outplane,AMY2A,1,0.9999803068565162
outplane,GATM,1,0.9999588187405609
outplane,DIRAS3,1,0.9369363455162563
induction,AMY2A,2,0.999966451210623
induction,GATM,6,0.9999278494664369
induction,AQP8,2,0.9997209077661264
inplane,CFB,1,0.8400738865514268
inplane,EHF,1,0.9985188405762984
inplane,AMY2A,1,0.9999769157008049
inplane,SPIB,1,0.6804165804764091
induction,AMY2A,3,0.999978885674087
induction,GATM,3,0.9999556359936786
induction,AQP8,4,0.9998266886254855
ambient,ANPEP,1,0.9996373356358117
ambient,KCNK3,1,0.9368091421233041
ambient,FKBP11,1,0.9068993865654307
ambient,CFTR,1,0.9998619611851082
ambient,DPEP1,1,0.9575391256629391
ambient,AQP8,1,0.9997167770392908
inplane,HAVCR2,1,0.717860356987523
inplane,AMY2A,1,0.9999793979136047
inplane,PROX1,1,0.8960796345187116
inplane,GATM,1,0.999956822840448
inplane,AQP8,1,0.9998311443806623
induction,AMY2A,3,0.9999763029643569
induction,GATM,4,0.9999502052522677
induction,AQP8,3,0.999805483051976
induction,AMY2A,1,0.9999544893184249
induction,GATM,4,0.999899624362504
induction,AQP8,3,0.9996159132916643
induction,AMY2A,2,0.9999695927966309
induction,GATM,5,0.9999350823215064
induction,AQP8,3,0.999748103261949
inplane,SMYD2,1,0.6961877895630324
inplane,AMY2A,3,0.99997379977046
inplane,GATM,1,0.9999444705432813
inplane,AMY2A,3,0.9999791201170108
inplane,GATM,1,0.999956215815894
ambient,ANPEP,1,0.9996699052013648
ambient,CPA3,1,0.7816376377661063
inplane,CD14,1,0.39411621689422394
inplane,FSTL3,1,0.7972945907655364
inplane,CFTR,1,0.9998653058442207
inplane,TM4SF18,1,0.0
induction,AMY2A,3,0.9999782072380907
induction,GATM,2,0.9999541100357633
induction,AQP8,5,0.9998208923487526
ambient,DPEP1,1,0.9641214503641039
ambient,CPA3,1,0.7502175179850215
outplane,AMY2A,2,0.9999785127807362
outplane,CXCL6,1,0.9987256154018965
outplane,GATM,1,0.999954826494723
outplane,THBS2,1,0.9958899004000028
outplane,PDGFRA,1,5.353939513952355e-11
outplane,SLC26A2,1,0.28444330947408136
outplane,ACTA2,1,5.95923310697799e-12
induction,AMY2A,1,0.9999765492670261
induction,GATM,4,0.9999505953359333
induction,AQP8,5,0.9998072149235837
outplane,MYC,2,0.5892877637608807
outplane,AMY2A,2,0.9999731673081
outplane,GATM,2,0.9999433532516309
inplane,VCAN,1,0.9988200261756406
inplane,CFB,1,0.8936839079828934
inplane,MNDA,1,0.43731341117166134
inplane,AIF1,1,0.7523408728051721
inplane,CFTR,1,0.9998757136865896
inplane,AMY2A,2,0.9999776715175691
inplane,AMY2A,3,0.9999810687629533
inplane,GATM,1,0.9999604924893505
ambient,CPA3,1,0.7567205299513134
ambient,KCNK3,1,0.9422890542983621
ambient,KLK11,1,0.9968601857254474
ambient,KCNK3,1,0.958945294019158
inplane,DST,1,0.5909240712907943
inplane,AMY2A,2,0.9999750246112771
inplane,GATM,2,0.9999470836088467
inplane,AMY2A,4,0.9999654543960066
inplane,BTNL9,1,0.0
outplane,FGL2,1,0.7099569654083667
outplane,MS4A6A,1,0.835138037041884
outplane,BAMBI,1,0.7754063391057381
outplane,AMY2A,2,0.9999798726862001
outplane,PROX1,1,0.9219628993242686
outplane,GATM,1,0.9999577906268456
ambient,CPA3,1,0.7619636495830362
ambient,COCH,1,0.6992520922647663
inplane,NTN4,1,0.7206757608139567
inplane,MEST,1,0.7854297364937789
inplane,IGSF6,1,0.5694078862613402
inplane,AMY2A,2,0.9999755115732684
induction,AMY2A,3,0.999976997720971
induction,GATM,1,0.9999512588624173
induction,AQP8,6,0.9998102643375283
induction,AMY2A,2,0.9999801538122423
induction,GATM,5,0.9999584015295575
induction,AQP8,3,0.9998373264225767
inplane,AMY2A,4,0.999978569379766
inplane,GATM,1,0.9999549712627498
inplane,AQP8,1,0.9998240924209745
ambient,RIDA,1,0.6029660036321223
ambient,CPA3,1,0.5945483003458909
outplane,TCIM,2,0.0
outplane,BCL2L11,1,0.2881720846610557
outplane,CFTR,1,0.9997808869981237
inplane,CFTR,1,0.9996509528116692
inplane,EHF,1,0.9976630844924751
inplane,AMY2A,1,0.9999316189484596
inplane,FXYD2,1,0.8563412640624694
inplane,INS,1,0.9974560557547179
induction,AMY2A,1,0.9999537695128708
induction,GATM,1,0.9998979813753753
induction,AQP8,6,0.9996097194789865
outplane,MYC,1,0.5523099064826144
outplane,AMY2A,3,0.9999728695046788
ambient,CPA3,1,0.7248088654156075
ambient,GATM,1,0.9999357039174446
induction,AMY2A,4,0.9999668197708671
induction,GATM,5,0.9999285846796386
induction,AQP8,1,0.9997238451423544
inplane,CFB,1,0.40758462032996523
inplane,MDM2,1,0.3626341724445452
inplane,CFTR,1,0.9996490712469899
inplane,GDF15,1,0.6919725470740365
inplane,AMY2A,1,0.9999439502422728
ambient,HAMP,1,0.5935260940823047
ambient,GATM,1,0.9998385297035427
inplane,MDM2,1,0.49759828982591314
inplane,AMY2A,3,0.9999415258335201
inplane,GATM,1,0.9998687168898277
inplane,DST,1,0.286943812920356
inplane,AMY2A,2,0.9999435730785174
inplane,KCNK3,1,0.8282313768504278
outplane,AMY2A,2,0.9999351435437496
outplane,FXYD2,1,0.7356793934176113
outplane,GATM,2,0.9998512753960573
outplane,FKBP11,1,0.9121611510814795
outplane,AMY2A,2,0.9999724005702433
outplane,GATM,1,0.9999414467643177
ambient,FKBP11,1,0.9061617705332634
ambient,AQP3,1,0.8283170447456816
outplane,TMC5,1,0.9836421361092187
outplane,PPARG,1,0.17987156227718437
outplane,CFTR,1,0.9995806922134198
outplane,CAVIN2,1,0.0
inplane,AMY2A,2,0.9999373317055078
inplane,CXCL2,1,0.21377952746661566
inplane,GATM,1,0.9998561112876465
outplane,MMRN2,1,0.0
outplane,SFRP4,1,0.9089763813935535
outplane,CFTR,1,0.9998727310396335
outplane,TM4SF18,1,0.0
outplane,AMY2A,1,0.9999785330006798
outplane,PECAM1,1,0.0
outplane,MDM2,1,0.4464392319388185
outplane,TFPI,1,0.0
outplane,AMY2A,2,0.9999772919427308
outplane,GATM,1,0.9999525141702248
inplane,MS4A6A,1,0.7779297082446529
inplane,FBN1,1,0.012184988728308532
inplane,AMY2A,2,0.9999800268764328
induction,AMY2A,4,0.9999809925700943
induction,GATM,3,0.9999602463222237
induction,AQP8,3,0.9998443984506895
ambient,UMOD,1,0.838766693022923
ambient,AQP3,1,0.7995725896210308
induction,AMY2A,4,0.9999804367698834
induction,GATM,4,0.9999590547011352
induction,AQP8,2,0.9998397824611953
inplane,CFB,1,0.8003607789002571
inplane,EDN1,1,0.16784521909948746
inplane,EPCAM,1,0.9993232583694963
inplane,CFTR,2,0.9998776954031493
inplane,GATM,1,0.9999575947306073
ambient,DIRAS3,1,0.953831130129214
ambient,GLYATL1,1,0.6522261249256666
ambient,FKBP11,1,0.9457169509023494
ambient,GATM,1,0.9999598324721914
induction,AMY2A,5,0.9999807187385455
induction,GATM,4,0.9999596695046542
induction,AQP8,1,0.99984214768148
ambient,FKBP11,1,0.8979631585670677
ambient,RIDA,1,0.7657536859024561
outplane,SFTA2,1,0.2972637322802203
outplane,FBN1,1,0.2724084998948826
outplane,EPCAM,1,0.9994672159139578
outplane,TENT5C,1,0.9976220263813834
outplane,GATM,1,0.9999580614425342
ambient,KLK11,1,0.9964132597386709
ambient,AQP8,1,0.9998092088834895
inplane,VSIG4,1,8.423983732797069e-11
inplane,PTPRC,1,0.9953666732666556
inplane,KCNMA1,1,0.45516494613461045
inplane,PPARG,1,0.04572345052016602
inplane,PRDM1,1,0.05485288106479125
inplane,ACTA2,1,2.8373969840345126e-12
inplane,TCIM,1,0.0
inplane,CRISPLD2,1,3.845812557301542e-12
inplane,AMY2A,1,0.9999770858740946
inplane,GATM,1,0.9999518340442709
outplane,AMY2A,3,0.9999765913563062
outplane,SOX17,1,0.0
ambient,FKBP11,1,0.9505099815609865
ambient,RIDA,1,0.8782951791801039
ambient,CFTR,1,0.9998170230487715
ambient,UMOD,1,0.8366207464311407
outplane,AMY2A,1,0.9999804989651419
outplane,PROX1,1,0.9383346405313974
outplane,GATM,2,0.9999591330530587
outplane,AQP8,1,0.9998401735707428
outplane,DST,1,0.4612620556982232
outplane,PPP1R1B,1,0.9645561459384621
outplane,EPCAM,1,0.9993401191899799
outplane,KRT7,1,0.9866289668728291
outplane,AMY2A,1,0.9999802910461505
ambient,DPEP1,1,0.9682912585167466
ambient,PROX1,1,0.8401282961650329
induction,AMY2A,3,0.9999774671572876
induction,GATM,4,0.9999525347432954
induction,AQP8,3,0.9998147724672801
ambient,GATM,1,0.9999563774095558
ambient,DIRAS3,1,0.9711324919435248
induction,AMY2A,3,0.9999819801954041
induction,GATM,5,0.9999623201094922
induction,AQP8,2,0.9998525012435355
inplane,CTSK,1,0.022772119887950137
inplane,CFB,1,0.8518426567410793
inplane,CFTR,1,0.9998863414247148
inplane,AMY2A,2,0.9999807914805009
inplane,FXYD2,1,0.9691971955775006
outplane,GLIPR1,1,0.5179266327885312
outplane,TMC5,1,0.9958657454860166
outplane,CFTR,1,0.9998506770862158
outplane,GDF15,1,0.9171535580053798
outplane,CD163,1,0.99506694364928
outplane,AMY2A,2,0.9999797191836003
outplane,AQP8,1,0.9998337073377682
outplane,CAVIN1,1,0.04251193313829704
outplane,FBN1,1,0.014944587299564493
outplane,AMY2A,3,0.9999798842302137
induction,AMY2A,1,0.9999808214165231
induction,GATM,6,0.9999598238600662
induction,AQP8,3,0.9998428503364133
outplane,AMY2A,5,0.999977475677499
inplane,PMP22,1,0.2004222288550177
inplane,PECAM1,1,0.0
inplane,PLAC9,1,0.23573114597461065
inplane,EPCAM,1,0.9993846678139373
inplane,GEM,1,0.3095743211286123
inplane,AMY2A,1,0.999979045112504
inplane,SOX17,1,0.0
ambient,ANPEP,1,0.9996858419744212
ambient,KCNK3,1,0.980610449529313
outplane,AMY2A,5,0.9999777868734763
outplane,AQP8,2,0.9998173766821911
inplane,AMY2A,3,0.9999731103453161
inplane,GATM,1,0.9999428553913602
ambient,DPEP1,1,0.9795312598936383
ambient,ANPEP,1,0.9997248031963317
induction,AMY2A,3,0.9999801745125455
induction,GATM,5,0.9999585245813425
induction,AQP8,2,0.9998376777801922
outplane,AMY2A,4,0.9999787550374205
outplane,GATM,1,0.999955333469955
ambient,KLK11,1,0.9958292124099954
ambient,GATM,1,0.9999428647197545
induction,AMY2A,2,0.9999753455346778
induction,GATM,6,0.999947769986727
induction,AQP8,2,0.9997966656300737
inplane,VCAN,1,0.9997281717229298
inplane,MYLK,1,0.6973775129822901
inplane,AMY2A,2,0.9999348482399922
inplane,GATM,1,0.9998503758481209
inplane,ANPEP,1,0.998929161905589
inplane,AMY2A,3,0.9999338022224179
inplane,GATM,1,0.9998479216823883
inplane,C15orf48,2,0.9956353400436572
inplane,CPA3,1,0.857187295181056
inplane,GATM,1,0.9999591053562533
inplane,TBX3,1,0.08003752594766322
inplane,PLIN4,1,0.5059166907590759
inplane,CD79A,1,0.9630104104127497
inplane,AMY2A,3,0.9999778634194508
inplane,CFAP53,1,0.7739115537049578
ambient,AMY2A,1,0.9999763996449406
ambient,KCNK3,1,0.966108297316099
induction,AMY2A,4,0.9999722071966225
induction,GATM,3,0.9999407156241826
induction,AQP8,3,0.9997698733268126
outplane,MS4A4A,1,0.8794951933225579
outplane,ANPEP,1,0.9996163574226599
outplane,AMY2A,1,0.9999729478023879
outplane,GATM,1,0.9999423094076327
outplane,CAVIN1,1,0.05516467625871824
outplane,LILRB2,1,0.2438134837495637
outplane,MDM2,1,0.6000198302018687
outplane,CFTR,1,0.9998833597592995
outplane,AMY2A,2,0.9999800395087429
outplane,GATM,1,0.9999582250457751
outplane,FKBP11,1,0.9441364803357458
outplane,CFTR,1,0.9998570861905642
outplane,AMY2A,1,0.9999716720303826
outplane,GATM,1,0.9999395543074395
outplane,KCNMA1,1,0.49534266572213226
outplane,AMY2A,3,0.9999761193630953
outplane,AQP8,1,0.9998032832394491
ambient,ANPEP,1,0.9995940069877209
ambient,CA4,1,0.7248335745274069
outplane,CFTR,1,0.9997794309665246
outplane,AMY2A,3,0.9999589248842925
outplane,GATM,1,0.9999073555045108
induction,AMY2A,5,0.9999622131471251
induction,GATM,3,0.9999181504208745
induction,AQP8,2,0.9996843605866742
ambient,CFTR,1,0.9998724290535074
ambient,AQP3,1,0.8908667723660659
induction,AMY2A,3,0.9999529459956379
induction,GATM,3,0.9998961507888765
induction,AQP8,2,0.9996027405027955
ambient,DPEP1,1,0.9111065609538844
ambient,GLYATL1,1,0.3364653281574417
induction,AMY2A,2,0.9999391204218647
induction,GATM,1,0.9998604699214205
induction,AQP8,1,0.9994749801070315
outplane,PDGFRA,1,0.8667793627660465
outplane,CFB,1,0.8126662738137469
outplane,PPP1R1B,1,0.9246350277417745
outplane,GATM,1,0.999841690256619
induction,AMY2A,2,0.9999474312067416
induction,GATM,4,0.999881884171187
outplane,NTN4,1,0.568044713086596
outplane,CFB,1,0.8170494679453484
outplane,TMC5,1,0.9957913312245443
outplane,CNN1,1,0.9939049789683162
outplane,IL1RL1,1,0.41438819268594274
inplane,PECAM1,1,0.0
inplane,AMY2A,3,0.9999613238776778
induction,AMY2A,4,0.9999636971900072
induction,GATM,2,0.9999212783607689
induction,AQP8,4,0.9996965621157065
outplane,CFB,1,0.8267542635641049
outplane,FKBP11,1,0.8816200835441748
outplane,KLRD1,1,0.16775300665872106
outplane,AMY2A,1,0.9999740358093436
induction,AMY2A,2,0.9999712792601073
induction,GATM,3,0.9999386991121371
induction,AQP8,5,0.9997621080057645
induction,AMY2A,6,0.9999716156237682
induction,GATM,4,0.9999394132719776
induction,AMY2A,2,0.9999790555524543
induction,GATM,6,0.9999559773686596
induction,AQP8,2,0.999828047445512
induction,AMY2A,2,0.9999740613687897
induction,GATM,4,0.9999452288314193
induction,AQP8,4,0.9997864820554442
outplane,MS4A6A,1,0.7100344649658603
outplane,FAS,1,0.2175775443376301
outplane,MALL,1,0.016341740402114446
outplane,AMY2A,1,0.9999722290665931
outplane,AMY2A,1,0.9999692360024797
outplane,GATM,2,0.9999343270034311
outplane,AQP8,1,0.9997451625418999
outplane,PGR,1,0.3654007098446794
outplane,ADGRL4,1,0.0
outplane,CFB,1,0.7934312282923579
outplane,THAP2,1,0.3742605386569051
outplane,AMY2A,2,0.9999658510743877
outplane,GATM,1,0.9999265819624252
outplane,PECAM1,2,0.0
outplane,CFTR,2,0.9997460743202007
outplane,TFPI,1,0.0
outplane,AMY2A,3,0.9999463825576961
induction,AMY2A,3,0.9999742628313416
induction,GATM,4,0.9999453849835716
induction,AQP8,3,0.9997875315847177
outplane,NTN4,1,0.644890907121101
outplane,MDM2,1,0.554461917317906
outplane,AMY2A,2,0.9999373042425272
outplane,GATM,1,0.9998496553110754
induction,AMY2A,3,0.9999687757044553
induction,GATM,4,0.9999328438714052
induction,AQP8,3,0.9997392746786028
ambient,AMY2A,1,0.9999667588624427
ambient,DIRAS3,1,0.8954473727877172
outplane,ACTG2,1,0.33895802421917165
outplane,MYC,1,0.6811800975400464
outplane,CFTR,2,0.9998831273073628
outplane,AMY2A,1,0.9999799620020964
induction,AMY2A,4,0.9999795983235567
induction,GATM,2,0.9999572452683659
induction,AQP8,4,0.9998327922356353
ambient,ANPEP,1,0.9996569840700701
ambient,AQP8,1,0.999801032640515
induction,AMY2A,6,0.9999655908655664
induction,GATM,3,0.9999254883174251
induction,AQP8,1,0.9997126162881717
outplane,EPCAM,1,0.9995168180909983
outplane,AMY2A,2,0.999955249516019
outplane,GATM,1,0.9999014731997409
induction,AMY2A,4,0.9999648970117236
induction,GATM,1,0.9999236537401232
induction,AQP8,5,0.9997060878074677
outplane,NTN4,1,0.485064334096458
outplane,CFTR,1,0.9997683459825554
outplane,AMY2A,1,0.9999622325406353
outplane,FXYD2,2,0.8812530915664697
inplane,AMY2A,3,0.9999690061966588
inplane,C7,1,0.6474705410788527
inplane,GATM,1,0.9999339804482307
inplane,FKBP11,1,0.9535513904178575
inplane,AMY2A,4,0.9999806033430692
inplane,KCNK3,1,0.9762884602437275
inplane,GATM,2,0.9999591787844339
induction,AMY2A,6,0.9999780820222931
induction,GATM,2,0.9999538751990295
induction,AQP8,2,0.9998199288704118
inplane,DST,1,0.7945251295844419
inplane,CFTR,1,0.9997106267268873
inplane,CA4,1,0.8429941627250002
inplane,AMY2A,2,0.9999529034364336
inplane,SMYD2,1,0.49496914780792034
inplane,CFTR,1,0.9996515037965757
inplane,GATM,2,0.9998687367198485
ambient,KCNK3,1,0.9398046199641574
ambient,GATM,1,0.999925981525498
induction,AMY2A,5,0.9999639288290478
induction,GATM,2,0.9999220268471449
induction,AQP8,3,0.999699043663771
inplane,FSTL3,1,0.8134036499354087
inplane,PPP1R1B,1,0.9303405662982749
inplane,SLC4A1,1,0.08982092814161136
inplane,FXYD2,1,0.9096208404928647
inplane,CLCA1,1,0.2008958290563272
inplane,GPX2,1,0.9956906035477723
ambient,CA4,1,0.7960189674961909
ambient,CPA3,1,0.7779116021635828
ambient,FKBP11,2,0.9088488058454518
outplane,FGL2,1,0.6575466812734252
outplane,CD14,1,0.7347564943418934
outplane,TCIM,1,0.0
outplane,KCNMA1,1,0.5186665646501694
inplane,FAS,1,0.24319397019746336
inplane,AMY2A,1,0.9999694425177313
inplane,GATM,2,0.999934773603793
inplane,PDGFRA,1,0.20917816857333338
inplane,MYC,1,0.4057435112168062
inplane,AMY2A,3,0.9999533788844527
induction,AMY2A,1,0.9999406792460915
induction,GATM,3,0.999851956590415
ambient,FKBP11,1,0.7604660527241913
ambient,DIRAS3,1,0.8366269676744335
inplane,AMY2A,4,0.9999635975100715
inplane,EDNRB,1,0.0
inplane,GATM,1,0.9999212940396642
inplane,CFTR,2,0.9998420716517704
inplane,AMY2A,1,0.999973274008583
inplane,PROX1,1,0.85680461050704
outplane,AMY2A,3,0.9999751538291798
outplane,AQP8,1,0.9997952362908561
induction,AMY2A,2,0.9999779717234527
induction,GATM,7,0.9999537483342532
induction,AQP8,1,0.999819262120734
ambient,RIDA,1,0.7442640942727599
ambient,CFTR,1,0.9998766481888797
induction,AMY2A,3,0.9999768581593376
induction,GATM,4,0.9999511979303567
induction,AQP8,3,0.9998096446455015
inplane,EPCAM,2,0.9995504782266117
inplane,PPP1R1A,1,0.9702608901496035
inplane,CFTR,1,0.9998419238911378
inplane,GATM,1,0.9999340928370211
ambient,COCH,1,0.7638667582783207
ambient,PEBP4,1,0.6929911924257376
inplane,AMY2A,4,0.999976892990288
inplane,GATM,1,0.9999512686540586
induction,AMY2A,5,0.9999804829654462
induction,GATM,4,0.9999591498758842
induction,AQP8,1,0.9998401572933795
ambient,CFTR,1,0.9998907273706223
ambient,COCH,1,0.8916650641132516
outplane,MCF2L,1,0.0
outplane,CFTR,1,0.9998842918148675
outplane,EHF,2,0.9987671438326836
outplane,AMY2A,2,0.9999797691727451
induction,AMY2A,6,0.9999757053590246
induction,GATM,1,0.9999487173243689
induction,AQP8,3,0.9998000513842502
induction,AMY2A,7,0.9999744122822768
induction,GATM,3,0.9999461186282965
ambient,CFTR,1,0.9998820498923942
ambient,AQP8,1,0.9998401132306679
outplane,CAVIN1,1,0.16201237682060887
outplane,NPDC1,1,0.0
outplane,AMY2A,3,0.9999785269790333
inplane,ANPEP,1,0.9996433557294516
inplane,AMY2A,2,0.9999744355019075
inplane,GATM,1,0.9999456099369318
inplane,AQP8,1,0.9997886380786848
inplane,AMY2A,3,0.9999753178357886
inplane,FOXP3,1,0.6892716350761496
inplane,GPC3,1,0.7661513528161108
ambient,CFTR,1,0.9998566296751535
ambient,PEBP4,1,0.623472383129154
outplane,CFB,1,0.9380499976976507
outplane,MYC,1,0.8182052904885752
outplane,ANPEP,1,0.9997015039038145
outplane,GATM,1,0.9999555061109893
induction,AMY2A,5,0.9999767221609323
induction,GATM,1,0.9999510630332976
induction,AQP8,4,0.9998088710199581
inplane,CFTR,1,0.9998737943494369
inplane,AMY2A,2,0.9999786940371016
inplane,GATM,1,0.9999552734372024
inplane,GNG11,1,0.0
inplane,CFTR,1,0.9998788563272843
inplane,AMY2A,1,0.9999795231856528
inplane,GPX2,1,0.9896989211132157
outplane,NTN4,1,0.7507667595980831
outplane,ACTG2,1,0.3195602072948269
outplane,ARFGEF3,1,0.8128344282798696
outplane,AMY2A,2,0.999980208014874
outplane,GATM,1,0.9999585541133745
ambient,PROX1,1,0.9159111656561406
ambient,PEBP4,1,0.7663266161694463
ambient,HAMP,1,0.9135092682618732
ambient,AQP8,1,0.999843927449972
induction,AMY2A,3,0.9999810447025881
induction,GATM,4,0.999960313287001
induction,AQP8,3,0.9998447291596195
induction,AMY2A,4,0.9999787969941397
induction,GATM,4,0.999955418441929
induction,AQP8,2,0.9998258898257852
inplane,MDM2,1,0.5084064932061358
inplane,AMY2A,2,0.9999772702256061
inplane,GATM,1,0.9999522095424968
ambient,CPA3,1,0.6560226556696869
ambient,DIRAS3,1,0.8468535637468776
inplane,MCF2L,1,0.0
inplane,CD300E,1,0.20420992991548015
inplane,AMY2A,1,0.9999797970982717
inplane,GATM,1,0.9999576635367234
outplane,NTN4,1,0.40382817961681206
outplane,CFTR,1,0.9995913520862175
outplane,AMY2A,1,0.9999347740050505
outplane,GATM,1,0.9998537472601451
induction,AMY2A,4,0.9999692372247787
induction,GATM,3,0.9999338862425297
induction,AQP8,3,0.9997441805360758
outplane,AMY2A,4,0.999965515943091
inplane,AMY2A,3,0.9999658512967141
inplane,AQP8,1,0.9997155099034981
inplane,AMY2A,2,0.9999769457638574
inplane,GATM,2,0.999951430907407
inplane,CFTR,2,0.9997539169900524
inplane,AMY2A,2,0.9999599819901162
inplane,GATM,1,0.9999129548868725
outplane,AMY2A,3,0.9999727078194144
outplane,GATM,1,0.9999420337079605
induction,AMY2A,1,0.9999805583532408
induction,GATM,7,0.9999592618806881
induction,AQP8,2,0.9998406702079425
ambient,KLK11,1,0.9967648868395457
ambient,CPA3,1,0.8377639040351837
outplane,CFTR,2,0.9998252919101722
outplane,AMY2A,2,0.9999660699120763
induction,AMY2A,5,0.9999771189580087
induction,GATM,2,0.9999518317918534
induction,AQP8,3,0.9998119798855177
inplane,VCAN,1,0.9993854947344167
inplane,PRDM1,1,0.20448040651508592
inplane,TM4SF18,1,0.0
inplane,AQP8,1,0.9998009152473946
ambient,ANPEP,1,0.9997182400836148
ambient,CA4,1,0.8246283907498593
inplane,COL5A2,1,3.401390280544092e-12
inplane,RIDA,1,0.8356920523987005
inplane,AMY2A,2,0.9999805734834043
induction,AMY2A,5,0.9999820376058888
induction,GATM,2,0.9999624852117335
induction,AQP8,3,0.9998530740592256
ambient,AMY2A,1,0.999978142980046
ambient,KCNK3,1,0.9707212646074639
induction,AMY2A,3,0.9999807501324299
induction,GATM,2,0.9999596871322528
induction,AQP8,5,0.999842295044092
inplane,NTN4,1,0.7181137251732221
inplane,CFB,1,0.8717212138252701
inplane,CFTR,1,0.9998351544372227
inplane,AMY2A,2,0.9999686048623039
inplane,MAMDC2,1,0.38886716574390623
inplane,AMY2A,2,0.9999788668430569
inplane,AQP8,2,0.9998265740119731
inplane,TCIM,1,0.0
inplane,MDM2,1,0.5707096048607754
inplane,AMY2A,2,0.9999782459428983
induction,AMY2A,3,0.999980835971591
induction,GATM,4,0.9999598640314676
induction,AQP8,3,0.9998429916623667
outplane,AMY2A,2,0.9999772223043258
outplane,PROX1,1,0.8685522123454434
outplane,GATM,1,0.9999520377392701
ambient,RIDA,1,0.7607958180223104
ambient,ANPEP,1,0.999642840067151
outplane,TENT5C,1,0.996932669899447
outplane,AMY2A,2,0.9999736651597882
outplane,AQP8,1,0.9997827209381183
induction,AMY2A,3,0.9999483218983484
induction,GATM,3,0.999883997421492
ambient,AMY2A,1,0.9999541924921563
ambient,PROX1,1,0.6884964301824799
ambient,CFTR,1,0.9996109244295602
ambient,DIRAS3,1,0.6581493974855697
induction,AMY2A,1,0.9999482765930893
induction,GATM,3,0.9998842692365891
induction,AQP8,2,0.9995599155489797
inplane,DST,1,0.4190270928502806
inplane,CFTR,1,0.999732014346079
inplane,PROX1,1,0.6125754544262558
inplane,GATM,1,0.9998733693680457
ambient,DPEP1,1,0.8567822843027435
ambient,KCNK3,1,0.7952087612981453
induction,AMY2A,2,0.9999459720677527
induction,GATM,2,0.9998789416474296
induction,AQP8,2,0.9995399461207312
induction,AMY2A,3,0.9999349049987271
induction,AQP8,1,0.9994379110901994
induction,AMY2A,1,0.9999281281373115
induction,GATM,1,0.9998350004288323
induction,AQP8,2,0.999379648280095
ambient,PROX1,1,0.8164082856150193
ambient,AQP8,1,0.9996974751069667
outplane,EPCAM,1,0.9991219888614853
outplane,AMY2A,2,0.9999446865647483
outplane,AQP8,1,0.9995284267123372
outplane,NTN4,1,0.41664879920442965
outplane,ALDH1A3,2,0.41388428803066113
outplane,CFTR,1,0.9996289317937499
outplane,EGFR,1,0.5992777539136845
inplane,CFTR,1,0.9997505812838516
inplane,AMY2A,3,0.9999339759787698
inplane,GATM,1,0.9998487976260787
ambient,CA4,1,0.7058460877338445
ambient,DIRAS3,1,0.8675244484067813
outplane,AMY2A,2,0.9999550417777471
outplane,GATM,2,0.9999026746506898
induction,AMY2A,2,0.9999687909355716
induction,GATM,3,0.9999327290488887
induction,AQP8,5,0.9997400286520903
induction,AMY2A,1,0.9999766443080607
induction,GATM,5,0.9999509242969008
induction,AQP8,4,0.9998082885802402
induction,AMY2A,3,0.9999540116461944
induction,GATM,2,0.9998983625762602
induction,AQP8,3,0.9996114291821249
inplane,CD4,1,0.34491850566549986
inplane,LIF,1,0.9865959956036972
inplane,AMY2A,3,0.9999749468876452
ambient,CFTR,1,0.9998764648636537
ambient,AQP8,1,0.999832536635033
ambient,COCH,1,0.5617903178804555
ambient,PEBP4,1,0.4251121301425034
outplane,AMY2A,3,0.9999630156708342
outplane,GATM,1,0.9999198758818731
inplane,AMY2A,3,0.9999768502320815
inplane,GATM,1,0.9999513185558803
inplane,AQP8,1,0.9998098912335748
inplane,MYC,1,0.7302409712894664
inplane,AMY2A,3,0.9999757305528292
outplane,ADGRL4,1,0.0
outplane,CD34,1,0.0
outplane,LILRB2,1,0.2976345310778895
outplane,SNCG,1,0.03968482455069178
outplane,AMY2A,3,0.9999595076269895
outplane,KCNK3,1,0.9041715365830842
inplane,CD3D,1,0.18503672460969844
inplane,PPP1R1B,1,0.9418407327128244
inplane,AMY2A,2,0.9999777700211475
outplane,RIDA,1,0.8922749846227298
outplane,AMY2A,2,0.9999778220564807
outplane,AQP8,2,0.9998177366654654
induction,AMY2A,4,0.999971703473117
induction,GATM,3,0.9999392576779093
induction,AQP8,3,0.9997648444317372
ambient,RIDA,1,0.8871001675830025
ambient,KCNK3,1,0.9740551156659545
ambient,COCH,1,0.3443203919236242
ambient,PROX1,1,0.47884077939149006
ambient,FKBP11,1,0.9485730519781035
ambient,RIDA,1,0.8789764292411852
inplane,AMY2A,2,0.9999756836640293
inplane,GCG,2,0.9974623739920471
inplane,GNG11,1,0.0
inplane,AMY2A,2,0.9999769816650536
inplane,FXYD2,1,0.9657455898183603
ambient,FKBP11,1,0.8826631208041916
ambient,AQP8,1,0.9997040173726004
induction,AMY2A,5,0.9999642952693273
induction,GATM,4,0.9999232685401528
induction,AQP8,1,0.9997031009473859
ambient,DIRAS3,1,0.8671588746960677
ambient,PEBP4,1,0.4671265673837456
outplane,CFTR,1,0.999707275539134
outplane,AMY2A,3,0.999945785247219
outplane,GATM,1,0.9998761226647827
induction,AMY2A,3,0.9999744277020375
induction,GATM,3,0.9999459673969066
induction,AQP8,4,0.9997894178911203
induction,AMY2A,5,0.9999682880010317
induction,GATM,1,0.9999313287893814
induction,AQP8,4,0.9997351377197071
outplane,EGFR,2,0.7954298619766316
outplane,GATM,2,0.99993460654206
outplane,AQP8,1,0.999746203957314
induction,AMY2A,2,0.9999785708614551
induction,GATM,5,0.9999549575851653
induction,AQP8,3,0.9998240663976826
outplane,MET,1,0.09161159981492861
outplane,AMY2A,2,0.9999450813116086
outplane,GATM,1,0.999876732407373
inplane,TCIM,1,0.0
inplane,SMYD2,1,0.7129306326249478
inplane,ANPEP,1,0.9995877864615317
inplane,LPL,1,0.22764641130751473
inplane,CFAP53,1,0.6911242302470215
ambient,KLK11,1,0.9944017241715798
ambient,GLYATL1,1,0.3894030096623984
outplane,CFTR,1,0.9998720319738087
outplane,EHF,1,0.9984662131964758
outplane,AMY2A,2,0.9999783966642747
ambient,CFTR,1,0.9997988492438189
ambient,HAMP,1,0.8960471538398584
outplane,CRISPLD2,1,0.1788802678125173
outplane,MDM2,1,0.5191173792315124
outplane,AMY2A,2,0.9999799775773193
outplane,NTN4,1,0.6653415854610487
outplane,CFB,2,0.8286901476112868
outplane,CFTR,1,0.9998045298481537
outplane,ADAM28,1,0.7527474537470582
induction,AMY2A,2,0.9999659258975683
induction,GATM,5,0.9999266511949735
induction,AQP8,3,0.9997163859321893
outplane,TENT5C,1,0.9974229745172742
outplane,AMY2A,4,0.9999786354074135
ambient,UMOD,1,0.7549622388031391
ambient,KCNK3,1,0.9087694782118442
ambient,PROX1,1,0.9293859916501821
ambient,DIRAS3,1,0.9600065914322916
inplane,CFTR,1,0.9998357513718346
inplane,GATA2,1,0.0
inplane,AMY2A,2,0.999971529157487
inplane,ANPEP,1,0.9991702296127908
inplane,AMY2A,1,0.999947005059807
inplane,FXYD2,1,0.8266418408312697
inplane,CYP4B1,1,0.0
inplane,ACE2,1,0.03300534542340028
induction,AMY2A,2,0.9999801429292691
induction,GATM,3,0.9999583961145316
induction,AQP8,5,0.9998372768839779
ambient,UMOD,1,0.7077938576090018
ambient,KLK11,1,0.9931986013039172
ambient,CFTR,1,0.9998798559817289
ambient,GLYATL1,1,0.5763486576570247
outplane,AMY2A,2,0.9999737068197826
outplane,GATM,1,0.999944205813895
outplane,DIRAS3,1,0.9265517707557401
inplane,MMRN2,1,0.0
inplane,TMC5,1,0.9969249362652903
inplane,EPCAM,1,0.9995294189944893
inplane,MET,1,0.3802440584753827
inplane,FXYD2,1,0.9517677199965664
outplane,PPP1R1A,1,0.9726146207326989
outplane,AMY2A,4,0.9999767957344142
induction,AMY2A,3,0.999981604327441
induction,GATM,2,0.9999615430722353
induction,AQP8,5,0.9998494453518358
inplane,AMY2A,4,0.9999793292521986
inplane,GATM,1,0.9999564861742252
induction,AMY2A,4,0.9999791911546274
induction,GATM,1,0.999956294279775
induction,AQP8,5,0.9998292331164134
ambient,CPA3,1,0.7947129776250976
ambient,PROX1,1,0.8618976284984228
induction,AMY2A,4,0.9999642103842021
induction,GATM,2,0.9999225557428173
induction,AQP8,4,0.9997012152937633
outplane,FBLN1,1,0.644572234413541
outplane,CAVIN1,1,0.092919728325212
outplane,CLEC4E,1,0.23573312947216263
outplane,CFTR,1,0.999877302373623
outplane,CXCL6,1,0.996414096735083
inplane,CD247,1,0.18795730874957517
inplane,AMY2A,2,0.9999802999798848
inplane,MCEMP1,1,0.11688443562249018
inplane,GATM,1,0.9999587689947459
outplane,DST,1,0.47179765914124705
outplane,MYC,1,0.7424771670889518
outplane,KIT,1,0.2143124268384452
outplane,AMY2A,3,0.9999808506925776
ambient,UMOD,1,0.8779510284411397
ambient,PEBP4,1,0.675100904726112
outplane,PMP22,1,0.31848685789954134
outplane,BCL2L11,1,0.30535946668660396
outplane,CFTR,1,0.9998017911398448
outplane,AMY2A,2,0.9999612116992975
inplane,KRT7,1,0.9931845231665039
inplane,AMY2A,2,0.999944838428525
inplane,HMGCS2,1,0.45146790526640246
inplane,GATM,1,0.9998761130073102
outplane,AMY2A,3,0.9999544371029481
outplane,HAMP,1,0.7377905785315115
ambient,DPEP1,1,0.9478408208493984
ambient,UMOD,1,0.8022429768836552
ambient,KLK11,1,0.9944364090408963
ambient,HAMP,1,0.8538930469225565
ambient,DPEP1,1,0.9709875783181677
ambient,CA4,1,0.8001485143696547
outplane,NTN4,1,0.8590749868179045
outplane,CNN1,1,0.9916991574396673
outplane,ANPEP,1,0.9997208162636847
outplane,CFTR,1,0.9998872642845049
outplane,AMY2A,1,0.9999801867662355
induction,AMY2A,3,0.9999762256462899
induction,GATM,4,0.9999498307391045
induction,AQP8,3,0.9998043671067668
inplane,MYC,1,0.6219706505293616
inplane,EPCAM,1,0.9993571192470732
inplane,AMY2A,1,0.999977797335967
inplane,GATM,1,0.9999533183092765
induction,AMY2A,2,0.9999750280915083
induction,GATM,4,0.999947340889355
induction,AQP8,4,0.9997945988286698
induction,AMY2A,4,0.9999770311284589
induction,GATM,3,0.9999516407137218
induction,AQP8,3,0.9998112442343299
outplane,AMY2A,3,0.9999732310077201
outplane,GATM,2,0.9999421949099189
induction,AMY2A,4,0.9999780025558499
induction,GATM,4,0.9999536392895375
induction,AQP8,2,0.9998191201920341
outplane,ANPEP,1,0.999657335908962
outplane,KLK11,1,0.9963250536517777
outplane,AMY2A,3,0.9999761023837305
outplane,GATM,2,0.9999495014412632
inplane,STC2,2,0.0
inplane,AMY2A,1,0.9999736183308221
inplane,AQP8,1,0.9997821659174665
ambient,PROX1,1,0.9115040311817312
ambient,DIRAS3,1,0.9525235073194286
induction,AMY2A,2,0.9999797607827549
induction,GATM,2,0.9999575630188646
induction,AQP8,6,0.9998340717923851
induction,AMY2A,5,0.9999665371185238
induction,GATM,3,0.9999276592995174
induction,AQP8,2,0.9997207880482825
induction,AMY2A,3,0.999977404054064
induction,GATM,3,0.9999524629881802
induction,AQP8,4,0.9998143927216376
ambient,CFTR,1,0.9998280325766524
ambient,PEBP4,1,0.6258783305701996
ambient,UMOD,1,0.8945741152079693
ambient,GATM,1,0.9999547546426862
ambient,ANPEP,1,0.9996786185437101
ambient,CA4,1,0.9415352747427603
ambient,FKBP11,1,0.9486444693977868
ambient,UMOD,1,0.9146440039461584
induction,AMY2A,2,0.9999797982139942
induction,GATM,2,0.9999576791016374
induction,AQP8,6,0.9998344643223722
ambient,ANPEP,1,0.9996881720669842
ambient,GLYATL1,1,0.5089420083826115
ambient,RIDA,1,0.8308261070157364
ambient,PROX1,1,0.8704770197593326
induction,AMY2A,2,0.9999773759489781
induction,GATM,5,0.9999523461025095
induction,AQP8,3,0.9998140307342179
outplane,FKBP11,1,0.9367034780972583
outplane,AMY2A,3,0.9999745314838216
induction,AMY2A,2,0.9999797975351093
induction,GATM,3,0.9999575788774115
induction,AQP8,5,0.9998342336993442
inplane,ASPN,1,0.3064298943087519
inplane,DST,1,0.4284286558584558
inplane,RGS16,1,0.3391423883969522
inplane,EHF,1,0.9974266588115939
inplane,AMY2A,1,0.9999654981884597
ambient,RIDA,1,0.8341184277839757
ambient,HAMP,1,0.8819689898220673
outplane,BCL2L11,1,0.2930015366420462
outplane,MYC,1,0.6083648926824805
outplane,CFTR,1,0.9998684756462125
outplane,AMY2A,2,0.999976916503702
inplane,PCNA,1,0.3361752495978626
inplane,CFB,2,0.822763968435172
inplane,FBN1,1,9.450218385609332e-13
inplane,ACTG2,1,0.28575634608323075
outplane,MDM2,1,0.5293899630645865
outplane,AMY2A,2,0.9999780821062512
outplane,GATM,2,0.9999539346805589
outplane,CFTR,1,0.99988365102211
outplane,SNCA,1,0.12072100036880884
outplane,ERBB2,1,0.8560642763202712
outplane,CHGA,1,0.9693731276719679
induction,AMY2A,1,0.9999795561918123
induction,GATM,4,0.999957120395489
induction,AQP8,5,0.9998323636280247
ambient,DPEP1,1,0.9621668199176134
ambient,ANPEP,1,0.9996429129819037
outplane,PMP22,1,0.16511271167791797
outplane,CFTR,1,0.9998748457856762
outplane,ADAMTS1,1,0.01011270615571458
outplane,AMY2A,1,0.9999793051540106
outplane,GATM,1,0.9999566090383213
ambient,CFTR,1,0.9998327595260383
ambient,AQP3,1,0.7675550441203298
ambient,CFTR,1,0.9998080361274337
ambient,DIRAS3,1,0.8540342795452198
outplane,GATM,2,0.9999546552847577
outplane,GLYATL1,2,0.5498167959964778
outplane,AMY2A,2,0.9999676909199103
outplane,GATM,2,0.999931032323595
inplane,VCAN,1,0.9987235062252108
inplane,AMY2A,3,0.9999774037532212
outplane,CFB,1,0.7375094790439576
outplane,PPP1R1B,1,0.950365645201538
outplane,CFTR,1,0.999877175358578
outplane,EHF,1,0.9983840577860965
outplane,TM4SF18,1,0.0
inplane,AMY2A,2,0.9999467744273193
inplane,SH2D3C,1,0.0
inplane,GATM,1,0.9998805890850833
ambient,DPEP1,1,0.9792938437261406
ambient,HAMP,1,0.9002610564536062
ambient,ANPEP,1,0.9994904741519001
ambient,COCH,1,0.6605389062571638
ambient,KLK11,1,0.989175916878557
ambient,AQP3,1,0.7869541489787208
outplane,EPCAM,2,0.9994663776227786
outplane,AMY2A,1,0.9999535520455533
outplane,KCNK3,1,0.9278157209722236
outplane,GATM,1,0.9998927277738604
outplane,APOLD1,1,0.0
outplane,IL3RA,1,0.0
outplane,AMY2A,2,0.9999643811354314
outplane,GATM,1,0.9999227818271503
outplane,AQP8,1,0.9997023225932524
ambient,PROX1,1,0.874508968301909
ambient,AQP8,1,0.9998383675645666
induction,AMY2A,5,0.9999641738939647
induction,GATM,5,0.999922434579924
ambient,AMY2A,1,0.9999648339074816
ambient,PEBP4,1,0.5951216026053374
inplane,CFB,1,0.903437189515927
inplane,DST,1,0.5892825276931836
inplane,CYP2A7,1,0.6213159456713716
inplane,CFTR,1,0.9998771576903579
inplane,EHF,1,0.9986410247320088
inplane,SERPINB9,2,0.08432730747210904
inplane,CFTR,1,0.9998819064829304
inplane,AMY2A,1,0.9999804353201137
outplane,PPARG,1,0.09729352577633599
outplane,AMY2A,1,0.9999803633422019
outplane,GATM,2,0.9999588480579801
ambient,DPEP1,1,0.9789167600886044
ambient,DIRAS3,1,0.944207900130735
inplane,PRDM1,1,0.07860434325557242
inplane,CFB,1,0.8858695351916585
inplane,CLEC14A,1,0.0
inplane,CD93,1,0.0
outplane,GNG11,1,0.0
outplane,CFTR,1,0.9996283981903972
outplane,AMY2A,1,0.9999330000827601
outplane,AQP8,1,0.999421270760156
ambient,UMOD,1,0.8570985827016402
ambient,AMY2A,1,0.999979230709166
inplane,NTN4,1,0.8088143813657293
inplane,EPCAM,1,0.9994647434415467
inplane,AMY2A,2,0.9999762583308717
ambient,DPEP1,1,0.9627162993659254
ambient,AMY2A,1,0.9999751731189997
outplane,TENT5C,1,0.9936888850215793
outplane,AMY2A,3,0.9999450156716251
outplane,GATM,1,0.9998769163965562
ambient,PROX1,1,0.7703414134975375
ambient,PEBP4,1,0.5014876210219534
outplane,ANPEP,1,0.9996533949528003
outplane,AMY2A,1,0.9999755631260072
outplane,GATM,2,0.9999484346235447
outplane,AMY2A,2,0.9999753151442035
outplane,GATM,2,0.9999477479598429
outplane,INS,1,0.997513966665415
outplane,GCG,1,0.9974499627679253
ambient,FKBP11,1,0.883939495902832
ambient,PROX1,1,0.8336393177548806
outplane,VCAN,1,0.998813736904683
outplane,ANPEP,1,0.9997018328436903
outplane,AMY2A,1,0.9999789039766481
outplane,CXCL6,1,0.9987255373313298
inplane,STC2,1,0.0
inplane,PLD4,1,0.3486956894129959
inplane,TCIM,1,0.0
inplane,AMY2A,1,0.9999805200696321
outplane,SLAMF7,1,0.9713298525729477
outplane,PMP22,1,0.2037184729211301
outplane,AMY2A,1,0.9999793715366281
outplane,GATM,1,0.9999567677626806
ambient,CPA3,1,0.5875445974613147
ambient,COCH,1,0.43347729856113826
outplane,EPCAM,1,0.9984251319126943
outplane,MET,1,0.1184056786517178
outplane,ANPEP,1,0.999267833667978
outplane,MPEG1,1,0.7702998887902721
outplane,AMY2A,1,0.999951908041093
ambient,RIDA,1,0.722616631436523
ambient,KCNK3,1,0.9338804236622503
inplane,DST,1,0.5509649329782611
inplane,CFTR,1,0.9998770683416031
inplane,AMY2A,4,0.9999783288133
inplane,GATM,2,0.9999544450170599
outplane,CFB,1,0.8061218986805044
outplane,CFHR3,1,0.0
outplane,CFTR,1,0.9998802318007438
outplane,GATM,2,0.9999576451004821
ambient,DPEP1,1,0.9789128810435771
ambient,CFTR,1,0.9998751805516504
inplane,ADGRL4,1,0.0
inplane,CFTR,1,0.99983163357603
inplane,AMY2A,3,0.9999708127299798
inplane,TSPAN19,1,0.37541386879654093
outplane,AMY2A,3,0.999980002965043
outplane,GATM,1,0.9999581219852266
induction,AMY2A,2,0.999937929064863
induction,AQP8,2,0.9994640608229597
induction,AMY2A,4,0.9999786708548095
induction,GATM,2,0.9999551652606182
induction,AQP8,4,0.9998248815389577
outplane,CFTR,2,0.999886102340307
outplane,AMY2A,2,0.9999807746950534
outplane,GATM,1,0.999959761668113
outplane,MDM2,1,0.6164379455682423
outplane,CFTR,1,0.9998530745900827
outplane,LIF,1,0.9901079932824075
outplane,PROX1,1,0.8565349701291117
outplane,NPDC1,1,0.0
outplane,AMY2A,1,0.9999541747147286
outplane,GATM,1,0.9998989635789703
outplane,DIRAS3,1,0.8479103902236095
inplane,APOLD1,1,0.0
inplane,MDM2,1,0.712791946039353
inplane,CFTR,1,0.99980149866471
inplane,FXYD2,1,0.9703171291958037
outplane,KCNMA1,1,0.4884307524316368
outplane,AMY2A,1,0.9999759086273461
outplane,GATM,2,0.9999490957579512
outplane,CRISPLD2,1,0.31192762278895314
outplane,SFRP4,1,0.05083935884674462
outplane,AMY2A,1,0.9999790129442235
outplane,GATM,1,0.9999559873853366
inplane,SMYD2,1,0.7713379979649858
inplane,KLK11,1,0.9951840216522537
inplane,AMY2A,2,0.9999669873485397
inplane,GATM,1,0.9999289054276083
induction,AMY2A,4,0.9999801077286485
induction,GATM,3,0.9999583003445834
induction,AQP8,3,0.9998369382731116
outplane,AMY2A,3,0.9999544745306734
outplane,GATM,1,0.9998995542275994
inplane,CFTR,2,0.9998717485349543
inplane,PLCG2,2,0.0
inplane,SFRP2,1,0.9986383476752625
inplane,ACTA2,1,2.933320253362126e-12
inplane,KCNMA1,1,0.44089671440806466
inplane,GATM,1,0.9999560694630174
ambient,AMY2A,1,0.999977820260895
ambient,HAMP,1,0.8318987473615501
induction,AMY2A,4,0.999976057445778
induction,GATM,5,0.9999494415623998
induction,AQP8,1,0.9998029056858657
inplane,DST,1,0.34846575637887933
inplane,GATM,2,0.9999493019170757
inplane,AQP8,1,0.9998021208035694
induction,AMY2A,3,0.999980167906139
induction,GATM,5,0.999958473232676
induction,AQP8,2,0.9998375380625067
ambient,ANPEP,1,0.9996875578302692
ambient,DIRAS3,1,0.9119589063275965
ambient,AMY2A,1,0.9999809248344617
ambient,DIRAS3,1,0.9509329217568302
ambient,AMY2A,1,0.9999803077062202
ambient,GLYATL1,1,0.5995667111201213
outplane,DST,1,0.5189354851000083
outplane,EPCAM,1,0.9995153183097231
outplane,STC1,1,0.0
outplane,AMY2A,1,0.9999797064473995
outplane,FXYD2,1,0.9669942161168437
inplane,GATM,3,0.9999576072367029
inplane,AQP8,1,0.9998342372277992
ambient,CPA3,1,0.7929778406225925
ambient,DIRAS3,1,0.9309319135951706
induction,AMY2A,4,0.9999800306559417
induction,GATM,2,0.9999581859859649
induction,AQP8,4,0.9998364142020446
ambient,CA4,1,0.8296231714142548
ambient,HAMP,1,0.8840764728065311
outplane,APOLD1,1,0.0
outplane,SOX18,1,0.0
outplane,AMY2A,1,0.9999783910848788
outplane,GATM,1,0.9999547080683813
outplane,LY6D,1,0.10601382505280954
outplane,VCAN,1,0.9993051021490813
outplane,CFHR1,1,0.0
outplane,SFRP2,1,0.9992796551039187
outplane,MYC,2,0.678348196741634
induction,AMY2A,3,0.9999795555568295
induction,GATM,5,0.9999571464750183
induction,AQP8,2,0.9998324208766235
inplane,CFTR,2,0.9998760431726935
inplane,TFPI,1,0.0
inplane,AMY2A,1,0.9999770592227512
outplane,ADGRL4,1,0.0
outplane,MYC,1,0.697710441090988
outplane,AMY2A,2,0.9999796658662404
ambient,FKBP11,1,0.9259707118608322
ambient,KCNK3,1,0.9621575743975121
ambient,CPA3,1,0.7026371478016105
ambient,KCNK3,1,0.9271292148273839
outplane,CFTR,1,0.9998495762702156
outplane,AMY2A,2,0.9999740511205594
outplane,MLPH,1,0.5598126561837399
induction,AMY2A,2,0.9999562509378429
induction,GATM,3,0.9999031905329782
induction,AQP8,3,0.9996300805934774
induction,AMY2A,1,0.999980128274982
induction,GATM,4,0.9999583730170253
induction,AQP8,5,0.9998371741532924
ambient,ANPEP,1,0.9997020808735767
ambient,GLYATL1,1,0.4588885555016893
outplane,EPCAM,1,0.999447429029019
outplane,ANPEP,1,0.999700586495295
outplane,CFTR,2,0.9998771438653888
outplane,AMY2A,1,0.9999788846310645
outplane,PROX1,1,0.91212181275713
induction,AMY2A,4,0.9999749030211825
induction,GATM,1,0.9999467860060568
induction,AQP8,5,0.9997929116175135
outplane,CFTR,1,0.999870291185775
outplane,EHF,1,0.9986703933311256
outplane,AMY2A,3,0.9999771201769833
outplane,C7,1,0.23365323166034446
outplane,FXYD2,1,0.9641895332130828
outplane,PROX1,1,0.8718396515231076
outplane,CFB,2,0.7781610254897842
outplane,SMYD2,1,0.6557195823694291
outplane,CFTR,1,0.9998789678471923
outplane,AMY2A,1,0.9999795151232596
outplane,GATM,1,0.9999571636122055
outplane,DST,1,0.41620956127350506
outplane,AMY2A,1,0.9999800723373603
outplane,GATM,2,0.9999582612338102
induction,AMY2A,2,0.9999804567550592
induction,GATM,3,0.9999590609574948
induction,AQP8,5,0.9998398649711266
inplane,TCIM,1,0.0
inplane,MDM2,2,0.4482590174561153
inplane,AMY2A,1,0.999979694183701
inplane,KCNK3,1,0.9526354086921277
inplane,GATM,1,0.9999575315688741
outplane,CFB,1,0.8915593421327037
outplane,AMY2A,2,0.9999753315067109
outplane,GCG,1,0.9973640301270966
inplane,APOLD1,1,0.0
inplane,TMC5,1,0.9919190515810373
inplane,MYH11,1,0.9961610340467014
inplane,CFTR,1,0.9998824741960621
inplane,TM4SF18,1,0.0
outplane,CD14,1,0.8146987964798612
outplane,SFRP4,1,0.47448039036230727
outplane,CFTR,1,0.999807363368908
outplane,ADAMTS1,1,3.028022277362652e-12
outplane,AGR3,1,0.7881291628854292
ambient,KLK11,1,0.9957486686946577
ambient,CA4,1,0.6925431954015743
inplane,TCIM,1,0.0
inplane,PCOLCE,1,0.08790268546113744
inplane,CFTR,1,0.9997669981769661
inplane,TFPI,1,0.0
inplane,AMY2A,1,0.9999621065553531
inplane,DIRAS3,2,0.8531633665392335
inplane,BASP1,1,0.5815175587510177
inplane,MEST,1,0.8121385738993213
inplane,AMY2A,1,0.9999790447819686
inplane,GATM,1,0.9999560820494742
inplane,AQP8,1,0.9998282488784067
inplane,GLIPR1,2,0.5411137099859276
inplane,CD93,2,0.0
inplane,GATM,2,0.9999250978905907
outplane,AMY2A,3,0.9999364289394338
outplane,GATM,1,0.9998542051917302
ambient,COCH,1,0.7045800610860067
ambient,AQP8,1,0.9997950858898069
ambient,FKBP11,1,0.9386552528909429
ambient,AQP8,1,0.9997619861137145
outplane,AMY2A,1,0.9999788969389555
outplane,PROX1,1,0.9135103383968616
outplane,GATM,2,0.9999556113502217
ambient,KLK11,1,0.9969360529802256
ambient,PROX1,1,0.8520592780572738
outplane,AMY2A,2,0.9999795724582385
outplane,AQP8,2,0.9998326900839031
ambient,CA4,1,0.7868385876634436
ambient,PEBP4,1,0.6237404672633127
ambient,CA4,1,0.8286700051931103
ambient,KCNK3,1,0.963565341952855
ambient,COCH,1,0.7484614903099507
ambient,GATM,1,0.9999574950982008
outplane,AMY2A,1,0.9999774263262294
outplane,SCGN,1,0.9906082052117059
outplane,GATM,1,0.9999523926547493
outplane,AQP8,1,0.9998143096616728
induction,AMY2A,2,0.9999759416566988
induction,GATM,4,0.999949219102357
induction,AQP8,4,0.999802002606968
inplane,AMY2A,1,0.9999737824967811
inplane,CPA3,1,0.7544868248474736
inplane,GATM,2,0.999944406430852
ambient,ANPEP,1,0.9996652727719892
ambient,UMOD,1,0.8438256317071341
outplane,AMY2A,2,0.999977005911999
outplane,GATM,2,0.9999515650418138
outplane,AQP8,2,0.999810985780165
induction,AMY2A,4,0.9999803420533002
induction,GATM,3,0.9999588280660535
induction,AQP8,3,0.9998389420803306
ambient,DPEP1,1,0.9770352768042686
ambient,CFTR,1,0.9998842185824364
outplane,AMY2A,3,0.999973980866571
outplane,KCNK3,1,0.9506830590938136
ambient,HAMP,1,0.7217845338136901
ambient,PEBP4,1,0.4231626140660717
ambient,CA4,2,0.7283181932518265
induction,AMY2A,4,0.99997705187909
induction,GATM,4,0.9999516491101414
induction,AQP8,2,0.9998113346274046
inplane,CD247,1,0.5776986601456224
inplane,AMY2A,1,0.99997940976056
inplane,GATM,2,0.9999568026895814
ambient,UMOD,1,0.8816767864490802
ambient,HAMP,1,0.8767512864181987
inplane,PECAM1,1,0.0
inplane,FAS,1,0.30342141515260745
inplane,DST,1,0.45621993876910893
inplane,AMY2A,1,0.9999805504000503
induction,AMY2A,3,0.9999789257496925
induction,GATM,5,0.9999558966980239
induction,AQP8,2,0.9998274196403117
induction,AMY2A,3,0.9999803090639694
induction,GATM,5,0.9999587746031281
induction,AQP8,2,0.9998387074851868
outplane,SFRP4,1,0.7432577094032304
outplane,TM4SF18,1,0.0
outplane,AMY2A,2,0.9999759365870545
induction,AMY2A,1,0.9999797317527126
induction,GATM,5,0.999957482912962
induction,AQP8,4,0.9998337900047132
inplane,CFTR,1,0.9998669397922454
inplane,AMY2A,2,0.9999774881580006
inplane,GATM,1,0.9999525159742324
inplane,AQP8,1,0.9998148021557265
ambient,AQP3,2,0.7870629531235163
inplane,MMRN2,1,0.0
inplane,CFHR3,1,0.0
inplane,CFTR,2,0.999831671467387
inplane,CDK1,1,0.2378193269727461
outplane,ANPEP,1,0.9996993467348727
outplane,AMY2A,2,0.9999788808738964
outplane,GATM,1,0.9999556258992599
inplane,MET,1,0.3122521691991429
inplane,AMY2A,4,0.9999798096009341
induction,AMY2A,3,0.9999798794594853
induction,GATM,5,0.9999578741044122
induction,AQP8,2,0.9998351865319539
ambient,CPA3,1,0.8563353648713649
ambient,DIRAS3,1,0.9516049170228058
inplane,LAMP3,1,0.719584725457693
inplane,CLEC14A,1,0.0
inplane,GATM,1,0.9999437856504887
inplane,AQP8,1,0.9997812345838382
outplane,C1orf194,1,0.5933906098875499
outplane,AMY2A,2,0.9999787633634147
outplane,GATM,1,0.9999553554568956
ambient,PEBP4,1,0.6850850660022869
ambient,GLYATL1,1,0.5515981964333865
