cls,gene,n,removal_prob
inplane,PPP1R1B,1,0.9675876078285225
inplane,AMY2A,2,0.9999736609808092
inplane,GATM,1,0.9999435643086777
inplane,FKBP11,1,0.9692535296703488
inplane,RIDA,1,0.1705124780658629
inplane,AMY2A,2,0.99997881460601
ambient,FKBP11,1,0.9511557758411134
ambient,DIRAS3,1,0.9526585162354578
induction,RIDA,7,0.05126834786459544
induction,HAMP,3,0.01968462043632524
outplane,CLEC10A,1,0.38710410279700724
outplane,CFB,1,0.9195354237110989
outplane,AMY2A,3,0.99997225851636
induction,RIDA,2,0.03624871684479347
induction,HAMP,4,0.01909057836825001
induction,GLYATL1,4,0.0022816470586739523
inplane,AMY2A,3,0.9999784468360061
inplane,GATM,2,0.9999543319190616
inplane,FGL2,1,0.7757305287396759
inplane,CXCR4,1,0.4514822497218972
inplane,ANPEP,1,0.9997410572032916
inplane,GATM,1,0.9999612233111772
outplane,CYP2A7,1,0.8027991202963288
outplane,CFTR,2,0.9998826959089888
outplane,AMY2A,1,0.9999804661414076
inplane,CFB,1,0.8116243861570483
inplane,MDM2,1,0.5622019335144415
inplane,EPCAM,1,0.9993283813181769
inplane,AMY2A,1,0.9999797901183587
induction,RIDA,3,0.04307971738561578
induction,HAMP,4,0.021737707202759804
induction,GLYATL1,3,0.002733485632540056
inplane,DST,1,0.6447562491097205
inplane,CFTR,1,0.9998644879028201
inplane,PROX1,1,0.9313756757353097
inplane,GATM,1,0.9999507218569971
ambient,FKBP11,2,0.9649892707310586
ambient,KCNK3,1,0.9861048210465302
ambient,GLYATL1,1,0.009998465949531021
inplane,AMY2A,3,0.9999813993824406
inplane,GATM,1,0.9999607686333081
inplane,CFTR,1,0.9998830681294256
inplane,AMY2A,2,0.999978206539009
inplane,AQP8,1,0.9998100926380107
induction,RIDA,6,0.042758886114625194
induction,HAMP,3,0.01934237869741462
induction,GLYATL1,1,0.0027065646583248615
induction,RIDA,4,0.0635828316328445
induction,HAMP,3,0.027368767990832432
induction,GLYATL1,3,0.0035236359682674356
outplane,AMY2A,4,0.9999807377283544
outplane,APOA5,1,0.49292282453110503
outplane,GATM,2,0.9999593564615912
outplane,INS,1,0.9975181498047688
induction,RIDA,3,0.06162630989809337
induction,HAMP,3,0.031114532063440614
induction,GLYATL1,4,0.004001955509736588
induction,RIDA,3,0.06349161350199295
induction,HAMP,2,0.03244362358241315
induction,GLYATL1,5,0.004124429740117175
inplane,GPRC5A,1,0.989471462388767
inplane,SLC4A1,1,0.2734799254702167
inplane,AMY2A,2,0.9999813918684665
ambient,CFTR,1,0.9998855806942536
ambient,UMOD,1,0.9241290103350238
outplane,TMC5,1,0.9932189699067753
outplane,CFTR,2,0.999887146506451
outplane,AMY2A,1,0.9999805897681678
ambient,GATM,1,0.9999618773284219
ambient,AQP3,1,0.9437892858193215
induction,RIDA,1,0.05028283784376941
induction,HAMP,8,0.02309727331055922
induction,GLYATL1,1,0.003228009242201235
induction,RIDA,4,0.04074763582267271
induction,HAMP,2,0.020535148555692606
induction,GLYATL1,4,0.0026341792741134684
induction,RIDA,4,0.06469851670241678
induction,HAMP,1,0.03373719381259699
induction,GLYATL1,5,0.00419245454933026
inplane,VWA5A,1,0.8742719014256303
inplane,CFTR,2,0.9998891668520863
inplane,AMY2A,1,0.9999810852349474
inplane,AQP8,1,0.9998366720484139
inplane,CFB,1,0.9543532006404547
inplane,MYC,1,0.8625494564685194
inplane,AMY2A,3,0.9999771795194179
inplane,GATM,1,0.9999510022544179
ambient,KLK11,1,0.9956777747493295
ambient,COCH,1,0.8773649486231857
ambient,AMY2A,1,0.9999792160095063
ambient,GLYATL1,1,0.017974313491251448
inplane,CFTR,1,0.9998721245076562
inplane,EDNRB,1,0.0
inplane,GATM,2,0.9999532755545975
induction,RIDA,2,0.06644029480824143
induction,HAMP,4,0.03260961701862708
induction,GLYATL1,4,0.00431459736379558
inplane,CFTR,1,0.9998502937153325
inplane,AMY2A,2,0.9999744837832392
inplane,GATM,1,0.9999456153906003
outplane,MYC,1,0.8720391160686405
outplane,AMY2A,1,0.9999761334540077
outplane,GATM,1,0.9999487615399587
outplane,AQP8,1,0.9997876684941001
outplane,PMP22,1,0.2569087701137308
outplane,CFTR,1,0.9998681029098281
outplane,AMY2A,1,0.9999775376253048
outplane,ELF5,1,0.33234011034682753
ambient,PROX1,2,0.9449358255371808
outplane,APCDD1,1,0.42038247746545176
outplane,DST,2,0.6531096188922987
outplane,PROX1,1,0.9504570732776616
inplane,GHRL,1,0.9665968210054637
inplane,EHF,1,0.9986613531881946
inplane,PLCG2,1,0.0
inplane,AMY2A,1,0.999975572550951
induction,RIDA,2,0.037481566986510284
induction,HAMP,4,0.01686478194685259
induction,GLYATL1,4,0.0023653650951883654
ambient,KCNK3,2,0.9656593919608651
outplane,CFTR,1,0.9998702452612447
outplane,AMY2A,3,0.9999769161347661
outplane,AQP8,1,0.9997986271415168
outplane,CD163,1,0.9919557918479057
outplane,CFTR,2,0.9998800580797637
outplane,AMY2A,3,0.9999790935250072
inplane,AMY2A,2,0.9999785968556446
inplane,GATM,2,0.9999543463977288
outplane,ANPEP,2,0.9997213305262026
outplane,GATM,2,0.9999580461425784
outplane,PECAM1,1,0.0
outplane,TBX3,1,0.021119988962299496
outplane,GATM,2,0.9999593654383477
inplane,TCIM,1,0.0
inplane,SMYD2,1,0.8417049558610903
inplane,AMY2A,2,0.9999787915968845
inplane,GATM,1,0.9999550361614965
outplane,CFB,1,0.9040272560652977
outplane,CFTR,1,0.9998771127490519
outplane,GPC3,1,0.8723261540692528
outplane,GATM,1,0.9999553892471293
inplane,MET,1,0.6124204312363224
inplane,AMY2A,3,0.9999809718466987
inplane,GATM,1,0.9999598723920676
ambient,PROX1,1,0.9549899377475572
ambient,AQP3,1,0.9493664911750483
outplane,KLK11,1,0.9969471674758306
outplane,AMY2A,3,0.9999799144431173
outplane,KCNK3,1,0.9846843107210518
inplane,VWA5A,1,0.8483034974173609
inplane,ACTG2,1,0.5693093141839662
inplane,HAVCR2,2,0.6286898363079432
inplane,TFPI,1,0.0
inplane,AMY2A,1,0.9999790633291642
inplane,CXCL6,1,0.9985580814763296
inplane,SFRP4,1,0.6804911396406792
inplane,EHF,1,0.9986305584371322
inplane,AMY2A,2,0.99994766556826
inplane,GATM,1,0.9998796263708908
induction,RIDA,3,0.06472270527548574
induction,HAMP,5,0.03380299049176583
induction,GLYATL1,2,0.004192658502656599
ambient,KCNK3,1,0.9710775351338071
ambient,HAMP,1,0.07038253139912298
ambient,PROX1,1,0.9398603845003174
ambient,AQP8,1,0.999815853285117
ambient,CA4,1,0.8796253271431065
ambient,AQP8,1,0.9998137966526318
ambient,KLK11,1,0.9968820167940013
ambient,HAMP,1,0.10168001857214581
induction,RIDA,5,0.040792271504390465
induction,HAMP,3,0.02067338633518423
induction,GLYATL1,2,0.0025661180999572153
induction,RIDA,4,0.038487327854638265
induction,HAMP,2,0.02023033698283261
induction,GLYATL1,4,0.0024307229023207144
outplane,IRF8,1,0.6055436008734199
outplane,PRDM1,1,0.25941616010941715
outplane,GHRL,1,0.969104597504871
outplane,AMY2A,3,0.9999629620575375
outplane,AMY2A,3,0.9999807721901851
outplane,GATM,1,0.999959386817435
outplane,CFTR,1,0.9998606022126544
outplane,AMY2A,2,0.999976257899553
outplane,GATM,1,0.99994944788669
outplane,MDM2,1,0.9263480984888925
outplane,CFTR,1,0.9998827112365068
outplane,C1orf162,1,0.8473028368025094
outplane,AMY2A,3,0.9999781549137772
inplane,PMP22,1,0.31604547426196106
inplane,AMY2A,2,0.9999819075620981
inplane,GATM,1,0.999961925020886
ambient,CFTR,1,0.9998463927774518
ambient,PEBP4,1,0.6321509803440662
induction,RIDA,5,0.052137126895871244
induction,HAMP,1,0.026847202159816064
induction,GLYATL1,4,0.0033474045145016618
ambient,KLK11,1,0.9969497469489225
ambient,AQP3,1,0.8636821271558613
inplane,CRISPLD2,1,7.385980715923779e-12
inplane,AMY2A,2,0.9999793755953552
inplane,GATM,1,0.9999564778247244
outplane,MS4A6A,1,0.6024411438745538
outplane,ADAM28,1,0.7742521639553716
outplane,AMY2A,2,0.9999802113021053
outplane,GATM,1,0.9999581744684203
outplane,CRHBP,1,0.14160947372503252
outplane,GATM,3,0.9999444439001687
outplane,AQP8,1,0.999770396051741
induction,RIDA,3,0.04111284524462966
induction,HAMP,3,0.0197195056747681
induction,GLYATL1,2,0.0026253492176615545
induction,RIDA,1,0.04790401148114043
induction,HAMP,5,0.02378520774299575
induction,GLYATL1,4,0.0030435279186206143
inplane,FBN1,1,0.015924103490536856
inplane,MDM2,1,0.7230761781517472
inplane,CYP2A7,1,0.6296606276749328
inplane,AMY2A,4,0.999971119694362
ambient,CA4,1,0.7602885594062656
ambient,GLYATL1,1,0.009836030674908236
ambient,PROX1,1,0.8590412424632669
ambient,DIRAS3,1,0.922863840907298
ambient,UMOD,1,0.9382438746158615
ambient,GATM,1,0.9999538557976381
ambient,FKBP11,1,0.9794100625277867
ambient,CPA3,1,0.9409448137153291
inplane,ECSCR,1,0.0
inplane,AMY2A,1,0.9999337162406426
inplane,KCNK3,1,0.9694699408674678
inplane,HAMP,1,0.047428414386585405
inplane,GATM,1,0.9998196552220839
induction,RIDA,2,0.053803842021782455
induction,HAMP,3,0.027358883717443216
induction,GLYATL1,5,0.0034507198201515488
ambient,FKBP11,1,0.943501560318523
ambient,RIDA,1,0.19230871408813544
ambient,CA4,1,0.8031616454272816
ambient,GLYATL1,1,0.012049808239447013
ambient,CPA3,1,0.853724042405707
ambient,DIRAS3,1,0.9485661952282305
inplane,MMRN2,1,0.0
inplane,TCIM,1,0.0
inplane,CFTR,1,0.9998808757785801
inplane,GATM,1,0.9999561966457243
outplane,CFTR,1,0.9998767020816984
outplane,SNCA,1,0.4049635787598408
outplane,FXYD2,1,0.9774631570442089
outplane,PROX1,1,0.925371271638963
ambient,CA4,1,0.9512452236223448
ambient,DIRAS3,1,0.9803881376619987
outplane,AMY2A,4,0.9999773107372958
outplane,TCIM,1,0.0
outplane,CLEC14A,1,0.0
outplane,BAMBI,1,0.7833802965942346
outplane,AMY2A,1,0.9999781111957997
inplane,MMRN2,2,0.0
inplane,AMY2A,4,0.9999778224180839
induction,RIDA,3,0.050174112219467326
induction,HAMP,4,0.02469020741860617
induction,GLYATL1,3,0.0032186858728405765
inplane,PCNA,1,0.6916746595808547
inplane,CFB,1,0.9426912010497419
inplane,CFTR,1,0.999893928663034
inplane,ERBB2,1,0.9612190674096223
induction,RIDA,5,0.03575437211735599
induction,HAMP,2,0.01813021065362941
induction,GLYATL1,3,0.0022406200632447693
ambient,CPA3,1,0.8683743426786754
ambient,AQP8,1,0.9998163393404518
inplane,AMY2A,3,0.9999634966091281
inplane,GATM,1,0.9999197461001472
outplane,AMY2A,4,0.9999788344047331
ambient,COCH,1,0.8707486920357231
ambient,GATM,1,0.9999440149406894
induction,RIDA,4,0.047367158428586964
induction,HAMP,1,0.021716441423293098
induction,GLYATL1,5,0.003024996879968933
outplane,CFTR,1,0.9998679376501729
outplane,AMY2A,1,0.9999771575220197
outplane,CD8A,1,0.5381859408699425
outplane,CXCL6,1,0.9982187158053333
outplane,GATM,2,0.9999512193285357
ambient,ANPEP,1,0.9997455467724549
ambient,KLK11,1,0.9972369764266313
inplane,TENT5C,1,0.9976830619395035
inplane,AMY2A,1,0.9999807525708315
inplane,FXYD2,1,0.9787053065454938
inplane,GATM,1,0.9999593860223828
inplane,TCIM,1,0.0
inplane,MYC,1,0.681699214564705
inplane,CFTR,1,0.9998648728423404
inplane,AMY2A,2,0.9999760052456422
induction,RIDA,5,0.046054319131056176
induction,HAMP,1,0.0229291919557717
induction,GLYATL1,4,0.0029480688661907006
induction,RIDA,3,0.06743793479738447
induction,HAMP,3,0.03455131107748566
induction,GLYATL1,4,0.004391986858537367
outplane,ANPEP,1,0.9996897730446372
outplane,TENT5C,1,0.9975921031475362
outplane,AMY2A,1,0.999978312189458
outplane,GATM,2,0.9999537799526973
outplane,AQP8,1,0.9998094801419208
outplane,PDGFRB,1,0.22090553138953295
outplane,ASPN,1,0.325098856663643
outplane,TBX3,1,0.24224726400322283
outplane,EHF,1,0.9987766849329935
outplane,AMY2A,1,0.999978742072794
ambient,ANPEP,1,0.999641609535291
ambient,CA4,1,0.8365262835704201
ambient,PROX1,1,0.8951941575866201
ambient,AQP3,1,0.8915969644538619
outplane,MYH11,1,0.9961545477326015
outplane,AMY2A,2,0.9999803461387493
outplane,GATM,2,0.9999584694745747
induction,RIDA,1,0.04845256974276091
induction,HAMP,4,0.024581580802655933
induction,GLYATL1,5,0.003100765803033978
ambient,UMOD,1,0.9249819663821293
ambient,AQP8,1,0.9998195328610512
inplane,AMY2A,2,0.9999802687689425
inplane,HAMP,1,0.08520180172651837
inplane,GATM,1,0.9999584204321188
outplane,MYC,1,0.8198783129022584
outplane,AMY2A,3,0.9999794736371272
inplane,NTN4,1,0.75958923002216
inplane,TENT5C,1,0.9976118901421962
inplane,AMY2A,1,0.9999802258727187
inplane,GATM,1,0.9999583606740549
outplane,FKBP11,1,0.9764663674746478
outplane,EPCAM,1,0.9995563104583128
outplane,MET,1,0.7457875286313782
outplane,AMY2A,2,0.9999761257522023
outplane,GATM,1,0.9999483586732703
ambient,PEBP4,1,0.7907415653929185
ambient,GLYATL1,1,0.007425021949439836
outplane,SRPX,1,0.24879206768437923
outplane,AMY2A,2,0.9999807100864196
outplane,GATM,1,0.9999592936910545
outplane,CD3D,1,0.8276028441134866
outplane,AMY2A,2,0.9999729050441395
outplane,GATM,1,0.9999417428561876
induction,RIDA,4,0.0428609913235648
induction,HAMP,3,0.019237535000226402
induction,GLYATL1,3,0.002720488929731202
inplane,PCNA,1,0.6929043545230817
inplane,AMY2A,2,0.9999770896068059
inplane,AQP8,1,0.9997975772406343
induction,RIDA,3,0.05207682497051469
induction,HAMP,3,0.026995726630341776
induction,GLYATL1,4,0.0033236944690577808
outplane,CLEC4E,1,0.8244977586843626
outplane,PPP1R1B,1,0.9900996120056922
outplane,AMY2A,1,0.9999787951844825
outplane,AQP8,1,0.9998141296590871
inplane,CXCR4,1,0.07121203203443527
inplane,MYC,1,0.4354517409725188
inplane,C1orf162,2,0.5841245558568464
inplane,AMY2A,1,0.9999251502475214
induction,RIDA,6,0.052650555978756564
induction,HAMP,3,0.02754609978092848
induction,GLYATL1,1,0.003363924984805422
outplane,NTN4,1,0.8984213198756359
outplane,CFB,1,0.9357953201284919
outplane,KCNK3,1,0.984913558939347
outplane,CXCL2,1,0.7925964010324279
ambient,CFTR,1,0.9998933497819232
ambient,GATM,1,0.9999615271508049
ambient,RIDA,1,0.16773011831827134
ambient,AMY2A,1,0.9999802683729758
outplane,TIMP4,1,0.38785622370409323
outplane,AMY2A,2,0.9999824101098495
outplane,GATM,1,0.9999629607167336
outplane,AQP8,1,0.9998486216183038
induction,RIDA,5,0.06492763215440212
induction,HAMP,1,0.03220053535218237
induction,GLYATL1,4,0.0042070340895605796
ambient,UMOD,1,0.9283044321890029
ambient,COCH,1,0.8485381540391668
outplane,AMY2A,3,0.9999833000531647
outplane,CPA3,1,0.9347134404446145
inplane,AMY2A,3,0.9999820178388245
inplane,FXYD2,1,0.9844598498233388
inplane,SMYD2,1,0.7827170984195198
inplane,FKBP11,1,0.9459792112027819
inplane,AMY2A,2,0.9999801256200418
inplane,AMY2A,2,0.9999303837713857
inplane,GATM,1,0.9998351481876376
inplane,AQP8,1,0.9992615840512095
outplane,FKBP11,1,0.7941871798255054
outplane,MYC,1,0.46160370725946
outplane,ANPEP,1,0.9990715249517115
outplane,RND1,1,0.20267931610382395
outplane,AMY2A,2,0.9999344228078579
outplane,GPC3,1,0.5275521193208479
outplane,GATM,1,0.9998446605998152
outplane,SEMA3C,1,0.8169479151299105
outplane,CFTR,1,0.9997022726195204
outplane,AMY2A,3,0.9999339445036514
outplane,AMY2A,2,0.9999241574827814
outplane,FXYD2,2,0.912928099317368
outplane,AMY2A,4,0.9999437348349554
outplane,GATM,1,0.999870607955043
outplane,FKBP11,1,0.7880361012157693
outplane,CFTR,1,0.9996786308146672
outplane,AMY2A,1,0.9999444134119017
outplane,CPA3,1,0.650783970994093
outplane,GATM,1,0.9998722557390843
ambient,RIDA,1,0.19512432000551583
ambient,COCH,1,0.4277696842674853
inplane,CFTR,2,0.9996712890292861
inplane,TM4SF4,1,0.9931888377331042
inplane,GATM,1,0.9998403476380582
induction,RIDA,2,0.05617658895252031
induction,HAMP,2,0.024085686639515158
induction,GLYATL1,2,0.0037598370567977213
outplane,PDGFRA,1,0.8409697067826374
outplane,AMY2A,1,0.9999220844929564
outplane,C7,1,0.6345431196464149
outplane,GATM,1,0.9998162092843477
induction,HAMP,4,0.052118524443580116
outplane,AMY2A,4,0.999936423486457
outplane,AQP8,1,0.9993154038932006
outplane,GCG,1,0.9976496519266114
outplane,SFRP4,1,0.8968891038032589
outplane,CFTR,2,0.9996837450657017
outplane,AMY2A,1,0.999942823877666
outplane,PROX1,1,0.6272256325691363
induction,RIDA,4,0.0423954391815492
induction,HAMP,3,0.02586393171962198
induction,GLYATL1,1,0.0026803929811548555
ambient,FKBP11,1,0.8327460123109847
ambient,COCH,1,0.562653637900653
inplane,PMP22,1,0.20912191859872187
inplane,MYC,1,0.5073936387171316
inplane,AMY2A,4,0.9999630289079522
induction,RIDA,2,0.12757533010121347
induction,HAMP,2,0.046764530266628634
inplane,MDM2,1,0.7703614516757273
inplane,CFTR,1,0.9997856963423221
inplane,AMY2A,1,0.9999455174140021
inplane,GATM,1,0.9998748088924533
outplane,FGL2,1,0.6025351550662785
outplane,PTPRC,1,0.9978252077543025
outplane,AMY2A,2,0.9999425791885012
ambient,CA4,1,0.4781013119051305
ambient,COCH,1,0.4516554771094011
outplane,CFTR,1,0.9998373536013323
outplane,AMY2A,2,0.9999730345154861
outplane,GATM,2,0.9999421271862977
induction,RIDA,2,0.04071534671165722
induction,HAMP,4,0.020561992806389262
induction,GLYATL1,4,0.0025881400410052713
inplane,KRT7,1,0.990831804447007
inplane,AMY2A,5,0.9999805937973785
inplane,GATM,1,0.9999590183718136
outplane,TENT5C,1,0.9962500272633319
outplane,AMY2A,4,0.9999639538954602
outplane,AQP8,1,0.9996701066127929
ambient,ANPEP,1,0.9994574695356191
ambient,CPA3,1,0.8021830874434175
induction,RIDA,2,0.04631781051386108
induction,HAMP,2,0.020548396620680864
induction,GLYATL1,6,0.0029675162877746963
ambient,KCNK3,1,0.9329441354673766
ambient,PROX1,1,0.8017601060577272
inplane,GDF15,2,0.8637208291021387
inplane,AMY2A,2,0.9999659794416857
inplane,GATM,1,0.9999265083302648
induction,RIDA,3,0.0466750537676387
induction,HAMP,3,0.022773708882364962
induction,GLYATL1,4,0.0029769286812338924
inplane,AMY2A,1,0.9999808605414608
inplane,KCNK3,1,0.9765467944643881
inplane,GATM,2,0.9999596780047696
induction,RIDA,4,0.05389850739602642
induction,HAMP,3,0.02667489924398858
induction,GLYATL1,3,0.003491092164322307
outplane,SMYD2,1,0.7668777611648184
outplane,ANPEP,1,0.9997268649681336
outplane,AMY2A,1,0.9999806292373604
outplane,AQP8,1,0.9998332467430064
induction,RIDA,5,0.03166447150965512
induction,HAMP,1,0.01692079524851109
induction,GLYATL1,4,0.002000539776483512
inplane,ANPEP,1,0.9996209421401548
inplane,AMY2A,3,0.9999733754547089
outplane,EPCAM,1,0.999179350542188
outplane,ANPEP,1,0.9994748757337641
outplane,GPC3,1,0.6043462518482356
outplane,GATM,2,0.9999204295854782
ambient,UMOD,1,0.8655805230869953
ambient,PEBP4,1,0.6486195230007092
induction,RIDA,1,0.031529150794402105
induction,HAMP,7,0.016176564187990627
induction,GLYATL1,2,0.0019860544824902293
inplane,AMY2A,1,0.9999804923718905
inplane,COCH,1,0.8227604857003614
inplane,GATM,2,0.9999588515205808
induction,RIDA,3,0.03562580469864163
induction,HAMP,3,0.018770892961276986
induction,GLYATL1,4,0.0022299091720151543
inplane,AMY2A,2,0.9999742769389413
inplane,EGFR,1,0.8509372333418825
inplane,GATM,2,0.999944922726033
inplane,AQP8,1,0.999772205061249
inplane,AMY2A,5,0.9999761084910701
inplane,KCNK3,1,0.9564880438420222
inplane,ANPEP,1,0.9995784731244849
inplane,ADAM28,1,0.8264718198451813
inplane,AMY2A,3,0.9999707112098514
inplane,GPC3,1,0.852539436179046
inplane,GATM,1,0.9999367616326065
inplane,TCIM,1,0.0
inplane,CYTIP,1,0.9022174232688699
inplane,AMY2A,3,0.9999591084682397
inplane,GATM,1,0.9999099070525548
ambient,DPEP1,1,0.9438069535643803
ambient,HAMP,1,0.062391075159777376
ambient,ANPEP,1,0.9996655473346248
ambient,PEBP4,1,0.6364589015037152
ambient,DPEP1,1,0.967890339180016
ambient,AQP3,1,0.8507694339780422
ambient,RIDA,1,0.11936311197307037
ambient,UMOD,1,0.887269473498984
ambient,HAMP,1,0.05635596180658409
ambient,GATM,1,0.9999433440883267
ambient,HAMP,1,0.05226719058542406
ambient,AQP3,1,0.8148624810470788
inplane,TENT5C,1,0.997833153599579
inplane,AMY2A,2,0.999979403289872
inplane,GATM,1,0.9999562587993938
ambient,KLK11,1,0.9968954483159675
ambient,AQP3,1,0.8610211028177047
outplane,CD79A,1,0.9727822234294659
outplane,AMY2A,3,0.9999695292467324
outplane,GATM,1,0.9999341175355663
outplane,AQP8,1,0.999725569630666
outplane,APOLD1,1,0.0
outplane,CFTR,1,0.9998315802928092
outplane,AMY2A,2,0.9999642899534021
inplane,IGF1,1,0.5759167530704551
inplane,AMY2A,2,0.999961398458106
inplane,GATM,2,0.9999100720343215
inplane,CD1C,1,0.9282281465517782
inplane,AMY2A,1,0.9999747933684188
inplane,GATM,3,0.9999460151227779
induction,RIDA,3,0.03825814906430425
induction,HAMP,2,0.01964004334298408
induction,GLYATL1,5,0.0024376141133327645
inplane,NTN4,1,0.8803977698257278
inplane,CFTR,1,0.9998647782548179
inplane,AMY2A,2,0.9999741711361511
induction,RIDA,1,0.04643967371254354
induction,HAMP,4,0.021932392532659106
induction,GLYATL1,5,0.0029575904288475785
inplane,EDN1,1,0.21398311320582641
inplane,ANPEP,1,0.9997112445256912
inplane,AMY2A,1,0.999979609841293
inplane,INS,1,0.9974872167230046
ambient,RIDA,1,0.10727130323770928
ambient,PROX1,1,0.8305030786695908
outplane,FKBP11,1,0.8326437263545136
outplane,SERPINB9,1,0.1850622614106593
outplane,TENT5C,1,0.9960444668739185
outplane,AMY2A,1,0.9999649930266934
ambient,HAMP,1,0.06699123417119723
ambient,COCH,1,0.6792636333344176
induction,RIDA,3,0.04594229132346328
induction,HAMP,5,0.022534442853120118
induction,GLYATL1,2,0.0029610938581076107
outplane,CD163,1,0.9963448772561376
outplane,CD1E,1,0.7119855110510009
outplane,AMY2A,4,0.9999714343677428
ambient,CA4,1,0.8094443100653066
ambient,AMY2A,1,0.9999443329507173
ambient,UMOD,1,0.8945137991374981
ambient,AMY2A,1,0.9999735337051637
induction,HAMP,1,0.028313044123699282
induction,GLYATL1,3,0.006386974996346884
outplane,CD163,1,0.9919561925013379
outplane,CFTR,1,0.9997439718150127
outplane,CLIC6,1,0.7486484558954505
outplane,AMY2A,1,0.999944559075402
inplane,FSTL3,1,0.766834945285618
inplane,PROX1,1,0.7497418414153021
inplane,CYP1A1,1,0.04444923904577436
inplane,DIRAS3,1,0.8377471658630753
outplane,AMY2A,3,0.999979298892224
outplane,GATM,2,0.9999563982836636
induction,RIDA,4,0.044474861696855994
induction,HAMP,2,0.0216099778937896
induction,GLYATL1,4,0.0028348115844976096
inplane,ANPEP,1,0.9995619405784748
inplane,AMY2A,1,0.9999680772491092
inplane,PROX1,1,0.8413349834446485
inplane,GATM,1,0.999931203796397
ambient,GATM,1,0.99993127318986
ambient,AQP3,1,0.8003049322355023
outplane,MYH11,2,0.9962036503439947
outplane,MET,1,0.2474508956150998
outplane,AMY2A,1,0.9999706192538088
induction,RIDA,3,0.03471692558494721
induction,HAMP,3,0.018292667092797088
induction,GLYATL1,4,0.002208294100722874
inplane,FCGR1A,1,0.5097821818265194
inplane,TCIM,1,0.0
inplane,ACTG2,1,0.35065798349763966
inplane,AMY2A,1,0.9999687248935446
inplane,FKBP11,1,0.8706068907338532
inplane,CFTR,2,0.9998137454588666
inplane,TRAC,1,0.5528066023803984
inplane,AMY2A,1,0.9999682243099818
inplane,SMYD2,1,0.6347735602294672
inplane,AMY2A,3,0.9999753664339514
inplane,GATM,1,0.999947590204131
inplane,PPP1R1B,1,0.9880786398789526
inplane,DPEP1,1,0.9852796706517266
inplane,CFTR,2,0.999876285871352
inplane,AMY2A,2,0.9999765977820904
inplane,SMYD2,1,0.6700827222211074
inplane,AMY2A,3,0.9999791826113669
inplane,AQP8,1,0.999820295827349
ambient,DPEP1,1,0.983802605832767
ambient,UMOD,1,0.9208753577571822
inplane,GATM,2,0.9999581515760474
inplane,AQP8,3,0.9998287577723003
induction,RIDA,4,0.03967220978716757
induction,HAMP,3,0.019178496860624228
induction,GLYATL1,3,0.002524214131243152
outplane,AMY2A,2,0.9999794193462848
outplane,GATM,1,0.9999565208248024
outplane,AQP8,1,0.9998218925637986
induction,RIDA,5,0.031350131312285145
induction,HAMP,1,0.015677495982763023
induction,GLYATL1,4,0.001963122498084169
inplane,CFTR,2,0.9998558043577045
inplane,AMY2A,2,0.9999743884059239
inplane,GATM,1,0.9999450095452582
inplane,CFTR,1,0.9998331366992034
inplane,EHF,1,0.998269967675922
inplane,AMY2A,3,0.9999708646439652
inplane,EPCAM,1,0.9993016394202
inplane,AMY2A,2,0.9999708913898375
inplane,GATM,1,0.9999371163269306
outplane,EHF,1,0.998624361859969
outplane,AMY2A,1,0.9999807158888114
outplane,GATM,1,0.9999593406688649
outplane,AQP8,1,0.9998336764306702
outplane,BASP1,1,0.05059870497267416
outplane,TCIM,1,0.0
outplane,AMY2A,1,0.9999775935265504
outplane,FXYD2,1,0.9580714246410849
outplane,APCDD1,1,0.184104890035239
outplane,CFTR,1,0.9998713661824179
outplane,AMY2A,1,0.9999785684770836
outplane,GATM,1,0.9999547858621819
inplane,FBLN1,1,0.8593938155341017
inplane,FSTL3,1,0.8300542192358021
inplane,STC1,1,0.0
inplane,MALL,1,0.05548300757091351
inplane,AMY2A,2,0.999965807230066
inplane,ESR1,1,0.8061587771655581
inplane,MDM2,1,0.560729928454186
inplane,CFTR,1,0.9998855551183331
inplane,TFPI,1,0.0
inplane,AMY2A,1,0.9999805347265509
induction,RIDA,5,0.03193548175084138
induction,HAMP,1,0.015720430192434742
induction,GLYATL1,4,0.0020056939683483765
ambient,FKBP11,1,0.9141064397507427
ambient,CFTR,1,0.999858287732711
induction,RIDA,5,0.030936360971617338
induction,HAMP,2,0.0155277148078945
induction,GLYATL1,3,0.0019602446052887634
induction,RIDA,2,0.03162885913732183
induction,HAMP,7,0.0157592962597759
induction,GLYATL1,1,0.0019935235156002262
ambient,KCNK3,1,0.9388303875126761
ambient,AQP3,1,0.8038497681404878
outplane,SMYD2,1,0.7553506150517687
outplane,FKBP11,1,0.9393806499754908
outplane,CFTR,1,0.999881388000478
outplane,AMY2A,1,0.9999798509463043
outplane,PROX1,1,0.8945328745323172
inplane,CFTR,1,0.9998730457483016
inplane,AMY2A,2,0.999978841478693
inplane,EGFR,1,0.7573531884337974
induction,RIDA,1,0.030166983595160013
induction,HAMP,6,0.016766725822150885
induction,GLYATL1,3,0.001890828975985026
induction,RIDA,5,0.03185742480657039
induction,HAMP,2,0.015051824428503724
induction,GLYATL1,3,0.002004397897265031
inplane,FSTL3,1,0.7657405021072304
inplane,DST,1,0.4439611734036796
inplane,STC1,1,0.0
inplane,CFTR,2,0.9998784837896039
inplane,APCDD1,1,0.19783674020585107
inplane,VCAN,1,0.9992985532538095
inplane,ASPN,1,0.20719924885255347
inplane,AMY2A,1,0.9999796571206158
ambient,CPA3,1,0.8112370131896913
ambient,PROX1,1,0.8763462846312025
outplane,MDM2,1,0.5085445345545505
outplane,ANPEP,1,0.9994429148839051
outplane,KRT7,2,0.9899269440323316
outplane,SPI1,1,0.6732880490760014
inplane,C15orf48,1,0.9932262198946487
inplane,KCNMA1,1,0.46773255175671147
inplane,AMY2A,1,0.9999755511267765
inplane,GZMA,1,0.5818469108720384
induction,RIDA,3,0.03405418505826763
induction,HAMP,3,0.018043884554867384
induction,GLYATL1,4,0.0021329184616089014
induction,RIDA,4,0.041667988978723924
induction,HAMP,2,0.020783944940805266
induction,GLYATL1,4,0.0026443028141833747
ambient,KLK11,1,0.9965220046897422
ambient,DIRAS3,1,0.9085683930215154
ambient,DPEP1,1,0.9648479535799346
ambient,COCH,1,0.6785278379206275
outplane,ASPN,1,0.08976165819142068
outplane,CFB,1,0.6395174843501246
outplane,AMY2A,2,0.999972879969578
outplane,SRPX,1,0.3162808635309744
outplane,PLA2G7,1,0.9911768011894007
outplane,IGSF6,1,0.5814070299586402
outplane,AMY2A,2,0.9999785226907723
outplane,PROX1,1,0.8717893229739184
outplane,ANPEP,1,0.9997279615451403
outplane,AMY2A,1,0.9999807469079839
outplane,GATM,2,0.9999593794025947
inplane,TFPI,1,0.0
inplane,AMY2A,2,0.999980780677154
inplane,GATM,1,0.9999594544139135
inplane,AQP8,1,0.9998340754610188
induction,RIDA,1,0.03257157683553846
induction,HAMP,2,0.013313126066176295
induction,GLYATL1,7,0.0018102833932380769
outplane,UMOD,1,0.7406150778954679
outplane,HLA-DQB2,1,0.15667256607448754
outplane,C1orf162,1,0.3959702330183993
outplane,CLIC6,1,0.6758615274354745
outplane,CXCL2,1,0.2825410042266995
outplane,GATM,1,0.999891578715162
ambient,DIRAS3,1,0.9499441221997704
ambient,PEBP4,1,0.7444826233281863
ambient,UMOD,1,0.9012625514405537
ambient,CPA3,1,0.8426070171261181
induction,RIDA,1,0.02927116484059411
induction,HAMP,5,0.014285510898693232
induction,GLYATL1,4,0.0018303278777045406
induction,RIDA,2,0.03222671466902738
induction,HAMP,6,0.01820267100124484
induction,GLYATL1,2,0.0020187632013569656
ambient,CFTR,1,0.9997214562667587
ambient,COCH,1,0.5648444934454715
inplane,PDGFRB,1,0.008508515863248745
inplane,TCF4,1,0.0
inplane,AMY2A,2,0.9999597398341237
inplane,GATM,1,0.9999114017818306
outplane,SMYD2,1,0.5701145930653696
outplane,ALDH1A3,1,0.5707312690865035
outplane,CFTR,1,0.9997088032597924
outplane,PROX1,1,0.7126835031344133
ambient,DPEP1,1,0.8276309204420776
ambient,AMY2A,1,0.9999313075641111
inplane,FBN1,1,0.006685241124990471
inplane,MYC,1,0.586751032380955
inplane,AMY2A,2,0.9999733956287213
inplane,CD14,1,0.4319985179570389
inplane,CD4,2,0.13439380436855497
inplane,CFTR,1,0.9998712575297798
inplane,FXYD2,1,0.959942871207301
induction,RIDA,2,0.030465838799241696
induction,HAMP,5,0.01570387016462227
induction,GLYATL1,3,0.0019200004374622104
inplane,AMY2A,3,0.9999680205771748
inplane,GATM,1,0.9999310099071114
ambient,AMY2A,1,0.9999769233305715
ambient,DIRAS3,1,0.9221510887555697
induction,RIDA,4,0.05856882669080754
induction,HAMP,3,0.02982467254388088
induction,GLYATL1,3,0.0037730635985862016
outplane,CTSK,1,1.1942224986682959e-11
outplane,CFB,1,0.8186277630172826
outplane,MDM2,1,0.5598058694983947
outplane,CFTR,2,0.9998825288404286
outplane,FXYD2,1,0.9703237855543976
ambient,ANPEP,1,0.9996828586209413
ambient,GLYATL1,1,0.009642283108747818
outplane,CCR7,1,0.20370615869493414
outplane,CFTR,1,0.9998800119254545
outplane,AMY2A,1,0.9999792885261944
outplane,HAMP,1,0.08418903432390723
inplane,CA4,1,0.8131835901831227
inplane,AMY2A,2,0.9999778177208523
inplane,FXYD2,1,0.9568024743054647
induction,RIDA,3,0.04276770886248804
induction,HAMP,3,0.015927179544075076
induction,GLYATL1,4,0.002116820908573569
ambient,ANPEP,2,0.9995678825529019
induction,RIDA,4,0.03488974851547433
induction,HAMP,2,0.017164954854195003
induction,GLYATL1,4,0.0021984553954700337
outplane,EPCAM,1,0.99929867390019
outplane,ANPEP,1,0.9995823588501357
outplane,AMY2A,1,0.9999708270345321
outplane,GATM,2,0.9999370158752109
inplane,MYC,1,0.4493745108139001
inplane,PPP1R1A,1,0.972209748789467
inplane,CFTR,1,0.9996566458338343
inplane,AMY2A,4,0.9999341749204502
inplane,GATM,1,0.9998438895259869
outplane,DST,1,0.4292735157810129
outplane,CFTR,1,0.999814349560858
outplane,AMY2A,2,0.9999628010629986
outplane,KCNK3,1,0.9047996573591085
inplane,AMY2A,2,0.9999622590456143
inplane,GATM,1,0.999917617665171
inplane,AQP8,2,0.9996544138713424
induction,RIDA,2,0.09321246829208629
induction,GLYATL1,2,0.0053759877720857
ambient,KLK11,1,0.9892100369893582
ambient,GLYATL1,1,0.00880870907466813
outplane,FKBP11,1,0.949945298076942
outplane,AMY2A,5,0.9999787499027889
inplane,CAVIN1,1,0.02539272699225248
inplane,CD93,1,0.0
inplane,AMY2A,1,0.9999748892807667
inplane,GATM,1,0.9999465802507704
induction,RIDA,5,0.036425672007885046
induction,HAMP,3,0.01609186107508731
induction,GLYATL1,2,0.0023044643422137634
outplane,SERPINB9,1,0.21611633362222726
outplane,CFTR,2,0.9998284798366732
outplane,CXCL2,1,0.5864286715325548
induction,RIDA,4,0.035198172377387205
induction,HAMP,3,0.016043155392859276
induction,GLYATL1,3,0.002222374159581597
outplane,FKBP11,1,0.8955277204362944
outplane,CFTR,1,0.9998278418573606
outplane,CXCL2,1,0.6274123890204328
outplane,GATM,1,0.9999258279918624
outplane,CFB,1,0.9067799105349218
outplane,MYC,1,0.5840944471083073
outplane,CFTR,1,0.9998285971601069
outplane,AMY2A,1,0.9999661088001383
outplane,AQP8,1,0.9996903006801074
outplane,CYP2A7,1,0.4652444594369384
outplane,CA4,1,0.7688740669486074
outplane,AMY2A,3,0.9999700563366188
outplane,CYP3A4,1,0.4714681004828507
induction,RIDA,3,0.04023857581207679
induction,HAMP,5,0.018208158499415927
induction,GLYATL1,2,0.0026114376545236517
ambient,UMOD,1,0.8367979286187217
ambient,COCH,1,0.7147596707764622
outplane,CFB,1,0.8027264944346322
outplane,TCIM,1,0.0
outplane,PPP1R1B,1,0.9389905544596753
outplane,CFTR,1,0.999739682562673
outplane,AMY2A,1,0.9999552238613012
outplane,AMY2A,4,0.9999599164748388
outplane,PROX1,1,0.7318436728089551
induction,RIDA,1,0.09711010554915822
induction,HAMP,5,0.02661016873229405
inplane,CFTR,2,0.999732327219828
inplane,TENT5C,1,0.9952046886134694
inplane,EHF,1,0.9979531787519872
inplane,AMY2A,1,0.9999488642488629
inplane,PLD4,1,0.609100137715505
inplane,FKBP11,1,0.8676756041749623
inplane,DERL3,1,0.5231126212091431
inplane,PROX1,1,0.7579307452003229
ambient,UMOD,1,0.8637182247945545
ambient,GLYATL1,1,0.008084603178796557
ambient,CPA3,1,0.5846009555788624
ambient,AQP3,1,0.625417207903822
ambient,KLK11,1,0.9953912284619688
ambient,CPA3,1,0.7074788275600538
ambient,AMY2A,1,0.9999692136665731
ambient,DIRAS3,1,0.9336473286015651
induction,HAMP,3,0.0164783844800529
induction,GLYATL1,7,0.0021148544868915264
inplane,TCIM,1,0.0
inplane,AMY2A,4,0.9999379716968381
inplane,GATM,1,0.9998532986212851
ambient,AQP8,2,0.9992083263851839
inplane,CFB,2,0.8014292558425467
inplane,PPP1R1B,1,0.921829674661918
inplane,CFTR,2,0.9996045699390234
outplane,MET,1,0.3144168960444186
outplane,CFTR,1,0.9998633957785041
outplane,AMY2A,2,0.9999757949449767
outplane,GPC3,1,0.7167651070182094
outplane,PROX1,1,0.8147133346970881
ambient,UMOD,1,0.8337649069175473
ambient,KCNK3,1,0.9456109350275167
inplane,NTN4,1,0.7381233756088474
inplane,ANPEP,1,0.9996415892020325
inplane,AMY2A,2,0.9999741819426977
inplane,MYC,1,0.5779086787622791
inplane,AMY2A,2,0.9999763845941295
inplane,GATM,2,0.9999499652955184
induction,RIDA,5,0.04632997355920998
induction,HAMP,3,0.022443708698596243
induction,GLYATL1,2,0.0029338670508689546
inplane,ANPEP,1,0.9996577304491955
inplane,AMY2A,3,0.9999760666415579
inplane,PLA2G7,1,0.9874676030526834
inplane,AMY2A,2,0.999973845197437
inplane,C7,1,0.18737571016701593
ambient,CPA3,1,0.8038142786960967
ambient,COCH,1,0.7499302949660045
outplane,AMY2A,2,0.9999618253892751
outplane,FXYD2,1,0.9111560494488129
outplane,AQP8,1,0.9996460775836011
induction,RIDA,2,0.040802690266928066
induction,HAMP,4,0.020221348134195405
induction,GLYATL1,4,0.00259358661964626
ambient,KLK11,1,0.9971916113744831
ambient,CA4,1,0.937284829027373
induction,RIDA,4,0.0348928450011452
induction,HAMP,3,0.017887995648564026
induction,GLYATL1,3,0.002198763830975725
outplane,PDPN,2,0.7921351169647899
outplane,CTSK,1,0.702970112814488
outplane,SRPX,1,0.5401254358334382
outplane,DMBT1,1,0.9819246205439962
outplane,TENT5C,1,0.9963999447960834
outplane,AMY2A,3,0.9999704997762987
outplane,AMY2A,3,0.9999748007693213
outplane,PROX1,1,0.8452202297171564
outplane,INS,1,0.9976434321796981
inplane,KCNMA1,1,0.5709595844218287
inplane,TMC5,1,0.9911844838748725
inplane,AMY2A,1,0.999967962168759
inplane,DIRAS3,1,0.8739795832714052
ambient,ANPEP,1,0.999666914929745
ambient,COCH,1,0.7284242884345341
ambient,UMOD,1,0.9162393918449931
ambient,KCNK3,1,0.9745413919975279
induction,RIDA,6,0.03885823417766965
induction,HAMP,2,0.019139610965016374
induction,GLYATL1,2,0.00246207679288013
outplane,ADGRL4,1,0.0
outplane,STC2,1,0.0
outplane,APOLD1,1,0.0
outplane,AMY2A,3,0.9999809757304463
outplane,GATM,1,0.9999599486501859
outplane,SPIB,1,0.8524221159335341
inplane,SFRP2,1,0.9992753337364685
inplane,ASPN,1,0.27622590501990485
inplane,MDM2,1,0.6085078736189085
inplane,AMY2A,1,0.9999769572265932
induction,RIDA,4,0.04588840246456782
induction,HAMP,4,0.014699511176946456
induction,RIDA,2,0.0395079997836536
induction,HAMP,4,0.01895101088270268
induction,GLYATL1,4,0.0021060557611474184
inplane,MDM2,1,0.5359384820326869
inplane,KLRD1,1,0.22868782199121518
inplane,CFTR,1,0.9998834407027833
inplane,AMY2A,1,0.9999801958050062
inplane,PROX1,1,0.8769347538565598
ambient,CA4,1,0.7926236480090332
ambient,AQP3,1,0.8419976906258766
ambient,UMOD,1,0.8610762897581314
ambient,GATM,1,0.9999530575905786
outplane,CFB,1,0.8874883410987475
outplane,MYC,1,0.6057466066758066
outplane,CFTR,2,0.9998712816281764
inplane,TCIM,1,0.0
inplane,AMY2A,3,0.9999772047525136
inplane,MYBPC1,1,0.32717533893389905
outplane,C15orf48,1,0.994848867479803
outplane,CFTR,1,0.9998626452879246
outplane,AMY2A,2,0.9999761686261652
inplane,TENT5C,1,0.9976476881309848
inplane,AMY2A,1,0.9999805701922376
inplane,GPC3,1,0.8150347534461797
inplane,GATM,1,0.9999590632339919
ambient,AQP8,1,0.9997003053433953
ambient,PEBP4,1,0.6603185839782713
induction,RIDA,3,0.0383891866773336
induction,HAMP,4,0.020519027940374857
induction,GLYATL1,3,0.002397742574481332
outplane,CFTR,1,0.9998618476603058
outplane,FXYD2,1,0.9487912397206419
outplane,PROX1,2,0.8307886565125508
outplane,NTN4,1,0.7829552665160249
outplane,AMY2A,3,0.9999736643476861
ambient,HAMP,1,0.07174291368507424
ambient,DIRAS3,1,0.927880083878942
inplane,FSTL3,1,0.8755125347066693
inplane,CRISPLD2,1,0.17843724770209324
inplane,MDM2,1,0.6066028932443273
inplane,ALDH1A3,1,0.5354668880289906
inplane,CFTR,2,0.999842565630843
inplane,CXCL6,1,0.9990964449591263
ambient,RIDA,1,0.10356023976259698
ambient,GLYATL1,1,0.00748263491434864
outplane,CFTR,1,0.999793181867758
outplane,AMY2A,2,0.999965885568906
outplane,FXYD2,1,0.9093266290866145
outplane,GATM,1,0.9999254517530253
outplane,PECAM1,1,0.0
outplane,GATA2,1,0.0
outplane,AMY2A,1,0.9999435452852966
outplane,GATM,1,0.9998699839107906
ambient,COCH,1,0.6619574637833048
ambient,PROX1,1,0.8037647838248463
inplane,TCIM,1,0.0
inplane,FKBP11,1,0.9050049699543358
inplane,KLK11,1,0.9963590859195827
inplane,AMY2A,1,0.9999758949808027
inplane,AQP8,1,0.9997895590102722
outplane,SEMA3C,1,0.8986050820894029
outplane,ANPEP,1,0.9996789840405869
outplane,EHF,1,0.9984155392095052
outplane,AMY2A,1,0.9999774590069405
inplane,STC2,1,0.0
inplane,TCIM,1,0.0
inplane,C15orf48,1,0.9921936657608402
inplane,AMY2A,1,0.9999322557246492
inplane,FKBP11,1,0.9139820746989219
inplane,AMY2A,2,0.9999695139473191
inplane,GATM,1,0.9999340860483091
inplane,AQP8,1,0.9997254433958838
ambient,KLK11,1,0.99247351927199
ambient,HAMP,1,0.06389548757374841
inplane,DPEP1,1,0.8969030575719878
inplane,AMY2A,3,0.9999312105497747
outplane,CFTR,1,0.9998790987109624
outplane,BAMBI,1,0.5604258179935878
outplane,AMY2A,1,0.9999798677521621
outplane,CD1A,1,0.16149270427654683
outplane,AQP8,1,0.9998256310388758
inplane,AMY2A,3,0.9999754369166158
inplane,DIRAS3,1,0.924936345264687
induction,RIDA,4,0.03113912359200577
induction,HAMP,2,0.016381183641940855
induction,GLYATL1,4,0.0019528565383755137
inplane,CFTR,2,0.9998851825980332
inplane,AMY2A,3,0.9999798313338123
outplane,HAMP,1,0.06010706034769886
outplane,GATM,2,0.9999569864947686
outplane,AQP8,1,0.999823764714887
ambient,GATM,1,0.9999568822302609
ambient,DIRAS3,1,0.9401700456222895
ambient,PEBP4,2,0.6400276596596064
induction,RIDA,3,0.045679344898295504
induction,HAMP,1,0.0317974135626502
induction,GLYATL1,2,0.0030123249565640053
ambient,CFTR,1,0.9998859722254514
ambient,AQP8,1,0.9998299807737298
ambient,GATM,1,0.999959032213461
ambient,GLYATL1,1,0.007583663510272065
inplane,FBLN1,1,0.37607754625310996
inplane,ANPEP,1,0.9996457524032755
inplane,AMY2A,1,0.9999750503000064
inplane,KCNK3,1,0.9521692784056575
outplane,CFTR,1,0.99985799138261
outplane,AMY2A,3,0.9999763854207364
outplane,GATM,1,0.9999498472682761
ambient,CFTR,1,0.9998800073181743
ambient,KCNK3,1,0.9649081410513105
induction,RIDA,5,0.04251457792720492
induction,HAMP,3,0.0209923983163971
induction,GLYATL1,2,0.0027061807776442848
induction,RIDA,4,0.028575318418737616
induction,HAMP,4,0.01727515392294965
induction,GLYATL1,2,0.0017573665647913073
induction,RIDA,4,0.04096840703172622
induction,HAMP,3,0.020847146426203556
induction,GLYATL1,3,0.0026240522989253723
outplane,MYLK,1,0.012733933789838003
outplane,CA4,1,0.8490345216628543
outplane,AMY2A,1,0.9999804240639973
outplane,GATM,1,0.9999587580862461
outplane,AQP8,1,0.9998313880866114
ambient,KLK11,1,0.9966656526491725
ambient,AMY2A,1,0.9999780257779558
outplane,RIDA,1,0.1299060568987237
outplane,AMY2A,3,0.9999760250406327
outplane,GPC1,1,0.6081514234714622
outplane,CD93,2,0.0
outplane,CXCL6,2,0.9960969502748415
induction,RIDA,1,0.03746169350696049
induction,HAMP,3,0.019872369685157376
induction,GLYATL1,6,0.0023618835247078973
induction,RIDA,3,0.04375137350205238
induction,HAMP,5,0.02264556725820588
induction,GLYATL1,2,0.002797426813859083
inplane,APCDD1,1,0.16698880062456567
inplane,CAVIN1,1,0.12196715023726978
inplane,AMY2A,3,0.9999658494047556
inplane,FXYD2,1,0.8959834442310485
outplane,MYC,1,0.4771718325637023
outplane,CFTR,1,0.9997119550705735
outplane,AMY2A,2,0.9999528931634479
ambient,ANPEP,1,0.9996932998121765
ambient,CA4,1,0.8116058644674505
ambient,CPA3,1,0.7744463307372319
ambient,PEBP4,1,0.6491376288778106
induction,RIDA,3,0.04400055429638405
induction,HAMP,3,0.021861553199062245
induction,GLYATL1,4,0.0028058883994002137
induction,RIDA,2,0.0336962517431556
induction,HAMP,3,0.01897187016521773
induction,GLYATL1,3,0.002194206128630638
outplane,VCAN,1,0.9996208602804402
outplane,CFB,1,0.6453348531516045
outplane,TCIM,1,0.0
outplane,FXYD2,1,0.9255995549300542
ambient,KLK11,1,0.9955506510877716
ambient,KCNK3,1,0.9616688743651798
induction,RIDA,5,0.028422348647072382
induction,HAMP,3,0.015625560123582294
induction,GLYATL1,2,0.0017497760687482655
ambient,UMOD,1,0.9021620206250547
ambient,CPA3,1,0.8461889187909375
inplane,AMY2A,6,0.9999429126301711
ambient,ANPEP,1,0.9993992257924975
ambient,CA4,1,0.579906366971003
ambient,FKBP11,2,0.9243668525870573
ambient,RIDA,1,0.11009909768683668
ambient,PROX1,1,0.5647147276868294
outplane,EDN1,3,0.1647837291006118
outplane,CFTR,1,0.9997975699600768
inplane,MYC,1,0.694042535546583
inplane,GATM,1,0.999943592349425
inplane,AQP8,2,0.9997649743306938
outplane,LAMP3,1,0.6375915737354048
outplane,TNC,1,0.9951831482164466
outplane,DST,1,0.3735449246406226
outplane,AMY2A,2,0.9999592508218702
outplane,SCGN,1,0.9899527418824366
induction,RIDA,1,0.0401928772181912
induction,HAMP,4,0.0191756951358365
induction,GLYATL1,5,0.002554165658959495
induction,RIDA,3,0.05147718315200922
induction,HAMP,2,0.02580241853278864
induction,GLYATL1,5,0.0033178189532026003
outplane,RAPGEF3,1,0.0
outplane,AMY2A,4,0.9999738272338614
outplane,GATM,1,0.9999443189600176
outplane,GNG11,1,0.0
outplane,GPR183,1,0.69152335086198
outplane,MALL,1,0.11398491679569112
outplane,GATM,1,0.9999327561153641
outplane,EHF,1,0.9988443937066316
outplane,AMY2A,2,0.9999738793896835
outplane,RBP5,1,0.0
outplane,GATM,1,0.9999440058506902
induction,HAMP,3,0.025915936561968778
induction,GLYATL1,5,0.0026070418971649856
induction,RIDA,5,0.036735717442669236
induction,HAMP,4,0.017458537371643823
induction,GLYATL1,1,0.0023484100826356435
induction,RIDA,2,0.03588951578814292
induction,HAMP,5,0.018577966510238575
induction,GLYATL1,3,0.002267227186902976
ambient,RIDA,1,0.14119208614128376
ambient,CFTR,1,0.9997881664976391
induction,RIDA,3,0.03531887835195857
induction,HAMP,4,0.016582474672186986
induction,GLYATL1,3,0.002281486660743237
inplane,AMY2A,4,0.9999627068261729
inplane,AQP8,1,0.9996545754891202
induction,HAMP,9,0.020321620367987014
induction,GLYATL1,1,0.0020811821951047804
ambient,AMY2A,1,0.9999757726954823
ambient,PEBP4,1,0.6139856041422943
inplane,DST,1,0.5855175603365448
inplane,EPCAM,1,0.9994028705036198
inplane,CFTR,1,0.9998630000031369
inplane,GATM,1,0.9999491930287807
induction,HAMP,5,0.01973937483495769
induction,GLYATL1,5,0.0024333845659882947
ambient,ANPEP,1,0.9996045472308261
ambient,HAMP,1,0.0768159779116977
inplane,THBS2,1,0.9977201000028406
inplane,ACTA2,1,0.11973450780985473
inplane,AMY2A,1,0.9999790800366699
inplane,EDNRB,1,0.0
outplane,CFB,1,0.7590356678187612
outplane,GPR183,1,0.5672327333049545
outplane,AMY2A,2,0.999975591734562
ambient,COCH,1,0.8269403740882905
ambient,GLYATL1,1,0.014868637070380109
induction,RIDA,7,0.030767482540700053
induction,GLYATL1,3,0.001939155951942606
inplane,NTN4,1,0.7492347133760247
inplane,DST,1,0.49950615525311404
inplane,CFTR,1,0.9998603083738721
inplane,AMY2A,1,0.9999751749777002
outplane,ADGRL4,1,0.0
outplane,AMY2A,2,0.9999780178497721
outplane,GATM,1,0.9999534081042262
outplane,FKBP11,1,0.953012405434483
outplane,PPP1R1A,1,0.9731556699870755
outplane,AMY2A,2,0.9999799594642224
outplane,CHGA,1,0.9717826776231564
outplane,GATM,1,0.9999575464024513
inplane,TCIM,1,0.0
inplane,KCNK3,1,0.9585361436498441
inplane,GATM,2,0.9999534660973455
ambient,DPEP1,1,0.9397310692179313
ambient,DIRAS3,1,0.8496390369454111
inplane,RIDA,1,0.11177454972303613
inplane,AMY2A,2,0.9999802063501412
inplane,GATM,1,0.9999582187521935
outplane,CFTR,1,0.9997839988335834
outplane,AMY2A,1,0.9999605628447101
outplane,FOXP3,1,0.8797418353317693
outplane,GATM,1,0.9999131330420793
outplane,AMY2A,2,0.999942422001188
outplane,GATM,2,0.9998678021137605
ambient,DPEP1,1,0.9123555750008399
ambient,UMOD,1,0.7112589137186237
induction,RIDA,3,0.05026748988517493
induction,HAMP,4,0.024242742063144362
induction,GLYATL1,1,0.003095439700260827
outplane,STC2,1,0.0
outplane,MDM2,1,0.5296658120004382
outplane,AMY2A,1,0.9999766460182972
outplane,CXCL2,1,0.515897995947221
outplane,GATM,1,0.999950391208062
ambient,AMY2A,1,0.9999258788435386
ambient,GLYATL1,1,0.011884781313626802
induction,RIDA,4,0.05577689684502363
induction,HAMP,3,0.028421875849131584
induction,GLYATL1,3,0.0036071104983562696
induction,RIDA,4,0.03905032871483094
induction,HAMP,4,0.01903456352604105
induction,GLYATL1,2,0.0025134717790213923
induction,RIDA,3,0.08387914397133611
induction,HAMP,2,0.029969327597963114
induction,GLYATL1,1,0.005778974411195126
induction,RIDA,4,0.043855183044725465
induction,HAMP,3,0.021104239905754052
induction,GLYATL1,3,0.0028507392056192904
induction,RIDA,5,0.04073887695128264
induction,HAMP,1,0.017201972221645767
induction,GLYATL1,4,0.0024743055205450615
inplane,NPDC1,1,0.0
inplane,FKBP11,1,0.7941748850379482
inplane,DST,1,0.43712357334524143
inplane,PRF1,1,0.32199155494381515
inplane,AMY2A,2,0.9999319048190672
ambient,KLK11,1,0.9963962331338347
ambient,HAMP,1,0.07535153604766665
outplane,COL5A2,1,3.0320190802513025e-12
outplane,MYC,1,0.6772619046650614
outplane,RIDA,1,0.16037539917042243
outplane,AMY2A,1,0.9999776592996412
outplane,GATM,1,0.9999526261547539
ambient,PEBP4,2,0.722745992732346
outplane,PECAM1,1,0.0
outplane,RAPGEF3,1,0.0
outplane,CFTR,1,0.9998182815234331
outplane,AMY2A,2,0.9999672019658465
ambient,RIDA,1,0.11781470487022527
ambient,AMY2A,1,0.999970721855117
inplane,MMRN2,1,0.0
inplane,CFTR,1,0.9998258168080165
inplane,AMY2A,2,0.9999702929229631
inplane,MZB1,1,0.8905894665993407
ambient,CPA3,1,0.8387166200944335
ambient,HAMP,1,0.0756066275854852
outplane,CAVIN1,3,0.4399763960450379
outplane,ANPEP,1,0.9987948697117768
ambient,UMOD,1,0.817383997767532
ambient,COCH,1,0.6558774825709357
induction,RIDA,4,0.03398771954502566
induction,HAMP,4,0.017867189684274254
induction,GLYATL1,2,0.002149781690284902
induction,RIDA,1,0.0648127188073151
induction,GLYATL1,3,0.004545534326963141
induction,RIDA,2,0.031128566111180977
induction,HAMP,4,0.015777512543214578
induction,GLYATL1,4,0.0019490555963949108
outplane,FKBP11,1,0.8240200700934481
outplane,ANPEP,1,0.9994155353701027
outplane,AMY2A,1,0.9999627313044769
outplane,KCNK3,1,0.9362985820962588
outplane,TCL1A,1,0.17355017821325036
inplane,APOLD1,1,0.0
inplane,TENT5C,1,0.9969435490695788
inplane,SCGN,2,0.9903242641299643
induction,RIDA,4,0.03200133468303956
induction,HAMP,3,0.015030451126308186
induction,GLYATL1,3,0.0020968948305569723
inplane,CFB,1,0.8935619286028289
inplane,C15orf48,1,0.9953334098812999
inplane,TENT5C,1,0.9970379171055155
inplane,AMY2A,3,0.9999755252864976
outplane,PDPN,1,0.4715331979470162
outplane,TNC,1,0.9953940257984314
outplane,PLA2G7,1,0.9940399352551584
outplane,AMY2A,1,0.9999696778344068
outplane,EHF,1,0.9964053908821481
outplane,AMY2A,2,0.9999286411481687
outplane,LYVE1,1,0.0
induction,HAMP,3,0.027579550957671173
induction,GLYATL1,3,0.003783796047977517
inplane,TCIM,1,0.0
inplane,CD163,1,0.9962704424572646
inplane,C1orf162,1,0.5208580430231977
inplane,KCNK3,1,0.7768906227307814
ambient,PROX1,1,0.5074826918181592
ambient,GATM,1,0.9998389422637243
induction,RIDA,5,0.0442088661429626
induction,HAMP,3,0.021154213101453045
induction,GLYATL1,2,0.0028254568470029717
outplane,MET,1,0.37425227325095545
outplane,AMY2A,3,0.9999665621570768
outplane,GATM,1,0.9999264891476146
inplane,AMY2A,3,0.9999732216490871
inplane,DUSP2,1,0.5757900040123213
inplane,ADH1C,1,0.5965044222175998
ambient,ANPEP,1,0.9995099539379557
ambient,KLK11,1,0.9948652264605343
outplane,CFB,2,0.7275424707788357
outplane,AMY2A,1,0.9999712782318241
outplane,AGR3,1,0.6694352163507491
inplane,EPCAM,1,0.9986373494940604
inplane,AMY2A,2,0.9999387585273045
inplane,GATM,2,0.9998550607575726
inplane,SMYD2,1,0.6119896587143892
inplane,AMY2A,1,0.9999658444560542
inplane,GATM,2,0.9999254794312445
inplane,AQP8,1,0.9996874978371757
inplane,CFTR,1,0.9998307114278691
inplane,AMY2A,2,0.9999668438849673
inplane,CXCL2,1,0.6820895897048505
ambient,FKBP11,1,0.7899845896465556
ambient,UMOD,1,0.6838795092336927
outplane,FKBP11,1,0.8505357940733869
outplane,UMOD,1,0.7711181752257279
outplane,PLIN4,1,0.3138490960496998
outplane,SPIB,1,0.7167135759720591
ambient,ANPEP,1,0.999665269911275
ambient,UMOD,1,0.8542108199048188
outplane,MCF2L,1,0.0
outplane,CXCR4,1,0.4022961669347298
outplane,PTPRC,1,0.997745551882268
outplane,AMY2A,2,0.9999754021140688
outplane,GATM,1,0.9999475477235664
induction,RIDA,1,0.038017451386047174
induction,HAMP,5,0.01714865535124699
induction,GLYATL1,4,0.002402360870942255
ambient,CPA3,1,0.8338051718997598
ambient,COCH,1,0.7903985189815492
inplane,PECAM1,1,0.0
inplane,SMYD2,1,0.7877581955936833
inplane,CFTR,1,0.9998512837450904
inplane,AMY2A,3,0.9999746754614787
inplane,GATM,2,0.9999457973564664
induction,RIDA,4,0.0335941448023801
induction,HAMP,4,0.014977039930323066
induction,GLYATL1,2,0.002108340993157265
induction,RIDA,6,0.03682426597249733
induction,GLYATL1,4,0.0023295219564670733
outplane,AMY2A,3,0.9999736364129387
outplane,GATM,1,0.9999438759207081
outplane,AQP8,1,0.9997688419555821
outplane,ANPEP,1,0.9996013785037376
outplane,AMY2A,1,0.9999718981530871
outplane,CXCL2,1,0.6257032986559892
outplane,GATM,1,0.9999397832492671
inplane,ECSCR,1,0.0
inplane,MEDAG,1,2.5602520103973347e-11
inplane,DST,1,0.4772699299080805
inplane,CFTR,1,0.9998792963027607
outplane,STC2,1,0.0
outplane,ACTA2,1,0.3478355290943578
outplane,TCIM,1,0.0
outplane,AMY2A,1,0.9999718533156605
outplane,GATM,1,0.999939666881149
outplane,CFTR,1,0.9998459505176134
outplane,AMY2A,2,0.9999723966878368
outplane,GPC3,1,0.8499845179053185
outplane,GATM,1,0.9999405481427811
outplane,AQP8,1,0.9997530569686158
outplane,CD68,1,0.5695408883225225
outplane,AMY2A,2,0.999980873341348
outplane,GATM,1,0.9999596811230249
outplane,AMY2A,3,0.999979569113472
outplane,GATM,2,0.9999568838742725
ambient,HAMP,1,0.07063517513458106
ambient,PROX1,1,0.7064158740433095
induction,RIDA,2,0.05424198444683992
induction,HAMP,3,0.018955231146614016
induction,GLYATL1,3,0.003603353268582077
inplane,CFTR,1,0.9998554111327241
inplane,AMY2A,3,0.9999748750456373
inplane,GATM,1,0.9999462575465586
inplane,TSPAN19,1,0.3292591258256543
outplane,NTN4,1,0.7602861086713928
outplane,MDM2,1,0.6451843219650089
outplane,EPCAM,1,0.9993408151614882
outplane,GATM,2,0.9999350285231845
inplane,VCAN,1,0.9996448573319623
inplane,MFAP5,1,0.8049655883189839
inplane,DST,1,0.4579319097599881
inplane,LILRA4,1,0.2742928486850599
outplane,ANPEP,2,0.999507586724637
outplane,GATM,2,0.9999240540965827
ambient,PROX1,1,0.7959098510559495
ambient,AQP3,1,0.8034927084584264
ambient,CFTR,1,0.999862953379785
ambient,AQP3,1,0.7880404744512682
outplane,CFB,1,0.8734263805229674
outplane,EHF,1,0.9983055631521536
outplane,AMY2A,2,0.9999716962663507
induction,RIDA,3,0.0620407126835798
induction,HAMP,3,0.02952919958676614
induction,GLYATL1,4,0.00401354501354223
inplane,TNC,1,0.9956501252183457
inplane,FCGR3A,1,0.7486687248398969
inplane,MET,1,0.30803389260025527
inplane,ANPEP,1,0.9996086540958589
inplane,AMY2A,3,0.9999725740433072
inplane,GATM,1,0.9999412301468444
induction,RIDA,2,0.031770218125656724
induction,HAMP,6,0.01633733148877914
induction,GLYATL1,2,0.0020107944891428753
ambient,CPA3,1,0.6226698316198431
ambient,COCH,1,0.5413688228577407
inplane,DPEP1,1,0.9632543167787257
inplane,MYC,1,0.6047762009585582
inplane,AMY2A,1,0.9999663733668006
inplane,GATM,1,0.9999265857163546
inplane,PPP1R1A,1,0.9666334923835784
inplane,AMY2A,2,0.9999692338182097
inplane,GATM,1,0.9999340900687215
induction,RIDA,3,0.03211504830153822
induction,HAMP,4,0.01557635427976356
induction,GLYATL1,3,0.00205990568039649
ambient,CA4,1,0.7252467046854184
ambient,KCNK3,1,0.9320308203515555
ambient,DPEP1,1,0.96628185818818
ambient,UMOD,1,0.8502846153687768
inplane,CFTR,1,0.999667466823213
inplane,AMY2A,2,0.9999427617709341
inplane,GATM,1,0.9998684535110153
induction,RIDA,3,0.05333385786182043
induction,HAMP,1,0.032678614881306745
induction,GLYATL1,2,0.0035403962522273513
ambient,FKBP11,1,0.9108823731800895
ambient,HAMP,1,0.0687351510540678
ambient,CFTR,1,0.9998758616712644
ambient,DIRAS3,1,0.9186350493535245
outplane,MMRN2,1,0.0
outplane,CFTR,2,0.999818578710631
outplane,AMY2A,1,0.9999669734064783
outplane,GATM,1,0.9999286527111358
inplane,TCIM,1,0.0
inplane,AMY2A,2,0.9999780973940585
inplane,AQP8,1,0.9998092635950133
ambient,FKBP11,1,0.9455209276149883
ambient,DIRAS3,1,0.9499846082384423
inplane,CFB,1,0.8211000057547495
inplane,SLC4A1,1,0.0950927385414504
inplane,AMY2A,1,0.9999786827387489
inplane,GATM,1,0.9999549636773182
inplane,AQP8,1,0.9998155118411262
induction,RIDA,2,0.037001606482781724
induction,HAMP,6,0.019223144059062336
induction,GLYATL1,2,0.002373027732751831
ambient,RIDA,1,0.14210355879275371
ambient,GATM,1,0.9998724839903675
inplane,C15orf48,1,0.9954428378219378
inplane,SMYD2,1,0.4983560656589153
inplane,GATM,2,0.9998333786755417
inplane,MCF2L,1,0.0
inplane,VWA5A,1,0.7118866788251409
inplane,MS4A6A,1,0.39656052435130407
inplane,CFTR,1,0.9998752919043986
inplane,AMY2A,1,0.99997656394456
outplane,EDN1,1,0.2328351141682926
outplane,CCL5,1,0.18362617262502878
outplane,AMY2A,1,0.9999513898521921
outplane,GATM,1,0.9998806009255684
outplane,AQP8,1,0.9994780620443645
outplane,MEDAG,1,0.34939416549255387
outplane,RND1,1,0.09737358436540222
outplane,FXYD2,1,0.941750343849808
outplane,EGFR,1,0.7609879287919237
outplane,AMY2A,2,0.99997521140922
outplane,KCNK3,1,0.94813364111974
outplane,AQP8,1,0.9997821678943012
induction,RIDA,5,0.03693402502972676
induction,HAMP,2,0.016204537109864803
induction,GLYATL1,3,0.0024088821356883505
outplane,CFTR,1,0.9998116641837632
outplane,AMY2A,3,0.9999659728821512
outplane,GATM,1,0.9999255531894409
inplane,CLEC14A,1,0.0
inplane,CFTR,1,0.9998331049350164
inplane,AMY2A,2,0.9999701408290912
induction,RIDA,4,0.04150390670522841
induction,HAMP,3,0.02056016743646627
induction,GLYATL1,3,0.0026399532914679336
ambient,DPEP1,1,0.9716994301128047
ambient,AQP8,1,0.9998013601543311
inplane,TCF4,1,0.0
inplane,APOLD1,1,0.0
inplane,CFTR,1,0.9998571958971871
inplane,SPI1,1,0.48848578264764353
outplane,BCL2L11,1,0.2909154838866347
outplane,AMY2A,3,0.999976171692447
outplane,GATM,1,0.999949304432507
induction,RIDA,5,0.04573241323341126
induction,HAMP,1,0.021776221600840362
induction,GLYATL1,4,0.0029567676434728574
ambient,KLK11,1,0.9896235324634468
ambient,AQP8,1,0.9992060090303458
inplane,ACTA2,1,0.11844166257426425
inplane,AMY2A,2,0.999958710376396
inplane,GATM,1,0.9999090892545567
inplane,ASPN,1,0.21283357344688558
inplane,CFTR,1,0.9997828646896973
inplane,AMY2A,2,0.9999516465201156
inplane,GATM,1,0.9998909737225097
ambient,CFTR,1,0.9997659737194683
ambient,KLK11,1,0.9923797121892118
ambient,ANPEP,1,0.9991344183115958
ambient,AMY2A,1,0.9999394796714469
induction,RIDA,1,0.034513078501161476
induction,HAMP,5,0.01593380734808547
induction,GLYATL1,4,0.0022408673480255326
induction,RIDA,2,0.09995398729809202
induction,HAMP,1,0.031836861026674934
induction,GLYATL1,1,0.007028808902886707
ambient,KLK11,1,0.9899585951925255
ambient,AQP3,1,0.6601633078900617
outplane,BANK1,1,0.39933038059660364
outplane,AMY2A,4,0.9999282047832815
inplane,AMY2A,3,0.9999353006199986
inplane,GATM,2,0.9998463007164303
outplane,AMY2A,2,0.9999348700150457
outplane,GATM,1,0.999846020015628
outplane,AQP8,1,0.9993112246443315
ambient,GATM,2,0.9998692342250171
outplane,CFB,1,0.8582249417917798
outplane,EDN1,1,0.2173722913220294
outplane,EPCAM,1,0.999322916840838
outplane,CFTR,1,0.9997889112859413
outplane,EHF,1,0.9982570499259148
inplane,MDM2,1,0.5919376753183199
inplane,AMY2A,2,0.9999304074909489
inplane,GATM,1,0.9998349275071741
inplane,AQP3,1,0.7372869878326904
outplane,ACTG2,2,0.36217443947020245
outplane,AMY2A,2,0.9999235803460357
outplane,CD83,1,0.6152704866516514
outplane,EPCAM,1,0.9991800063394114
outplane,CFTR,2,0.9996347093364444
inplane,SLAMF7,1,0.9799476102572697
inplane,AMY2A,2,0.9999281643344605
inplane,CD2,1,0.6521307905295715
ambient,GATM,1,0.9998658426179806
ambient,GLYATL1,1,0.011293621614272054
inplane,AMY2A,4,0.9999370207506565
inplane,CXCL2,1,0.3877942681773826
induction,RIDA,1,0.07569230767890911
induction,HAMP,1,0.04287267995592625
induction,GLYATL1,2,0.005312296483041101
outplane,MET,1,0.3381087301451219
outplane,CFTR,1,0.9997230940641073
outplane,AMY2A,2,0.9999313568373305
outplane,GATM,1,0.9998351470726341
inplane,BCL2L11,1,0.23271758129874875
inplane,FKBP11,1,0.7191511841957605
inplane,AMY2A,3,0.9999337012899566
inplane,GATM,1,0.9998415297518788
outplane,KLK11,1,0.992199587814059
outplane,AMY2A,1,0.9999442484771809
outplane,KCNK3,1,0.8323794357588558
outplane,PROX1,1,0.6303394363619799
outplane,GATM,2,0.9998722334197415
induction,RIDA,1,0.06986855430561156
induction,HAMP,2,0.03347088481334215
induction,GLYATL1,1,0.0050568923188799575
ambient,AQP8,1,0.999299631982185
ambient,PEBP4,1,0.5574536201364257
outplane,AMY2A,1,0.9999383858883617
outplane,GATM,3,0.9998581168753328
induction,RIDA,1,0.08464284213133422
induction,HAMP,2,0.031033138059709198
induction,GLYATL1,1,0.006305938885854401
ambient,GATM,1,0.9998169995913923
ambient,GLYATL1,1,0.012805466316672343
outplane,CFB,1,0.7911758224997724
outplane,TFPI,1,0.0
outplane,AMY2A,1,0.999929044631429
outplane,EGFR,1,0.7103009624473462
ambient,KLK11,1,0.9907779221217958
ambient,CPA3,1,0.5930270262883401
ambient,KLK11,1,0.9927143355890092
ambient,PEBP4,1,0.3906166600933305
inplane,CFB,1,0.8255001728043718
inplane,CFTR,1,0.9997012155331485
inplane,AMY2A,1,0.9999422035909925
inplane,GATM,1,0.9998669629120756
outplane,CD68,1,0.742317521624577
outplane,ANPEP,1,0.9993420166256599
outplane,AMY2A,1,0.9999547493807874
outplane,GATM,1,0.9999004302659031
inplane,AMY2A,2,0.9999353443163732
inplane,AQP8,1,0.999314749239245
inplane,DIRAS3,1,0.7812688415334457
ambient,RIDA,1,0.1587744768918703
ambient,AMY2A,1,0.9999483312127107
ambient,HAMP,1,0.055177632787792086
ambient,DIRAS3,1,0.7862299354978608
inplane,VCAN,1,0.9996935361729787
inplane,FHL2,1,0.3484666093816704
inplane,CFTR,3,0.9995239568071242
ambient,AMY2A,1,0.9999229243487964
ambient,KCNK3,1,0.785918110263296
inplane,AMY2A,1,0.9999516735133716
inplane,GATM,1,0.9998910117726991
inplane,AQP8,2,0.9995311578972009
outplane,DST,1,0.5601535805162032
outplane,MYC,1,0.5176492426898818
outplane,AMY2A,1,0.9999462080539782
outplane,COCH,1,0.624261275223239
outplane,AQP8,1,0.9994621141481972
outplane,FHL2,1,0.5035899806894021
outplane,ACTG2,1,0.7361912846315872
outplane,EPCAM,1,0.9991609141030542
outplane,ANPEP,1,0.9989701166048105
outplane,KLRB1,1,0.7450935082556239
outplane,CXCL10,1,0.7581304686027505
outplane,GATM,2,0.9998619829081276
outplane,AQP8,1,0.9993952129059831
outplane,CAVIN1,1,0.11102929492158287
outplane,PRDM1,1,0.1750101407022857
outplane,CYTIP,1,0.6811952656673412
outplane,TMEM52B,1,0.48241843170088394
outplane,CFTR,1,0.9997687335808462
outplane,AMY2A,1,0.9999254345896522
outplane,GATM,1,0.9998232559649483
ambient,AMY2A,1,0.9999436065276238
ambient,KCNK3,1,0.8590716136495358
inplane,AMY2A,1,0.9999287222203663
inplane,GPC3,1,0.627060892703208
inplane,PROX1,1,0.5601780245592254
inplane,GATM,1,0.9998310867497463
outplane,FSTL3,1,0.8250114636626508
outplane,CFTR,1,0.9997854031885701
outplane,AMY2A,1,0.999960457842772
outplane,CSF3,1,0.11354545035655006
inplane,AMY2A,2,0.9999359995971095
inplane,PROX1,1,0.5901967595295079
inplane,GLYATL1,1,0.01140502039715463
inplane,CFTR,1,0.9997473734968058
inplane,AMY2A,3,0.999953138058021
ambient,ANPEP,1,0.9992484656272386
ambient,PEBP4,1,0.33849166348468374
outplane,EPCAM,2,0.9994274306863759
outplane,AMY2A,1,0.9999441914286779
outplane,KCNK3,1,0.8598125271818652
outplane,GATM,1,0.9998719655172508
ambient,COCH,1,0.5098946229058903
ambient,PEBP4,1,0.3400115536258569
inplane,NTN4,1,0.6230545032197748
inplane,RIDA,1,0.14782085388684996
inplane,AMY2A,1,0.9999412001995178
inplane,MMRN1,1,0.010370382486421525
inplane,TFPI,2,0.0
inplane,CXCL6,1,0.9990870966147193
inplane,PROX1,1,0.6280893175934572
inplane,AMY2A,2,0.9999427091672406
inplane,GATM,1,0.9998681981087675
inplane,AQP8,1,0.9994238414755349
inplane,CFTR,1,0.9998092253794532
inplane,AMY2A,2,0.9999674141247209
inplane,GATM,1,0.9999296180917516
inplane,NTN4,1,0.5636309284888059
inplane,KCNMA1,1,0.37163329107863274
inplane,AMY2A,2,0.9999420359588227
inplane,NTN4,1,0.49442067469903916
inplane,BAMBI,1,0.4509204136849909
inplane,TFPI,1,0.0
inplane,AMY2A,1,0.9999510224577627
induction,RIDA,2,0.03868384707370731
induction,HAMP,3,0.02297362002957848
induction,GLYATL1,5,0.002428057044573384
induction,RIDA,1,0.03360971181942918
induction,HAMP,4,0.014870957241765126
induction,GLYATL1,5,0.0021508781330515925
inplane,DPEP1,1,0.925619470589971
inplane,ANPEP,1,0.9993901149637113
inplane,TENT5C,1,0.9947354467989569
inplane,GATM,1,0.999906797235649
outplane,AMY2A,2,0.999942619406582
outplane,GPC3,1,0.5695819617519878
outplane,GATM,1,0.9998682345368091
inplane,AMY2A,3,0.999950171157104
inplane,GATM,1,0.9998876882007058
outplane,AMY2A,6,0.99996303755352
outplane,FKBP11,1,0.7555475184869841
outplane,AMY2A,2,0.9999419597050215
outplane,GATM,2,0.9998667833955646
outplane,DST,1,0.4070904290410229
outplane,EPCAM,1,0.9991650462024848
outplane,BAMBI,1,0.5941784824046079
outplane,AMY2A,1,0.9999484523602518
inplane,TENT5C,1,0.99202491356783
inplane,AMY2A,4,0.9999326588762768
outplane,TCIM,1,0.0
outplane,EPCAM,2,0.9992364947026202
outplane,AMY2A,2,0.9999458174389079
outplane,AQP8,1,0.9994561741638869
outplane,THAP2,1,0.32918230446925933
outplane,CFTR,1,0.9996759195970989
outplane,IGSF6,1,0.6883278149691545
outplane,AMY2A,1,0.9999361963632587
outplane,GATM,1,0.9998536848909011
inplane,LAMP3,1,0.6054390021637184
inplane,NTN4,1,0.34072544687186446
inplane,AMY2A,1,0.9999213360026593
inplane,SST,1,0.993010240144271
inplane,GATM,2,0.9998131976350871
ambient,FKBP11,1,0.7161914679725343
ambient,AMY2A,1,0.999930735968003
inplane,SFRP2,1,0.9997144792922875
inplane,PPARG,1,0.08538112333444958
inplane,CFTR,1,0.999779768603604
inplane,AMY2A,2,0.9999622730669552
inplane,GATM,1,0.9999169511575468
inplane,CRISPLD2,1,0.47025030439165416
inplane,FKBP11,1,0.8530661903873862
inplane,MDM2,2,0.5286667044108735
inplane,AMY2A,1,0.9999617633548852
inplane,GATM,1,0.999915888534074
inplane,EPCAM,1,0.9993449297143309
inplane,AMY2A,2,0.999960043172811
inplane,GATM,1,0.9999116196361119
ambient,CA4,1,0.6314280972627542
ambient,KCNK3,1,0.8728861559153068
ambient,PROX1,1,0.6088970593414911
ambient,DIRAS3,1,0.7704750126333323
ambient,KLK11,1,0.9897426717795023
ambient,COCH,1,0.46753856021213847
ambient,CFTR,1,0.9997510939132571
ambient,COCH,1,0.4453391118029849
outplane,ANPEP,1,0.9989476716544418
outplane,EHF,1,0.9977023981497456
outplane,AMY2A,2,0.9999296028930437
outplane,MLPH,1,0.4920681688452293
outplane,GATM,1,0.9998324161790435
inplane,CFTR,1,0.9996671295642934
inplane,IL1R2,1,0.4411196763253953
inplane,AMY2A,2,0.9999334832394582
inplane,GATM,2,0.999842535386954
inplane,AMY2A,2,0.9999327299557773
inplane,GPC3,1,0.5813064135944344
inplane,AQP8,1,0.9992847465028645
inplane,MS4A6A,1,0.9169058658239596
inplane,CXCR4,2,0.6542251943821785
inplane,MYC,1,0.4599067199699307
inplane,ADAM28,1,0.7860058900960363
inplane,FCER1A,1,0.8971820058050659
inplane,AMY2A,2,0.9999431103828814
outplane,NTN4,1,0.5586083643606476
outplane,TM4SF18,1,0.0
outplane,AMY2A,1,0.9999271073399665
outplane,GATM,1,0.999827359385782
inplane,SLC26A2,1,0.1635982796638047
inplane,ANPEP,1,0.9989395099345199
inplane,CFTR,1,0.9996028536915579
inplane,AMY2A,1,0.999931104281177
inplane,AMY2A,2,0.9999505449462813
inplane,GATM,2,0.9998884113990003
outplane,PTGDS,1,0.5758430820107662
outplane,FBN1,1,0.30951086040250664
outplane,DPT,2,0.7904530526159557
ambient,CPA3,1,0.634602592369115
ambient,AQP3,1,0.7791092452216037
outplane,MYC,1,0.35400557196155613
outplane,CFTR,1,0.9995982226089659
outplane,AMY2A,2,0.9999297487395206
outplane,GATM,1,0.999833562585778
induction,RIDA,2,0.08603301334466651
induction,HAMP,2,0.07589102629259037
induction,RIDA,3,0.13694228093706173
induction,GLYATL1,1,0.009743679349817347
ambient,PROX1,1,0.6682392817538266
ambient,PEBP4,1,0.3450606485458785
induction,RIDA,3,0.08434006839768737
induction,GLYATL1,1,0.005958665969048371
ambient,ANPEP,1,0.9995968788929004
ambient,DIRAS3,1,0.8698701910428261
induction,RIDA,4,0.02792898188371329
induction,HAMP,4,0.01321226475256665
induction,GLYATL1,2,0.0017681759832096633
inplane,MS4A6A,1,0.7227532454492369
inplane,MYLK,1,0.01238478832727763
inplane,CFTR,2,0.9998618622764512
inplane,AMY2A,1,0.9999770229511511
inplane,GATM,2,0.9999512470689279
induction,RIDA,2,0.03365162680416778
induction,HAMP,6,0.017266254452196428
induction,GLYATL1,2,0.002126135120019468
induction,RIDA,3,0.031020991116533336
induction,HAMP,4,0.015930416181688667
induction,GLYATL1,3,0.001944611927789941
inplane,CFTR,1,0.9998684196989873
inplane,AMY2A,4,0.9999780791975361
inplane,GATM,1,0.9999537413957662
outplane,MYC,4,0.7334986250034192
outplane,GATM,2,0.9999579110310309
inplane,AMY2A,3,0.9999773743190481
inplane,COCH,1,0.7811866826786926
outplane,CFTR,1,0.9996281572968838
outplane,AMY2A,3,0.9999399280071808
outplane,GATM,1,0.999858348961775
outplane,GLIPR1,3,0.5929622480593915
outplane,GATM,1,0.9998343530934801
induction,RIDA,2,0.028952622909152903
induction,HAMP,4,0.015442455212478445
induction,GLYATL1,4,0.0018113425474383105
outplane,INMT,1,0.07954054351371764
outplane,AMY2A,3,0.9999793479766265
outplane,CA4,1,0.6989993575701469
outplane,AMY2A,1,0.9999459952130992
outplane,CXCL2,1,0.3999635246561851
outplane,GATM,2,0.9998762570345812
outplane,FKBP11,1,0.9280412203155407
outplane,AMY2A,3,0.999979583703898
outplane,GATM,1,0.9999568596794405
outplane,NTN4,1,0.757908811085604
outplane,DPEP1,1,0.9759586120885934
outplane,AMY2A,2,0.9999735426367925
induction,RIDA,1,0.02941822131504379
induction,HAMP,5,0.016928315455974396
induction,GLYATL1,4,0.0018594030887808533
inplane,GDF15,1,0.8778160339392943
inplane,AMY2A,3,0.9999652970646846
inplane,GATM,2,0.9999223364704205
ambient,KLK11,1,0.9940788839935434
ambient,CA4,1,0.66683553152092
outplane,MYC,1,0.6136597454865467
outplane,IL2RA,1,0.07174657602822598
outplane,AMY2A,2,0.9999730674003106
induction,RIDA,4,0.052704791666527195
induction,HAMP,5,0.026686339431211792
induction,GLYATL1,1,0.0033860739536649698
inplane,CTLA4,1,0.24329668177868546
inplane,AMY2A,1,0.9999777727424433
inplane,GATM,2,0.999952917024698
outplane,FKBP11,1,0.7556811180565343
outplane,CFTR,1,0.9996099416918729
outplane,AMY2A,3,0.9999370725423761
ambient,RIDA,1,0.12485370330760426
ambient,CFTR,1,0.999847791657942
ambient,KLK11,1,0.991714102407939
ambient,KCNK3,1,0.8514151333944712
ambient,HAMP,1,0.08360595179849117
ambient,PEBP4,1,0.2846991169695793
ambient,CFTR,1,0.9997787652262062
ambient,PEBP4,1,0.45373522132763233
induction,RIDA,3,0.03532977710568064
induction,HAMP,3,0.018604401805359494
induction,GLYATL1,4,0.0022252823104645936
inplane,MPEG1,1,0.6533584232781474
inplane,CFTR,1,0.9998702212204478
inplane,AMY2A,1,0.9999753978201673
inplane,FXYD2,1,0.9686972992558842
ambient,DPEP1,1,0.975260020316444
ambient,ANPEP,1,0.9996625020163348
induction,RIDA,3,0.045643524318329964
induction,HAMP,4,0.022166607501073243
induction,GLYATL1,3,0.002915156826985732
inplane,FKBP11,2,0.9450723745144342
inplane,GATM,1,0.9999585368536179
inplane,AQP8,1,0.999830359979237
outplane,TCIM,1,0.0
outplane,CRISPLD2,1,0.7093509581282724
outplane,PLIN4,1,0.6792829927102209
outplane,AMY2A,3,0.9999795155388779
outplane,OGN,1,0.9050563722311566
induction,RIDA,3,0.04808985890324469
induction,HAMP,5,0.023086002942994344
induction,GLYATL1,2,0.0030999592398727183
ambient,HAMP,1,0.05894229558325148
ambient,GLYATL1,1,0.006088112106059307
induction,RIDA,6,0.05175906583947243
induction,HAMP,2,0.025057377449510643
induction,GLYATL1,2,0.0033186687925256253
induction,RIDA,4,0.03978728860589742
induction,HAMP,4,0.01838341226303608
induction,GLYATL1,2,0.002518580054917452
inplane,AMY2A,3,0.9999773538108734
inplane,GATM,1,0.999951855812095
outplane,FKBP11,1,0.931130546412592
outplane,EPCAM,1,0.9992092445951125
outplane,GATA2,1,0.0
outplane,DERL3,1,0.511832022089077
outplane,AMY2A,2,0.9999760820183851
outplane,GATM,1,0.999948941823618
induction,HAMP,3,0.017172517161315737
induction,GLYATL1,7,0.0023865706934425024
ambient,AMY2A,1,0.9999674662972888
ambient,AQP3,1,0.7267458302476628
induction,RIDA,1,0.03024027363918491
induction,HAMP,5,0.015227737005790165
induction,GLYATL1,4,0.0018939123923612522
induction,HAMP,2,0.0504143259123383
induction,GLYATL1,2,0.004444073965156892
inplane,MYLK,1,0.13337858609814313
inplane,CRISPLD2,1,0.036829451901572496
inplane,EPCAM,1,0.9996963337937711
inplane,CFTR,2,0.9997876591558219
inplane,AMY2A,2,0.9999329256722397
inplane,FXYD2,1,0.9552410476518824
inplane,PROX1,1,0.6897006190627379
outplane,CFB,1,0.8362740959725516
outplane,PPP1R1B,2,0.9593056023656042
outplane,AMY2A,2,0.9999764150592033
outplane,FXYD2,1,0.9548646823311386
induction,RIDA,5,0.03106210760664041
induction,HAMP,3,0.01376669110293327
induction,GLYATL1,2,0.0019966619735700686
ambient,KCNK3,2,0.9137213893194436
inplane,FBLN1,2,0.7753037053119223
inplane,APCDD1,1,0.2277886919037213
inplane,CFTR,2,0.9998116322841808
ambient,DPEP1,1,0.9458085944215288
ambient,KLK11,1,0.9952361439171797
induction,RIDA,2,0.03460678980961529
induction,HAMP,3,0.01914702950005176
induction,GLYATL1,5,0.002184590165411615
outplane,ANPEP,1,0.9992549688722793
outplane,KCNK3,1,0.9643327285626441
outplane,CXCL2,2,0.46008208701081277
outplane,PROX1,1,0.8847185921820058
outplane,GATM,1,0.9998890530700693
inplane,MPEG1,1,0.31312485381056243
inplane,CFTR,1,0.9997042824065767
inplane,CA4,1,0.5902771287982844
inplane,AMY2A,1,0.9999512155865711
induction,RIDA,3,0.04017983257929192
induction,HAMP,4,0.020731925972371057
induction,GLYATL1,3,0.002524459366621268
inplane,CAVIN1,1,0.1371071412443674
inplane,SMYD2,1,0.7727881596536305
inplane,AMY2A,1,0.9999742956501606
inplane,GPX2,1,0.9905505409605326
induction,RIDA,5,0.030664768456613367
induction,HAMP,4,0.017400204664324903
induction,GLYATL1,1,0.001910857217039097
inplane,BCL2L11,1,0.6556792715996105
inplane,AMY2A,3,0.9999777174482068
inplane,GATM,1,0.9999526584123306
inplane,AQP8,1,0.999805288917434
induction,RIDA,2,0.03374565736609514
induction,HAMP,4,0.016140466914915552
induction,GLYATL1,4,0.0021213431838086327
outplane,SOX2,1,0.32763415075241686
outplane,SEMA3C,1,0.7925661111254275
outplane,DST,1,0.4816499083899183
outplane,SCGN,1,0.9902925256309458
induction,RIDA,5,0.03800896790997066
induction,HAMP,3,0.019286502928144933
induction,GLYATL1,2,0.0024071089126876943
outplane,FKBP11,1,0.8840625576416985
outplane,AMY2A,2,0.9999715828283107
outplane,AQP8,1,0.9997485737604316
inplane,AMY2A,2,0.9999660078691794
inplane,GATM,2,0.9999258920131212
induction,RIDA,4,0.04464395188972514
induction,HAMP,4,0.024063840815845006
induction,GLYATL1,2,0.002825906439479997
inplane,GNG11,1,0.0
inplane,CFTR,1,0.9998686270414768
inplane,AMY2A,1,0.9999781167946131
inplane,AQP8,1,0.999810828021778
induction,RIDA,2,0.05921048125911543
induction,HAMP,3,0.03000959771376932
induction,GLYATL1,5,0.003873396778883431
ambient,ANPEP,1,0.999700640599607
ambient,CA4,1,0.8158891268556776
induction,RIDA,4,0.0344769247315343
induction,HAMP,3,0.017559079581241033
induction,GLYATL1,3,0.0021993034044754944
ambient,DPEP1,1,0.9749160664612279
ambient,KLK11,1,0.9964833552569509
outplane,CD28,1,0.3198965557488753
outplane,PLAC9,1,0.13577821151959735
outplane,AMY2A,1,0.9999745170228472
outplane,COCH,1,0.7421524975772731
outplane,GATM,1,0.9999456755190536
outplane,AMY2A,2,0.9999755612957376
outplane,GATM,1,0.9999477134019518
outplane,AQP8,1,0.9997838673870478
outplane,AMY2A,1,0.9999746243577876
outplane,GATM,3,0.9999456583730905
outplane,AQP8,1,0.9997752224388577
induction,RIDA,3,0.03572182727641726
induction,HAMP,5,0.01890795289356917
induction,GLYATL1,2,0.0022610118079103847
induction,RIDA,3,0.04698022793198653
induction,HAMP,5,0.021049451842348077
induction,RIDA,1,0.08452531042566214
induction,HAMP,3,0.03823257053719664
induction,RIDA,5,0.0448036702547866
induction,HAMP,1,0.020938115934745927
induction,GLYATL1,4,0.0028650531255604017
inplane,MMRN2,1,0.0
inplane,SELL,1,0.11858177519927615
inplane,FCER1A,1,0.6946557174248997
inplane,AMY2A,2,0.9999686612179562
inplane,GATM,1,0.9999322025073187
outplane,MDM2,1,0.4892842119821209
outplane,CNN1,1,0.9921422143527735
outplane,AMY2A,1,0.9999693403112015
outplane,GATM,1,0.9999337012693029
outplane,APOLD1,1,0.0
outplane,AMY2A,2,0.9999631010313276
outplane,AQP8,1,0.9996623036225945
outplane,ANPEP,1,0.9997003697768772
outplane,CFTR,2,0.9998751353680406
outplane,AMY2A,3,0.9999787986554908
inplane,BCL2L11,1,0.3976377343539719
inplane,AMY2A,2,0.9999668469733586
inplane,GATM,1,0.9999272035798583
inplane,AQP8,1,0.9996942623577294
outplane,CFB,2,0.8934308066615607
outplane,CFTR,2,0.9997625012106467
outplane,AMY2A,2,0.9999554358007744
outplane,AQP8,1,0.9995647171700295
outplane,EPCAM,1,0.9991603984791961
outplane,AMY2A,1,0.9999611195284767
outplane,AGER,1,0.052313671051712696
outplane,AQP8,1,0.9996372670407986
inplane,TCIM,1,0.0
inplane,ANPEP,1,0.999481259839577
inplane,AMY2A,3,0.9999637720869896
inplane,GATM,1,0.9999208777283211
inplane,AQP8,1,0.9996679519769696
ambient,ANPEP,1,0.9994232558054436
ambient,AQP3,1,0.7700571624085017
outplane,AMY2A,2,0.9999662558632502
outplane,PROX1,1,0.8176611037070862
outplane,GATM,1,0.9999262035955226
ambient,UMOD,1,0.8317838185975397
ambient,KLK11,1,0.9950112192447436
ambient,CA4,1,0.522267747627025
ambient,PROX1,1,0.6018673266800582
induction,RIDA,5,0.04090908606945132
induction,HAMP,3,0.022405234107531036
induction,GLYATL1,2,0.0026184565357407763
ambient,CFTR,1,0.9998830339097594
ambient,GLYATL1,1,0.007380752434786864
inplane,FKBP11,1,0.8931971960923436
inplane,AMY2A,2,0.999975987495489
inplane,GPC3,1,0.7015580406719684
ambient,CFTR,1,0.9998619306069612
ambient,KCNK3,1,0.9379418872503755
outplane,MYC,1,0.5630971865243568
outplane,AMY2A,2,0.9999745468873156
outplane,GATM,1,0.9999459185876043
outplane,NTN4,1,0.7808780061662488
outplane,AMY2A,1,0.9999777937391241
outplane,EGFR,1,0.8409179829592227
outplane,GATM,2,0.9999528991309294
outplane,CFTR,1,0.9998879601698816
outplane,TIMP4,1,0.19194422274695877
outplane,AMY2A,1,0.999980281446756
outplane,FXYD2,2,0.9701760272136805
induction,RIDA,4,0.0464461806991765
induction,HAMP,4,0.022657717374238828
induction,GLYATL1,2,0.0029721205768900028
induction,RIDA,1,0.0315132781602937
induction,HAMP,4,0.016444163959483005
induction,GLYATL1,5,0.00199158801934729
outplane,CFB,1,0.8649410042374511
outplane,FSTL3,1,0.8557149417265151
outplane,KRT7,1,0.9939909245078277
outplane,ADAMTS1,1,0.054436794858822024
outplane,KCNK3,1,0.9248017715580138
induction,RIDA,2,0.045337122726553214
induction,HAMP,6,0.022137473692147913
induction,GLYATL1,2,0.00288561657670916
outplane,GEM,1,0.4919144472556515
outplane,AMY2A,2,0.9999683318928311
outplane,GATM,1,0.9999316203092115
outplane,AMY2A,2,0.9999689121189919
outplane,PROX1,1,0.7731982347831542
outplane,CYP1A1,1,0.08733830049095681
ambient,RIDA,1,0.16220470160321954
ambient,AMY2A,1,0.9999779649079655
induction,RIDA,4,0.058814628753733
induction,HAMP,4,0.029787020940823528
induction,GLYATL1,2,0.0037985959182966766
ambient,FKBP11,1,0.9139567834634255
ambient,GLYATL1,1,0.007471669128748859
outplane,MYC,1,0.4199251389217583
outplane,EHF,1,0.9959470011388438
outplane,CXCL2,1,0.21376038296530153
outplane,RBP5,1,0.0
ambient,AQP8,2,0.9994673962983717
inplane,NTN4,1,0.7437793707064643
inplane,MDM2,1,0.5309057998332034
inplane,DST,1,0.5305193245656551
inplane,AMY2A,3,0.9999591916440187
inplane,GCG,1,0.9974145712729836
ambient,AMY2A,1,0.9999667384935937
ambient,KCNK3,1,0.9211287207770426
outplane,CAVIN1,2,0.06573906566611187
outplane,LILRB2,1,0.6156562460010474
outplane,SMYD2,1,0.743907500817787
outplane,MDM2,1,0.5858981442047174
outplane,CFTR,1,0.999846560943042
outplane,AMY2A,1,0.9999745234401883
outplane,GATM,1,0.9999456045913507
induction,RIDA,5,0.03988655479163539
induction,HAMP,2,0.022330880926141994
induction,GLYATL1,3,0.002541569629051499
inplane,AMY2A,3,0.9999759515975363
inplane,GPC3,1,0.8070537049111705
inplane,GATM,1,0.9999487915293214
inplane,AQP8,1,0.9997890462886421
outplane,CFB,1,0.39405340737541306
outplane,CFTR,1,0.9995559852840534
outplane,AMY2A,1,0.9999282974428658
outplane,FXYD2,1,0.7324420842771737
induction,RIDA,3,0.03155692211773731
induction,HAMP,2,0.016748251405805603
induction,GLYATL1,5,0.0019783092083980325
induction,RIDA,3,0.07274323089930868
induction,GLYATL1,1,0.005056838025144339
inplane,MYLK,1,0.27369543673127295
inplane,COL5A2,1,0.482611361577701
inplane,ADAMTS1,1,0.024508337283692727
inplane,EDNRB,1,0.0
inplane,AQP8,1,0.9993051041852801
ambient,DIRAS3,1,0.951293413687155
ambient,GLYATL1,1,0.009084448322944416
inplane,CD14,2,0.765568178695753
inplane,FCGR1A,1,0.6936357767665906
inplane,PTPRC,1,0.9981683122194156
inplane,BCL2L11,1,0.31441783008525004
inplane,MYC,1,0.48992536984128787
inplane,AMY2A,1,0.9999602176443614
inplane,GATM,1,0.9999123271875149
inplane,AQP8,1,0.9996295527104699
outplane,PCNA,1,0.22245515172882957
outplane,CFTR,1,0.9997080928953321
outplane,AMY2A,2,0.9999438603778914
outplane,GATM,1,0.9998708877104736
outplane,AQP8,1,0.9994357427018877
inplane,AMY2A,3,0.9999437843836375
inplane,GATM,1,0.9998707003068393
induction,RIDA,2,0.07815654796742344
induction,GLYATL1,2,0.005498961291967364
outplane,AMY2A,3,0.9999613316882102
outplane,GATM,1,0.9999148078053204
outplane,FSTL3,1,0.5721621569848525
outplane,AMY2A,3,0.9999486103287075
ambient,RIDA,1,0.133626253148314
ambient,CA4,1,0.7145134609856721
induction,RIDA,1,0.040569575426044335
induction,HAMP,6,0.0209467358180232
induction,GLYATL1,1,0.002579829661992772
ambient,DIRAS3,1,0.8129766699908106
ambient,PEBP4,1,0.37437709262147956
inplane,FKBP11,1,0.86031121810202
inplane,DPEP1,1,0.9408576453100073
inplane,AMY2A,2,0.9999416023800576
inplane,GATM,2,0.9998660411606018
inplane,AMY2A,2,0.999964250770765
inplane,CXCL6,1,0.9990612680743753
inplane,HEMGN,1,0.21139136568082395
outplane,NTN4,1,0.39058056802810104
outplane,AMY2A,3,0.9999254116126144
induction,RIDA,2,0.06910579202621858
induction,HAMP,1,0.0385264230755602
induction,GLYATL1,1,0.004847972649015819
ambient,AMY2A,1,0.9999404570569184
ambient,PROX1,1,0.5101046575502071
ambient,CFTR,1,0.9995729862082495
ambient,GLYATL1,1,0.010468144868909346
inplane,AMY2A,3,0.9999272411719375
inplane,GATM,1,0.9998275896373919
outplane,CFB,1,0.8818304278025878
outplane,FAS,1,0.30034747503471215
outplane,ACTG2,1,0.339180888174602
outplane,CFTR,1,0.9997499659249344
outplane,AMY2A,1,0.9999403636386488
outplane,FXYD2,1,0.9208992898533693
ambient,DPEP1,1,0.9012631538417495
ambient,AQP3,1,0.7889025832014877
induction,RIDA,1,0.10476309220684932
induction,HAMP,1,0.03586145115903694
induction,GLYATL1,2,0.007471543421864291
inplane,AMY2A,3,0.9999378714990367
inplane,SST,1,0.9944299701124663
inplane,GATM,1,0.9998526555411181
outplane,VCAN,1,0.9992994726219254
outplane,CYP2F1,1,0.41919348845665416
outplane,EPCAM,1,0.9988442589565601
outplane,CFTR,2,0.9996207268479348
outplane,AMY2A,2,0.9999297920754713
outplane,AMY2A,3,0.9999331689621437
outplane,GATM,1,0.9998417801462006
induction,RIDA,1,0.07428647820944179
induction,GLYATL1,3,0.005211788458313382
outplane,TMC5,1,0.9941232063660186
outplane,CFTR,1,0.9998233455776017
outplane,EHF,1,0.9982184565969016
outplane,AMY2A,2,0.9999687712483937
outplane,GATM,1,0.99993251216939
inplane,ANPEP,1,0.9994809890579142
inplane,AMY2A,4,0.9999630306979709
induction,RIDA,1,0.11052886632415215
induction,HAMP,3,0.03342001593756272
outplane,CFTR,2,0.9998613168779631
outplane,AMY2A,1,0.9999769526842124
outplane,FXYD2,1,0.9696162194475059
ambient,CA4,1,0.6706689666944599
ambient,PROX1,1,0.7363169763864943
ambient,RIDA,1,0.1460646031374575
ambient,AMY2A,1,0.9999447350406511
induction,RIDA,4,0.037894705855054944
induction,HAMP,1,0.01808072886386214
induction,GLYATL1,5,0.002416588255143015
induction,RIDA,1,0.031422416857920465
induction,HAMP,7,0.01619615942025565
induction,GLYATL1,2,0.0020587385815004078
induction,RIDA,4,0.04150975052892614
induction,HAMP,4,0.022500571695153848
induction,GLYATL1,2,0.002659352008443694
ambient,ANPEP,1,0.9995630425587984
ambient,PEBP4,1,0.5079033434842724
outplane,AMY2A,1,0.9999621347439872
outplane,COCH,2,0.6424160649119404
outplane,AQP8,3,0.9996548650623328
outplane,AMY2A,4,0.9999754415530203
outplane,GATM,1,0.9999476369022088
inplane,CFB,1,0.6277085756069992
inplane,AMY2A,3,0.9999640857861715
inplane,CFB,1,0.683776513191313
inplane,EPCAM,1,0.9987701915131736
inplane,TM4SF18,1,0.0
inplane,GPX2,1,0.9776391938229048
inplane,GPR183,1,0.9327197884292191
inplane,FBN1,1,0.6302839070630906
inplane,TIMP4,1,0.714065127159772
inplane,GATM,1,0.9998729181550041
induction,RIDA,4,0.03808562612893773
induction,HAMP,3,0.02028312399999499
induction,GLYATL1,3,0.0023934194901255035
outplane,PPP1R1B,1,0.9571024021524186
outplane,GEM,1,0.2997304624350351
outplane,AMY2A,1,0.9999631516358035
outplane,PROX1,1,0.7837286096183335
induction,RIDA,3,0.03913439246129724
induction,HAMP,1,0.016742821126952023
induction,GLYATL1,6,0.0025218179487261905
inplane,MMRN2,1,0.0
inplane,AMY2A,2,0.9999659040642842
inplane,GATM,1,0.9999250358022141
ambient,DPEP1,1,0.9611137030512309
ambient,GATM,1,0.9999445640595799
inplane,CFTR,1,0.9998266248172234
inplane,CXCL6,3,0.9981075791171076
inplane,ESR1,1,0.14095257104475034
induction,RIDA,2,0.10087952106075682
induction,HAMP,1,0.04632351679750579
induction,GLYATL1,1,0.007090439501953982
induction,RIDA,6,0.04555070648197623
induction,HAMP,4,0.022721273962848842
induction,RIDA,3,0.03997257140050381
induction,HAMP,2,0.01911698504337056
induction,GLYATL1,5,0.0025387945531326617
ambient,KCNK3,1,0.9519987935869373
ambient,DIRAS3,1,0.9188788068695116
outplane,FBLN1,1,0.8004225276441624
outplane,ANPEP,1,0.9997105593259444
outplane,AMY2A,1,0.9999796298484995
outplane,PROX1,1,0.9434778943435996
inplane,CFTR,1,0.9998729098209874
inplane,AMY2A,2,0.9999784172075562
inplane,AQP8,1,0.9998119487766551
ambient,FKBP11,1,0.9255883282163602
ambient,GLYATL1,1,0.013205380329339045
induction,RIDA,5,0.03326869983398806
induction,HAMP,3,0.01616464306600629
induction,GLYATL1,2,0.0021115353820152505
inplane,CD68,1,0.4311790214210184
inplane,CFTR,2,0.999882663209091
inplane,DPT,1,0.8195355209689206
inplane,AMY2A,3,0.9999800679600319
inplane,GATM,2,0.9999579636619979
inplane,AQP8,1,0.9998280126766083
inplane,TCIM,1,0.0
inplane,MYC,1,0.6203317290254522
inplane,EHF,1,0.9985009233760552
inplane,GATM,2,0.9999505842904177
inplane,EHF,1,0.9986266728928606
inplane,AMY2A,2,0.9999745001989352
inplane,GATM,1,0.9999452899674351
inplane,MMRN2,1,0.0
inplane,CD34,2,0.0
inplane,ADAMTS1,2,0.025575703953851114
inplane,AMY2A,1,0.9999764806538467
inplane,GATM,1,0.9999501139214457
ambient,UMOD,1,0.8301141087055557
ambient,PROX1,1,0.8098361182776853
induction,RIDA,2,0.04479240070005375
induction,HAMP,5,0.03374856441522989
induction,GLYATL1,3,0.00275217080783563
induction,RIDA,5,0.03436795270981052
induction,HAMP,3,0.016944153893797997
induction,GLYATL1,2,0.0021657702358973685
inplane,AMY2A,2,0.9999357824201032
inplane,CPA3,1,0.6823552146386499
inplane,GATM,1,0.9998481616457726
inplane,AQP8,1,0.9993207400981263
inplane,ACTG2,1,0.40850596521805205
inplane,AMY2A,2,0.9999675506103569
inplane,GATM,1,0.9999288143398462
inplane,AQP8,1,0.9997002484977172
ambient,CPA3,1,0.7162518983861149
ambient,HAMP,1,0.06385464049834066
inplane,AMY2A,3,0.9999668365565773
inplane,GATM,1,0.9999272862916098
ambient,ANPEP,1,0.9996672734235885
ambient,GLYATL1,1,0.008892818043907957
inplane,MAMDC2,1,0.26647046824127196
inplane,AMY2A,1,0.999974729781063
inplane,C7,1,0.21177112583612923
inplane,OGN,1,0.38840760987176925
ambient,FKBP11,1,0.8035115084675568
ambient,CA4,1,0.6033763865185262
induction,RIDA,3,0.04235693488862813
induction,HAMP,3,0.023410069674817513
induction,GLYATL1,4,0.002690998144180612
inplane,CD34,1,0.0
inplane,EGFL7,1,0.0
inplane,AMY2A,1,0.9999667518953755
inplane,RBP5,1,0.0
ambient,ANPEP,1,0.9995131996242369
ambient,CPA3,1,0.7603866207015214
inplane,EPCAM,1,0.9993730854961761
inplane,CFTR,1,0.9998730869835134
inplane,AMY2A,2,0.9999784072618958
inplane,ERBB2,1,0.8824067463134893
inplane,GATM,2,0.9999544108254856
induction,RIDA,2,0.04627272212684497
induction,HAMP,3,0.025125698580518385
induction,GLYATL1,5,0.0029654582290707943
inplane,SFRP4,2,0.1811982375489184
inplane,AMY2A,2,0.9999694840573161
inplane,GPX2,1,0.9972125659042146
inplane,EGFR,1,0.8392372132959377
induction,RIDA,6,0.04334967301930548
induction,HAMP,2,0.02264538928024451
induction,GLYATL1,2,0.002744001366305149
ambient,CFTR,1,0.9995710298162309
ambient,PEBP4,1,0.24885541459987415
inplane,MS4A6A,1,0.8540284211478786
inplane,MYC,1,0.4920978229200693
inplane,AMY2A,3,0.9999370412889214
inplane,GATM,1,0.9998509331637584
ambient,CPA3,2,0.8590238336240825
induction,RIDA,5,0.039917387904927604
induction,HAMP,3,0.019717404768850866
induction,GLYATL1,2,0.002556738053505203
outplane,AMY2A,2,0.9999804701105968
outplane,GATM,2,0.999958751178274
inplane,SFRP2,1,0.9986234579576582
inplane,CD34,1,0.0
inplane,CD163,1,0.9950268753617777
inplane,AMY2A,3,0.9999757243407228
induction,RIDA,3,0.03763607995962204
induction,HAMP,5,0.01764317647725877
induction,GLYATL1,2,0.0023814650332104614
inplane,ACTG2,1,0.32261994400434046
inplane,CA4,2,0.8219959723145294
inplane,AMY2A,1,0.9999779588467974
outplane,RND1,1,0.11586152674557249
outplane,AMY2A,4,0.9999790159098544
outplane,GATM,1,0.9999557203721117
outplane,MYLK,1,0.027078433639358357
outplane,AMY2A,1,0.9999797226529447
outplane,CCNB2,1,0.16317836263980368
outplane,PROX1,1,0.8624519546120044
outplane,CFB,1,0.7182134090526395
outplane,CNN1,1,0.9934913626477275
outplane,CCL5,1,0.6955782045258968
outplane,AMY2A,1,0.9999744052095096
outplane,MCF2L,1,0.0
outplane,FCGR1A,1,0.39384665519836193
outplane,CFTR,2,0.9998832250618549
induction,RIDA,3,0.04618515817264568
induction,HAMP,5,0.023376873621476557
induction,GLYATL1,2,0.0029480740403967642
ambient,COCH,1,0.7424534938410609
ambient,AQP3,1,0.8485337987509577
outplane,AMY2A,3,0.9999774290359494
outplane,GATM,1,0.9999520280868568
outplane,AQP8,1,0.9998026449845065
induction,RIDA,2,0.0535947154111891
induction,HAMP,4,0.02605943546714118
induction,GLYATL1,4,0.003473010039725777
outplane,FSTL3,1,0.840268619524333
outplane,CFTR,1,0.9998821821451614
outplane,AMY2A,2,0.9999795833241651
ambient,KCNK3,1,0.9748953831655847
ambient,HAMP,1,0.07577086496937935
induction,RIDA,2,0.04742987692139322
induction,HAMP,4,0.021476633502443776
induction,GLYATL1,4,0.003031229886607534
induction,RIDA,6,0.039687294404828655
induction,HAMP,3,0.017693447429516396
induction,GLYATL1,1,0.0025170552559560244
induction,RIDA,6,0.0381414938442719
induction,HAMP,1,0.018519963136890638
induction,GLYATL1,3,0.0024064053192659474
ambient,UMOD,1,0.5484463559305263
ambient,GLYATL1,1,0.008080201134572973
ambient,COCH,1,0.6360265491583017
ambient,PEBP4,1,0.5407953138724956
induction,RIDA,5,0.035252829262576224
induction,HAMP,2,0.01801093808487564
induction,GLYATL1,3,0.0022418698111441593
inplane,FCGR1A,1,0.5014910721373795
inplane,SMYD2,1,0.7445165888226395
inplane,CFTR,1,0.999875654375443
inplane,FXYD2,1,0.9672470880350146
induction,HAMP,4,0.02512098806927454
induction,GLYATL1,6,0.003499299581112947
ambient,CA4,1,0.5551812522118209
ambient,CPA3,1,0.5845218809333677
inplane,CD34,1,0.0
inplane,MYC,1,0.3363493860160024
inplane,CD163,1,0.9979064699684693
inplane,CFTR,1,0.999646288612664
inplane,AMY2A,1,0.9999424743715165
inplane,GATM,2,0.999867673074965
ambient,KLK11,1,0.995626336266023
ambient,AQP3,1,0.9332874962073763
inplane,TCIM,1,0.0
inplane,CFTR,3,0.9997779726628863
inplane,GATM,1,0.9999165266292217
induction,RIDA,5,0.03667920693269422
induction,HAMP,2,0.018034749398336603
induction,GLYATL1,3,0.0023480006662823794
ambient,CA4,1,0.7876899876061538
ambient,AQP3,1,0.8331112979244772
ambient,PEBP4,1,0.5183188818010831
ambient,GLYATL1,1,0.007439811194588697
inplane,CFTR,4,0.9998255259956278
induction,RIDA,3,0.03531729916366866
induction,HAMP,4,0.018510515580400844
induction,GLYATL1,3,0.0022273352277487612
induction,RIDA,1,0.03187554524082026
induction,HAMP,3,0.015623198205457767
induction,GLYATL1,6,0.0020185804496689608
induction,RIDA,2,0.034725240146288305
induction,HAMP,5,0.019304592283709288
induction,GLYATL1,3,0.002182280021282512
inplane,TCIM,1,0.0
inplane,AMY2A,4,0.999977531971062
induction,RIDA,5,0.032092597234948506
induction,HAMP,4,0.016049670754183176
induction,GLYATL1,1,0.002008690615064701
inplane,SMYD2,1,0.6680252706092011
inplane,ANPEP,2,0.9996699733180436
inplane,AMY2A,2,0.9999764446365684
ambient,FKBP11,1,0.90644028369565
ambient,AMY2A,1,0.9999748616049675
outplane,CFB,1,0.7372130092467437
outplane,FSTL3,1,0.6614253962806289
outplane,MEST,1,0.7830068111165044
outplane,CFTR,1,0.9998534216576761
induction,RIDA,3,0.043475827995851035
induction,HAMP,4,0.02365186795644536
induction,GLYATL1,3,0.0027576654518444155
ambient,RIDA,1,0.11580560675792617
ambient,CPA3,1,0.8575481497804928
induction,RIDA,1,0.03565333334916654
induction,HAMP,2,0.017916151390209523
induction,GLYATL1,7,0.0022528115360769263
outplane,ADGRL4,1,0.0
outplane,APOLD1,1,0.0
outplane,CFTR,1,0.9998849483357474
outplane,AMY2A,1,0.9999804575496941
ambient,KLK11,1,0.994843813166624
ambient,HAMP,1,0.05638068264594498
induction,RIDA,3,0.030914987619053425
induction,HAMP,2,0.015041952783777623
induction,GLYATL1,5,0.0019293920367553508
induction,RIDA,2,0.03318506354372153
induction,HAMP,3,0.01674284219501787
induction,GLYATL1,5,0.0020814200862648846
inplane,EPCAM,1,0.9991808540426603
inplane,CFTR,1,0.9997944268026575
inplane,EHF,1,0.9980445367223114
inplane,AMY2A,2,0.9999638304938713
inplane,C7,1,0.29534171607025317
induction,RIDA,2,0.03222864782860679
induction,HAMP,4,0.015864269903432482
induction,GLYATL1,4,0.0020263512315696897
induction,HAMP,6,0.01886813460014103
induction,GLYATL1,4,0.002268447417068109
inplane,AMY2A,1,0.9999768485232612
inplane,FXYD2,1,0.9633774384873064
inplane,GATM,1,0.9999508526398908
inplane,AQP8,1,0.9997979817346351
ambient,GATM,1,0.999950328058051
ambient,AQP3,1,0.8405812011292579
inplane,GNG11,1,0.0
inplane,TMC5,1,0.9971842987638994
inplane,FXYD2,1,0.9585328617708553
inplane,GPX2,2,0.9970881502550922
inplane,PROX1,1,0.8351790084305075
ambient,FKBP11,1,0.9485502328197991
ambient,PEBP4,1,0.7533462335163913
inplane,PMP22,1,0.11630570499625315
inplane,CFB,1,0.8795011394963042
inplane,CFTR,1,0.9998806246334235
inplane,AMY2A,3,0.999978902406441
inplane,ACE2,1,0.29233096663453717
ambient,AQP8,1,0.9998255898430489
ambient,PEBP4,1,0.6296584058480055
inplane,PDGFRA,1,3.596267728056546e-11
inplane,HPGDS,1,0.3788737233661643
inplane,AMY2A,3,0.999978107418489
inplane,C7,1,0.21917764027077236
outplane,ANPEP,2,0.9997137877598881
outplane,GATM,3,0.9999572461501345
induction,RIDA,3,0.045561833484299985
induction,HAMP,3,0.020480774385708722
induction,GLYATL1,4,0.002911539671972996
outplane,MS4A4A,1,0.32388340283559236
outplane,MYC,1,0.6494052546563788
outplane,TBX3,1,0.02634429527804727
outplane,CCL5,1,0.3495371731114727
outplane,AMY2A,1,0.9999792903768556
outplane,GATM,1,0.9999563081811517
induction,RIDA,3,0.033924010093339896
induction,HAMP,2,0.017128830689334018
induction,GLYATL1,5,0.002130931398141911
ambient,COCH,1,0.7320037225373401
ambient,PROX1,1,0.8503870814543969
ambient,RIDA,2,0.1408913813880076
induction,HAMP,4,0.02913157232787711
induction,GLYATL1,6,0.003864834220715707
outplane,CFTR,1,0.9998824502980675
outplane,AMY2A,3,0.9999793919693201
inplane,C5orf46,1,0.6661638645761216
inplane,LIF,1,0.986893857484573
inplane,FXYD2,2,0.9564231252432769
inplane,AQP3,1,0.8462242698769488
ambient,RIDA,1,0.13548677566892597
ambient,GATM,1,0.9999469786402985
induction,RIDA,5,0.05362872509225858
induction,HAMP,4,0.029335184259373093
induction,GLYATL1,1,0.003438282290751715
ambient,RIDA,1,0.12361927260510552
ambient,CFTR,1,0.9998046896824185
inplane,ANPEP,1,0.999321360059393
inplane,AMY2A,2,0.999954374729181
inplane,GATM,1,0.9998971616460458
induction,RIDA,6,0.03961826155488346
induction,HAMP,2,0.020143380896280205
induction,GLYATL1,2,0.002505321914290648
inplane,ADAM28,1,0.8245047127170874
inplane,AMY2A,2,0.9999755585973947
inplane,GATM,1,0.9999477671576441
inplane,GCG,1,0.997478231723997
inplane,TNFRSF9,1,0.3603468228766288
inplane,AMY2A,2,0.9999756421179664
inplane,CYP4B1,1,0.0
inplane,GATM,1,0.9999480545470055
outplane,CFTR,2,0.9996968662645306
outplane,AMY2A,1,0.9999478744390778
outplane,PROX1,1,0.5664432145503067
induction,RIDA,2,0.03363004251508617
induction,HAMP,3,0.01618521331619127
induction,GLYATL1,5,0.00215525171658848
ambient,DPEP1,2,0.9686190500215255
induction,RIDA,5,0.04208251118731654
induction,HAMP,1,0.020366556714662365
induction,GLYATL1,4,0.0026779521463877742
outplane,CAVIN1,1,0.08731723907701716
outplane,APOLD1,1,0.0
outplane,CFB,1,0.9323115055284965
outplane,FSTL3,1,0.9016303224362154
outplane,CFTR,1,0.9998728698019528
outplane,AQP2,1,0.34294430264698883
ambient,COCH,1,0.6461217791010906
ambient,GATM,1,0.9999416239638829
ambient,FKBP11,1,0.9157110681587146
ambient,AQP8,1,0.9998105897754466
inplane,PDPN,1,0.6171287668099676
inplane,INMT,1,0.23590729884189343
inplane,AMY2A,2,0.9999757201913333
inplane,GATM,1,0.9999481570215235
inplane,FBLN1,2,0.5252705130651125
inplane,VWA5A,1,0.5720092270966043
inplane,AMY2A,2,0.9999520949790284
ambient,AQP8,1,0.9998234708209404
ambient,PEBP4,1,0.7381711701690248
inplane,PPP1R1B,1,0.9634095234576804
inplane,CFTR,1,0.9998669693292035
inplane,C7,1,0.2757104970873775
inplane,GATM,1,0.9999519430512404
ambient,RIDA,1,0.11098790117148338
ambient,CPA3,1,0.837443027794702
induction,RIDA,2,0.03407660020853409
induction,HAMP,4,0.016852582123923487
induction,GLYATL1,4,0.002139862005248072
ambient,PROX1,1,0.8826585817968816
ambient,GATM,1,0.9999560960531022
outplane,AIF1,1,0.697651909007285
outplane,STEAP4,1,0.0
outplane,AMY2A,1,0.9999793734585746
outplane,GATM,1,0.9999564030721595
inplane,AMY2A,3,0.9999791886653308
inplane,AQP8,1,0.9998198494554268
outplane,EPCAM,1,0.9994356696056478
outplane,TENT5C,1,0.9974118402256447
outplane,AMY2A,1,0.9999786968342993
outplane,GATM,1,0.9999547254986001
outplane,CFTR,1,0.9998584918495149
outplane,AMY2A,1,0.999975948739996
outplane,GATM,2,0.9999489372827245
inplane,PLCG2,1,0.0
inplane,AMY2A,3,0.9999749332583797
inplane,AQP8,1,0.9997797418934041
induction,RIDA,3,0.0464889933600906
induction,HAMP,4,0.023154587011981365
induction,GLYATL1,3,0.0029686323947201165
induction,RIDA,4,0.036741300347806205
induction,HAMP,3,0.018949808858171435
induction,GLYATL1,3,0.0023220117068225576
induction,RIDA,1,0.040572955269289945
induction,HAMP,8,0.019737171954183785
induction,GLYATL1,1,0.0025721996724265006
induction,RIDA,3,0.03212865732679793
induction,HAMP,4,0.015697786496869037
induction,GLYATL1,3,0.0020212564333307315
induction,RIDA,5,0.03187831880580316
induction,HAMP,1,0.016920029193951636
induction,GLYATL1,4,0.0019324324263469972
outplane,MDM2,1,0.5313773876036013
outplane,KLRD1,1,0.15991591037141062
outplane,GATM,2,0.9999431846277491
inplane,ANPEP,1,0.9997038641923133
inplane,AMY2A,2,0.9999789071023995
inplane,GATM,1,0.999955286790026
induction,RIDA,4,0.03136942353376293
induction,HAMP,4,0.014725179650368347
induction,GLYATL1,2,0.00196872288074601
inplane,CFTR,1,0.9998738669488383
inplane,AMY2A,1,0.9999782129883505
inplane,GATM,2,0.9999537736136551
inplane,AMY2A,3,0.9999780929875629
inplane,AQP8,1,0.999809284916663
outplane,AMY2A,3,0.999980765129828
outplane,GATM,1,0.9999594722533541
outplane,ANPEP,1,0.9996991361264891
outplane,AMY2A,3,0.9999786243178436
inplane,CFB,1,0.8333637743319422
inplane,SMYD2,1,0.7898988373575673
inplane,AMY2A,2,0.9999800059895395
ambient,PROX1,1,0.8468791209952568
ambient,GLYATL1,1,0.006862461661013564
inplane,ANPEP,1,0.9996442502207293
inplane,AMY2A,1,0.9999750142909619
inplane,APOA5,1,0.48314642203478897
inplane,GATM,1,0.9999462272374722
outplane,CFTR,1,0.9998815992918008
outplane,AMY2A,3,0.9999799066515683
outplane,AQP8,1,0.999826162716514
induction,RIDA,6,0.04197520932522003
induction,HAMP,3,0.02124830701746172
induction,GLYATL1,1,0.00266337383296833
induction,RIDA,3,0.03301767223475449
induction,HAMP,5,0.01784905097150935
induction,GLYATL1,2,0.002074465896554578
ambient,CA4,1,0.8128769747355601
ambient,KCNK3,1,0.9587259713088824
induction,RIDA,5,0.036430357627482035
induction,HAMP,2,0.018864828892783625
induction,GLYATL1,3,0.002303933582641804
induction,RIDA,4,0.038137316652920195
induction,HAMP,3,0.019673793371046022
induction,GLYATL1,3,0.002411675290854176
induction,RIDA,6,0.06319917803758002
induction,HAMP,4,0.03174805800918279
induction,RIDA,3,0.03743828005436689
induction,HAMP,2,0.018095943395980862
induction,GLYATL1,5,0.002394582354603103
ambient,FKBP11,1,0.9697665270033101
ambient,GATM,1,0.9999481291093341
induction,RIDA,3,0.06633095269217648
induction,HAMP,1,0.02345363424264446
induction,GLYATL1,2,0.0030051310416573385
induction,RIDA,2,0.04066737048209923
induction,HAMP,4,0.020171211269241596
induction,GLYATL1,4,0.002585034474440917
inplane,FBN1,1,0.017842014549682816
inplane,TFPI,1,0.0
inplane,AMY2A,1,0.999979651677001
inplane,C7,2,0.3087204479021096
outplane,MYC,1,0.6400990535850322
outplane,ANPEP,1,0.9996756852394258
outplane,AMY2A,1,0.999976638650917
outplane,GATM,1,0.999950367414472
ambient,CA4,1,0.8243825999009775
ambient,AQP3,1,0.8622180625516588
inplane,LAMP3,1,0.8230452866406937
inplane,GPC1,1,0.7118986193777043
inplane,CD34,1,0.0
inplane,CFB,1,0.8695084560915919
inplane,MYC,1,0.7273137304516952
inplane,MALL,1,0.05356438774849248
inplane,AMY2A,1,0.9999799088536878
inplane,GATM,1,0.9999576421340116
ambient,AQP8,1,0.9998247293158575
ambient,GLYATL1,1,0.007159726315850046
ambient,UMOD,1,0.910848620391849
ambient,AQP8,1,0.9998174689801346
ambient,COCH,1,0.6028397499570258
ambient,AQP3,1,0.7466816584630502
inplane,AMY2A,4,0.9999649196151962
induction,RIDA,3,0.07882928842177228
induction,HAMP,4,0.03933245024709442
induction,GLYATL1,3,0.005196503817037956
ambient,AMY2A,1,0.9999795483194037
ambient,COCH,1,0.8885397785802037
inplane,CD93,1,0.0
inplane,AMY2A,4,0.9999757590413195
inplane,AMY2A,2,0.9999743740641414
inplane,GATM,1,0.9999451973313404
inplane,AQP8,1,0.9997735404313752
ambient,CA4,1,0.7411954434346525
ambient,GATM,1,0.9999478118866051
induction,RIDA,4,0.05336845709965998
induction,HAMP,1,0.024682371301978256
induction,GLYATL1,5,0.0033147655516480024
induction,RIDA,2,0.03836456286054135
induction,HAMP,3,0.019243621595724125
induction,GLYATL1,5,0.0024321386502937914
induction,RIDA,3,0.04302235185254122
induction,HAMP,4,0.020975027154089165
induction,GLYATL1,3,0.0027390798262492133
ambient,DIRAS3,1,0.7193212739768707
ambient,PEBP4,1,0.2790952967570479
ambient,ANPEP,1,0.9995616172449259
ambient,HAMP,1,0.04950735697247777
induction,RIDA,4,0.05248173448309257
induction,HAMP,3,0.025665612838844387
induction,GLYATL1,3,0.0033566014313257675
outplane,CFTR,1,0.9998679845716562
outplane,AMY2A,3,0.9999765995317922
outplane,KCNK3,1,0.9537298771136323
induction,RIDA,1,0.031074871468191323
induction,HAMP,7,0.015160254072276946
induction,GLYATL1,2,0.0019453289942117369
ambient,KLK11,1,0.9945713675506693
ambient,CA4,1,0.6614027708418513
inplane,CCR7,1,0.08789370233763061
inplane,CFTR,1,0.9998688797483525
inplane,CD300E,1,0.15410945590705905
inplane,SNCA,1,0.19067772882879208
inplane,CA4,1,0.7970192653372483
inplane,GATM,1,0.9999465394762368
inplane,GCG,1,0.997575326883886
outplane,AMY2A,3,0.999977727128173
outplane,GATM,2,0.999952589708341
induction,RIDA,4,0.03808219199946983
induction,HAMP,2,0.013615641277478274
induction,GLYATL1,4,0.001926638840261008
ambient,ANPEP,1,0.9995627609363271
ambient,AQP8,1,0.99972244208012
outplane,RAPGEF3,1,0.0
outplane,AMY2A,1,0.9999578884145178
outplane,GATM,1,0.9999030565389088
outplane,CSF3,1,0.19550988874439357
induction,RIDA,3,0.03973854255436404
induction,HAMP,4,0.01997231790597287
induction,GLYATL1,3,0.0025244200815750517
induction,RIDA,2,0.03246887681588573
induction,HAMP,4,0.01766665442806259
induction,GLYATL1,4,0.002008402579688928
outplane,ANPEP,1,0.9996469602472885
outplane,AMY2A,1,0.9999749166065326
outplane,KCNK3,1,0.9441649014584587
outplane,GATM,2,0.9999465729247965
outplane,FCGR1A,1,0.8152709834856089
outplane,CFB,1,0.9172995876150652
outplane,CFTR,1,0.9998890931115448
outplane,CCNB2,1,0.15151149294135402
outplane,CFTR,1,0.9998939932546348
outplane,AMY2A,3,0.9999815156709599
outplane,GATM,1,0.9999610560912904
outplane,NTN4,1,0.6265610554784999
outplane,CFTR,3,0.9998239041660536
outplane,KRT7,1,0.9918990590919294
outplane,SPIB,1,0.5858435172992962
outplane,ANPEP,1,0.9996708529400529
outplane,CFTR,1,0.9998614250310036
outplane,AMY2A,2,0.9999769637588056
outplane,GATM,1,0.9999510218097314
outplane,PMP22,1,0.1711477119133359
outplane,FKBP11,1,0.7883478986547603
outplane,TM4SF18,2,0.0
outplane,APOBEC3A,1,0.2821418853733695
inplane,FSTL3,1,0.5140611380595601
inplane,FKBP11,1,0.8584392835003273
inplane,CFTR,1,0.999827763161272
inplane,AMY2A,1,0.9999713379569266
inplane,COL5A2,1,2.5125457270291918e-12
inplane,CFTR,1,0.9998705758172478
inplane,AMY2A,1,0.9999757877253089
inplane,FXYD2,1,0.9568013424834629
outplane,MS4A6A,1,0.43473463586848404
outplane,CFTR,1,0.9998793969475733
outplane,AMY2A,3,0.9999791375390494
inplane,CFTR,2,0.9998839251745084
inplane,AMY2A,2,0.9999793158230178
outplane,DST,1,0.3637780663527753
outplane,SERPINB9,1,0.18629527072838703
outplane,MET,1,0.25029640459198355
outplane,LAG3,1,0.20502474836567997
outplane,AMY2A,1,0.9999656590346792
induction,RIDA,4,0.033367920726862565
induction,HAMP,3,0.017967843005318396
induction,GLYATL1,3,0.002132468808747401
outplane,APOLD1,1,0.0
outplane,LY86,1,0.6204837578650725
outplane,AMY2A,2,0.9999676935578614
outplane,KLRB1,1,0.6941030026708395
outplane,GATM,1,0.9999296120585733
outplane,CFB,1,0.8853505366684115
outplane,GATM,4,0.9999035789824614
outplane,AMY2A,1,0.9999457689717856
outplane,GATM,3,0.9998754507267109
induction,RIDA,2,0.0684745272206897
induction,HAMP,7,0.03649194929857846
induction,GLYATL1,1,0.004463996373863521
ambient,ANPEP,1,0.9992885474140086
ambient,KLK11,1,0.9925670880055889
ambient,CFTR,1,0.9998832465556723
ambient,GLYATL1,1,0.015004918171041881
inplane,CD14,1,0.7063227068936777
inplane,NTN4,1,0.6512007705117286
inplane,AMY2A,1,0.9999710278831857
inplane,FXYD2,1,0.9320896338742103
ambient,GATM,1,0.9999453738284306
ambient,DIRAS3,1,0.9161662547835465
induction,RIDA,6,0.03235871985577399
induction,HAMP,1,0.01591825455181084
induction,GLYATL1,3,0.002037201736020955
outplane,GPC1,1,0.7875015681945893
outplane,EPCAM,1,0.9992402965317445
outplane,CFTR,1,0.9998616165662678
outplane,AMY2A,1,0.9999770221541914
ambient,PROX1,1,0.8622907007173198
ambient,GATM,1,0.9999590540912614
ambient,ANPEP,1,0.9996353990937374
ambient,GATM,1,0.9999451719682174
ambient,GATM,1,0.9999492159156954
ambient,GLYATL1,1,0.007918020450788932
induction,RIDA,2,0.031043279629918152
induction,HAMP,6,0.015267496566595984
induction,GLYATL1,2,0.001972334784728913
ambient,FKBP11,1,0.8653773438625249
ambient,CFTR,1,0.9996808744691278
outplane,SMYD2,1,0.628462025724142
outplane,AMY2A,1,0.999977495263961
outplane,GATM,2,0.999952304948699
ambient,DPEP1,1,0.9855907526955332
ambient,RIDA,1,0.22658000049523264
ambient,KLK11,1,0.9970327354214599
ambient,GATM,1,0.9999589613559767
induction,RIDA,2,0.035083483870650745
induction,HAMP,4,0.01915206445258666
induction,GLYATL1,4,0.00219525069212978
inplane,ANPEP,1,0.9997233039349124
inplane,AMY2A,2,0.9999803767399359
inplane,GATM,1,0.9999586667499168
inplane,PRDM1,1,0.1672352619378974
inplane,ANPEP,2,0.9996598779681586
inplane,AMY2A,1,0.9999761982754615
inplane,VCAN,1,0.9988441467566325
inplane,CD28,1,0.3799859227502891
inplane,AMY2A,2,0.9999722383442082
outplane,SNCA,1,0.39080357216178097
outplane,AMY2A,2,0.9999637602030381
outplane,AQP8,1,0.9996644350883356
inplane,AMY2A,3,0.9999674333520608
inplane,GATM,2,0.9999271302950227
inplane,AQP8,1,0.9996964515711284
ambient,CFTR,2,0.9998412161306439
induction,RIDA,4,0.03374551743743659
induction,HAMP,2,0.016088062773138345
induction,GLYATL1,4,0.0020555239652308988
ambient,FKBP11,1,0.8108939647364477
ambient,CFTR,1,0.9996597790362048
inplane,MET,1,0.20183668303836522
inplane,AMY2A,3,0.9999339861485352
inplane,GATM,2,0.9998169463258002
inplane,MNDA,1,0.27605865647493943
inplane,GPR183,1,0.47660272025519523
inplane,AMY2A,1,0.9999804112574285
inplane,AQP8,1,0.9998310410518826
outplane,SMYD2,1,0.7903205955687912
outplane,CFTR,2,0.9998492642253127
outplane,AMY2A,2,0.999974319344028
outplane,PROX1,1,0.9037867142847457
outplane,GATM,1,0.999944952387142
induction,RIDA,2,0.030289691930350582
induction,HAMP,5,0.017320223245673172
induction,GLYATL1,3,0.0019098899976700556
induction,RIDA,2,0.04081092249604945
induction,HAMP,5,0.019891924517102533
induction,GLYATL1,3,0.0025889353030630335
induction,RIDA,4,0.03065824428424757
induction,HAMP,3,0.015157437441873922
induction,GLYATL1,3,0.0019155830782541239
inplane,CFTR,1,0.9998835948951501
inplane,AMY2A,2,0.9999795621093533
inplane,PROX1,1,0.8943372947331982
ambient,CFTR,1,0.9998831314668305
ambient,CPA3,1,0.8834488454281888
ambient,DPEP1,1,0.9617236188999386
ambient,CFTR,1,0.9998595938653585
induction,RIDA,4,0.047386200882936436
induction,HAMP,3,0.025138882398141438
induction,GLYATL1,3,0.003049017386246189
ambient,FKBP11,1,0.9365431970458453
ambient,AMY2A,1,0.9999806027845249
outplane,LILRA4,1,0.3766180336496474
outplane,AMY2A,3,0.9999764721456772
outplane,CD2,1,0.8057747745517729
outplane,GATM,1,0.9999500175511892
ambient,CFTR,2,0.9998769581594105
ambient,CFTR,1,0.9998830372732148
ambient,CPA3,1,0.806189688505362
inplane,MYC,1,0.6949513643934371
inplane,AMY2A,2,0.9999756563191771
inplane,FXYD2,1,0.9625700379821851
inplane,GATM,1,0.9999481447953328
induction,RIDA,1,0.042442112481424044
induction,HAMP,7,0.021442157554685926
induction,GLYATL1,2,0.002699253417686509
ambient,UMOD,2,0.8083330998886681
outplane,AMY2A,2,0.9999740770240045
outplane,GATM,1,0.9999444870588079
outplane,AQP8,1,0.9997703805656805
induction,RIDA,5,0.03459683209444475
induction,HAMP,1,0.01747510610394587
induction,GLYATL1,4,0.002179556954100881
outplane,CFB,1,0.8643247472295877
outplane,CFTR,1,0.9998688129174295
outplane,AMY2A,1,0.9999768002219341
outplane,GATM,1,0.9999506464614337
induction,RIDA,3,0.03547800057027761
induction,HAMP,7,0.018535850955494704
inplane,PECAM1,1,0.0
inplane,TMC5,1,0.9915629302181924
inplane,ANPEP,1,0.9996163809538358
inplane,ADAMTS1,1,1.7685852782278744e-12
inplane,AMY2A,2,0.9999731610683436
inplane,GATM,1,0.9999425035501202
ambient,CA4,1,0.7725447799735508
ambient,KCNK3,1,0.9480233806482695
outplane,CFB,1,0.9295219854985556
outplane,CFTR,2,0.9998529953621704
outplane,TFPI,1,0.0
outplane,AMY2A,2,0.9999704118549134
outplane,PROX1,1,0.8508649103828783
outplane,GCG,1,0.9974189151905011
ambient,DPEP1,1,0.9811716699077772
ambient,PEBP4,1,0.7479787923568375
induction,RIDA,3,0.04244397582574988
induction,HAMP,3,0.02014097793730607
induction,GLYATL1,4,0.002714281144245767
outplane,CFTR,1,0.9997680753973235
outplane,AMY2A,2,0.9999602216753992
outplane,GATM,1,0.9999086369719807
induction,RIDA,2,0.04258428894654509
induction,HAMP,2,0.021525458619995552
induction,GLYATL1,6,0.0027152109870556274
ambient,HAMP,1,0.06647219948403593
ambient,COCH,1,0.7772988943399995
induction,RIDA,2,0.042379866032541735
induction,HAMP,5,0.0201666323023747
induction,GLYATL1,3,0.0026995527810633746
outplane,CFB,1,0.9230820727491487
outplane,EPCAM,1,0.9994831500435035
outplane,CFTR,1,0.9998673229338993
outplane,PROX1,1,0.9105224359956259
ambient,KLK11,1,0.9941883033513588
ambient,KCNK3,1,0.9005628817863283
ambient,PROX1,2,0.8056408097093195
ambient,DPEP1,1,0.9658908130529035
ambient,PEBP4,1,0.621464861104325
outplane,ECSCR,1,0.0
outplane,INMT,1,0.07329764991905774
outplane,PECAM1,1,0.0
outplane,SOX18,1,0.0
ambient,CFTR,1,0.999802414216537
ambient,GLYATL1,1,0.011263949383742311
induction,RIDA,3,0.04123743166700966
induction,HAMP,2,0.021360803867445877
induction,GLYATL1,5,0.0026221454329007354
ambient,CFTR,1,0.9998643143375895
ambient,AQP3,1,0.8020198598043621
induction,RIDA,1,0.05470496867030605
induction,HAMP,4,0.027398080960582383
induction,GLYATL1,5,0.003508992574376202
inplane,FCN1,1,0.20702597359742148
inplane,TM4SF18,1,0.0
inplane,AMY2A,2,0.9999758116804528
inplane,GATM,1,0.9999485864675308
outplane,AMY2A,2,0.9999586247368185
outplane,GATM,2,0.99990913763764
outplane,AQP8,1,0.9996171084916098
induction,RIDA,3,0.045242276597660336
induction,HAMP,4,0.022864568337638613
induction,GLYATL1,3,0.0028608523726117996
ambient,AMY2A,1,0.9999704869667185
ambient,KCNK3,1,0.9435923630578305
inplane,VSIG4,1,0.6212271782485659
inplane,EPCAM,1,0.9992200921186165
inplane,TENT5C,1,0.9959431815366392
inplane,AMY2A,1,0.9999669840728796
outplane,MYC,1,0.6507453577155525
outplane,CD163,1,0.9917109818765685
outplane,AMY2A,2,0.9999784895575049
outplane,GATM,1,0.9999545184741477
induction,HAMP,6,0.020889319150466212
induction,GLYATL1,4,0.002660544718516955
induction,RIDA,1,0.04169092436195032
induction,HAMP,5,0.019781372287595356
induction,GLYATL1,4,0.002631166653883854
inplane,FSTL3,1,0.7216293337628109
inplane,ANPEP,1,0.9995883826647944
inplane,CFTR,2,0.9998336854288443
inplane,AMY2A,1,0.9999723209999688
inplane,GATM,1,0.9999388205100778
outplane,PECAM1,1,0.0
outplane,CFTR,2,0.999879905394853
outplane,AMY2A,1,0.9999777206584075
outplane,KCNK3,1,0.9546972808419583
outplane,GATM,1,0.9999526847243785
ambient,ANPEP,1,0.9994269355774418
ambient,KCNK3,1,0.8977166488454501
induction,RIDA,3,0.04172449042159987
induction,HAMP,2,0.022289675520025032
induction,GLYATL1,3,0.0026534699211312462
induction,RIDA,3,0.05008336769721122
induction,HAMP,5,0.02581251544564611
induction,GLYATL1,2,0.003197668004486287
inplane,AMY2A,3,0.9999499399194738
inplane,FXYD2,1,0.9174792866665988
inplane,GATM,1,0.9998872624659622
ambient,DPEP1,1,0.9746139661077605
ambient,AMY2A,1,0.9999763372077979
ambient,KLK11,1,0.9965906496505788
ambient,AQP3,1,0.8607117749124857
ambient,CA4,1,0.6996445573692123
ambient,AQP8,1,0.9997242424412108
outplane,MNDA,1,0.5073475177407403
outplane,BCL2L11,1,0.30344998599293826
outplane,CXCL6,2,0.997768591433817
induction,RIDA,6,0.038123378382479034
induction,HAMP,3,0.019605193587844183
induction,GLYATL1,1,0.002414037537880387
ambient,DPEP1,1,0.8885415654454626
ambient,KCNK3,1,0.92748038238408
induction,RIDA,5,0.04172835041290879
induction,HAMP,3,0.020285748372585788
induction,GLYATL1,2,0.002436121153858495
outplane,EHF,1,0.9985484978800354
outplane,AMY2A,3,0.9999816060056471
induction,RIDA,3,0.04653296640886839
induction,HAMP,2,0.024433824300610918
induction,GLYATL1,5,0.0029615017755738604
outplane,VWA5A,1,0.6513125173986543
outplane,AMY2A,2,0.9999783338141338
outplane,GATM,1,0.9999541687204984
inplane,TCIM,2,0.0
inplane,ANPEP,1,0.9994142468696817
inplane,AMY2A,1,0.9999576507554059
outplane,AMY2A,3,0.9999736370889306
outplane,GATM,1,0.9999435107336764
induction,RIDA,2,0.04018651796627726
induction,HAMP,4,0.022972701307316434
induction,GLYATL1,4,0.002540694984833225
induction,RIDA,4,0.08760567863346702
induction,HAMP,1,0.0368309088243971
induction,GLYATL1,1,0.005842116947703979
induction,RIDA,2,0.03357251149222762
induction,HAMP,3,0.02043055107855274
induction,GLYATL1,5,0.0021031658975732004
induction,RIDA,5,0.04992047333618477
induction,HAMP,4,0.028092009646809135
induction,GLYATL1,1,0.0031890218305926643
inplane,CFTR,1,0.9998922053003886
inplane,AMY2A,1,0.99998143661978
inplane,AQP8,2,0.999839810326138
induction,HAMP,5,0.03909662421458859
induction,GLYATL1,1,0.003570906151079245
inplane,CFTR,1,0.9998772110045353
inplane,AMY2A,1,0.9999787488317612
inplane,CXCL6,1,0.9982350301755014
inplane,GATM,1,0.9999549457398297
outplane,PCNA,1,0.6702107290836176
outplane,AMY2A,2,0.999977933447483
outplane,GATM,1,0.9999530400244827
inplane,MDM2,1,0.773620125591542
inplane,CD4,1,0.31910610082930435
inplane,MET,1,0.6244131321874982
inplane,SERPINB3,1,0.9863419619545286
inplane,AMY2A,2,0.9999765520408275
inplane,FXYD2,1,0.9814200023298336
inplane,GATM,1,0.9999500860519149
inplane,DIRAS3,2,0.9578710192803587
induction,RIDA,5,0.04220694547429482
induction,HAMP,1,0.020866341989542958
induction,GLYATL1,4,0.0027005916529029284
outplane,MYC,1,0.6053998913787585
outplane,AMY2A,3,0.9999775180362583
outplane,GATM,1,0.9999527454277995
induction,RIDA,5,0.034630204148589194
induction,HAMP,4,0.01912265425140869
induction,GLYATL1,1,0.0021041771863865577
ambient,CA4,1,0.8464630488290175
ambient,AQP8,1,0.9997954227153586
inplane,CD83,1,0.3536151079122737
inplane,CAV1,1,0.044767466428017655
inplane,CFTR,1,0.9998746438757251
inplane,AMY2A,2,0.9999783541045255
inplane,GATM,1,0.9999542657981512
induction,RIDA,2,0.0446168092558491
induction,HAMP,5,0.022607260277390795
induction,GLYATL1,3,0.0028574168670391087
inplane,MS4A6A,1,0.8242791771168564
inplane,CFB,2,0.8146175464209707
inplane,SERPINB9,1,0.26963649482076135
inplane,CFTR,1,0.999802669776776
inplane,AMY2A,1,0.9999657127379045
outplane,CTSK,1,0.2758277720239265
outplane,HAVCR2,1,0.8381844171861259
outplane,TM4SF18,1,0.0
outplane,AMY2A,1,0.9999741252046775
outplane,FXYD2,1,0.9672612083102073
outplane,CXCL6,1,0.9982560404928585
outplane,GCG,1,0.9974918352669094
inplane,MEST,1,0.7837966406592347
inplane,TENT5C,1,0.9975292394498338
inplane,KCNK3,1,0.9549556331156214
inplane,GATM,1,0.9999545002143099
inplane,TMC5,1,0.9909873487208636
inplane,PPARG,1,0.07071000818981377
inplane,CFTR,1,0.9998819453176149
inplane,CAVIN2,1,0.0
outplane,TCIM,1,0.0
outplane,CFTR,1,0.999878250241258
outplane,EHF,1,0.998738292520422
outplane,CXCL6,1,0.9986322657572347
induction,RIDA,1,0.04295734643485871
induction,HAMP,4,0.01888247077526728
induction,GLYATL1,5,0.002742093025384751
induction,RIDA,5,0.040040305737455095
induction,HAMP,2,0.020180762259187968
induction,GLYATL1,3,0.0025429862267625225
inplane,VCAN,1,0.9987041003333897
inplane,CFTR,1,0.9998799308086258
inplane,GATM,2,0.9999568821393203
outplane,AMY2A,3,0.9999785585369083
outplane,GATM,1,0.9999546132270896
outplane,FAS,1,0.3698696512671694
outplane,AMY2A,3,0.9999729515017787
inplane,EDN1,1,0.35292824769214615
inplane,CFTR,2,0.9998812469648825
inplane,AMY2A,1,0.9999798190778152
inplane,AMY2A,4,0.9999791856183524
inplane,GATM,1,0.9999560863258422
outplane,CFTR,1,0.9998605852487846
outplane,TFPI,1,0.0
outplane,AMY2A,1,0.9999762671979493
outplane,GATM,1,0.9999493436663182
outplane,AQP8,1,0.999790963660676
inplane,BASP1,1,0.0877465767395893
inplane,DST,1,0.61756076743736
inplane,GATA2,1,0.0
inplane,FXYD2,1,0.9765144258598781
ambient,CFTR,1,0.9998782380285925
ambient,UMOD,1,0.9235349908636519
induction,RIDA,3,0.0588085483992733
induction,HAMP,4,0.031667441009739505
induction,GLYATL1,3,0.003805043415584297
inplane,BCL2L11,1,0.3704923593277597
inplane,AMY2A,2,0.9999783014337985
inplane,GATM,1,0.999953991852337
induction,RIDA,2,0.037505680894102
induction,HAMP,3,0.016897549718290272
induction,GLYATL1,5,0.0023693021613637733
inplane,TM4SF18,1,0.0
inplane,AMY2A,2,0.9999802465000549
inplane,ERBB2,1,0.9607078933017499
inplane,CFB,1,0.8582999461058871
inplane,MYC,1,0.6829331603643849
inplane,AMY2A,2,0.9999723152160506
inplane,GATM,1,0.9999406927963718
ambient,CPA3,1,0.8388387545432968
ambient,GATM,1,0.999951705531629
ambient,FKBP11,1,0.92586212734567
ambient,AQP3,1,0.8823884648903404
ambient,CA4,1,0.8564382828487088
ambient,COCH,1,0.8084699655973059
inplane,AMY2A,2,0.9999733027146828
inplane,GATM,2,0.9999427161498594
inplane,FKBP11,1,0.9029480100747611
inplane,MYC,1,0.6189907141740061
inplane,PPP1R1A,1,0.9725707142687252
inplane,AMY2A,4,0.9999662970834472
inplane,GPX2,1,0.9903962432131376
inplane,CLCA2,1,0.2141016112787394
ambient,RIDA,1,0.1366244278757065
ambient,CA4,1,0.8813812518171535
induction,RIDA,3,0.09187201960025582
induction,GLYATL1,1,0.005913761487227331
induction,RIDA,1,0.04002952885605837
induction,HAMP,4,0.021961942398765588
induction,GLYATL1,5,0.002550853934128905
ambient,CFTR,1,0.9998566882773913
ambient,CPA3,1,0.8534601372808498
ambient,COCH,1,0.8771921395447365
ambient,AQP3,1,0.9343607727991885
induction,RIDA,2,0.031257214220897556
induction,HAMP,3,0.016239624882902093
induction,GLYATL1,5,0.0019559724703349657
ambient,CA4,1,0.7239067411268043
ambient,GLYATL1,1,0.008313988560117114
ambient,FKBP11,1,0.7681193964466213
ambient,CFTR,1,0.9996809068531013
inplane,PPP1R1B,1,0.9588229578032436
inplane,AMY2A,4,0.9999626983380598
inplane,MDM2,1,0.5024580942682887
inplane,ANPEP,1,0.9995029055423296
inplane,AMY2A,3,0.9999658137896402
inplane,CDK1,1,0.27622457747808604
inplane,GATM,1,0.999925473305516
ambient,RIDA,1,0.10271376929652976
ambient,HAMP,1,0.059378152421119434
induction,HAMP,5,0.022619434849074027
induction,GLYATL1,5,0.0027864714667086288
outplane,NTN4,1,0.7412229570978124
outplane,CFB,1,0.85738010387943
outplane,MS4A1,1,0.46318354875990897
outplane,C1orf162,1,0.7417848502719835
outplane,AMY2A,1,0.9999732927268121
outplane,CFB,1,0.8599358066658374
outplane,MET,1,0.3918573596049859
outplane,ANPEP,1,0.9996605454799564
outplane,SMIM24,1,0.3724777786489659
inplane,TCIM,1,0.0
inplane,CD93,1,0.0
inplane,AMY2A,2,0.99998002855307
induction,RIDA,3,0.05830569061762669
induction,HAMP,2,0.030359546902827828
induction,GLYATL1,5,0.0037757022448076105
inplane,MEST,1,0.77862618415537
inplane,AMY2A,1,0.9999758181588775
inplane,GATM,2,0.9999486113376524
induction,RIDA,3,0.049754683876298555
induction,HAMP,1,0.027838725252722685
induction,GLYATL1,4,0.0031771822866764055
ambient,CFTR,1,0.9998867627477085
ambient,CPA3,1,0.8620321789766436
induction,RIDA,2,0.05261264183987069
induction,HAMP,4,0.02375166046104127
induction,GLYATL1,4,0.0033841155232992026
induction,RIDA,4,0.045898928581258436
induction,HAMP,3,0.023070229075796256
induction,GLYATL1,3,0.002923804326071311
inplane,CFTR,1,0.9998393560896948
inplane,KLK11,1,0.9954318183924438
inplane,AMY2A,2,0.9999689595967995
inplane,FXYD2,1,0.9479753819126372
inplane,GATM,1,0.9999329693150296
induction,RIDA,5,0.04325190984379035
induction,HAMP,4,0.022413513401587704
induction,GLYATL1,1,0.002731114049370653
outplane,C5orf46,1,0.46014018505646215
outplane,CFTR,1,0.9998556628951585
outplane,AMY2A,2,0.9999753488528066
inplane,PRDM1,1,0.2513830907138679
inplane,CFTR,1,0.9998453606877694
inplane,ADAM28,1,0.7519908248967155
inplane,AMY2A,2,0.9999736675024083
inplane,PPP1R1B,1,0.973234872499194
inplane,DPEP1,1,0.9840301015404561
inplane,CFTR,1,0.9998726258905072
inplane,GATM,1,0.9999551120497954
outplane,SMYD2,1,0.7204916954797452
outplane,STEAP4,1,0.0
outplane,CFTR,1,0.999869773784126
outplane,FXYD2,1,0.960161450067683
inplane,ASPN,1,0.26163864715094687
inplane,TCIM,1,0.0
inplane,CFTR,1,0.9995932790529594
inplane,EHF,1,0.9956432872364475
inplane,CXCL6,1,0.9958242857377069
ambient,RIDA,1,0.14799447980823666
ambient,KCNK3,1,0.9674050740930226
ambient,CA4,1,0.5947542854648249
ambient,PEBP4,1,0.4090265089575339
induction,RIDA,4,0.04951171199615656
induction,HAMP,1,0.02509848175283269
induction,GLYATL1,1,0.0031097190338746916
outplane,CFTR,1,0.9998689967865749
outplane,AMY2A,2,0.9999753031072758
outplane,GPX2,1,0.9969712587046666
outplane,GATM,2,0.9999472435860355
induction,RIDA,6,0.0351450787222658
induction,HAMP,4,0.017136893556524813
induction,RIDA,5,0.0326771028823547
induction,HAMP,3,0.016104928918961647
induction,GLYATL1,2,0.0020496628148783946
ambient,ANPEP,1,0.999659534395456
ambient,UMOD,1,0.8438296151993098
inplane,AMY2A,2,0.9999687673928414
inplane,CXCL2,1,0.3924889899480273
inplane,AQP8,1,0.9997187935697132
induction,RIDA,3,0.04006924969218972
induction,HAMP,5,0.0203726729926329
induction,GLYATL1,2,0.0025400350390043513
induction,RIDA,4,0.0328607939848502
induction,HAMP,4,0.015735047679881986
induction,GLYATL1,2,0.002056579248672974
inplane,C1orf194,1,0.6255532555192138
inplane,ANPEP,1,0.9996905024163628
inplane,AMY2A,1,0.999977950907237
inplane,AQP8,1,0.9998072196043651
induction,RIDA,5,0.037659524157216406
induction,HAMP,2,0.020593202238730846
induction,GLYATL1,3,0.0023584383270029985
inplane,STC1,1,0.0
inplane,AMY2A,2,0.9999756471032204
inplane,GATM,1,0.9999480938199428
induction,RIDA,1,0.04177474561602479
induction,HAMP,6,0.019028263613287133
induction,GLYATL1,3,0.002650301447698289
ambient,RIDA,1,0.16042060075883102
ambient,AMY2A,1,0.9999732668523584
inplane,MYC,1,0.5165099007164048
inplane,EPCAM,1,0.9990346560432853
inplane,CXCL2,1,0.43405878504962536
inplane,GATM,1,0.9999162454729501
induction,RIDA,1,0.04012488385297042
induction,HAMP,8,0.024261334613240093
induction,GLYATL1,1,0.0025177493832976294
induction,RIDA,7,0.06162692180641571
induction,HAMP,1,0.03382206692268097
induction,GLYATL1,2,0.003974227910282346
outplane,PTGDS,1,0.9274404702425963
outplane,FSTL3,1,0.930554506501761
outplane,KLK11,1,0.9945986679101946
outplane,ARFGEF3,1,0.907843486922546
outplane,AMY2A,3,0.9999646503675143
outplane,GATM,1,0.9999479745322732
outplane,GCG,4,0.997649011417526
induction,RIDA,6,0.028380490264089953
induction,HAMP,2,0.014153480645560323
induction,GLYATL1,2,0.0017798662187495928
inplane,MYLK,1,0.3592527681635007
inplane,CRISPLD2,1,0.42094763621831344
inplane,COL5A2,1,0.6029865181441034
inplane,AMY2A,2,0.9999732240468472
inplane,C7,1,0.6536396884389386
inplane,AQP8,1,0.999762623470114
induction,RIDA,6,0.03881234536976563
induction,HAMP,2,0.019683660367668554
induction,GLYATL1,2,0.002529534716960158
induction,RIDA,2,0.03912520505156114
induction,HAMP,5,0.01510874319690636
induction,GLYATL1,3,0.002483320796337618
ambient,GATM,2,0.9998874454162842
induction,RIDA,2,0.0480167065684548
induction,HAMP,2,0.01846477094087695
induction,GLYATL1,6,0.0031313187074147875
ambient,RIDA,1,0.12337348005628734
ambient,CFTR,1,0.9997354478202297
inplane,CD14,1,0.5532467172447046
inplane,CFB,1,0.9447714895960624
inplane,CFTR,2,0.9997685463339339
outplane,STC1,1,0.0
outplane,AMY2A,4,0.9999484391124647
outplane,GATM,1,0.9998818271523567
outplane,AQP8,1,0.9994849994711926
outplane,MFAP5,1,0.27388268152722206
outplane,AMY2A,1,0.9999766833307046
outplane,FXYD2,1,0.9576171736113801
outplane,GATM,1,0.9999504592998129
ambient,HAMP,1,0.0718678368799951
ambient,GATM,1,0.9999076073806761
inplane,CFTR,1,0.9997512631566959
inplane,TM4SF18,1,0.0
inplane,AMY2A,1,0.9999521499491989
inplane,GATM,1,0.999892293124552
induction,RIDA,5,0.03407496457513148
induction,HAMP,2,0.01673209265476261
induction,GLYATL1,3,0.0021872184474872602
induction,RIDA,2,0.032473655144620306
induction,HAMP,4,0.015323603155939391
induction,GLYATL1,4,0.0020460797827560606
outplane,EPCAM,1,0.9992198326692202
outplane,AMY2A,2,0.9999601327846178
outplane,SCGN,1,0.9900949536698904
induction,RIDA,2,0.03843163011399653
induction,HAMP,6,0.01624452251302655
induction,GLYATL1,2,0.001996641137116062
outplane,ANPEP,1,0.9996626131689026
outplane,AMY2A,3,0.9999762384190486
ambient,KLK11,1,0.9947803452185181
ambient,PEBP4,1,0.5895854655159847
outplane,EPCAM,1,0.9993070351763343
outplane,ANPEP,1,0.99958990926974
outplane,CFTR,1,0.9998344491979333
outplane,GPC3,1,0.7229767507940432
inplane,FCGR1A,1,0.7231706207460826
inplane,PLD4,1,0.5513772519593341
inplane,CD247,1,0.5765420868811649
inplane,AMY2A,2,0.999969451399969
inplane,SPIB,1,0.7067611802689582
inplane,ACTG2,1,0.36151831348830255
inplane,EPCAM,1,0.9994563162685888
inplane,ANPEP,1,0.9997090788974017
inplane,AMY2A,1,0.9999793480193172
inplane,GATM,1,0.9999563623974691
inplane,EPCAM,1,0.9995825402084432
inplane,AMY2A,4,0.9999554141286499
inplane,GATM,1,0.9998997130383451
ambient,KLK11,1,0.9963135643768743
ambient,PEBP4,1,0.6245362217481305
ambient,FKBP11,1,0.9154540674919449
ambient,AMY2A,1,0.9999789855579551
ambient,DPEP1,1,0.9544990302632442
ambient,AQP8,1,0.9997125080204832
induction,RIDA,5,0.04314421827189496
induction,HAMP,3,0.023087058056771914
induction,GLYATL1,2,0.0027389500014473045
inplane,IRF8,1,0.3210046974728007
inplane,MDM2,1,0.49626406701962766
inplane,CFTR,1,0.9998675237044655
inplane,AMY2A,4,0.9999774579856903
induction,RIDA,4,0.03796974630414962
induction,HAMP,5,0.020551358029987643
induction,GLYATL1,1,0.0023891025155702295
induction,RIDA,3,0.03489801592030217
induction,HAMP,5,0.02086712331899565
induction,GLYATL1,2,0.0021825448104858536
ambient,DPEP1,1,0.9619691874201131
ambient,UMOD,1,0.8294491496283565
inplane,GYPA,1,0.2633162399450595
inplane,AMY2A,1,0.9999316743106099
inplane,CYP2B6,1,0.11802168600465046
inplane,GATM,1,0.9998412231990923
inplane,AQP8,1,0.99930563112274
outplane,CFTR,1,0.9998801552540023
outplane,AMY2A,2,0.9999789793037261
outplane,GATM,2,0.9999554433493699
inplane,CFTR,1,0.9998621243085188
inplane,AMY2A,1,0.9999733931789834
inplane,FXYD2,2,0.9664231391356052
ambient,PROX1,1,0.805196313842551
ambient,GATM,1,0.9999287779165547
inplane,PLAC9,1,0.22708060779202255
inplane,GATA2,1,0.0
inplane,DPT,1,0.9173754591840309
inplane,AMY2A,2,0.9999288229027645
inplane,C20orf85,1,0.2908891204792532
induction,RIDA,3,0.04327206458981436
induction,HAMP,3,0.022223139159221472
induction,GLYATL1,4,0.002745763013263347
outplane,CFB,1,0.8276864541164525
outplane,C1orf162,1,0.6293229299681236
outplane,AMY2A,2,0.9999763767411297
outplane,PEBP4,1,0.6270196941139583
ambient,FKBP11,1,0.9470189019077684
ambient,HAMP,1,0.08245537840852657
outplane,CFB,1,0.8076734926626118
outplane,TMC5,1,0.9904091950114171
outplane,GDF15,1,0.9069681422585155
outplane,GATM,1,0.9999484478915448
outplane,KCNMA1,1,0.5416698459431655
outplane,MTRNR2L11,1,0.44938371685404865
outplane,AMY2A,1,0.9999801873158659
outplane,GATM,1,0.9999582744853166
outplane,DIRAS3,1,0.9369523747587255
induction,RIDA,2,0.033420186460810575
induction,HAMP,2,0.020545125794465546
induction,GLYATL1,6,0.0020819485462240106
inplane,CFB,1,0.8400077500036094
inplane,EHF,1,0.9985212608128997
inplane,AMY2A,1,0.9999767664770635
inplane,SPIB,1,0.6803920865089195
induction,RIDA,3,0.03193583622860019
induction,HAMP,4,0.017650206243854494
induction,GLYATL1,3,0.001992617487058257
ambient,ANPEP,1,0.9996378459626002
ambient,KCNK3,1,0.9367927596583707
ambient,FKBP11,1,0.9068540631915656
ambient,CFTR,1,0.9998620882220813
ambient,DPEP1,1,0.9575686522262858
ambient,AQP8,1,0.9996856693499006
inplane,HAVCR2,1,0.717469158489588
inplane,AMY2A,1,0.9999792690598686
inplane,PROX1,1,0.8959925767173101
inplane,GATM,1,0.9999562154008651
inplane,AQP8,1,0.9998206766732538
induction,RIDA,3,0.054375424015679075
induction,HAMP,3,0.027358713696626458
induction,GLYATL1,4,0.0035131049775360967
induction,RIDA,1,0.044067331901702755
induction,HAMP,3,0.020940478987730438
induction,GLYATL1,4,0.002863635627129102
induction,RIDA,2,0.038861999099570665
induction,HAMP,3,0.017803197611826693
induction,GLYATL1,5,0.002442615103058099
inplane,SMYD2,1,0.6960320323217051
inplane,AMY2A,3,0.999973575529706
inplane,GATM,1,0.9999434173721637
inplane,AMY2A,3,0.9999789795541963
inplane,GATM,1,0.9999555721431376
ambient,ANPEP,1,0.9996701076899592
ambient,CPA3,1,0.781561094621295
inplane,CD14,1,0.39403175408239155
inplane,FSTL3,1,0.7971823635565816
inplane,CFTR,1,0.9998654302253326
inplane,TM4SF18,1,0.0
induction,RIDA,3,0.03555319374861243
induction,HAMP,5,0.016817405720849776
induction,GLYATL1,2,0.0022400433636940997
ambient,DPEP1,1,0.9641007100149129
ambient,CPA3,1,0.7501194379910769
outplane,AMY2A,2,0.9999783639473091
outplane,CXCL6,1,0.9987259652366536
outplane,GATM,1,0.9999541272755609
outplane,THBS2,1,0.9959068299650055
outplane,PDGFRA,1,5.3550719414374726e-11
outplane,SLC26A2,1,0.2844238460223061
outplane,ACTA2,1,5.9610094638173905e-12
induction,RIDA,1,0.04619260928897384
induction,HAMP,5,0.02543044642688519
induction,GLYATL1,4,0.002918313807035555
outplane,MYC,2,0.5892496788069213
outplane,AMY2A,2,0.9999729840803809
outplane,GATM,2,0.999942422604664
inplane,VCAN,1,0.9988253632656127
inplane,CFB,1,0.8935827142873659
inplane,MNDA,1,0.43725460385602144
inplane,AIF1,1,0.7522399847044187
inplane,CFTR,1,0.999875845457019
inplane,AMY2A,2,0.9999775257298826
inplane,AMY2A,3,0.9999808348469409
inplane,GATM,1,0.999959719998322
ambient,CPA3,1,0.7567017525936013
ambient,KCNK3,1,0.942283361986759
ambient,KLK11,1,0.9968620969196385
ambient,KCNK3,1,0.9589153452285051
inplane,DST,1,0.5910854047574792
inplane,AMY2A,2,0.9999748359275524
inplane,GATM,2,0.9999461500213647
inplane,AMY2A,4,0.9999651144405081
inplane,BTNL9,1,0.0
outplane,FGL2,1,0.7098264592497043
outplane,MS4A6A,1,0.8349738841838371
outplane,BAMBI,1,0.7753699615452765
outplane,AMY2A,2,0.9999797440241478
outplane,PROX1,1,0.921874636489497
outplane,GATM,1,0.9999571820188009
ambient,CPA3,1,0.7618932751894848
ambient,COCH,1,0.699103390520101
inplane,NTN4,1,0.7205364043823835
inplane,MEST,1,0.7852551961545184
inplane,IGSF6,1,0.5691660126925451
inplane,AMY2A,2,0.9999753236563387
induction,RIDA,3,0.03147561168852342
induction,HAMP,6,0.01609053276583272
induction,GLYATL1,1,0.0019785865356974908
induction,RIDA,2,0.030174403278047768
induction,HAMP,3,0.014504525878272667
induction,GLYATL1,5,0.0018911630957738623
inplane,AMY2A,4,0.9999784231036535
inplane,GATM,1,0.9999542890539538
inplane,AQP8,1,0.9998123802093044
ambient,RIDA,1,0.1421488270058342
ambient,CPA3,1,0.5960512509491394
outplane,TCIM,2,0.0
outplane,BCL2L11,1,0.2880429028603143
outplane,CFTR,1,0.999780913476635
inplane,CFTR,1,0.9996516222070584
inplane,EHF,1,0.9976659411470058
inplane,AMY2A,1,0.9999301680734868
inplane,FXYD2,1,0.8560090609787048
inplane,INS,1,0.9974661754598759
induction,RIDA,1,0.04843237202412398
induction,HAMP,6,0.018973364931051395
induction,GLYATL1,1,0.0031433871306369987
outplane,MYC,1,0.5521074852313708
outplane,AMY2A,3,0.9999726311746707
ambient,CPA3,1,0.7247143665455336
ambient,GATM,1,0.9999343095743212
induction,RIDA,4,0.03165858667335342
induction,HAMP,1,0.016333758404536547
induction,GLYATL1,5,0.001985728881755411
inplane,CFB,1,0.4073691416206091
inplane,MDM2,1,0.3624316694267422
inplane,CFTR,1,0.9996493037822191
inplane,GDF15,1,0.6917883574785014
inplane,AMY2A,1,0.9999429209698134
ambient,HAMP,1,0.08649178012775882
ambient,GATM,1,0.9998289062210989
inplane,MDM2,1,0.4974047234013106
inplane,AMY2A,3,0.9999405417351138
inplane,GATM,1,0.9998631497961017
inplane,DST,1,0.2867126315788685
inplane,AMY2A,2,0.9999425517371352
inplane,KCNK3,1,0.8280992072168247
outplane,AMY2A,2,0.9999337623534601
outplane,FXYD2,1,0.7356735809230721
outplane,GATM,2,0.9998433964391918
outplane,FKBP11,1,0.9122857838836841
outplane,AMY2A,2,0.9999721025267126
outplane,GATM,1,0.999940183132915
ambient,FKBP11,1,0.9060981256747591
ambient,AQP3,1,0.828168860568649
outplane,TMC5,1,0.9836972250318601
outplane,PPARG,1,0.17979790179698651
outplane,CFTR,1,0.9995815594246658
outplane,CAVIN2,1,0.0
inplane,AMY2A,2,0.9999360198689315
inplane,CXCL2,1,0.2139193489723238
inplane,GATM,1,0.9998484694071046
outplane,MMRN2,1,0.0
outplane,SFRP4,1,0.908973337364463
outplane,CFTR,1,0.9998728759452558
outplane,TM4SF18,1,0.0
outplane,AMY2A,1,0.9999784007036956
outplane,PECAM1,1,0.0
outplane,MDM2,1,0.44629026662798266
outplane,TFPI,1,0.0
outplane,AMY2A,2,0.9999771634645325
outplane,GATM,1,0.9999518923587749
inplane,MS4A6A,1,0.7777602137472336
inplane,FBN1,1,0.012180660602987281
inplane,AMY2A,2,0.9999798965082061
induction,RIDA,4,0.040979886904728646
induction,HAMP,3,0.021091607491841247
induction,GLYATL1,3,0.0026002951092206628
ambient,UMOD,1,0.8388369420310204
ambient,AQP3,1,0.7995158574170628
induction,RIDA,4,0.038233894696601656
induction,HAMP,2,0.019175420140691735
induction,GLYATL1,4,0.002429455623493504
inplane,CFB,1,0.8004663402577428
inplane,EDN1,1,0.16802624001700395
inplane,EPCAM,1,0.9993241633127578
inplane,CFTR,2,0.9998778648109687
inplane,GATM,1,0.9999570168029108
ambient,DIRAS3,1,0.9543853511138506
ambient,GLYATL1,1,0.010967397238224152
ambient,FKBP11,1,0.9457079728697477
ambient,GATM,1,0.9999593057577164
induction,RIDA,5,0.038352801934022684
induction,HAMP,1,0.01899575711808965
induction,GLYATL1,4,0.0024289797231480392
ambient,FKBP11,1,0.8979547251553255
ambient,RIDA,1,0.20427932928641634
outplane,SFTA2,1,0.2971553927845748
outplane,FBN1,1,0.2722451208368477
outplane,EPCAM,1,0.9994676017906825
outplane,TENT5C,1,0.9976230751948916
outplane,GATM,1,0.999957471017796
ambient,KLK11,1,0.9964162821625638
ambient,AQP8,1,0.9997952365377258
inplane,VSIG4,1,8.428380215974585e-11
inplane,PTPRC,1,0.9953677750143716
inplane,KCNMA1,1,0.45495093121021024
inplane,PPARG,1,0.04573117982452535
inplane,PRDM1,1,0.05484743663419478
inplane,ACTA2,1,2.8377300509419e-12
inplane,TCIM,1,0.0
inplane,CRISPLD2,1,3.846478691116317e-12
inplane,AMY2A,1,0.9999769258927242
inplane,GATM,1,0.9999510867135702
outplane,AMY2A,3,0.999976418054463
outplane,SOX17,1,0.0
ambient,FKBP11,1,0.9509851117287085
ambient,RIDA,1,0.11026838920426318
ambient,CFTR,1,0.9998172340278301
ambient,UMOD,1,0.8367728032712127
outplane,AMY2A,1,0.9999803143567749
outplane,PROX1,1,0.9385370973438413
outplane,GATM,2,0.9999584239435748
outplane,AQP8,1,0.9998297233321913
outplane,DST,1,0.46143447857325715
outplane,PPP1R1B,1,0.9645734667594781
outplane,EPCAM,1,0.9993408330122433
outplane,KRT7,1,0.9866323709294452
outplane,AMY2A,1,0.9999801770704763
ambient,DPEP1,1,0.9682796136891763
ambient,PROX1,1,0.839991177835451
induction,RIDA,3,0.03244071822283312
induction,HAMP,3,0.01663012100839245
induction,GLYATL1,4,0.0020309267729876623
ambient,GATM,1,0.9999557210626125
ambient,DIRAS3,1,0.9711253078172795
induction,RIDA,3,0.07183045502758989
induction,HAMP,2,0.0361637613198007
induction,GLYATL1,5,0.004690995201224957
inplane,CTSK,1,0.022765946101913848
inplane,CFB,1,0.8517426320498904
inplane,CFTR,1,0.9998863851984351
inplane,AMY2A,2,0.9999806705601433
inplane,FXYD2,1,0.969125821342095
outplane,GLIPR1,1,0.5177084949253465
outplane,TMC5,1,0.9958698678080771
outplane,CFTR,1,0.999850870388746
outplane,GDF15,1,0.9170977875539693
outplane,CD163,1,0.995065100069431
outplane,AMY2A,2,0.9999795962323823
outplane,AQP8,1,0.9998232615120057
outplane,CAVIN1,1,0.04269692375304823
outplane,FBN1,1,0.015037943480587734
outplane,AMY2A,3,0.9999796905980349
induction,RIDA,1,0.03556115199495191
induction,HAMP,3,0.01785470598205574
induction,GLYATL1,6,0.0022453880218488154
outplane,AMY2A,5,0.9999773360842878
inplane,PMP22,1,0.20034431207376024
inplane,PECAM1,1,0.0
inplane,PLAC9,1,0.23565264138653885
inplane,EPCAM,1,0.9993850594840643
inplane,GEM,1,0.30947375976863045
inplane,AMY2A,1,0.9999789099535723
inplane,SOX17,1,0.0
ambient,ANPEP,1,0.9996862145446549
ambient,KCNK3,1,0.980618725372235
outplane,AMY2A,5,0.9999776278139215
outplane,AQP8,2,0.9998043563472633
inplane,AMY2A,3,0.9999729130167533
inplane,GATM,1,0.9999417902847337
ambient,DPEP1,1,0.9795278786354503
ambient,ANPEP,1,0.9997250307498801
induction,RIDA,3,0.04363047952742183
induction,HAMP,2,0.021736587191964585
induction,GLYATL1,5,0.0027834937349638933
outplane,AMY2A,4,0.9999786109289699
outplane,GATM,1,0.999954644807379
ambient,KLK11,1,0.9958335923005484
ambient,GATM,1,0.9999417958687269
induction,RIDA,2,0.03630335020560238
induction,HAMP,2,0.020061728423820258
induction,GLYATL1,6,0.0022822135280587963
inplane,VCAN,1,0.9997283764080696
inplane,MYLK,1,0.6973127834745091
inplane,AMY2A,2,0.9999335173890552
inplane,GATM,1,0.9998424756993125
inplane,ANPEP,1,0.9989317345358791
inplane,AMY2A,3,0.999932414085344
inplane,GATM,1,0.9998398027949196
inplane,C15orf48,2,0.9956377507409253
inplane,CPA3,1,0.8570986288865581
inplane,GATM,1,0.9999585454114814
inplane,TBX3,1,0.07996805226414017
inplane,PLIN4,1,0.5063397965201788
inplane,CD79A,1,0.9630253778911877
inplane,AMY2A,3,0.9999777546394781
inplane,CFAP53,1,0.774046856253356
ambient,AMY2A,1,0.9999762139804322
ambient,KCNK3,1,0.9661101931159037
induction,RIDA,4,0.03736497081070189
induction,HAMP,3,0.019631677846012385
induction,GLYATL1,3,0.002329190526241809
outplane,MS4A4A,1,0.8794043109430012
outplane,ANPEP,1,0.9996175361878794
outplane,AMY2A,1,0.9999727686539571
outplane,GATM,1,0.9999412254174103
outplane,CAVIN1,1,0.05518575132822179
outplane,LILRB2,1,0.2437940290950188
outplane,MDM2,1,0.5999838641735954
outplane,CFTR,1,0.9998832094272134
outplane,AMY2A,2,0.9999798787250964
outplane,GATM,1,0.9999575725634027
outplane,FKBP11,1,0.9446208349550472
outplane,CFTR,1,0.9998566209172787
outplane,AMY2A,1,0.9999713047972824
outplane,GATM,1,0.9999380268043349
outplane,KCNMA1,1,0.4952548343231905
outplane,AMY2A,3,0.9999759404192834
outplane,AQP8,1,0.9997880493482292
ambient,ANPEP,1,0.9995942960611715
ambient,CA4,1,0.7243496857289556
outplane,CFTR,1,0.9997802571934596
outplane,AMY2A,3,0.9999584531507063
outplane,GATM,1,0.999904326420621
induction,RIDA,5,0.036923585856728613
induction,HAMP,2,0.017615175726108157
induction,GLYATL1,3,0.002387634226630353
ambient,CFTR,1,0.9998725212516482
ambient,AQP3,1,0.8907960932970383
induction,RIDA,3,0.04901077604719706
induction,HAMP,2,0.018088808329512318
induction,GLYATL1,3,0.0032654041411549484
ambient,DPEP1,1,0.9133189740302003
ambient,GLYATL1,1,0.010644973017531534
induction,RIDA,2,0.18685196276157856
induction,HAMP,1,0.04630317214638702
induction,GLYATL1,1,0.014263896045333513
outplane,PDGFRA,1,0.8667305622311416
outplane,CFB,1,0.8125072168555039
outplane,PPP1R1B,1,0.9245719274502504
outplane,GATM,1,0.9998330159302632
induction,RIDA,2,0.04652944605067877
induction,GLYATL1,4,0.0030398711555553737
outplane,NTN4,1,0.5676379072350324
outplane,CFB,1,0.8168735159367698
outplane,TMC5,1,0.9957932918832533
outplane,CNN1,1,0.9939138330584416
outplane,IL1RL1,1,0.4141484687436304
inplane,PECAM1,1,0.0
inplane,AMY2A,3,0.9999608698965702
induction,RIDA,4,0.04084574299381005
induction,HAMP,4,0.014844187400277153
induction,GLYATL1,2,0.002591669934500551
outplane,CFB,1,0.8266216845603807
outplane,FKBP11,1,0.881540844340514
outplane,KLRD1,1,0.16769553601725273
outplane,AMY2A,1,0.9999738281149335
induction,RIDA,2,0.028935929250026526
induction,HAMP,5,0.014816583276928919
induction,GLYATL1,3,0.0018213209481130477
induction,RIDA,6,0.03277236711231157
induction,GLYATL1,4,0.002042823704953234
induction,RIDA,2,0.05277126791234177
induction,HAMP,2,0.026128632880039304
induction,GLYATL1,6,0.003414885483840613
induction,RIDA,2,0.04070539904298198
induction,HAMP,4,0.02015495099540565
induction,GLYATL1,4,0.0026005728599179934
outplane,MS4A6A,1,0.7098139936239296
outplane,FAS,1,0.21753227352726634
outplane,MALL,1,0.0163363888015714
outplane,AMY2A,1,0.999972018660276
outplane,AMY2A,1,0.9999689582990758
outplane,GATM,2,0.9999329388095207
outplane,AQP8,1,0.9997208319199543
outplane,PGR,1,0.3653199475627472
outplane,ADGRL4,1,0.0
outplane,CFB,1,0.793372674810557
outplane,THAP2,1,0.37425918290896165
outplane,AMY2A,2,0.9999655133214806
outplane,GATM,1,0.9999248348493056
outplane,PECAM1,2,0.0
outplane,CFTR,2,0.9997466139624512
outplane,TFPI,1,0.0
outplane,AMY2A,3,0.9999455055614386
induction,RIDA,3,0.039989041109205314
induction,HAMP,3,0.01686311639016247
induction,GLYATL1,4,0.0025334885073345914
outplane,NTN4,1,0.6446117347285059
outplane,MDM2,1,0.5542480928259932
outplane,AMY2A,2,0.9999360607216167
outplane,GATM,1,0.9998417169983266
induction,RIDA,3,0.031110239347049706
induction,HAMP,3,0.017033698386536567
induction,GLYATL1,4,0.0018640414902798552
ambient,AMY2A,1,0.99996639197217
ambient,DIRAS3,1,0.8953948409140429
outplane,ACTG2,1,0.33888517554611086
outplane,MYC,1,0.6810314563246015
outplane,CFTR,2,0.9998831822232227
outplane,AMY2A,1,0.9999798347645413
induction,RIDA,4,0.03495057175952687
induction,HAMP,4,0.01725631734319666
induction,GLYATL1,2,0.002211053815394881
ambient,ANPEP,1,0.9996571889621801
ambient,AQP8,1,0.9997859589217842
induction,RIDA,6,0.038084860568480705
induction,HAMP,1,0.016605307828133298
induction,GLYATL1,3,0.0024044909916878243
outplane,EPCAM,1,0.9995172282617727
outplane,AMY2A,2,0.9999546749578866
outplane,GATM,1,0.9998982145225407
induction,RIDA,4,0.04216994987671052
induction,HAMP,5,0.018445407847196504
induction,GLYATL1,1,0.0026754852294695874
outplane,NTN4,1,0.48476666735021434
outplane,CFTR,1,0.9997685932859404
outplane,AMY2A,1,0.9999618220864516
outplane,FXYD2,2,0.8810013329573875
inplane,AMY2A,3,0.9999687356175426
inplane,C7,1,0.6472265179762198
inplane,GATM,1,0.999932629476479
inplane,FKBP11,1,0.9535754998872046
inplane,AMY2A,4,0.9999805141904888
inplane,KCNK3,1,0.9763003014674108
inplane,GATM,2,0.9999586197502618
induction,RIDA,6,0.03616412010054715
induction,HAMP,2,0.0186075913854179
induction,GLYATL1,2,0.002277785305374924
inplane,DST,1,0.794407509321499
inplane,CFTR,1,0.9997113002204795
inplane,CA4,1,0.8427268474522814
inplane,AMY2A,2,0.9999522867413891
inplane,SMYD2,1,0.49489551942758525
inplane,CFTR,1,0.9996526124185456
inplane,GATM,2,0.9998632190674003
ambient,KCNK3,1,0.9400026466403567
ambient,GATM,1,0.9999238625953263
induction,RIDA,5,0.034906535420891616
induction,HAMP,3,0.016528449711188387
induction,GLYATL1,2,0.002221717035644999
inplane,FSTL3,1,0.8132575483994138
inplane,PPP1R1B,1,0.9302815994502321
inplane,SLC4A1,1,0.08981029045780298
inplane,FXYD2,1,0.9094155889796355
inplane,CLCA1,1,0.20086836826399035
inplane,GPX2,1,0.9956931740654654
ambient,CA4,1,0.7956403364619012
ambient,CPA3,1,0.7778329659052695
ambient,FKBP11,2,0.9090174993233417
outplane,FGL2,1,0.6574325391172904
outplane,CD14,1,0.7345688050006922
outplane,TCIM,1,0.0
outplane,KCNMA1,1,0.5184713359268849
inplane,FAS,1,0.2431802146986658
inplane,AMY2A,1,0.9999691485268688
inplane,GATM,2,0.9999333583949656
inplane,PDGFRA,1,0.20906221828089633
inplane,MYC,1,0.4056137368000139
inplane,AMY2A,3,0.9999526739763656
induction,RIDA,1,0.09298369270543994
induction,GLYATL1,3,0.004231198392061097
ambient,FKBP11,1,0.7602753147677269
ambient,DIRAS3,1,0.8364713845722194
inplane,AMY2A,4,0.9999631767255348
inplane,EDNRB,1,0.0
inplane,GATM,1,0.9999191828519024
inplane,CFTR,2,0.9998421487422232
inplane,AMY2A,1,0.9999730436624802
inplane,PROX1,1,0.8566077436236739
outplane,AMY2A,3,0.9999748845183539
outplane,AQP8,1,0.9997782322915146
induction,RIDA,2,0.04408334757963139
induction,HAMP,1,0.022878097744340242
induction,GLYATL1,7,0.0028163765823417952
ambient,RIDA,1,0.1230583257115716
ambient,CFTR,1,0.9998762791129121
induction,RIDA,3,0.04229082481775304
induction,HAMP,3,0.023188077317112032
induction,GLYATL1,4,0.0026819738575730723
inplane,EPCAM,2,0.9995507018484262
inplane,PPP1R1A,1,0.9703722460157169
inplane,CFTR,1,0.9998420719921778
inplane,GATM,1,0.9999326678209133
ambient,COCH,1,0.7650286474493431
ambient,PEBP4,1,0.6946735735787901
inplane,AMY2A,4,0.9999767532149053
inplane,GATM,1,0.9999505185521695
induction,RIDA,5,0.03595595549765984
induction,HAMP,1,0.018070475153424304
induction,GLYATL1,4,0.002271491795272973
ambient,CFTR,1,0.9998909452471113
ambient,COCH,1,0.8918006855119751
outplane,MCF2L,1,0.0
outplane,CFTR,1,0.99988436707579
outplane,EHF,2,0.9987678505241814
outplane,AMY2A,2,0.9999796394127942
induction,RIDA,6,0.03627697683948805
induction,HAMP,3,0.01824102202612754
induction,GLYATL1,1,0.0022862271466038697
induction,RIDA,7,0.053061532083578
induction,GLYATL1,3,0.0034505856248382427
ambient,CFTR,1,0.9998820911203034
ambient,AQP8,1,0.9998303263700451
outplane,CAVIN1,1,0.16198922290630546
outplane,NPDC1,1,0.0
outplane,AMY2A,3,0.9999784090912326
inplane,ANPEP,1,0.9996439031668767
inplane,AMY2A,2,0.999974230052545
inplane,GATM,1,0.9999445517369658
inplane,AQP8,1,0.999769851068564
inplane,AMY2A,3,0.9999751655316423
inplane,FOXP3,1,0.6886071186189144
inplane,GPC3,1,0.7658913082987138
ambient,CFTR,1,0.9998567868407382
ambient,PEBP4,1,0.6238471563369175
outplane,CFB,1,0.937987362187586
outplane,MYC,1,0.8180623960659508
outplane,ANPEP,1,0.9997016410898838
outplane,GATM,1,0.9999548168579586
induction,RIDA,5,0.05398055853128769
induction,HAMP,4,0.026234780842125605
induction,GLYATL1,1,0.003471478719087595
inplane,CFTR,1,0.999873904705993
inplane,AMY2A,2,0.9999785580336079
inplane,GATM,1,0.9999546155490503
inplane,GNG11,1,0.0
inplane,CFTR,1,0.9998789590566081
inplane,AMY2A,1,0.9999793985341701
inplane,GPX2,1,0.9896848264815886
outplane,NTN4,1,0.7505381369792485
outplane,ACTG2,1,0.3194805453318871
outplane,ARFGEF3,1,0.8127293442486904
outplane,AMY2A,2,0.999980078234629
outplane,GATM,1,0.9999579655180366
ambient,PROX1,1,0.9158220804325081
ambient,PEBP4,1,0.7665518182690969
ambient,HAMP,1,0.060866361748356246
ambient,AQP8,1,0.9998339687496061
induction,RIDA,3,0.0380503159219201
induction,HAMP,3,0.019112382760170243
induction,GLYATL1,4,0.002404490256804448
induction,RIDA,4,0.0299504271563813
induction,HAMP,2,0.014739585795796484
induction,GLYATL1,4,0.0018981925417396184
inplane,MDM2,1,0.5082883310545764
inplane,AMY2A,2,0.999977116098496
inplane,GATM,1,0.9999514751681875
ambient,CPA3,1,0.6558565985653888
ambient,DIRAS3,1,0.8467269477936976
inplane,MCF2L,1,0.0
inplane,CD300E,1,0.2042945022263314
inplane,AMY2A,1,0.9999796677703434
inplane,GATM,1,0.9999570664800971
outplane,NTN4,1,0.4037172499713768
outplane,CFTR,1,0.999592450250995
outplane,AMY2A,1,0.9999336975591053
outplane,GATM,1,0.9998476360291377
induction,RIDA,4,0.044986533698774145
induction,HAMP,3,0.01900971758104597
induction,GLYATL1,3,0.002903570284980672
outplane,AMY2A,4,0.9999651841105444
inplane,AMY2A,3,0.9999655134702087
inplane,AQP8,1,0.9996831761536293
inplane,AMY2A,2,0.9999767876264509
inplane,GATM,2,0.9999506640610153
inplane,CFTR,2,0.9997546466039373
inplane,AMY2A,2,0.9999595844411246
inplane,GATM,1,0.9999106881372345
outplane,AMY2A,3,0.999972494311184
outplane,GATM,1,0.9999409365582576
induction,RIDA,1,0.02997708550156597
induction,HAMP,2,0.015654521436988422
induction,GLYATL1,7,0.001882589287517833
ambient,KLK11,1,0.9967676876517461
ambient,CPA3,1,0.8377779761132254
outplane,CFTR,2,0.9998251232330556
outplane,AMY2A,2,0.9999656588243878
induction,RIDA,5,0.035835409998849155
induction,HAMP,3,0.019578193286879042
induction,GLYATL1,2,0.0022554868045531196
inplane,VCAN,1,0.9993861680577972
inplane,PRDM1,1,0.20441317894262756
inplane,TM4SF18,1,0.0
inplane,AQP8,1,0.9997849734448826
ambient,ANPEP,1,0.9997183295876393
ambient,CA4,1,0.8242659479581966
inplane,COL5A2,1,3.415823179864219e-12
inplane,RIDA,1,0.12292252554890115
inplane,AMY2A,2,0.9999803882525052
induction,RIDA,5,0.035539621011006495
induction,HAMP,3,0.018220104059302633
induction,GLYATL1,2,0.0022401585819145087
ambient,AMY2A,1,0.9999780136801729
ambient,KCNK3,1,0.9707331419516271
induction,RIDA,3,0.038311924733361424
induction,HAMP,5,0.01899224805688826
induction,GLYATL1,2,0.0024258721560352914
inplane,NTN4,1,0.7179115088127458
inplane,CFB,1,0.8716295320995526
inplane,CFTR,1,0.9998353227033415
inplane,AMY2A,2,0.9999683216249213
inplane,MAMDC2,1,0.38902486613485254
inplane,AMY2A,2,0.9999787342003962
inplane,AQP8,2,0.9998152431988218
inplane,TCIM,1,0.0
inplane,MDM2,1,0.5705856222444557
inplane,AMY2A,2,0.9999780965699449
induction,RIDA,3,0.029773860908830274
induction,HAMP,3,0.015655720990841115
induction,GLYATL1,4,0.0018548361464775232
outplane,AMY2A,2,0.9999770557889318
outplane,PROX1,1,0.8684259377766208
outplane,GATM,1,0.9999512599762774
ambient,RIDA,1,0.13716533928389785
ambient,ANPEP,1,0.9996417426292367
outplane,TENT5C,1,0.9969364394949048
outplane,AMY2A,2,0.9999734476532877
outplane,AQP8,1,0.9997647518504663
induction,RIDA,3,0.04878894913174292
induction,GLYATL1,3,0.0032503677585200563
ambient,AMY2A,1,0.9999535362400448
ambient,PROX1,1,0.6882562664419074
ambient,CFTR,1,0.9996117198504041
ambient,DIRAS3,1,0.6580294261482672
induction,RIDA,1,0.05158870723853104
induction,HAMP,2,0.02137648910649592
induction,GLYATL1,3,0.003469085194402144
inplane,DST,1,0.4210937459192611
inplane,CFTR,1,0.9997309910787305
inplane,PROX1,1,0.6143007212502813
inplane,GATM,1,0.999867405950628
ambient,DPEP1,1,0.8567422085084748
ambient,KCNK3,1,0.7951397246461007
induction,RIDA,2,0.03787692235083551
induction,HAMP,2,0.02450783635617937
induction,GLYATL1,2,0.0024083456675880743
induction,RIDA,3,0.050063550434801485
induction,HAMP,1,0.03577435584443933
induction,RIDA,1,0.05405837262635216
induction,HAMP,2,0.04615650442809305
induction,GLYATL1,1,0.003616261289565381
ambient,PROX1,1,0.8163961060370516
ambient,AQP8,1,0.9996596030686966
outplane,EPCAM,1,0.9991227592519178
outplane,AMY2A,2,0.9999437184347172
outplane,AQP8,1,0.9994336733455876
outplane,NTN4,1,0.41624391485284673
outplane,ALDH1A3,2,0.41341678326378395
outplane,CFTR,1,0.9996297994199023
outplane,EGFR,1,0.5984988305615386
inplane,CFTR,1,0.9997515911542939
inplane,AMY2A,3,0.999932986630878
inplane,GATM,1,0.9998416729852311
ambient,CA4,1,0.705165111044037
ambient,DIRAS3,1,0.8673468960002432
outplane,AMY2A,2,0.9999545355993616
outplane,GATM,2,0.9999000528352111
induction,RIDA,2,0.030777524585355653
induction,HAMP,5,0.01442694855030724
induction,GLYATL1,3,0.001920499404166387
induction,RIDA,1,0.04025644037306764
induction,HAMP,4,0.02006485068650743
induction,GLYATL1,5,0.002560720901720992
induction,RIDA,3,0.04334259430020082
induction,HAMP,3,0.019883792986391313
induction,GLYATL1,2,0.0028187429116236506
inplane,CD4,1,0.3448091462999442
inplane,LIF,1,0.9866111491156847
inplane,AMY2A,3,0.999974750445972
ambient,CFTR,1,0.9998766204598564
ambient,AQP8,1,0.9998221483390232
ambient,COCH,1,0.5611917235758428
ambient,PEBP4,1,0.4247223824145102
outplane,AMY2A,3,0.999962554906935
outplane,GATM,1,0.9999176128105783
inplane,AMY2A,3,0.999976696098985
inplane,GATM,1,0.9999505771364402
inplane,AQP8,1,0.9997969906343867
inplane,MYC,1,0.7301334779596653
inplane,AMY2A,3,0.9999755538549933
outplane,ADGRL4,1,0.0
outplane,CD34,1,0.0
outplane,LILRB2,1,0.2975831401917338
outplane,SNCG,1,0.03966825849344846
outplane,AMY2A,3,0.9999590630261675
outplane,KCNK3,1,0.9043897266083473
inplane,CD3D,1,0.18516426690331234
inplane,PPP1R1B,1,0.9418490980009921
inplane,AMY2A,2,0.9999776143775602
outplane,RIDA,1,0.12433039284481373
outplane,AMY2A,2,0.9999775783842617
outplane,AQP8,2,0.999804129969791
induction,RIDA,4,0.05065526497967887
induction,HAMP,3,0.02581910647305019
induction,GLYATL1,3,0.003224589557430213
ambient,RIDA,1,0.11347781820760583
ambient,KCNK3,1,0.9744865067310885
ambient,COCH,1,0.34406390892899075
ambient,PROX1,1,0.4784788225433111
ambient,FKBP11,1,0.9492726954726943
ambient,RIDA,1,0.11515825499960564
inplane,AMY2A,2,0.9999754968994372
inplane,GCG,2,0.9974733329883804
inplane,GNG11,1,0.0
inplane,AMY2A,2,0.999976828267021
inplane,FXYD2,1,0.9657013795407882
ambient,FKBP11,1,0.8834276443025888
ambient,AQP8,1,0.999669568614565
induction,RIDA,5,0.04032223551409064
induction,HAMP,1,0.018495788880439012
induction,GLYATL1,4,0.00262466740986933
ambient,DIRAS3,1,0.8670845246463961
ambient,PEBP4,1,0.46747698042745656
outplane,CFTR,1,0.9997079461793188
outplane,AMY2A,3,0.999944891291315
outplane,GATM,1,0.9998708443940708
induction,RIDA,3,0.04119795698544748
induction,HAMP,4,0.02106423032833382
induction,GLYATL1,3,0.0026531258119157908
induction,RIDA,5,0.039742849422361726
induction,HAMP,4,0.02207177419802908
induction,GLYATL1,1,0.0024814761856221113
outplane,EGFR,2,0.7950358202563683
outplane,GATM,2,0.9999331929263678
outplane,AQP8,1,0.9997220174982915
induction,RIDA,2,0.03566134591065728
induction,HAMP,3,0.018414179003831133
induction,GLYATL1,5,0.002245583214108393
outplane,MET,1,0.09174666128647924
outplane,AMY2A,2,0.9999442162029537
outplane,GATM,1,0.9998716376626039
inplane,TCIM,1,0.0
inplane,SMYD2,1,0.7128688714044916
inplane,ANPEP,1,0.9995881932673711
inplane,LPL,1,0.22762637727102686
inplane,CFAP53,1,0.6910224417788906
ambient,KLK11,1,0.9943984001762993
ambient,GLYATL1,1,0.009122005086511287
outplane,CFTR,1,0.9998719038665098
outplane,EHF,1,0.9984646219481512
outplane,AMY2A,2,0.9999782179943485
ambient,CFTR,1,0.9997979059572855
ambient,HAMP,1,0.06509084112752073
outplane,CRISPLD2,1,0.17881883914302854
outplane,MDM2,1,0.5190438833756764
outplane,AMY2A,2,0.999979854820557
outplane,NTN4,1,0.6650433670873592
outplane,CFB,2,0.8285242660395222
outplane,CFTR,1,0.9998047045400088
outplane,ADAM28,1,0.7523404358541113
induction,RIDA,2,0.03516458175354853
induction,HAMP,3,0.019590497481201896
induction,GLYATL1,5,0.0022168247929408302
outplane,TENT5C,1,0.9974241149180935
outplane,AMY2A,4,0.9999785000383341
ambient,UMOD,1,0.7550116369777201
ambient,KCNK3,1,0.9087356844612935
ambient,PROX1,1,0.9293866219530063
ambient,DIRAS3,1,0.9600320938843874
inplane,CFTR,1,0.9998358404226387
inplane,GATA2,1,0.0
inplane,AMY2A,2,0.9999712839351121
inplane,ANPEP,1,0.9991712128331288
inplane,AMY2A,1,0.9999460623781434
inplane,FXYD2,1,0.8263504181324902
inplane,CYP4B1,1,0.0
inplane,ACE2,1,0.03300324086577899
induction,RIDA,2,0.03785086558447148
induction,HAMP,5,0.018827638962328752
induction,GLYATL1,3,0.002385775155198444
ambient,UMOD,1,0.7080718433919801
ambient,KLK11,1,0.9932167303383095
ambient,CFTR,1,0.9998795936171304
ambient,GLYATL1,1,0.008176846331981569
outplane,AMY2A,2,0.9999735322349321
outplane,GATM,1,0.9999432362041086
outplane,DIRAS3,1,0.9266278363410423
inplane,MMRN2,1,0.0
inplane,TMC5,1,0.9969262784741441
inplane,EPCAM,1,0.999529796772801
inplane,MET,1,0.38021481441594596
inplane,FXYD2,1,0.951678205170204
outplane,PPP1R1A,1,0.9727028549090598
outplane,AMY2A,4,0.9999766312507503
induction,RIDA,3,0.061255153141622554
induction,HAMP,5,0.03109553723733971
induction,GLYATL1,2,0.003972821474918509
inplane,AMY2A,4,0.9999792185502108
inplane,GATM,1,0.9999558533552795
induction,RIDA,4,0.03757819785061656
induction,HAMP,5,0.018835879911704656
induction,GLYATL1,1,0.0023766208212046003
ambient,CPA3,1,0.7946156590213604
ambient,PROX1,1,0.8617363624419673
induction,RIDA,4,0.03596623852780323
induction,HAMP,4,0.01716617024099598
induction,GLYATL1,2,0.0022466241898791983
outplane,FBLN1,1,0.644310844767151
outplane,CAVIN1,1,0.09290086057377889
outplane,CLEC4E,1,0.23573733625630633
outplane,CFTR,1,0.9998774974117733
outplane,CXCL6,1,0.9964280518659608
inplane,CD247,1,0.18803873511800506
inplane,AMY2A,2,0.9999801796037762
inplane,MCEMP1,1,0.11690916533502194
inplane,GATM,1,0.9999582089328959
outplane,DST,1,0.47168295053942066
outplane,MYC,1,0.7423354703881333
outplane,KIT,1,0.2142780664053806
outplane,AMY2A,3,0.9999807304980975
ambient,UMOD,1,0.8779549852319707
ambient,PEBP4,1,0.6753681209483355
outplane,PMP22,1,0.31830707309304274
outplane,BCL2L11,1,0.3052114680932484
outplane,CFTR,1,0.9998019599311103
outplane,AMY2A,2,0.9999607340875117
inplane,KRT7,1,0.9931908281027654
inplane,AMY2A,2,0.9999438848525829
inplane,HMGCS2,1,0.45124017467659405
inplane,GATM,1,0.9998707833774122
outplane,AMY2A,3,0.9999535428306364
outplane,HAMP,1,0.06702568554266519
ambient,DPEP1,1,0.9478401713083501
ambient,UMOD,1,0.8023089573845812
ambient,KLK11,1,0.9944221183504471
ambient,HAMP,1,0.0813652597731156
ambient,DPEP1,1,0.9709668088323838
ambient,CA4,1,0.7997341623703274
outplane,NTN4,1,0.859091500768047
outplane,CNN1,1,0.9916961357314756
outplane,ANPEP,1,0.9997213597326109
outplane,CFTR,1,0.999887463355976
outplane,AMY2A,1,0.9999800859347207
induction,RIDA,3,0.03994659317281968
induction,HAMP,3,0.019315471448628108
induction,GLYATL1,4,0.0025472563048497543
inplane,MYC,1,0.6218039385862691
inplane,EPCAM,1,0.9993574290622768
inplane,AMY2A,1,0.9999776405918143
inplane,GATM,1,0.9999525874405387
induction,RIDA,2,0.04199755359755464
induction,HAMP,4,0.023621169901916983
induction,GLYATL1,4,0.0026675756028027298
induction,RIDA,4,0.03905907432287692
induction,HAMP,3,0.021231868762369266
induction,GLYATL1,3,0.002460380022547448
outplane,AMY2A,3,0.9999730333512704
outplane,GATM,2,0.9999411557024483
induction,RIDA,4,0.06224667714244403
induction,HAMP,2,0.028223061771103675
induction,GLYATL1,4,0.004027230591497455
outplane,ANPEP,1,0.9996576263345187
outplane,KLK11,1,0.9963283794963117
outplane,AMY2A,3,0.999975920459109
outplane,GATM,2,0.9999486237666844
inplane,STC2,2,0.0
inplane,AMY2A,1,0.9999733996810948
inplane,AQP8,1,0.99976360322067
ambient,PROX1,1,0.9113888025638305
ambient,DIRAS3,1,0.9524867171921535
induction,RIDA,2,0.03250309596939116
induction,HAMP,6,0.016679959442173597
induction,GLYATL1,2,0.0020486999561795116
induction,RIDA,5,0.04692348364871146
induction,HAMP,2,0.025854097322737468
induction,GLYATL1,3,0.0029567662350390433
induction,RIDA,3,0.04513876789281368
induction,HAMP,4,0.02450397458237874
induction,GLYATL1,3,0.0028765583527833316
ambient,CFTR,1,0.9998282574177221
ambient,PEBP4,1,0.6262994764219867
ambient,UMOD,1,0.8948305831641532
ambient,GATM,1,0.9999539280289754
ambient,ANPEP,1,0.9996800118748209
ambient,CA4,1,0.9416571336748081
ambient,FKBP11,1,0.9487011709488281
ambient,UMOD,1,0.9147835919950974
induction,RIDA,2,0.0436598524907692
induction,HAMP,6,0.02199600020036241
induction,GLYATL1,2,0.0027650520438297077
ambient,ANPEP,1,0.999687553661192
ambient,GLYATL1,1,0.008574903121001731
ambient,RIDA,1,0.11591101138108162
ambient,PROX1,1,0.8717502030137922
induction,RIDA,2,0.03493278415212553
induction,HAMP,3,0.016943285043749534
induction,GLYATL1,5,0.0022050904660220194
outplane,FKBP11,1,0.9366704641752427
outplane,AMY2A,3,0.9999743149258719
induction,RIDA,2,0.03307974626063748
induction,HAMP,5,0.01587384175894424
induction,GLYATL1,3,0.002087009922098315
inplane,ASPN,1,0.3064122557809086
inplane,DST,1,0.4282211519916176
inplane,RGS16,1,0.33903426911987855
inplane,EHF,1,0.9974280588217701
inplane,AMY2A,1,0.999965100677891
ambient,RIDA,1,0.08597434135372994
ambient,HAMP,1,0.04471186766244295
outplane,BCL2L11,1,0.29290640369471177
outplane,MYC,1,0.6081567400971353
outplane,CFTR,1,0.9998685104821683
outplane,AMY2A,2,0.9999767399669152
inplane,PCNA,1,0.33604472658367857
inplane,CFB,2,0.8226148164772962
inplane,FBN1,1,9.447997939560082e-13
inplane,ACTG2,1,0.28562856733652564
outplane,MDM2,1,0.5292349357196845
outplane,AMY2A,2,0.9999779282274578
outplane,GATM,2,0.9999532204115191
outplane,CFTR,1,0.999883727174476
outplane,SNCA,1,0.12072665701535279
outplane,ERBB2,1,0.856001507025214
outplane,CHGA,1,0.9694526957490286
induction,RIDA,1,0.041382715333270204
induction,HAMP,5,0.02015667543220445
induction,GLYATL1,4,0.002631233206968453
ambient,DPEP1,1,0.9621313473822282
ambient,ANPEP,1,0.9996429493815139
outplane,PMP22,1,0.16504120535354905
outplane,CFTR,1,0.9998749029814721
outplane,ADAMTS1,1,0.010107171071101373
outplane,AMY2A,1,0.9999791679301984
outplane,GATM,1,0.999955976707199
ambient,CFTR,1,0.9998327890696761
ambient,AQP3,1,0.7673414597603264
ambient,CFTR,1,0.9998080559972072
ambient,DIRAS3,1,0.8538881072129636
outplane,GATM,2,0.9999536851927463
outplane,GLYATL1,2,0.005494894255471561
outplane,AMY2A,2,0.9999674152985921
outplane,GATM,2,0.9999296135885622
inplane,VCAN,1,0.9987257483348709
inplane,AMY2A,3,0.9999772488209616
outplane,CFB,1,0.7373773652444144
outplane,PPP1R1B,1,0.9503329000576665
outplane,CFTR,1,0.9998772223707996
outplane,EHF,1,0.9983846899510807
outplane,TM4SF18,1,0.0
inplane,AMY2A,2,0.999945862911668
inplane,SH2D3C,1,0.0
inplane,GATM,1,0.9998755318604999
ambient,DPEP1,1,0.9792764334091968
ambient,HAMP,1,0.07553740571593559
ambient,ANPEP,1,0.9994911111342224
ambient,COCH,1,0.6602571064299114
ambient,KLK11,1,0.9891877758519677
ambient,AQP3,1,0.7867448563439118
outplane,EPCAM,2,0.9994665631838209
outplane,AMY2A,1,0.9999528674746768
outplane,KCNK3,1,0.9277747415091576
outplane,GATM,1,0.9998888455455338
outplane,APOLD1,1,0.0
outplane,IL3RA,1,0.0
outplane,AMY2A,2,0.9999639582366797
outplane,GATM,1,0.9999206530382437
outplane,AQP8,1,0.9996649895102292
ambient,PROX1,1,0.8744107393673212
ambient,AQP8,1,0.9998286137626532
induction,RIDA,5,0.03178806006748569
induction,GLYATL1,5,0.0020489442080641185
ambient,AMY2A,1,0.9999643316699617
ambient,PEBP4,1,0.5959530246719147
inplane,CFB,1,0.903355236658181
inplane,DST,1,0.5891378636847178
inplane,CYP2A7,1,0.6208782455061943
inplane,CFTR,1,0.999877200436699
inplane,EHF,1,0.9986413275264984
inplane,SERPINB9,2,0.08432225195811538
inplane,CFTR,1,0.9998819552504006
inplane,AMY2A,1,0.9999803177605826
outplane,PPARG,1,0.09726750349968605
outplane,AMY2A,1,0.9999802330862159
outplane,GATM,2,0.9999582522843746
ambient,DPEP1,1,0.9789012875953234
ambient,DIRAS3,1,0.9441606351369134
inplane,PRDM1,1,0.07859363520805862
inplane,CFB,1,0.8857805740811103
inplane,CLEC14A,1,0.0
inplane,CD93,1,0.0
outplane,GNG11,1,0.0
outplane,CFTR,1,0.9996293233271192
outplane,AMY2A,1,0.9999316027208062
outplane,AQP8,1,0.9992728824112119
ambient,UMOD,1,0.8570887540879698
ambient,AMY2A,1,0.9999790897503548
inplane,NTN4,1,0.8086186787351393
inplane,EPCAM,1,0.999464980441075
inplane,AMY2A,2,0.9999760749816635
ambient,DPEP1,1,0.9626999659715678
ambient,AMY2A,1,0.999974979087256
outplane,TENT5C,1,0.9936949079436034
outplane,AMY2A,3,0.9999440641920269
outplane,GATM,1,0.9998717558199397
ambient,PROX1,1,0.7700245761380076
ambient,PEBP4,1,0.5016557532760006
outplane,ANPEP,1,0.9996535713137449
outplane,AMY2A,1,0.9999753736563032
outplane,GATM,2,0.999947550501456
outplane,AMY2A,2,0.9999751245260289
outplane,GATM,2,0.9999468086001045
outplane,INS,1,0.9975225563078246
outplane,GCG,1,0.9974587729906508
ambient,FKBP11,1,0.8840376971719229
ambient,PROX1,1,0.833641452558902
outplane,VCAN,1,0.9988176612704613
outplane,ANPEP,1,0.9997021182759088
outplane,AMY2A,1,0.9999787671399107
outplane,CXCL6,1,0.9987267202785787
inplane,STC2,1,0.0
inplane,PLD4,1,0.34857765971169496
inplane,TCIM,1,0.0
inplane,AMY2A,1,0.9999803955101353
outplane,SLAMF7,1,0.9713306908537521
outplane,PMP22,1,0.20360772784554704
outplane,AMY2A,1,0.9999792393665597
outplane,GATM,1,0.9999561527528423
ambient,CPA3,1,0.5871908197403186
ambient,COCH,1,0.4330896848105076
outplane,EPCAM,1,0.9984290051339143
outplane,MET,1,0.11845813227301016
outplane,ANPEP,1,0.9992693628671124
outplane,MPEG1,1,0.7700926082058124
outplane,AMY2A,1,0.999951236242661
ambient,RIDA,1,0.11198391541728658
ambient,KCNK3,1,0.9341392539476681
inplane,DST,1,0.55084076464718
inplane,CFTR,1,0.9998771623771658
inplane,AMY2A,4,0.9999781831154232
inplane,GATM,2,0.9999537481012575
outplane,CFB,1,0.8059767535051481
outplane,CFHR3,1,0.0
outplane,CFTR,1,0.9998802696069253
outplane,GATM,2,0.9999570511000957
ambient,DPEP1,1,0.9789010221319729
ambient,CFTR,1,0.9998752346746862
inplane,ADGRL4,1,0.0
inplane,CFTR,1,0.9998317273634677
inplane,AMY2A,3,0.9999705262740899
inplane,TSPAN19,1,0.375443390044119
outplane,AMY2A,3,0.9999798774076302
outplane,GATM,1,0.9999575425639319
induction,RIDA,2,0.06790583982408449
induction,HAMP,2,0.06945184405000893
induction,RIDA,4,0.03446362302341921
induction,HAMP,4,0.015662292433241132
induction,GLYATL1,2,0.0021706490499461273
outplane,CFTR,2,0.9998861345646634
outplane,AMY2A,2,0.9999806503469296
outplane,GATM,1,0.999959197485752
outplane,MDM2,1,0.6163150110119289
outplane,CFTR,1,0.9998532012115957
outplane,LIF,1,0.9901122932050105
outplane,PROX1,1,0.8564387229982138
outplane,NPDC1,1,0.0
outplane,AMY2A,1,0.999953474160162
outplane,GATM,1,0.999895357873752
outplane,DIRAS3,1,0.8478723380056626
inplane,APOLD1,1,0.0
inplane,MDM2,1,0.7124832416905722
inplane,CFTR,1,0.9998022819882846
inplane,FXYD2,1,0.9702339589018322
outplane,KCNMA1,1,0.4881730711533212
outplane,AMY2A,1,0.9999757246409494
outplane,GATM,2,0.9999482085535252
outplane,CRISPLD2,1,0.31189121061589486
outplane,SFRP4,1,0.050838163220232935
outplane,AMY2A,1,0.9999788713864574
outplane,GATM,1,0.9999553389460455
inplane,SMYD2,1,0.7712462387755957
inplane,KLK11,1,0.9951892134335095
inplane,AMY2A,2,0.9999666292362404
inplane,GATM,1,0.9999271162432897
induction,RIDA,4,0.031027518406414933
induction,HAMP,3,0.01582928460315447
induction,GLYATL1,3,0.0019557158398284535
outplane,AMY2A,3,0.9999538676233294
outplane,GATM,1,0.9998961609193489
inplane,CFTR,2,0.9998712749867048
inplane,PLCG2,2,0.0
inplane,SFRP2,1,0.998642119460055
inplane,ACTA2,1,2.933098208757201e-12
inplane,KCNMA1,1,0.44059587680414736
inplane,GATM,1,0.9999554117486034
ambient,AMY2A,1,0.9999775654571844
ambient,HAMP,1,0.05731993814341274
induction,RIDA,4,0.03304843957561021
induction,HAMP,1,0.014659921855494473
induction,GLYATL1,5,0.0020796886083017663
inplane,DST,1,0.3485110402394801
inplane,GATM,2,0.9999484937751426
inplane,AQP8,1,0.9997882165951241
induction,RIDA,3,0.032824823233280065
induction,HAMP,2,0.017290784523002256
induction,GLYATL1,5,0.002057768556068762
ambient,ANPEP,1,0.999687609856899
ambient,DIRAS3,1,0.9118734113770112
ambient,AMY2A,1,0.9999808036457372
ambient,DIRAS3,1,0.9508944001452062
ambient,AMY2A,1,0.9999801276352385
ambient,GLYATL1,1,0.007882772617115674
outplane,DST,1,0.5187804861693137
outplane,EPCAM,1,0.9995154443980231
outplane,STC1,1,0.0
outplane,AMY2A,1,0.9999795703245261
outplane,FXYD2,1,0.9669152670467925
inplane,GATM,3,0.9999569922796173
inplane,AQP8,1,0.9998238186470559
ambient,CPA3,1,0.7929138701134747
ambient,DIRAS3,1,0.9308894531526974
induction,RIDA,4,0.04392710049116533
induction,HAMP,4,0.0221905130276151
induction,GLYATL1,2,0.0028129432799701704
ambient,CA4,1,0.8294452133696704
ambient,HAMP,1,0.07272347300185966
outplane,APOLD1,1,0.0
outplane,SOX18,1,0.0
outplane,AMY2A,1,0.9999782492457575
outplane,GATM,1,0.9999540558491308
outplane,LY6D,1,0.10605630217918316
outplane,VCAN,1,0.9993058536316222
outplane,CFHR1,1,0.0
outplane,SFRP2,1,0.9992804600985175
outplane,MYC,2,0.6781002585586836
induction,RIDA,3,0.03410574776249564
induction,HAMP,2,0.016461918543791754
induction,GLYATL1,5,0.0021515426454929987
inplane,CFTR,2,0.9998760988361716
inplane,TFPI,1,0.0
inplane,AMY2A,1,0.9999768872988316
outplane,ADGRL4,1,0.0
outplane,MYC,1,0.6975172212044372
outplane,AMY2A,2,0.9999795315852569
ambient,FKBP11,1,0.9259261133073893
ambient,KCNK3,1,0.9621310357962587
ambient,CPA3,1,0.7024174820154838
ambient,KCNK3,1,0.9270470255959844
outplane,CFTR,1,0.999849694686196
outplane,AMY2A,2,0.999973836084715
outplane,MLPH,1,0.5598194128342054
induction,RIDA,2,0.040032508569802894
induction,HAMP,3,0.023335457485709865
induction,GLYATL1,3,0.0025810955283056547
induction,RIDA,1,0.03815258628748808
induction,HAMP,5,0.019699059795323937
induction,GLYATL1,4,0.0024114671663089116
ambient,ANPEP,1,0.9997005235509901
ambient,GLYATL1,1,0.00735452235958034
outplane,EPCAM,1,0.9994478485842749
outplane,ANPEP,1,0.9997008205962925
outplane,CFTR,2,0.9998772491824744
outplane,AMY2A,1,0.9999787429258089
outplane,PROX1,1,0.9120214066867225
induction,RIDA,4,0.03007550375846635
induction,HAMP,5,0.015314640006773628
induction,GLYATL1,1,0.0018942741699441434
outplane,CFTR,1,0.9998703777784204
outplane,EHF,1,0.9986711261961002
outplane,AMY2A,3,0.9999769591320541
outplane,C7,1,0.23348526842097495
outplane,FXYD2,1,0.9640975608788731
outplane,PROX1,1,0.8716714250802297
outplane,CFB,2,0.7780047877177952
outplane,SMYD2,1,0.6555341209357228
outplane,CFTR,1,0.999879000178797
outplane,AMY2A,1,0.9999793856820522
outplane,GATM,1,0.9999565782344435
outplane,DST,1,0.4161157177261221
outplane,AMY2A,1,0.9999799389535146
outplane,GATM,2,0.9999576639200087
induction,RIDA,2,0.03821716502100192
induction,HAMP,5,0.0191246311845098
induction,GLYATL1,3,0.0024262887181301096
inplane,TCIM,1,0.0
inplane,MDM2,2,0.44815216325751295
inplane,AMY2A,1,0.9999795648805548
inplane,KCNK3,1,0.9526115582121126
inplane,GATM,1,0.9999569516213889
outplane,CFB,1,0.8914644078076346
outplane,AMY2A,2,0.9999751387052714
outplane,GCG,1,0.9973704358478922
inplane,APOLD1,1,0.0
inplane,TMC5,1,0.9919412256843345
inplane,MYH11,1,0.9961836776563312
inplane,CFTR,1,0.9998826327146517
inplane,TM4SF18,1,0.0
outplane,CD14,1,0.8145294260762358
outplane,SFRP4,1,0.47444213210067687
outplane,CFTR,1,0.9998074270307316
outplane,ADAMTS1,1,3.0272451212454143e-12
outplane,AGR3,1,0.7881122372278895
ambient,KLK11,1,0.995749860114139
ambient,CA4,1,0.691939130821921
inplane,TCIM,1,0.0
inplane,PCOLCE,1,0.08788831759399673
inplane,CFTR,1,0.9997671719698524
inplane,TFPI,1,0.0
inplane,AMY2A,1,0.999961646674827
inplane,DIRAS3,2,0.8532075819951248
inplane,BASP1,1,0.5813749756016102
inplane,MEST,1,0.8119978807722252
inplane,AMY2A,1,0.9999789088837356
inplane,GATM,1,0.9999554591014317
inplane,AQP8,1,0.9998175923690681
inplane,GLIPR1,2,0.5408813128272045
inplane,CD93,2,0.0
inplane,GATM,2,0.9999231812565117
outplane,AMY2A,3,0.9999351367639226
outplane,GATM,1,0.9998465938123813
ambient,COCH,1,0.7044898605894119
ambient,AQP8,1,0.999779184264921
ambient,FKBP11,1,0.9386737542857111
ambient,AQP8,1,0.9997393959390356
outplane,AMY2A,1,0.9999787562305059
outplane,PROX1,1,0.9134276633705449
outplane,GATM,2,0.9999549275298296
ambient,KLK11,1,0.9969369889174842
ambient,PROX1,1,0.8518869791285084
outplane,AMY2A,2,0.9999794479756644
outplane,AQP8,2,0.9998226911633573
ambient,CA4,1,0.7864050282645071
ambient,PEBP4,1,0.6239962176066861
ambient,CA4,1,0.8283773618910552
ambient,KCNK3,1,0.9635540854786705
ambient,COCH,1,0.7483827580632221
ambient,GATM,1,0.9999568784334689
outplane,AMY2A,1,0.9999772555135124
outplane,SCGN,1,0.9906104063084259
outplane,GATM,1,0.999951592422101
outplane,AQP8,1,0.9998006551584154
induction,RIDA,2,0.041124348005979416
induction,HAMP,4,0.020622799761347066
induction,GLYATL1,4,0.0026309821317545
inplane,AMY2A,1,0.9999735539647552
inplane,CPA3,1,0.7544058055939175
inplane,GATM,2,0.9999433370185818
ambient,ANPEP,1,0.9996653510990791
ambient,UMOD,1,0.8437865091839216
outplane,AMY2A,2,0.9999768356433212
outplane,GATM,2,0.999950784340772
outplane,AQP8,2,0.9997975803638627
induction,RIDA,4,0.032619787259116184
induction,HAMP,3,0.015766996884082674
induction,GLYATL1,3,0.0020528127820937936
ambient,DPEP1,1,0.977018185390503
ambient,CFTR,1,0.9998842427703861
outplane,AMY2A,3,0.9999737645642567
outplane,KCNK3,1,0.9506466218444924
ambient,HAMP,1,0.058541509435364625
ambient,PEBP4,1,0.4246922359475237
ambient,CA4,2,0.7277865057546093
induction,RIDA,4,0.03198308102709657
induction,HAMP,2,0.01587965135621927
induction,GLYATL1,4,0.002024768396078458
inplane,CD247,1,0.5776126459410897
inplane,AMY2A,1,0.9999792733216116
inplane,GATM,2,0.9999561665388375
ambient,UMOD,1,0.8818895288717998
ambient,HAMP,1,0.06346155879589399
inplane,PECAM1,1,0.0
inplane,FAS,1,0.30336123967509787
inplane,DST,1,0.45608285890748435
inplane,AMY2A,1,0.9999804303796547
induction,RIDA,3,0.04933184374182531
induction,HAMP,2,0.024158246798247407
induction,GLYATL1,5,0.003171953144304074
induction,RIDA,3,0.03323192649944229
induction,HAMP,2,0.016263568956850327
induction,GLYATL1,5,0.0020980609876444234
outplane,SFRP4,1,0.7431172134282474
outplane,TM4SF18,1,0.0
outplane,AMY2A,2,0.9999757484701712
induction,RIDA,1,0.03241322094193222
induction,HAMP,4,0.016170339828785907
induction,GLYATL1,5,0.0020474234544021197
inplane,CFTR,1,0.9998670428997498
inplane,AMY2A,2,0.9999773217653501
inplane,GATM,1,0.9999517223321734
inplane,AQP8,1,0.9998011572039632
ambient,AQP3,2,0.7870096330063165
inplane,MMRN2,1,0.0
inplane,CFHR3,1,0.0
inplane,CFTR,2,0.999831751878875
inplane,CDK1,1,0.23772760780831037
outplane,ANPEP,1,0.9996995279836044
outplane,AMY2A,2,0.9999787364099038
outplane,GATM,1,0.9999549480725706
inplane,MET,1,0.3121954304777561
inplane,AMY2A,4,0.9999796793960809
induction,RIDA,3,0.04557098093434386
induction,HAMP,2,0.02370008364448939
induction,GLYATL1,5,0.0029081642756143555
ambient,CPA3,1,0.8562765814389715
ambient,DIRAS3,1,0.9515731869368045
inplane,LAMP3,1,0.7196032767130134
inplane,CLEC14A,1,0.0
inplane,GATM,1,0.9999427106852579
inplane,AQP8,1,0.9997629786207871
outplane,C1orf194,1,0.59298176722299
outplane,AMY2A,2,0.9999786115601674
outplane,GATM,1,0.9999546549919669
ambient,PEBP4,1,0.6890658071869833
ambient,GLYATL1,1,0.00874653243894985
