cls,gene,n,removal_prob
inplane,PPP1R1B,1,0.9709736344027262
inplane,AMY2A,2,0.9999790999295676
inplane,GATM,1,0.9999583732558565
inplane,FKBP11,1,0.9742094778546074
inplane,RIDA,1,0.933619765500657
inplane,AMY2A,2,0.9999818238561887
ambient,COCH,2,0.8673282675699416
induction,AMY2A,21,0.9999773138157471
induction,GATM,32,0.9999549189213974
induction,AQP8,27,0.2780710391383667
outplane,CLEC10A,1,0.5569182159406265
outplane,CFB,1,0.9195071678325557
outplane,AMY2A,3,0.9999775131723968
induction,AMY2A,17,0.9999828354021059
induction,GATM,35,0.9999657498503829
induction,AQP8,28,0.2586513641615312
inplane,AMY2A,3,0.9999813470102926
inplane,GATM,2,0.9999627990546084
inplane,FGL2,1,0.7880509868829428
inplane,CXCR4,1,0.4285477127521342
inplane,ANPEP,1,0.9997495758802999
inplane,GATM,1,0.9999658380486146
outplane,CYP2A7,1,0.840934473522996
outplane,CFTR,2,0.9998943118880794
outplane,AMY2A,1,0.9999831524582673
inplane,CFB,1,0.8321471950371799
inplane,MDM2,1,0.5953830361383216
inplane,EPCAM,1,0.999383396090027
inplane,AMY2A,1,0.9999823453172629
induction,AMY2A,28,0.9999832749308531
induction,GATM,29,0.9999666239615587
induction,AQP8,23,0.3009863485254183
inplane,DST,1,0.678638410478551
inplane,CFTR,1,0.9998822789769525
inplane,PROX1,1,0.9487106004777259
inplane,GATM,1,0.9999621151613125
ambient,COCH,1,0.8922603955430086
ambient,GATM,1,0.9999655001421223
ambient,FKBP11,1,0.9770613451324242
ambient,CA4,1,0.95342796028155
inplane,AMY2A,3,0.9999833075275629
inplane,GATM,1,0.9999666798840827
inplane,CFTR,1,0.9998927315896566
inplane,AMY2A,2,0.9999813294506154
inplane,AQP8,1,0.7016755116290181
induction,AMY2A,11,0.9999792920860222
induction,GATM,35,0.999958752679286
induction,AQP8,34,0.23490890064792824
induction,AMY2A,25,0.9999784905173182
induction,GATM,29,0.999956326207362
induction,AQP8,26,0.4158724852789756
outplane,AMY2A,4,0.9999826823875907
outplane,APOA5,1,0.5300697177775527
outplane,GATM,2,0.9999654387745018
outplane,INS,1,0.9972570663385617
induction,AMY2A,29,0.9999801275254911
induction,GATM,28,0.9999603861090425
induction,AQP8,23,0.28552737582391763
induction,AMY2A,22,0.9999829514246132
induction,GATM,30,0.9999659721441662
induction,AQP8,28,0.3415874524306929
inplane,GPRC5A,1,0.9881700386210834
inplane,SLC4A1,1,0.2935370286925717
inplane,AMY2A,2,0.9999832279835437
ambient,AMY2A,1,0.9999825034871289
ambient,GATM,1,0.999965073785381
outplane,TMC5,1,0.9920244209948329
outplane,CFTR,2,0.9998942733526097
outplane,AMY2A,1,0.9999827090442919
ambient,AMY2A,1,0.9999831612358552
ambient,COCH,1,0.9107651097832492
induction,AMY2A,28,0.9999815928527214
induction,GATM,25,0.999963270083591
induction,AQP8,27,0.29191630660514944
induction,AMY2A,27,0.9999768042873778
induction,GATM,28,0.999953878522331
induction,AQP8,25,0.31986521595440487
induction,AMY2A,30,0.999983586843902
induction,GATM,30,0.9999672429160268
induction,AQP8,20,0.4553830588070996
inplane,VWA5A,1,0.8869945631897153
inplane,CFTR,2,0.9998950222464859
inplane,AMY2A,1,0.9999829580670065
inplane,AQP8,1,0.7119226695513687
inplane,CFB,1,0.9532421212223225
inplane,MYC,1,0.883214170360023
inplane,AMY2A,3,0.9999801949529841
inplane,GATM,1,0.9999605796775956
ambient,CA4,1,0.9491319534276295
ambient,AQP3,1,0.9531559964239004
ambient,KCNK3,1,0.9867356455882225
ambient,PROX1,1,0.9540056848476979
inplane,CFTR,1,0.9998833127853655
inplane,EDNRB,1,0.0
inplane,GATM,2,0.9999620464365191
induction,AMY2A,29,0.9999831319220507
induction,GATM,26,0.9999663290128609
induction,AQP8,25,0.3129295518804829
inplane,CFTR,1,0.9998717692254863
inplane,AMY2A,2,0.9999793520580104
inplane,GATM,1,0.9999588441005604
outplane,MYC,1,0.8981685764252128
outplane,AMY2A,1,0.9999804253509237
outplane,GATM,1,0.9999610284222319
outplane,AQP8,1,0.686668201476571
outplane,PMP22,1,0.26992421393671484
outplane,CFTR,1,0.999883553196773
outplane,AMY2A,1,0.9999812487296331
outplane,ELF5,1,0.37128636372713664
ambient,GATM,1,0.9999621829904253
ambient,PEBP4,1,0.8853307612389315
outplane,APCDD1,1,0.3809710359477607
outplane,DST,2,0.657649717798329
outplane,PROX1,1,0.9548034138702578
inplane,GHRL,1,0.9629649270168305
inplane,EHF,1,0.9987226795302958
inplane,PLCG2,1,0.0
inplane,AMY2A,1,0.9999799839230861
induction,AMY2A,31,0.9999826418984431
induction,GATM,26,0.999965371064633
induction,AQP8,23,0.2956555641241224
ambient,UMOD,2,0.9127932389992591
outplane,CFTR,1,0.9998827965711526
outplane,AMY2A,3,0.9999804544227062
outplane,AQP8,1,0.6833911468109983
outplane,CD163,1,0.9908935376799709
outplane,CFTR,2,0.9998888166120147
outplane,AMY2A,3,0.9999817317875193
inplane,AMY2A,2,0.9999816887614822
inplane,GATM,2,0.9999635193773492
outplane,ANPEP,2,0.9997400544593974
outplane,GATM,2,0.9999643810780021
outplane,PECAM1,1,0.0
outplane,TBX3,1,0.017500987914822574
outplane,GATM,2,0.9999652400483399
inplane,TCIM,1,0.0
inplane,SMYD2,1,0.8581315371506008
inplane,AMY2A,2,0.9999816097629348
inplane,GATM,1,0.999963326193092
outplane,CFB,1,0.9037097480596846
outplane,CFTR,1,0.9998876955312763
outplane,GPC3,1,0.8966525765900528
outplane,GATM,1,0.9999634547221696
inplane,MET,1,0.6146881569910361
inplane,AMY2A,3,0.9999827827013198
inplane,GATM,1,0.9999656318123011
ambient,KLK11,1,0.9970632340939316
ambient,HAMP,1,0.9655986297091467
outplane,KLK11,1,0.9972648992298633
outplane,AMY2A,3,0.999982824363057
outplane,KCNK3,1,0.9882536766427736
inplane,VWA5A,1,0.8684877070677008
inplane,ACTG2,1,0.5814259442093186
inplane,HAVCR2,2,0.6575730240760529
inplane,TFPI,1,0.0
inplane,AMY2A,1,0.9999820773335305
inplane,CXCL6,1,0.9983684094398149
inplane,SFRP4,1,0.7117186143134645
inplane,EHF,1,0.9985929444816889
inplane,AMY2A,2,0.9999591146966194
inplane,GATM,1,0.9999196545490674
induction,AMY2A,21,0.9999832118079249
induction,GATM,30,0.9999664937608779
induction,AQP8,29,0.3288265170407628
ambient,CA4,1,0.916701407423631
ambient,AMY2A,1,0.9999807200860632
ambient,AQP8,2,0.6395783131611505
ambient,KLK11,1,0.9971484824913934
ambient,CA4,1,0.9251385374192644
ambient,UMOD,1,0.9576704398055375
ambient,CPA3,1,0.9360753016425895
induction,AMY2A,23,0.9999780679693988
induction,GATM,25,0.9999564258899609
induction,AQP8,32,0.23022363768806375
induction,AMY2A,27,0.9999786887131576
induction,GATM,24,0.9999576264523136
induction,AQP8,29,0.2532157059608383
outplane,IRF8,1,0.6236804618552856
outplane,PRDM1,1,0.2725232593173338
outplane,GHRL,1,0.9666788077171671
outplane,AMY2A,3,0.9999738790649993
outplane,AMY2A,3,0.9999829423710488
outplane,GATM,1,0.999965966135266
outplane,CFTR,1,0.9998787307326853
outplane,AMY2A,2,0.9999804610130766
outplane,GATM,1,0.9999610462208397
outplane,MDM2,1,0.930626561485857
outplane,CFTR,1,0.9998942269755544
outplane,C1orf162,1,0.8726399848331488
outplane,AMY2A,3,0.9999816593220014
inplane,PMP22,1,0.3287251274348928
inplane,AMY2A,2,0.9999833821827572
inplane,GATM,1,0.9999668252817709
ambient,RIDA,1,0.8290349600926411
ambient,KLK11,1,0.996687637490266
induction,AMY2A,27,0.9999836661383139
induction,GATM,27,0.9999673986974553
induction,AQP8,26,0.37864976293176933
ambient,DPEP1,2,0.9790028918136412
inplane,CRISPLD2,1,8.267608819778616e-12
inplane,AMY2A,2,0.9999820585175214
inplane,GATM,1,0.9999641789875406
outplane,MS4A6A,1,0.6773442728395576
outplane,ADAM28,1,0.7915303325938646
outplane,AMY2A,2,0.9999827881899976
outplane,GATM,1,0.9999656517855243
outplane,CRHBP,1,0.15245642018056504
outplane,GATM,3,0.9999579996798097
outplane,AQP8,1,0.6960745117984038
induction,AMY2A,20,0.9999714937335161
induction,GATM,21,0.9999436541551522
induction,AQP8,23,0.3077217758159755
induction,AMY2A,21,0.9999805176180024
induction,GATM,22,0.9999612355357526
induction,AQP8,37,0.2362674136821307
inplane,FBN1,1,0.015105238832592516
inplane,MDM2,1,0.7482730193090933
inplane,CYP2A7,1,0.7174331599011536
inplane,AMY2A,4,0.9999780727173319
ambient,CFTR,1,0.9998637868798341
ambient,AQP3,1,0.8757071365811872
ambient,DPEP1,1,0.980435041282275
ambient,COCH,1,0.8174074466395354
ambient,GATM,1,0.9999624359580672
ambient,GLYATL1,1,0.7733439146709665
ambient,RIDA,1,0.9525161057407837
ambient,GATM,1,0.9999668707093239
inplane,ECSCR,1,0.0
inplane,AMY2A,1,0.9999522811472322
inplane,KCNK3,1,0.9765599757986585
inplane,HAMP,1,0.8230053220614771
inplane,GATM,1,0.9998968803764533
induction,AMY2A,29,0.9999830030801137
induction,GATM,24,0.9999660881471645
induction,AQP8,27,0.25903884213746387
ambient,RIDA,1,0.9062271047990651
ambient,PROX1,1,0.9312714206078326
ambient,KLK11,1,0.9967773011388115
ambient,CA4,1,0.871012934841849
ambient,KCNK3,1,0.9801865222415752
ambient,AQP8,1,0.5598731703011658
inplane,MMRN2,1,0.0
inplane,TCIM,1,0.0
inplane,CFTR,1,0.9998899787678942
inplane,GATM,1,0.9999636395412651
outplane,CFTR,1,0.9998915637460601
outplane,SNCA,1,0.41954779881501325
outplane,FXYD2,1,0.9829547979240696
outplane,PROX1,1,0.9423528129670374
ambient,KLK11,1,0.9973183850435937
ambient,CPA3,1,0.9573829642571547
outplane,AMY2A,4,0.9999810696852104
outplane,TCIM,1,0.0
outplane,CLEC14A,1,0.0
outplane,BAMBI,1,0.788573791353151
outplane,AMY2A,1,0.9999814839203597
inplane,MMRN2,2,0.0
inplane,AMY2A,4,0.9999810730875102
induction,AMY2A,19,0.9999822688732579
induction,GATM,31,0.9999646199616997
induction,AQP8,30,0.2335600884578453
inplane,PCNA,1,0.6997085044041519
inplane,CFB,1,0.9418753710186433
inplane,CFTR,1,0.9998979396195938
inplane,ERBB2,1,0.9606994031331907
induction,AMY2A,24,0.9999802676341772
induction,GATM,22,0.9999607095985436
induction,AQP8,34,0.20279957424020056
ambient,GLYATL1,2,0.7114277914529014
inplane,AMY2A,3,0.999973511904647
inplane,GATM,1,0.9999474262770662
outplane,AMY2A,4,0.9999815871271123
ambient,FKBP11,1,0.9734960753191255
ambient,KLK11,1,0.9965963477754474
induction,AMY2A,25,0.9999808300420188
induction,GATM,22,0.9999617841362156
induction,AQP8,33,0.2393523745018459
outplane,CFTR,1,0.999883629051662
outplane,AMY2A,1,0.9999810560925837
outplane,CD8A,1,0.5608050212853424
outplane,CXCL6,1,0.9980202949808398
outplane,GATM,2,0.9999622549797825
ambient,RIDA,1,0.9390160686666327
ambient,GATM,1,0.9999665197014472
inplane,TENT5C,1,0.9978563961598352
inplane,AMY2A,1,0.9999824970476696
inplane,FXYD2,1,0.9821417431972284
inplane,GATM,1,0.9999650653412699
inplane,TCIM,1,0.0
inplane,MYC,1,0.7247880867334495
inplane,CFTR,1,0.999878182517556
inplane,AMY2A,2,0.9999797257252875
induction,AMY2A,21,0.9999813146612004
induction,GATM,28,0.9999627678323921
induction,AQP8,31,0.25719709797828194
induction,AMY2A,22,0.9999834028985883
induction,GATM,32,0.999966865218726
induction,AQP8,26,0.37322747596663886
outplane,ANPEP,1,0.9997134291564039
outplane,TENT5C,1,0.9978242558126217
outplane,AMY2A,1,0.9999808067406946
outplane,GATM,2,0.9999617721676876
outplane,AQP8,1,0.5866137357712803
outplane,PDGFRB,1,0.22323353310050043
outplane,ASPN,1,0.35625672692185917
outplane,TBX3,1,0.24125811086590498
outplane,EHF,1,0.9987961425678746
outplane,AMY2A,1,0.9999815038556886
ambient,FKBP11,1,0.9462373251803686
ambient,UMOD,1,0.9110328572604133
ambient,CPA3,1,0.8718818067607459
ambient,GLYATL1,1,0.6734412529154048
outplane,MYH11,1,0.9956371078951953
outplane,AMY2A,2,0.9999828946049852
outplane,GATM,2,0.9999658518106914
induction,AMY2A,30,0.999982702769266
induction,GATM,24,0.999965482225781
induction,AQP8,26,0.32352954037896153
ambient,UMOD,1,0.9384767094559768
ambient,KLK11,1,0.9971452487425048
inplane,AMY2A,2,0.9999822932652076
inplane,HAMP,1,0.9306717488074847
inplane,GATM,1,0.999964656219571
outplane,MYC,1,0.8465276375641109
outplane,AMY2A,3,0.9999825006423261
inplane,NTN4,1,0.7875936094787306
inplane,TENT5C,1,0.9977828385322561
inplane,AMY2A,1,0.999982020248069
inplane,GATM,1,0.999964108949667
outplane,FKBP11,1,0.980885151758936
outplane,EPCAM,1,0.9995563980949508
outplane,MET,1,0.7552341012394718
outplane,AMY2A,2,0.9999797335481772
outplane,GATM,1,0.999959678900549
ambient,ANPEP,1,0.9997444506543148
ambient,AMY2A,1,0.9999826278120245
outplane,SRPX,1,0.27725622059365906
outplane,AMY2A,2,0.9999828204282815
outplane,GATM,1,0.9999657141653518
outplane,CD3D,1,0.8565809137592709
outplane,AMY2A,2,0.9999779549856065
outplane,GATM,1,0.9999561288721406
induction,AMY2A,30,0.9999815234017365
induction,GATM,25,0.9999631675488959
induction,AQP8,25,0.292821592191163
inplane,PCNA,1,0.7186114298570022
inplane,AMY2A,2,0.9999806861606055
inplane,AQP8,1,0.7625453214459533
induction,AMY2A,24,0.9999832835417172
induction,GATM,29,0.9999666335816938
induction,AQP8,27,0.2762637256424364
outplane,CLEC4E,1,0.8352715376998456
outplane,PPP1R1B,1,0.9913341002371215
outplane,AMY2A,1,0.9999819028230335
outplane,AQP8,1,0.713864321127683
inplane,CXCR4,1,0.06807803502456766
inplane,MYC,1,0.5735129803691592
inplane,C1orf162,2,0.6203637979460408
inplane,AMY2A,1,0.9999448016055718
induction,AMY2A,23,0.9999829130346898
induction,GATM,34,0.9999659019942219
induction,AQP8,23,0.3337902355981769
outplane,NTN4,1,0.9084418158850734
outplane,CFB,1,0.9343023677637254
outplane,KCNK3,1,0.9873316456542099
outplane,CXCL2,1,0.7960264631276284
ambient,HAMP,1,0.9577946260322796
ambient,AQP8,1,0.7238771201006463
ambient,FKBP11,1,0.9663775904748012
ambient,DIRAS3,1,0.9706910409906193
outplane,TIMP4,1,0.4143167361527188
outplane,AMY2A,2,0.9999834300321611
outplane,GATM,1,0.9999669275991216
outplane,AQP8,1,0.6611969022171719
induction,AMY2A,24,0.9999835326067072
induction,GATM,27,0.9999671338391666
induction,AQP8,29,0.32110298603484777
ambient,AMY2A,1,0.9999827882499696
ambient,KCNK3,1,0.9829145549464144
outplane,AMY2A,3,0.9999836529445835
outplane,CPA3,1,0.9364867473961351
inplane,AMY2A,3,0.9999832830257799
inplane,FXYD2,1,0.9868178707176578
inplane,SMYD2,1,0.7929058103746046
inplane,FKBP11,1,0.9511577564834764
inplane,AMY2A,2,0.9999818911564613
inplane,AMY2A,2,0.9999509010657779
inplane,GATM,1,0.999903893020774
inplane,AQP8,1,0.7221790936765494
outplane,FKBP11,1,0.8487678929828795
outplane,MYC,1,0.5447079886543449
outplane,ANPEP,1,0.9992665918209603
outplane,RND1,1,0.21318034470037417
outplane,AMY2A,2,0.9999535358691897
outplane,GPC3,1,0.6398894468545238
outplane,GATM,1,0.9999090221598774
outplane,SEMA3C,1,0.8134254532455653
outplane,CFTR,1,0.9997414599013567
outplane,AMY2A,3,0.9999529749214289
outplane,AMY2A,2,0.9999460991778354
outplane,FXYD2,2,0.9295446206692852
outplane,AMY2A,4,0.9999570904701869
outplane,GATM,1,0.9999156814992558
outplane,FKBP11,1,0.8391283412659151
outplane,CFTR,1,0.9997257678234912
outplane,AMY2A,1,0.9999581649600031
outplane,CPA3,1,0.7079673283313132
outplane,GATM,1,0.9999177976696801
ambient,RIDA,1,0.6054831513846787
ambient,AQP3,1,0.7255204162996691
inplane,CFTR,2,0.9997188205985028
inplane,TM4SF4,1,0.9924783062097677
inplane,GATM,1,0.9999071842242494
induction,AMY2A,19,0.9999616421344881
induction,GATM,12,0.9999246628437964
induction,AQP8,17,0.39651658302664194
outplane,PDGFRA,1,0.858405396470649
outplane,AMY2A,1,0.9999457567742748
outplane,C7,1,0.6837907917286864
outplane,GATM,1,0.9998937350019687
induction,AMY2A,9,0.9999581115536643
induction,GATM,10,0.9999180576087932
induction,AQP8,13,0.45456248798564747
outplane,AMY2A,4,0.9999540811995784
outplane,AQP8,1,0.7342025073722334
outplane,GCG,1,0.9973360582219906
outplane,SFRP4,1,0.9158146790476174
outplane,CFTR,2,0.9997292915504649
outplane,AMY2A,1,0.9999572900699427
outplane,PROX1,1,0.7190877367561637
induction,AMY2A,31,0.9999707651317384
induction,GATM,15,0.9999422748380284
induction,AQP8,18,0.3637330558786491
ambient,KCNK3,1,0.9413116969416595
ambient,AQP3,1,0.799180610721957
inplane,PMP22,1,0.2209544648338253
inplane,MYC,1,0.6059570939732617
inplane,AMY2A,4,0.9999739418681675
induction,AMY2A,11,0.9999587722136696
induction,GATM,10,0.9999193344943496
induction,AQP8,11,0.5149619915557958
inplane,MDM2,1,0.772763513132597
inplane,CFTR,1,0.9998049854016479
inplane,AMY2A,1,0.9999586218991684
inplane,GATM,1,0.9999186922684432
outplane,FGL2,1,0.6238473535952889
outplane,PTPRC,1,0.9977136549372071
outplane,AMY2A,2,0.9999570861064268
ambient,AQP3,1,0.6709485301701277
ambient,GLYATL1,1,0.3194097917759836
outplane,CFTR,1,0.9998641584147108
outplane,AMY2A,2,0.9999786154593208
outplane,GATM,2,0.9999574268556651
induction,AMY2A,33,0.9999827028558907
induction,GATM,28,0.99996548393054
induction,AQP8,19,0.38037344213590274
inplane,KRT7,1,0.9900183557846248
inplane,AMY2A,5,0.9999825289641183
inplane,GATM,1,0.9999651440463948
outplane,TENT5C,1,0.9972626471014661
outplane,AMY2A,4,0.9999744990296653
outplane,AQP8,1,0.6606460079144065
ambient,DPEP1,1,0.9786980240848994
ambient,PEBP4,1,0.7658116336502065
induction,AMY2A,20,0.9999798103940319
induction,GATM,32,0.999959803313571
induction,AQP8,28,0.28318319179641493
ambient,DPEP1,1,0.9691707952276322
ambient,CA4,1,0.8410985250091507
inplane,GDF15,2,0.8812437554451498
inplane,AMY2A,2,0.9999736763415501
inplane,GATM,1,0.9999476421735959
induction,AMY2A,24,0.9999822624903439
induction,GATM,26,0.9999646317046027
induction,AQP8,30,0.23991555161303124
inplane,AMY2A,1,0.999982691962489
inplane,KCNK3,1,0.9807713999308676
inplane,GATM,2,0.9999654530421463
induction,AMY2A,26,0.9999815807016725
induction,GATM,28,0.9999632444522912
induction,AQP8,26,0.33437787554255505
outplane,SMYD2,1,0.7811707658708182
outplane,ANPEP,1,0.9997418696015306
outplane,AMY2A,1,0.9999824027463089
outplane,AQP8,1,0.6055238261006008
induction,AMY2A,23,0.9999774108059089
induction,GATM,34,0.9999551825549666
induction,AQP8,23,0.3165976656204661
inplane,ANPEP,1,0.9996802674605159
inplane,AMY2A,3,0.9999784458883141
outplane,EPCAM,1,0.9992925166579177
outplane,ANPEP,1,0.9996155624578253
outplane,GPC3,1,0.7130105768119703
outplane,GATM,2,0.9999492211852846
ambient,UMOD,1,0.8958171284574803
ambient,AMY2A,1,0.9999820442189972
induction,AMY2A,27,0.9999823755657145
induction,GATM,26,0.9999648356364071
induction,AQP8,27,0.24829460719278185
inplane,AMY2A,1,0.9999825754657561
inplane,COCH,1,0.8499124305592568
inplane,GATM,2,0.9999652244549393
induction,AMY2A,28,0.9999831226905186
induction,GATM,28,0.9999663333635248
induction,AQP8,24,0.29512856270997245
inplane,AMY2A,2,0.9999795887697707
inplane,EGFR,1,0.8792831263992096
inplane,GATM,2,0.999959349985559
inplane,AQP8,1,0.5969585364418375
inplane,AMY2A,5,0.9999798719846493
inplane,KCNK3,1,0.9671226149920527
inplane,ANPEP,1,0.9996591826265852
inplane,ADAM28,1,0.8576116864951077
inplane,AMY2A,3,0.9999772344590082
inplane,GPC3,1,0.8928439574237909
inplane,GATM,1,0.9999547123035774
inplane,TCIM,1,0.0
inplane,CYTIP,1,0.919720253311551
inplane,AMY2A,3,0.9999704554072851
inplane,GATM,1,0.9999413768644398
ambient,FKBP11,1,0.9007700517206031
ambient,GATM,1,0.9999493658323263
ambient,ANPEP,1,0.9997073122038546
ambient,CA4,1,0.8662225302972559
ambient,CPA3,1,0.8296384987776294
ambient,KCNK3,1,0.9667488224672514
ambient,AMY2A,1,0.9999823582275658
ambient,PEBP4,1,0.7913284615011267
ambient,RIDA,1,0.8254951255153042
ambient,AQP3,1,0.8669675923223418
ambient,RIDA,1,0.8153847049346816
ambient,HAMP,1,0.8923722361542399
inplane,TENT5C,1,0.9980803125502852
inplane,AMY2A,2,0.999982280290677
inplane,GATM,1,0.9999645669984585
ambient,DPEP1,1,0.9797438485185116
ambient,PROX1,1,0.8947940353063912
outplane,CD79A,1,0.97323601767792
outplane,AMY2A,3,0.9999764160282085
outplane,GATM,1,0.9999531081492954
outplane,AQP8,1,0.608955841302669
outplane,APOLD1,1,0.0
outplane,CFTR,1,0.9998640813740632
outplane,AMY2A,2,0.9999744827881866
inplane,IGF1,1,0.6653726034397096
inplane,AMY2A,2,0.999971691296628
inplane,GATM,2,0.9999417991639231
inplane,CD1C,1,0.9423759208481475
inplane,AMY2A,1,0.9999795173497884
inplane,GATM,3,0.9999592077720428
induction,AMY2A,26,0.9999819872484618
induction,GATM,27,0.9999640535328486
induction,AQP8,27,0.27408637441487604
inplane,NTN4,1,0.8980022420339732
inplane,CFTR,1,0.9998826942462413
inplane,AMY2A,2,0.9999794173182797
induction,AMY2A,23,0.999977331151644
induction,GATM,32,0.9999549219805897
induction,AQP8,25,0.3173259591611618
inplane,EDN1,1,0.21867594119786138
inplane,ANPEP,1,0.9997405166518598
inplane,AMY2A,1,0.9999823544825754
inplane,INS,1,0.9972263532719315
ambient,FKBP11,1,0.9154744770733124
ambient,AQP3,1,0.8490785574744587
outplane,FKBP11,1,0.8696853080004661
outplane,SERPINB9,1,0.18916376779562094
outplane,TENT5C,1,0.9969083159929416
outplane,AMY2A,1,0.999973244015937
ambient,UMOD,1,0.8653907134718044
ambient,AMY2A,1,0.9999814330388338
induction,AMY2A,24,0.9999813457399518
induction,GATM,27,0.9999627886997364
induction,AQP8,29,0.2974330146200784
outplane,CD163,1,0.996121386515593
outplane,CD1E,1,0.7411035471863718
outplane,AMY2A,4,0.9999775267993781
ambient,FKBP11,1,0.9423168383287148
ambient,KLK11,1,0.9932054172158666
ambient,ANPEP,1,0.999693682346736
ambient,COCH,1,0.8419130903959008
induction,AMY2A,7,0.9999571081101222
induction,GATM,15,0.9999138938994709
induction,AQP8,10,0.5727659456604257
outplane,CD163,1,0.9911715199864933
outplane,CFTR,1,0.9997711231854551
outplane,CLIC6,1,0.7525970362382086
outplane,AMY2A,1,0.9999581618724599
inplane,FSTL3,1,0.7577288733067618
inplane,PROX1,1,0.7872221229174
inplane,CYP1A1,1,0.04677298996128776
inplane,DIRAS3,1,0.8745096475774893
outplane,AMY2A,3,0.9999812377988502
outplane,GATM,2,0.9999625489598271
induction,AMY2A,25,0.9999823162060418
induction,GATM,26,0.9999647097980002
induction,AQP8,29,0.27063316585755737
inplane,ANPEP,1,0.9996271340010701
inplane,AMY2A,1,0.9999742436907184
inplane,PROX1,1,0.8755062247821762
inplane,GATM,1,0.9999487637363256
ambient,ANPEP,1,0.999636312882867
ambient,COCH,1,0.7709390104468794
outplane,MYH11,2,0.9956998919436333
outplane,MET,1,0.307415988335937
outplane,AMY2A,1,0.9999771149611995
induction,AMY2A,24,0.9999795620098584
induction,GATM,29,0.999959315941223
induction,AQP8,27,0.26056481292832034
inplane,FCGR1A,1,0.549562598351929
inplane,TCIM,1,0.0
inplane,ACTG2,1,0.3671832968520743
inplane,AMY2A,1,0.9999762771982602
inplane,FKBP11,1,0.9018116684065645
inplane,CFTR,2,0.9998465274293743
inplane,TRAC,1,0.5532752973733674
inplane,AMY2A,1,0.9999754869448395
inplane,SMYD2,1,0.6664747377363558
inplane,AMY2A,3,0.9999793903478057
inplane,GATM,1,0.9999589180629362
inplane,PPP1R1B,1,0.9888569088242459
inplane,DPEP1,1,0.9891646557405516
inplane,CFTR,2,0.99989109190807
inplane,AMY2A,2,0.9999809398823926
inplane,SMYD2,1,0.6891820795788735
inplane,AMY2A,3,0.9999810526875912
inplane,AQP8,1,0.711163303648912
ambient,DIRAS3,1,0.9673246957570627
ambient,GLYATL1,1,0.7190540546394233
inplane,GATM,2,0.9999645597177451
inplane,AQP8,3,0.583144724843722
induction,AMY2A,36,0.9999822350808958
induction,GATM,16,0.9999645555750604
induction,AQP8,28,0.2610825436145914
outplane,AMY2A,2,0.9999821697729161
outplane,GATM,1,0.9999644171481669
outplane,AQP8,1,0.599864972208979
induction,AMY2A,27,0.9999829627383383
induction,GATM,21,0.9999660121609087
induction,AQP8,32,0.2167741755891598
inplane,CFTR,2,0.9998720178465695
inplane,AMY2A,2,0.9999788135720905
inplane,GATM,1,0.9999578167906981
inplane,CFTR,1,0.9998618235570214
inplane,EHF,1,0.9984451546414695
inplane,AMY2A,3,0.9999775800742227
inplane,EPCAM,1,0.9993672802194514
inplane,AMY2A,2,0.9999775974633288
inplane,GATM,1,0.9999554406664751
outplane,EHF,1,0.9986533841798576
outplane,AMY2A,1,0.9999825644796252
outplane,GATM,1,0.9999652063457634
outplane,AQP8,1,0.5403422163177043
outplane,BASP1,1,0.04210008562278322
outplane,TCIM,1,0.0
outplane,AMY2A,1,0.9999815185917559
outplane,FXYD2,1,0.9671230074554473
outplane,APCDD1,1,0.1917367742395797
outplane,CFTR,1,0.9998805818097727
outplane,AMY2A,1,0.9999809535776234
outplane,GATM,1,0.9999619848386242
inplane,FBLN1,1,0.8710218678401724
inplane,FSTL3,1,0.8488482106525866
inplane,STC1,1,0.0
inplane,MALL,1,0.05184384890923821
inplane,AMY2A,2,0.9999699470896696
inplane,ESR1,1,0.8010493012406901
inplane,MDM2,1,0.5724714934926035
inplane,CFTR,1,0.9998911287520743
inplane,TFPI,1,0.0
inplane,AMY2A,1,0.999982382610506
induction,AMY2A,24,0.9999824607120655
induction,GATM,24,0.9999650054508264
induction,AQP8,32,0.2046845581139194
ambient,DIRAS3,1,0.9438930945228003
ambient,PEBP4,1,0.7588739462930907
induction,AMY2A,23,0.9999780684270551
induction,GATM,25,0.9999563997061671
induction,AQP8,32,0.20278883403201353
induction,AMY2A,34,0.999982801242005
induction,GATM,22,0.9999656900069293
induction,AQP8,24,0.2736828763310597
ambient,CPA3,1,0.7467736155801196
ambient,GLYATL1,1,0.5012300108725951
outplane,SMYD2,1,0.7729712438829366
outplane,FKBP11,1,0.9467467206431301
outplane,CFTR,1,0.9998887080263507
outplane,AMY2A,1,0.9999820031081837
outplane,PROX1,1,0.9109115142873423
inplane,CFTR,1,0.9998806079230774
inplane,AMY2A,2,0.999980953272034
inplane,EGFR,1,0.7825111158750526
induction,AMY2A,23,0.9999775229693105
induction,GATM,31,0.9999553561742288
induction,AQP8,26,0.2623954290061573
induction,AMY2A,34,0.9999812810568913
induction,GATM,20,0.9999626939568274
induction,AQP8,26,0.2483371195889359
inplane,FSTL3,1,0.768100029608727
inplane,DST,1,0.46077182804312844
inplane,STC1,1,0.0
inplane,CFTR,2,0.9998891140357934
inplane,APCDD1,1,0.223681241490421
inplane,VCAN,1,0.9992580564976608
inplane,ASPN,1,0.24049938015278405
inplane,AMY2A,1,0.9999824764871345
ambient,CA4,1,0.894928913887795
ambient,AQP3,1,0.8876385058474544
outplane,MDM2,1,0.554640787908617
outplane,ANPEP,1,0.9995804278245541
outplane,KRT7,2,0.9890393206272458
outplane,SPI1,1,0.7026941310118759
inplane,C15orf48,1,0.9935660923305253
inplane,KCNMA1,1,0.5097533508616454
inplane,AMY2A,1,0.99997949079409
inplane,GZMA,1,0.9192276656825591
induction,AMY2A,25,0.9999811312736542
induction,GATM,27,0.9999624047558683
induction,AQP8,28,0.2502176710602786
induction,AMY2A,30,0.9999825176239961
induction,GATM,32,0.9999651227174539
induction,AQP8,18,0.404658876370134
ambient,UMOD,1,0.8727243289154492
ambient,AMY2A,1,0.9999812425296724
ambient,DPEP1,1,0.975357046247441
ambient,KLK11,1,0.9967849804508823
outplane,ASPN,1,0.1195088491869386
outplane,CFB,1,0.703345236831818
outplane,AMY2A,2,0.9999785600482433
outplane,SRPX,1,0.33686298136239057
outplane,PLA2G7,1,0.9904189934186973
outplane,IGSF6,1,0.6078596657321471
outplane,AMY2A,2,0.9999813121301692
outplane,PROX1,1,0.8939249126721642
outplane,ANPEP,1,0.9997433617250376
outplane,AMY2A,1,0.9999825668607065
outplane,GATM,2,0.9999652159863951
inplane,TFPI,1,0.0
inplane,AMY2A,2,0.9999828442480159
inplane,GATM,1,0.9999657608540307
inplane,AQP8,1,0.6467735604938997
induction,AMY2A,32,0.9999784908763248
induction,GATM,27,0.999956643669677
induction,AQP8,21,0.3068320503260461
outplane,UMOD,1,0.8153652094605708
outplane,HLA-DQB2,1,0.18508696933850166
outplane,C1orf162,1,0.45163799894436385
outplane,CLIC6,1,0.7094310569563964
outplane,CXCL2,1,0.37279377380293843
outplane,GATM,1,0.999930763122917
ambient,GATM,1,0.9999647897944548
ambient,AQP3,1,0.9157098068779438
ambient,DPEP1,1,0.984597334110834
ambient,CA4,1,0.9109244666804024
induction,AMY2A,25,0.9999832452445995
induction,GATM,36,0.9999665731913747
induction,AQP8,19,0.32571833333178113
induction,AMY2A,22,0.9999743298582577
induction,GATM,27,0.9999490766896459
induction,AQP8,31,0.2504884529215363
ambient,HAMP,1,0.8707845367861315
ambient,PROX1,1,0.8160529801458529
inplane,PDGFRB,1,0.00828982935354805
inplane,TCF4,1,0.0
inplane,AMY2A,2,0.9999709455806721
inplane,GATM,1,0.9999423595281579
outplane,SMYD2,1,0.6190844190977587
outplane,ALDH1A3,1,0.6061646285245657
outplane,CFTR,1,0.9997455786703888
outplane,PROX1,1,0.7865565002427332
ambient,FKBP11,1,0.733423143874905
ambient,CFTR,1,0.9996770048382237
inplane,FBN1,1,0.006248540968256333
inplane,MYC,1,0.6536985226036156
inplane,AMY2A,2,0.9999787526157012
inplane,CD14,1,0.46625213815004307
inplane,CD4,2,0.14630979915732323
inplane,CFTR,1,0.9998833940472605
inplane,FXYD2,1,0.9674219697978979
induction,AMY2A,33,0.9999784718361038
induction,GATM,21,0.9999572066020991
induction,AQP8,26,0.26186973347136044
inplane,AMY2A,3,0.999975326830178
inplane,GATM,1,0.9999509164532612
ambient,CPA3,1,0.8132715329761981
ambient,PROX1,1,0.8767080042786626
induction,AMY2A,33,0.9999818015904381
induction,GATM,21,0.9999637163622134
induction,AQP8,26,0.29293706792340846
outplane,CTSK,1,1.3373857576937098e-11
outplane,CFB,1,0.8402358939040266
outplane,MDM2,1,0.5983242837299515
outplane,CFTR,2,0.9998911505716893
outplane,FXYD2,1,0.9770037677379391
ambient,FKBP11,1,0.9493520064936054
ambient,CPA3,1,0.8624543129888365
outplane,CCR7,1,0.22940831853134436
outplane,CFTR,1,0.9998930921779253
outplane,AMY2A,1,0.999982521657931
outplane,HAMP,1,0.9492340819369653
inplane,CA4,1,0.8818659230034734
inplane,AMY2A,2,0.9999817016789836
inplane,FXYD2,1,0.9674768600319185
induction,AMY2A,28,0.9999761151669849
induction,GATM,23,0.9999512476922134
induction,AQP8,29,0.26733165364694156
ambient,HAMP,1,0.8723717458524981
ambient,PEBP4,1,0.7081262446667617
induction,AMY2A,32,0.9999799329463002
induction,GATM,26,0.9999600567067587
induction,AQP8,22,0.31491982163294197
outplane,EPCAM,1,0.999365209052709
outplane,ANPEP,1,0.9996641262142577
outplane,AMY2A,1,0.9999775471691772
outplane,GATM,2,0.9999553377824534
inplane,MYC,1,0.5434829725650956
inplane,PPP1R1A,1,0.9679572915613278
inplane,CFTR,1,0.999703320479015
inplane,AMY2A,4,0.9999520035328399
inplane,GATM,1,0.999906023071883
outplane,DST,1,0.4541320673642233
outplane,CFTR,1,0.9998542247488679
outplane,AMY2A,2,0.999974053333924
outplane,KCNK3,1,0.9414070072989705
inplane,AMY2A,2,0.9999732594940093
inplane,GATM,1,0.9999468589374514
inplane,AQP8,2,0.6506497458823528
induction,AMY2A,17,0.9999605528929736
induction,GATM,7,0.9999211575827461
induction,AQP8,8,0.6091706023037697
ambient,GATM,1,0.9999054185700225
ambient,PEBP4,1,0.40387281525936924
outplane,FKBP11,1,0.9605456508441873
outplane,AMY2A,5,0.9999825515837459
inplane,CAVIN1,1,0.02825430522501804
inplane,CD93,1,0.0
inplane,AMY2A,1,0.9999790892966126
inplane,GATM,1,0.9999583183362967
induction,AMY2A,27,0.9999799662684249
induction,GATM,29,0.9999601496756491
induction,AQP8,24,0.2883472953290209
outplane,SERPINB9,1,0.22280014034565343
outplane,CFTR,2,0.9998645866692811
outplane,CXCL2,1,0.614997688827793
induction,AMY2A,23,0.9999799304328346
induction,GATM,30,0.9999600453673992
induction,AQP8,27,0.24340331895433967
outplane,FKBP11,1,0.9280618914390409
outplane,CFTR,1,0.9998654830706858
outplane,CXCL2,1,0.6589841044617023
outplane,GATM,1,0.999952949200282
outplane,CFB,1,0.9068031298883007
outplane,MYC,1,0.6728844683415589
outplane,CFTR,1,0.9998631968378449
outplane,AMY2A,1,0.9999758397527234
outplane,AQP8,1,0.6514077005289776
outplane,CYP2A7,1,0.5593275396432891
outplane,CA4,1,0.8630237513574199
outplane,AMY2A,3,0.9999771170796875
outplane,CYP3A4,1,0.5388860124617783
induction,AMY2A,27,0.9999781994388982
induction,GATM,29,0.9999566700691496
induction,AQP8,24,0.31317408581971984
ambient,COCH,1,0.798609872016223
ambient,GLYATL1,1,0.6007822412579493
outplane,CFB,1,0.8150774294509546
outplane,TCIM,1,0.0
outplane,PPP1R1B,1,0.9516116303832259
outplane,CFTR,1,0.9997884947470543
outplane,AMY2A,1,0.999967048131732
outplane,AMY2A,4,0.9999715212455494
outplane,PROX1,1,0.8197167638170043
induction,AMY2A,19,0.9999647370776048
induction,GATM,18,0.9999307728733304
induction,AQP8,11,0.5507445784060583
inplane,CFTR,2,0.9997813615815444
inplane,TENT5C,1,0.9963322668038159
inplane,EHF,1,0.9980458002231304
inplane,AMY2A,1,0.9999635057364422
inplane,PLD4,1,0.6362323662166899
inplane,FKBP11,1,0.9020271465730503
inplane,DERL3,1,0.5734422794746572
inplane,PROX1,1,0.8267058880309431
ambient,RIDA,1,0.8188806608047083
ambient,GLYATL1,1,0.5703951615400689
ambient,AMY2A,1,0.9999526521354504
ambient,CPA3,1,0.6426373547263561
ambient,ANPEP,2,0.9996443372851438
ambient,DIRAS3,1,0.9551828520884206
ambient,GLYATL1,1,0.6564577220420678
induction,AMY2A,28,0.999981909379375
induction,GATM,23,0.9999639138645066
induction,AQP8,29,0.23526822863186425
inplane,TCIM,1,0.0
inplane,AMY2A,4,0.9999550815337827
inplane,GATM,1,0.9999120464430622
ambient,RIDA,1,0.6998151510060495
ambient,PROX1,1,0.720220326479289
inplane,CFB,2,0.8006866762270822
inplane,PPP1R1B,1,0.933823509057748
inplane,CFTR,2,0.9996810989461051
outplane,MET,1,0.3297172983021308
outplane,CFTR,1,0.9998785288972257
outplane,AMY2A,2,0.9999798269558954
outplane,GPC3,1,0.769359168076516
outplane,PROX1,1,0.8505250724072049
ambient,ANPEP,1,0.9996972567169621
ambient,CA4,1,0.8534587304332599
inplane,NTN4,1,0.7687937448971868
inplane,ANPEP,1,0.9996970086762306
inplane,AMY2A,2,0.9999791399243558
inplane,MYC,1,0.6330862201247148
inplane,AMY2A,2,0.999980597854398
inplane,GATM,2,0.9999612827475695
induction,AMY2A,21,0.9999799789087327
induction,GATM,37,0.9999601290338411
induction,AQP8,22,0.34429914941455564
inplane,ANPEP,1,0.9997011137494314
inplane,AMY2A,3,0.9999798518192715
inplane,PLA2G7,1,0.9863126244717332
inplane,AMY2A,2,0.9999794290584465
inplane,C7,1,0.2553026450873388
ambient,KCNK3,1,0.9725797473346401
ambient,HAMP,1,0.9195739286898725
outplane,AMY2A,2,0.999972703315857
outplane,FXYD2,1,0.9399879124766336
outplane,AQP8,1,0.6487982596185569
induction,AMY2A,22,0.9999821119577649
induction,GATM,29,0.9999643085561085
induction,AQP8,29,0.2598571496805655
ambient,PROX1,1,0.9645542221093241
ambient,DIRAS3,1,0.9800690955792826
induction,AMY2A,24,0.9999830208299405
induction,GATM,32,0.9999661328532167
induction,AQP8,24,0.28366091222124235
outplane,PDPN,2,0.8000527019083413
outplane,CTSK,1,0.7058240662252697
outplane,SRPX,1,0.5702980039688215
outplane,DMBT1,1,0.9787788152301617
outplane,TENT5C,1,0.997097873060186
outplane,AMY2A,3,0.9999764155730547
outplane,AMY2A,3,0.9999794337322115
outplane,PROX1,1,0.879322589235632
outplane,INS,1,0.9973142589330992
inplane,KCNMA1,1,0.6144024180267667
inplane,TMC5,1,0.9895051922241095
inplane,AMY2A,1,0.9999755763960911
inplane,DIRAS3,1,0.9143859937906601
ambient,GATM,1,0.9999606771061452
ambient,DIRAS3,1,0.9418463258587152
ambient,CPA3,1,0.874071452545746
ambient,AQP3,1,0.9090815632715523
induction,AMY2A,34,0.9999815511632125
induction,GATM,19,0.9999632399439659
induction,AQP8,27,0.2684750939909992
outplane,ADGRL4,1,0.0
outplane,STC2,1,0.0
outplane,APOLD1,1,0.0
outplane,AMY2A,3,0.9999828482436467
outplane,GATM,1,0.9999657512947706
outplane,SPIB,1,0.8650939551385758
inplane,SFRP2,1,0.9992362233984519
inplane,ASPN,1,0.30585529060611316
inplane,MDM2,1,0.626657028716109
inplane,AMY2A,1,0.9999806734652644
induction,AMY2A,19,0.9999713056828817
induction,GATM,25,0.9999411934400995
induction,AQP8,20,0.32671959106390003
induction,AMY2A,22,0.9999759185431529
induction,GATM,26,0.9999512820591333
induction,AQP8,32,0.2356392337141061
inplane,MDM2,1,0.5490223745270513
inplane,KLRD1,1,0.2361226213886073
inplane,CFTR,1,0.9998894154766302
inplane,AMY2A,1,0.9999821319210984
inplane,PROX1,1,0.8947739976247119
ambient,CA4,1,0.864719142933932
ambient,PROX1,1,0.8756621546447702
ambient,FKBP11,1,0.9275441577849567
ambient,HAMP,1,0.9006711071673924
outplane,CFB,1,0.8852050302351474
outplane,MYC,1,0.6527930837252494
outplane,CFTR,2,0.9998841752804118
inplane,TCIM,1,0.0
inplane,AMY2A,3,0.9999812619549461
inplane,MYBPC1,1,0.3596976429115004
outplane,C15orf48,1,0.9948774377525048
outplane,CFTR,1,0.9998810937229303
outplane,AMY2A,2,0.9999805898893478
inplane,TENT5C,1,0.9978249649111455
inplane,AMY2A,1,0.9999823992302895
inplane,GPC3,1,0.8430386493212227
inplane,GATM,1,0.9999648692965849
ambient,RIDA,1,0.8829208350435322
ambient,CFTR,1,0.9998667456097557
induction,AMY2A,29,0.9999811250609564
induction,GATM,31,0.9999623092173926
induction,AQP8,20,0.3649574876520508
outplane,CFTR,1,0.9998763588143547
outplane,FXYD2,1,0.9597855080566992
outplane,PROX1,2,0.8631822462997687
outplane,NTN4,1,0.8112829499947788
outplane,AMY2A,3,0.9999791277064994
ambient,CA4,1,0.8872972131655511
ambient,PEBP4,1,0.7762314811938482
inplane,FSTL3,1,0.8773167134423295
inplane,CRISPLD2,1,0.1843408839148748
inplane,MDM2,1,0.6236215980993431
inplane,ALDH1A3,1,0.5783740792551698
inplane,CFTR,2,0.9998661877048944
inplane,CXCL6,1,0.9990083393208364
ambient,AMY2A,1,0.999955204291296
ambient,GLYATL1,1,0.32549658661726444
outplane,CFTR,1,0.9998474804154471
outplane,AMY2A,2,0.9999762226822079
outplane,FXYD2,1,0.9457371077219957
outplane,GATM,1,0.9999527519634953
outplane,PECAM1,1,0.0
outplane,GATA2,1,0.0
outplane,AMY2A,1,0.999957460182729
outplane,GATM,1,0.9999164492388662
ambient,DPEP1,1,0.9715704419041559
ambient,DIRAS3,1,0.9259928203786808
inplane,TCIM,1,0.0
inplane,FKBP11,1,0.920129945183691
inplane,KLK11,1,0.9967491921374573
inplane,AMY2A,1,0.9999795559131647
inplane,AQP8,1,0.6988337504487301
outplane,SEMA3C,1,0.9013650321796285
outplane,ANPEP,1,0.9997181623366534
outplane,EHF,1,0.9985301951865563
outplane,AMY2A,1,0.9999809796358845
inplane,STC2,1,0.0
inplane,TCIM,1,0.0
inplane,C15orf48,1,0.9925881455172126
inplane,AMY2A,1,0.9999530236548481
inplane,FKBP11,1,0.9353997250745352
inplane,AMY2A,2,0.9999766307431436
inplane,GATM,1,0.9999535297309007
inplane,AQP8,1,0.6265549523781802
ambient,GATM,1,0.9999280421526434
ambient,PEBP4,1,0.5464932260836952
inplane,DPEP1,1,0.9357761952372241
inplane,AMY2A,3,0.9999509078097968
outplane,CFTR,1,0.9998848455694591
outplane,BAMBI,1,0.5718808668622134
outplane,AMY2A,1,0.9999816895937953
outplane,CD1A,1,0.17976496603729708
outplane,AQP8,1,0.666009568620894
inplane,AMY2A,3,0.9999801903279708
inplane,DIRAS3,1,0.9470797049737055
induction,AMY2A,26,0.9999808912555165
induction,GATM,25,0.9999619246587945
induction,AQP8,29,0.22684127766696072
inplane,CFTR,2,0.9998920244088726
inplane,AMY2A,3,0.999982083802387
outplane,HAMP,1,0.9232480374219323
outplane,GATM,2,0.9999651259196677
outplane,AQP8,1,0.6044499318863741
ambient,RIDA,1,0.8574416706427632
ambient,PROX1,1,0.9035569250793751
ambient,UMOD,1,0.8885494838304542
ambient,COCH,1,0.7773613206375354
induction,AMY2A,13,0.9999648363370729
induction,GATM,21,0.9999309619317133
induction,AQP8,14,0.4379459882199256
ambient,ANPEP,1,0.999745973270229
ambient,PROX1,1,0.9030567407368693
ambient,AQP8,2,0.426981163463072
inplane,FBLN1,1,0.4327336103012476
inplane,ANPEP,1,0.9996994526947551
inplane,AMY2A,1,0.9999795933426023
inplane,KCNK3,1,0.9653121409594292
outplane,CFTR,1,0.9998746694482036
outplane,AMY2A,3,0.9999801184309816
outplane,GATM,1,0.9999603599996266
ambient,ANPEP,1,0.9997390743531879
ambient,PEBP4,1,0.7884218054190264
induction,AMY2A,32,0.9999824704054779
induction,GATM,25,0.9999650249082251
induction,AQP8,23,0.3362828179563838
induction,AMY2A,24,0.9999800298307908
induction,GATM,26,0.9999602428296498
induction,AQP8,30,0.21073537624314387
induction,AMY2A,17,0.9999777080217533
induction,GATM,29,0.9999556216614859
induction,AQP8,34,0.22164380023009345
outplane,MYLK,1,0.00969054862798402
outplane,CA4,1,0.896189906793734
outplane,AMY2A,1,0.9999822594819785
outplane,GATM,1,0.9999645894643714
outplane,AQP8,1,0.648917548687209
ambient,DPEP1,1,0.9819251863703636
ambient,CA4,1,0.8952359360483714
outplane,RIDA,1,0.8995252672641647
outplane,AMY2A,3,0.9999805335711267
outplane,GPC1,1,0.6547708675705501
outplane,CD93,2,0.0
outplane,CXCL6,2,0.995975217351066
induction,AMY2A,23,0.9999821591313253
induction,GATM,34,0.9999644154374115
induction,AQP8,23,0.3152615635574608
induction,AMY2A,30,0.9999819734915585
induction,GATM,27,0.9999640287289361
induction,AQP8,23,0.32997604410486914
inplane,APCDD1,1,0.17320362797127342
inplane,CAVIN1,1,0.12828995368861007
inplane,AMY2A,3,0.999973563881348
inplane,FXYD2,1,0.9279759734645782
outplane,MYC,1,0.5723685530991656
outplane,CFTR,1,0.9997797457579779
outplane,AMY2A,2,0.9999667665738365
ambient,ANPEP,1,0.9997384042985704
ambient,PROX1,1,0.88954977582679
ambient,PROX1,2,0.8808587777519223
induction,AMY2A,20,0.9999820317302581
induction,GATM,29,0.9999641396435742
induction,AQP8,31,0.2607377088346693
induction,AMY2A,18,0.9999715717363614
induction,GATM,24,0.9999439207120168
induction,AQP8,22,0.2957520125062285
outplane,VCAN,1,0.9996246121923337
outplane,CFB,1,0.6998387215369668
outplane,TCIM,1,0.0
outplane,FXYD2,1,0.9476959591350073
ambient,AMY2A,1,0.9999775051013274
ambient,CPA3,1,0.8765890435182822
induction,AMY2A,27,0.9999813868723284
induction,GATM,26,0.9999629079140943
induction,AQP8,27,0.24186882916399777
ambient,KLK11,1,0.9969844623646137
ambient,HAMP,1,0.9318167796053745
inplane,AMY2A,6,0.9999571065488777
ambient,DIRAS3,1,0.8821794936673639
ambient,PEBP4,1,0.5919645508133624
ambient,CA4,1,0.8954169003574127
ambient,KCNK3,1,0.9726156589163265
ambient,CPA3,1,0.657850704785403
ambient,DIRAS3,1,0.8324262719619553
outplane,EDN1,3,0.17374696405084378
outplane,CFTR,1,0.9998398132623719
inplane,MYC,1,0.750259311231955
inplane,GATM,1,0.9999580109371957
inplane,AQP8,2,0.6593590644448133
outplane,LAMP3,1,0.6968658996557021
outplane,TNC,1,0.9946366472284329
outplane,DST,1,0.3983857037727626
outplane,AMY2A,2,0.9999710801189441
outplane,SCGN,1,0.9887786849861252
induction,AMY2A,31,0.9999822043436624
induction,GATM,28,0.9999644991350369
induction,AQP8,21,0.3472079042968549
induction,AMY2A,26,0.9999828369170211
induction,GATM,26,0.9999657559800971
induction,AQP8,28,0.2860164256942124
outplane,RAPGEF3,1,0.0
outplane,AMY2A,4,0.9999777186707884
outplane,GATM,1,0.9999555866682941
outplane,GNG11,1,0.0
outplane,GPR183,1,0.7160889311666605
outplane,MALL,1,0.1021206577200956
outplane,GATM,1,0.9999521852375894
outplane,EHF,1,0.9988923327755486
outplane,AMY2A,2,0.9999791258272245
outplane,RBP5,1,0.0
outplane,GATM,1,0.999958431081827
induction,AMY2A,27,0.9999708733767989
induction,GATM,26,0.999942470511103
induction,AQP8,11,0.5453894205158258
induction,AMY2A,24,0.9999805100072322
induction,GATM,29,0.9999611495668606
induction,AQP8,27,0.2574602288581028
induction,AMY2A,34,0.9999811502103634
induction,GATM,24,0.9999624339742342
induction,AQP8,22,0.314801287109456
ambient,AMY2A,1,0.9999701430294232
ambient,HAMP,1,0.8027391409592007
induction,AMY2A,23,0.9999769679754825
induction,GATM,30,0.9999542393114144
induction,AQP8,27,0.25816250034717325
inplane,AMY2A,4,0.999973328741369
inplane,AQP8,1,0.6421152871127914
induction,AMY2A,25,0.9999779465487475
induction,GATM,30,0.9999561966848632
induction,AQP8,25,0.2821913020655381
ambient,ANPEP,1,0.9997084820293652
ambient,PROX1,1,0.8694371982885102
inplane,DST,1,0.6211376184681905
inplane,EPCAM,1,0.9994439616264368
inplane,CFTR,1,0.9998813522397348
inplane,GATM,1,0.9999612677650116
induction,AMY2A,24,0.9999815869685121
induction,GATM,21,0.9999632608454633
induction,AQP8,35,0.2095743683021778
ambient,ANPEP,1,0.9996735848829214
ambient,DIRAS3,1,0.9378413639571642
inplane,THBS2,1,0.997590803045405
inplane,ACTA2,1,0.1191155378850216
inplane,AMY2A,1,0.9999814571020531
inplane,EDNRB,1,0.0
outplane,CFB,1,0.7970633451298254
outplane,GPR183,1,0.6247180899696017
outplane,AMY2A,2,0.9999798512082646
ambient,DPEP1,1,0.9870211750469234
ambient,ANPEP,1,0.9997403376927363
induction,AMY2A,26,0.9999801709474638
induction,GATM,25,0.9999605258935564
induction,AQP8,29,0.2258124204692643
inplane,NTN4,1,0.7859343395090809
inplane,DST,1,0.5213457443816455
inplane,CFTR,1,0.9998791727019156
inplane,AMY2A,1,0.9999799386152188
outplane,ADGRL4,1,0.0
outplane,AMY2A,2,0.9999819206975518
outplane,GATM,1,0.9999639262548895
outplane,FKBP11,1,0.9599831435979378
outplane,PPP1R1A,1,0.9702602482830308
outplane,AMY2A,2,0.9999826638632674
outplane,CHGA,1,0.9687439217707924
outplane,GATM,1,0.999965418259522
inplane,TCIM,1,0.0
inplane,KCNK3,1,0.9691298922216051
inplane,GATM,2,0.9999639425491629
ambient,KLK11,1,0.9953357471886098
ambient,PROX1,1,0.8050670775949896
inplane,RIDA,1,0.8615721911374123
inplane,AMY2A,2,0.9999825971567361
inplane,GATM,1,0.9999652694962822
outplane,CFTR,1,0.9998275045707262
outplane,AMY2A,1,0.9999715061606769
outplane,FOXP3,1,0.9435709282021149
outplane,GATM,1,0.9999434713467564
outplane,AMY2A,2,0.9999563952346929
outplane,GATM,2,0.9999143097196154
ambient,AMY2A,1,0.9999567479659432
ambient,KCNK3,1,0.9115948413633191
induction,AMY2A,19,0.9999679645273234
induction,GATM,26,0.9999367551361588
induction,AQP8,19,0.39016324788444057
outplane,STC2,1,0.0
outplane,MDM2,1,0.5588334770206168
outplane,AMY2A,1,0.9999804545407958
outplane,CXCL2,1,0.5474778513606356
outplane,GATM,1,0.9999610286544887
ambient,KCNK3,1,0.9414781783454874
ambient,HAMP,1,0.7902966940041736
induction,AMY2A,28,0.999982082829548
induction,GATM,26,0.9999642349525313
induction,AQP8,26,0.347949646902857
induction,AMY2A,27,0.9999781965235113
induction,GATM,24,0.9999565995059065
induction,AQP8,29,0.2532821719795002
induction,AMY2A,20,0.9999640136459734
induction,GATM,12,0.9999292985129377
induction,AQP8,16,0.4317678384511173
induction,AMY2A,22,0.9999757235599936
induction,GATM,26,0.9999517661022153
induction,AQP8,32,0.2610225545391308
induction,AMY2A,28,0.9999774171715636
induction,GATM,30,0.9999551285477958
induction,AQP8,22,0.3331866687755831
inplane,NPDC1,1,0.0
inplane,FKBP11,1,0.8486868725395444
inplane,DST,1,0.46791134041566307
inplane,PRF1,1,0.33256201590112155
inplane,AMY2A,2,0.99995077142608
ambient,KLK11,1,0.9968974761764889
ambient,HAMP,1,0.8736842118672553
outplane,COL5A2,1,3.4652281044600386e-12
outplane,MYC,1,0.7238186210798043
outplane,RIDA,1,0.8448944871291336
outplane,AMY2A,1,0.9999813880171028
outplane,GATM,1,0.9999628603638376
ambient,RIDA,1,0.8787035652940979
ambient,HAMP,1,0.9291637114397198
outplane,PECAM1,1,0.0
outplane,RAPGEF3,1,0.0
outplane,CFTR,1,0.9998487778109436
outplane,AMY2A,2,0.9999748982058236
ambient,KLK11,1,0.9963540496991861
ambient,CPA3,1,0.8259836868235941
inplane,MMRN2,1,0.0
inplane,CFTR,1,0.9998584934453536
inplane,AMY2A,2,0.9999774157118976
inplane,MZB1,1,0.9546725967817318
ambient,CPA3,1,0.8616768334728667
ambient,PEBP4,1,0.814287537840065
outplane,CAVIN1,3,0.42772511054407425
outplane,ANPEP,1,0.9990811047722782
ambient,COCH,1,0.7270953517554444
ambient,DIRAS3,1,0.9263649930404722
induction,AMY2A,27,0.9999819750332353
induction,GATM,26,0.99996404662758
induction,AQP8,27,0.26101273956428017
induction,AMY2A,12,0.9999573525789197
induction,GATM,11,0.9999165353600429
induction,AQP8,9,0.5864640633663039
induction,AMY2A,36,0.9999791829478009
induction,GATM,18,0.9999586102141345
induction,AQP8,26,0.24482052592476622
outplane,FKBP11,1,0.8784114746362969
outplane,ANPEP,1,0.9995702976505041
outplane,AMY2A,1,0.9999731467798156
outplane,KCNK3,1,0.9552481864893734
outplane,TCL1A,1,0.2154122118551719
inplane,APOLD1,1,0.0
inplane,TENT5C,1,0.9974782662569812
inplane,SCGN,2,0.9893290256486523
induction,AMY2A,20,0.9999772041801945
induction,GATM,32,0.9999547196740182
induction,AQP8,28,0.24594371770582613
inplane,CFB,1,0.8952200184053288
inplane,C15orf48,1,0.9952434274169786
inplane,TENT5C,1,0.9975669521805259
inplane,AMY2A,3,0.9999800367235598
outplane,PDPN,1,0.4825270060583392
outplane,TNC,1,0.9948758768118379
outplane,PLA2G7,1,0.993656923753565
outplane,AMY2A,1,0.9999767686065846
outplane,EHF,1,0.9966302945468785
outplane,AMY2A,2,0.9999491992203358
outplane,LYVE1,1,0.0
induction,AMY2A,13,0.9999624258873832
induction,GATM,19,0.9999261753842792
induction,AQP8,16,0.43350519473461124
inplane,TCIM,1,0.0
inplane,CD163,1,0.9960726866008356
inplane,C1orf162,1,0.559432431003781
inplane,KCNK3,1,0.8650420641844873
ambient,DPEP1,1,0.919154042796202
ambient,CA4,1,0.6446088783385833
induction,AMY2A,25,0.9999824133934021
induction,GATM,33,0.9999649178242086
induction,AQP8,22,0.33634025934205414
outplane,MET,1,0.434307980048791
outplane,AMY2A,3,0.9999749114503642
outplane,GATM,1,0.9999502112297032
inplane,AMY2A,3,0.9999787940337354
inplane,DUSP2,1,0.6281949559788412
inplane,ADH1C,1,0.637755938599393
ambient,FKBP11,1,0.9041673816847139
ambient,ANPEP,1,0.9996422195820539
outplane,CFB,2,0.7420562369962158
outplane,AMY2A,1,0.9999772937024852
outplane,AGR3,1,0.6881216269793577
inplane,EPCAM,1,0.9987229388320262
inplane,AMY2A,2,0.9999558777138098
inplane,GATM,2,0.9999136069465958
inplane,SMYD2,1,0.6994073277004269
inplane,AMY2A,1,0.9999760707860265
inplane,GATM,2,0.9999524428667278
inplane,AQP8,1,0.6068161674620542
inplane,CFTR,1,0.999866165827192
inplane,AMY2A,2,0.9999765589019182
inplane,CXCL2,1,0.7067674793036884
ambient,CPA3,1,0.7223935714244138
ambient,PEBP4,1,0.5734162120316125
outplane,FKBP11,1,0.8949581885092323
outplane,UMOD,1,0.8390028265441682
outplane,PLIN4,1,0.3745965648558115
outplane,SPIB,1,0.7614009462280881
ambient,FKBP11,1,0.9245646266900095
ambient,KLK11,1,0.996816631935246
outplane,MCF2L,1,0.0
outplane,CXCR4,1,0.38764175752589536
outplane,PTPRC,1,0.9976191285420284
outplane,AMY2A,2,0.9999799126997656
outplane,GATM,1,0.9999599641737031
induction,AMY2A,22,0.9999776299949203
induction,GATM,27,0.9999555362600191
induction,AQP8,31,0.22877393350627073
ambient,DPEP1,1,0.9838768365381039
ambient,RIDA,1,0.8764303879797714
inplane,PECAM1,1,0.0
inplane,SMYD2,1,0.8221331533054478
inplane,CFTR,1,0.9998731136526853
inplane,AMY2A,3,0.9999796406946809
inplane,GATM,2,0.9999594481769322
induction,AMY2A,28,0.9999782777366202
induction,GATM,20,0.9999568175807847
induction,AQP8,32,0.20132684575792625
induction,AMY2A,28,0.9999784055722681
induction,GATM,25,0.9999571001365466
induction,AQP8,27,0.23521518065368696
outplane,AMY2A,3,0.9999785046706973
outplane,GATM,1,0.9999571465630206
outplane,AQP8,1,0.6925589077697333
outplane,ANPEP,1,0.9996674122932344
outplane,AMY2A,1,0.9999775183556937
outplane,CXCL2,1,0.6595099727612832
outplane,GATM,1,0.9999552255532858
inplane,ECSCR,1,0.0
inplane,MEDAG,1,2.677302823883565e-11
inplane,DST,1,0.48912095948299117
inplane,CFTR,1,0.9998860216202032
outplane,STC2,1,0.0
outplane,ACTA2,1,0.3562054981413937
outplane,TCIM,1,0.0
outplane,AMY2A,1,0.9999774933869585
outplane,GATM,1,0.9999551764729186
outplane,CFTR,1,0.9998679825337066
outplane,AMY2A,2,0.9999781161960325
outplane,GPC3,1,0.8882483931920829
outplane,GATM,1,0.9999564508734965
outplane,AQP8,1,0.6853676873826163
outplane,CD68,1,0.6553891252283968
outplane,AMY2A,2,0.9999829395538214
outplane,GATM,1,0.999965940999241
outplane,AMY2A,3,0.9999818849865805
outplane,GATM,2,0.9999638464361027
ambient,ANPEP,1,0.9993894341376558
ambient,KLK11,1,0.9937543206594517
induction,AMY2A,21,0.9999709670964673
induction,GATM,23,0.9999426739567806
induction,AQP8,20,0.3308989125937729
inplane,CFTR,1,0.9998746953821236
inplane,AMY2A,3,0.9999795697018017
inplane,GATM,1,0.999959303536163
inplane,TSPAN19,1,0.36273404309114243
outplane,NTN4,1,0.8022301539981068
outplane,MDM2,1,0.6709597604609923
outplane,EPCAM,1,0.9993859291633763
outplane,GATM,2,0.9999534837290601
inplane,VCAN,1,0.9996464867955873
inplane,MFAP5,1,0.8237963692130889
inplane,DST,1,0.48319608746985354
inplane,LILRA4,1,0.30473753093779454
outplane,ANPEP,2,0.9996223804945638
outplane,GATM,2,0.9999491245358444
ambient,RIDA,1,0.7933833314689844
ambient,ANPEP,1,0.9996416013349312
ambient,ANPEP,1,0.9997208107007541
ambient,GATM,1,0.9999620912416514
outplane,CFB,1,0.8787007875037471
outplane,EHF,1,0.9984450966177526
outplane,AMY2A,2,0.9999776377433629
induction,AMY2A,26,0.9999801743893922
induction,GATM,23,0.9999604950466892
induction,AQP8,31,0.30368420317297007
inplane,TNC,1,0.9952604463541471
inplane,FCGR3A,1,0.7814651655997135
inplane,MET,1,0.33847197006742846
inplane,ANPEP,1,0.9996618719665004
inplane,AMY2A,3,0.999977241769811
inplane,GATM,1,0.9999546771455222
induction,AMY2A,26,0.9999791386935757
induction,GATM,27,0.9999584723601683
induction,AQP8,27,0.2525972405963356
ambient,HAMP,1,0.8321925118986335
ambient,PROX1,1,0.8052628136366082
inplane,DPEP1,1,0.9787182805640484
inplane,MYC,1,0.7145930095999597
inplane,AMY2A,1,0.9999765592264275
inplane,GATM,1,0.9999534144201458
inplane,PPP1R1A,1,0.9631925945727661
inplane,AMY2A,2,0.9999755701508837
inplane,GATM,1,0.9999513442761477
induction,AMY2A,28,0.9999813036504299
induction,GATM,30,0.999962749732118
induction,AQP8,22,0.29707960488558294
ambient,FKBP11,1,0.900488049754914
ambient,PEBP4,1,0.6879203255351833
ambient,UMOD,1,0.8809095282114876
ambient,PEBP4,1,0.7439544613328727
inplane,CFTR,1,0.9997116262684889
inplane,AMY2A,2,0.9999561000841052
inplane,GATM,1,0.9999137347822233
induction,AMY2A,16,0.9999629580774374
induction,GATM,17,0.9999272227868794
induction,AQP8,15,0.4390986195156601
ambient,RIDA,2,0.830517350181802
ambient,UMOD,1,0.883427202649916
ambient,PEBP4,1,0.7482138672746144
outplane,MMRN2,1,0.0
outplane,CFTR,2,0.9998466176120954
outplane,AMY2A,1,0.9999743552709126
outplane,GATM,1,0.9999489907144666
inplane,TCIM,1,0.0
inplane,AMY2A,2,0.9999819170014617
inplane,AQP8,1,0.6258474667946918
ambient,CPA3,1,0.8791943041869248
ambient,PROX1,1,0.9261623187730764
inplane,CFB,1,0.8223082205436683
inplane,SLC4A1,1,0.10348932333334804
inplane,AMY2A,1,0.9999815959555564
inplane,GATM,1,0.9999632689242726
inplane,AQP8,1,0.6559638672023183
induction,AMY2A,28,0.999974434605335
induction,GATM,26,0.9999492719101014
induction,AQP8,26,0.28544162374059756
ambient,KLK11,1,0.9929984236630326
ambient,AQP3,1,0.8411506528812387
inplane,C15orf48,1,0.9952136658421292
inplane,SMYD2,1,0.5533130951446739
inplane,GATM,2,0.9999029876054707
inplane,MCF2L,1,0.0
inplane,VWA5A,1,0.7436436606580954
inplane,MS4A6A,1,0.4811829567798138
inplane,CFTR,1,0.9998885139933634
inplane,AMY2A,1,0.9999805476347913
outplane,EDN1,1,0.21364639846078703
outplane,CCL5,1,0.18535226853798625
outplane,AMY2A,1,0.9999619722292227
outplane,GATM,1,0.999921868701272
outplane,AQP8,1,0.701944631179353
outplane,MEDAG,1,0.36632150614589465
outplane,RND1,1,0.11781449174551117
outplane,FXYD2,1,0.9588593834296673
outplane,EGFR,1,0.8134198410534246
outplane,AMY2A,2,0.9999799693561945
outplane,KCNK3,1,0.9622194850565816
outplane,AQP8,1,0.6060351206627661
induction,AMY2A,24,0.999976565272743
induction,GATM,31,0.9999534494575216
induction,AQP8,25,0.2872990570872299
outplane,CFTR,1,0.9998554992197681
outplane,AMY2A,3,0.9999761885277904
outplane,GATM,1,0.9999526910105065
inplane,CLEC14A,1,0.0
inplane,CFTR,1,0.9998579210185129
inplane,AMY2A,2,0.9999764242476721
induction,AMY2A,29,0.9999819124749797
induction,GATM,20,0.9999639065258297
induction,AQP8,31,0.23489875835424678
ambient,CFTR,1,0.9998875984695533
ambient,PROX1,1,0.8915082188943354
inplane,TCF4,1,0.0
inplane,APOLD1,1,0.0
inplane,CFTR,1,0.9998765522521603
inplane,SPI1,1,0.5295156823452966
outplane,BCL2L11,1,0.31125995773736626
outplane,AMY2A,3,0.999980156080301
outplane,GATM,1,0.9999604455445666
induction,AMY2A,32,0.9999791759520812
induction,GATM,17,0.9999585018105812
induction,AQP8,31,0.2510859407196877
ambient,ANPEP,1,0.999144993048368
ambient,UMOD,1,0.6334951893775336
inplane,ACTA2,1,0.11715186430024371
inplane,AMY2A,2,0.9999709624542645
inplane,GATM,1,0.9999423904430629
inplane,ASPN,1,0.23565197030780316
inplane,CFTR,1,0.9998202287010707
inplane,AMY2A,2,0.9999657960232977
inplane,GATM,1,0.9999324565820732
ambient,FKBP11,1,0.8466144782811198
ambient,PEBP4,1,0.5394295274068786
ambient,PROX1,1,0.6756472403176508
ambient,GLYATL1,1,0.33363058178569827
induction,AMY2A,26,0.9999744564585369
induction,GATM,24,0.9999493377473193
induction,AQP8,30,0.23281595870853902
induction,AMY2A,12,0.9999581173636426
induction,GATM,14,0.9999177803294839
induction,AQP8,6,0.6899955564153312
ambient,AMY2A,1,0.9999523627759542
ambient,CPA3,1,0.4966278268065911
outplane,BANK1,1,0.4198601448593493
outplane,AMY2A,4,0.9999491815004573
inplane,AMY2A,3,0.9999527468152442
inplane,GATM,2,0.9999074978438424
outplane,AMY2A,2,0.9999540566855084
outplane,GATM,1,0.9999100450820625
outplane,AQP8,1,0.71904875725743
ambient,DPEP1,1,0.9438189336697066
ambient,PROX1,1,0.8217267105206186
outplane,CFB,1,0.8581900613095701
outplane,EDN1,1,0.21604947547585707
outplane,EPCAM,1,0.9993691188904995
outplane,CFTR,1,0.9998339491796303
outplane,EHF,1,0.9984058462824323
inplane,MDM2,1,0.6021406677108023
inplane,AMY2A,2,0.999951391790115
inplane,GATM,1,0.9999048358216428
inplane,AQP3,1,0.7682895773791489
outplane,ACTG2,2,0.3689459106464305
outplane,AMY2A,2,0.999945891429536
outplane,CD83,1,0.633129980181312
outplane,EPCAM,1,0.9991601292918947
outplane,CFTR,2,0.9996905773839267
inplane,SLAMF7,1,0.9811127629508984
inplane,AMY2A,2,0.9999492741205382
inplane,CD2,1,0.6838128911035214
ambient,CA4,1,0.6950767959605514
ambient,COCH,1,0.5638594072239698
inplane,AMY2A,4,0.9999521892825769
inplane,CXCL2,1,0.39707803201561487
induction,AMY2A,8,0.9999558417928885
induction,GATM,11,0.9999136039408679
induction,AQP8,13,0.47691911776474094
outplane,MET,1,0.3407933687340139
outplane,CFTR,1,0.9997450789801497
outplane,AMY2A,2,0.999948168096548
outplane,GATM,1,0.999898731643116
inplane,BCL2L11,1,0.2550920291511851
inplane,FKBP11,1,0.7918378430014537
inplane,AMY2A,3,0.9999526660121986
inplane,GATM,1,0.9999067975525865
outplane,KLK11,1,0.9933606420804655
outplane,AMY2A,1,0.9999580829416896
outplane,KCNK3,1,0.8858343950923849
outplane,PROX1,1,0.7067302681252652
outplane,GATM,2,0.9999176100975945
induction,AMY2A,10,0.9999585583335652
induction,GATM,9,0.9999189791056645
induction,AQP8,13,0.4864857080041223
ambient,RIDA,1,0.8429201280838194
ambient,PROX1,1,0.8647835923435975
outplane,AMY2A,1,0.9999530565757887
outplane,GATM,3,0.9999077882724952
induction,AMY2A,12,0.9999574363405054
induction,GATM,10,0.9999168145760641
induction,AQP8,10,0.5797303321418696
ambient,GATM,1,0.9998949680651337
ambient,GLYATL1,1,0.3769480995198491
outplane,CFB,1,0.7781776816831159
outplane,TFPI,1,0.0
outplane,AMY2A,1,0.9999508773517771
outplane,EGFR,1,0.7390214819512497
ambient,ANPEP,1,0.9992444748402728
ambient,AQP3,1,0.6965708672215913
ambient,DPEP1,1,0.9474935462984082
ambient,GLYATL1,1,0.43178096509253827
inplane,CFB,1,0.8194406287413547
inplane,CFTR,1,0.9997386437745085
inplane,AMY2A,1,0.9999566497972605
inplane,GATM,1,0.9999148481367951
outplane,CD68,1,0.7973769250700766
outplane,ANPEP,1,0.9995143731867714
outplane,AMY2A,1,0.9999680694887201
outplane,GATM,1,0.9999366434842917
inplane,AMY2A,2,0.9999535201720463
inplane,AQP8,1,0.7366889666861762
inplane,DIRAS3,1,0.8580720006296505
ambient,AQP8,1,0.6638458987951092
ambient,PEBP4,1,0.5569044158865588
ambient,AQP8,1,0.6544684076595046
ambient,AQP3,1,0.7792528905256819
inplane,VCAN,1,0.9997030982929198
inplane,FHL2,1,0.3626444022602101
inplane,CFTR,3,0.9996242219656093
ambient,UMOD,1,0.6376226709972801
ambient,HAMP,1,0.7175245828832992
inplane,AMY2A,1,0.9999651921784454
inplane,GATM,1,0.9999312799867407
inplane,AQP8,2,0.6347193850947797
outplane,DST,1,0.5801299764384001
outplane,MYC,1,0.5975156348861967
outplane,AMY2A,1,0.9999594778454028
outplane,COCH,1,0.7027906798217306
outplane,AQP8,1,0.6860909322997447
outplane,FHL2,1,0.49022401281162653
outplane,ACTG2,1,0.7419346877632838
outplane,EPCAM,1,0.9991449994682945
outplane,ANPEP,1,0.999209050504902
outplane,KLRB1,1,0.7554553904191819
outplane,CXCL10,1,0.8212481790600668
outplane,GATM,2,0.9999104905454315
outplane,AQP8,1,0.7161887353054519
outplane,CAVIN1,1,0.11198254060480628
outplane,PRDM1,1,0.1772284615779115
outplane,CYTIP,1,0.7187277550437781
outplane,TMEM52B,1,0.5071906533337116
outplane,CFTR,1,0.9997912013299405
outplane,AMY2A,1,0.9999472658229844
outplane,GATM,1,0.999896741047039
ambient,CA4,1,0.7014480317313039
ambient,GLYATL1,1,0.3440209712804455
inplane,AMY2A,1,0.9999499672424292
inplane,GPC3,1,0.7057419777437608
inplane,PROX1,1,0.6767682932754275
inplane,GATM,1,0.9999020443236244
outplane,FSTL3,1,0.8326505854387243
outplane,CFTR,1,0.9998329512500589
outplane,AMY2A,1,0.9999722728654511
outplane,CSF3,1,0.12598970408947485
inplane,AMY2A,2,0.9999519241301943
inplane,PROX1,1,0.6716042025802693
inplane,GLYATL1,1,0.3297077922413052
inplane,CFTR,1,0.9997966906231327
inplane,AMY2A,3,0.9999667126383298
ambient,GATM,1,0.9999302830055355
ambient,PEBP4,1,0.5319743094284463
outplane,EPCAM,2,0.9994165241692988
outplane,AMY2A,1,0.9999583210497505
outplane,KCNK3,1,0.9049684696142419
outplane,GATM,1,0.9999180891022679
ambient,GATM,2,0.9999179806886977
inplane,NTN4,1,0.6493601252626608
inplane,RIDA,1,0.6244574274732101
inplane,AMY2A,1,0.9999563164782143
inplane,MMRN1,1,0.009517303946490974
inplane,TFPI,2,0.0
inplane,CXCL6,1,0.998993070822314
inplane,PROX1,1,0.7059913839696688
inplane,AMY2A,2,0.9999566118857403
inplane,GATM,1,0.9999147797569355
inplane,AQP8,1,0.7033712922914666
inplane,CFTR,1,0.9998450896829922
inplane,AMY2A,2,0.999975259070564
inplane,GATM,1,0.9999507903643693
inplane,NTN4,1,0.5988434783435126
inplane,KCNMA1,1,0.39921057667787374
inplane,AMY2A,2,0.9999565923081819
inplane,NTN4,1,0.5675344230935737
inplane,BAMBI,1,0.4545977140253449
inplane,TFPI,1,0.0
inplane,AMY2A,1,0.9999653520173114
induction,AMY2A,27,0.9999745056973574
induction,GATM,26,0.9999494291094584
induction,AQP8,27,0.2888407979775439
induction,AMY2A,27,0.9999761976838416
induction,GATM,32,0.9999527122081925
induction,AQP8,21,0.3540114414916131
inplane,DPEP1,1,0.9543086926900659
inplane,ANPEP,1,0.999545463500142
inplane,TENT5C,1,0.9962961527777938
inplane,GATM,1,0.9999402852000012
outplane,AMY2A,2,0.9999567944297164
outplane,GPC3,1,0.6501966736070193
outplane,GATM,1,0.9999151024945941
inplane,AMY2A,3,0.9999641869409878
inplane,GATM,1,0.9999292725056845
outplane,AMY2A,6,0.9999738882445306
outplane,FKBP11,1,0.8013817914755632
outplane,AMY2A,2,0.9999563020875492
outplane,GATM,2,0.9999141294652685
outplane,DST,1,0.4293844145167335
outplane,EPCAM,1,0.9992027444461505
outplane,BAMBI,1,0.5889484330475505
outplane,AMY2A,1,0.9999636587257019
inplane,TENT5C,1,0.9941738629949424
inplane,AMY2A,4,0.9999520521368762
outplane,TCIM,1,0.0
outplane,EPCAM,2,0.9992140161467528
outplane,AMY2A,2,0.9999589783292502
outplane,AQP8,1,0.694627412162083
outplane,THAP2,1,0.3460974681444058
outplane,CFTR,1,0.9997134393749366
outplane,IGSF6,1,0.7137768260246729
outplane,AMY2A,1,0.9999518249029055
outplane,GATM,1,0.9999053017001572
inplane,LAMP3,1,0.6635481140556159
inplane,NTN4,1,0.4650199086281518
inplane,AMY2A,1,0.9999441878207261
inplane,SST,1,0.9921881528937124
inplane,GATM,2,0.9998907703853761
ambient,CFTR,1,0.9996917215193096
ambient,KCNK3,1,0.854855151447325
inplane,SFRP2,1,0.999724178924402
inplane,PPARG,1,0.09406621186611663
inplane,CFTR,1,0.9998318122450823
inplane,AMY2A,2,0.9999734050001078
inplane,GATM,1,0.9999472378741847
inplane,CRISPLD2,1,0.49701883949345504
inplane,FKBP11,1,0.8973601809152597
inplane,MDM2,2,0.5675336064093779
inplane,AMY2A,1,0.9999732492515166
inplane,GATM,1,0.9999469233062112
inplane,EPCAM,1,0.999379240552128
inplane,AMY2A,2,0.9999715363293449
inplane,GATM,1,0.9999435685285784
ambient,RIDA,1,0.7192484453916974
ambient,CA4,1,0.7613339127136821
ambient,CFTR,1,0.9997410302099637
ambient,AQP8,1,0.687414686594524
ambient,RIDA,1,0.640901554466234
ambient,KLK11,1,0.9919596197764743
ambient,FKBP11,1,0.7668756849591644
ambient,HAMP,1,0.6607455951287284
outplane,ANPEP,1,0.9991695505714316
outplane,EHF,1,0.9976997171562659
outplane,AMY2A,2,0.9999496681415068
outplane,MLPH,1,0.5049719634655446
outplane,GATM,1,0.9999015165383007
inplane,CFTR,1,0.9997173293871292
inplane,IL1R2,1,0.4525264964924618
inplane,AMY2A,2,0.9999530399118546
inplane,GATM,2,0.9999080510107528
inplane,AMY2A,2,0.9999525602160003
inplane,GPC3,1,0.6649422840835169
inplane,AQP8,1,0.7221619187062329
inplane,MS4A6A,1,0.9343608276976564
inplane,CXCR4,2,0.6586589568027528
inplane,MYC,1,0.5419434533675368
inplane,ADAM28,1,0.8163750742428588
inplane,FCER1A,1,0.9569156562946238
inplane,AMY2A,2,0.999956442110953
outplane,NTN4,1,0.5994040571799055
outplane,TM4SF18,1,0.0
outplane,AMY2A,1,0.9999484653857369
outplane,GATM,1,0.9998990913678321
inplane,SLC26A2,1,0.18428854296830433
inplane,ANPEP,1,0.9991873755707436
inplane,CFTR,1,0.9996777602640757
inplane,AMY2A,1,0.9999516488774188
inplane,AMY2A,2,0.9999647489202075
inplane,GATM,2,0.99993039551328
outplane,PTGDS,1,0.6012741391004128
outplane,FBN1,1,0.3174340380605408
outplane,DPT,2,0.9885693394727756
ambient,RIDA,1,0.7235824564685117
ambient,AQP3,1,0.8042998609906687
outplane,MYC,1,0.4475566293756408
outplane,CFTR,1,0.9996725905039437
outplane,AMY2A,2,0.9999505601516008
outplane,GATM,1,0.9999031990809563
induction,AMY2A,10,0.9999575405918953
induction,GATM,12,0.9999169223284499
induction,AQP8,10,0.5467912792642722
induction,AMY2A,10,0.9999613227104959
induction,GATM,14,0.9999242056272395
induction,AQP8,8,0.6471337696973816
ambient,FKBP11,1,0.8714327615762861
ambient,KCNK3,1,0.9081933530151455
induction,AMY2A,6,0.9999584108972205
induction,GATM,14,0.9999186464807137
induction,AQP8,12,0.488509880097308
ambient,CPA3,1,0.721430301537606
ambient,GLYATL1,1,0.45118990344505605
induction,AMY2A,32,0.9999790684004933
induction,GATM,23,0.9999583918869981
induction,AQP8,25,0.24999636365635813
inplane,MS4A6A,1,0.7629438847512336
inplane,MYLK,1,0.011882550425961536
inplane,CFTR,2,0.9998754629685191
inplane,AMY2A,1,0.9999802213846893
inplane,GATM,2,0.9999605563335853
induction,AMY2A,25,0.9999820087696046
induction,GATM,26,0.9999641047619321
induction,AQP8,29,0.23424251798505857
induction,AMY2A,32,0.9999816873876743
induction,GATM,25,0.999963491569035
induction,AQP8,23,0.29781496107547956
inplane,CFTR,1,0.999877416238641
inplane,AMY2A,4,0.9999804583924009
inplane,GATM,1,0.9999610003266043
outplane,MYC,4,0.7609156013453067
outplane,GATM,2,0.999964463635088
inplane,AMY2A,3,0.9999810528623246
inplane,COCH,1,0.8237294351402906
outplane,CFTR,1,0.9996934564590367
outplane,AMY2A,3,0.9999556483241979
outplane,GATM,1,0.9999130667563089
outplane,GLIPR1,3,0.6177292942173207
outplane,GATM,1,0.9999043983017716
induction,AMY2A,21,0.9999766692484209
induction,GATM,25,0.9999536463784984
induction,AQP8,34,0.19263966538764088
outplane,INMT,1,0.09223281999960053
outplane,AMY2A,3,0.9999817642246375
outplane,CA4,1,0.8406122249705104
outplane,AMY2A,1,0.9999596302548356
outplane,CXCL2,1,0.5139326622467617
outplane,GATM,2,0.99992064721989
outplane,FKBP11,1,0.9391049982354701
outplane,AMY2A,3,0.9999824834865093
outplane,GATM,1,0.9999650414668111
outplane,NTN4,1,0.8122180032208486
outplane,DPEP1,1,0.9830649034865283
outplane,AMY2A,2,0.9999789379222561
induction,AMY2A,26,0.9999765466180198
induction,GATM,22,0.9999534193491786
induction,AQP8,32,0.21478796605211303
inplane,GDF15,1,0.9036803172937058
inplane,AMY2A,3,0.9999750347752405
inplane,GATM,2,0.9999495683672842
ambient,RIDA,1,0.7412980907374614
ambient,CPA3,1,0.693695928869577
outplane,MYC,1,0.6885274604144087
outplane,IL2RA,1,0.06639679124601916
outplane,AMY2A,2,0.9999786494590609
induction,AMY2A,27,0.9999787633802806
induction,GATM,20,0.9999577108064243
induction,AQP8,33,0.2717125099502268
inplane,CTLA4,1,0.2500086682796112
inplane,AMY2A,1,0.9999812522011772
inplane,GATM,2,0.9999625885907214
outplane,FKBP11,1,0.8309115404787344
outplane,CFTR,1,0.9996857968089697
outplane,AMY2A,3,0.9999548004559594
ambient,RIDA,1,0.7689484695694271
ambient,CPA3,1,0.7512144122355808
ambient,CA4,1,0.6957370037593376
ambient,CPA3,1,0.6954533760123396
ambient,UMOD,1,0.7122244623604671
ambient,DIRAS3,1,0.8304450097394901
ambient,AQP3,2,0.7823864927171034
induction,AMY2A,23,0.9999826155597846
induction,GATM,32,0.9999653143109223
induction,AQP8,25,0.2714894241597332
inplane,MPEG1,1,0.6628264086030067
inplane,CFTR,1,0.999884653710867
inplane,AMY2A,1,0.9999797668571737
inplane,FXYD2,1,0.9750614159280911
ambient,AQP8,1,0.6748560592958561
ambient,GLYATL1,1,0.6419626887886831
induction,AMY2A,24,0.9999822858439653
induction,GATM,31,0.9999646564541219
induction,AQP8,25,0.3150920832859585
inplane,FKBP11,2,0.9516671137060072
inplane,GATM,1,0.9999651080834249
inplane,AQP8,1,0.5706313118109354
outplane,TCIM,1,0.0
outplane,CRISPLD2,1,0.7239745805763493
outplane,PLIN4,1,0.7100074893096506
outplane,AMY2A,3,0.999982090200509
outplane,OGN,1,0.9851195948278304
induction,AMY2A,30,0.9999809975058728
induction,GATM,22,0.9999620858307089
induction,AQP8,28,0.2932606309408591
ambient,PROX1,1,0.7519996389384753
ambient,GATM,1,0.9999194987854271
induction,AMY2A,23,0.9999783216893073
induction,GATM,25,0.9999568028154641
induction,AQP8,32,0.2520277403664728
induction,AMY2A,30,0.9999783714616849
induction,GATM,23,0.9999569409889291
induction,AQP8,27,0.2777534548119006
inplane,AMY2A,3,0.9999811220352054
inplane,GATM,1,0.9999623669368296
outplane,FKBP11,1,0.9477356158335231
outplane,EPCAM,1,0.9993168314192226
outplane,GATA2,1,0.0
outplane,DERL3,1,0.5831680816960689
outplane,AMY2A,2,0.9999805078436521
outplane,GATM,1,0.9999611587239055
induction,AMY2A,31,0.9999822459932298
induction,GATM,29,0.9999646100011488
induction,AQP8,20,0.3413345934637696
ambient,FKBP11,1,0.8883747542149611
ambient,DPEP1,1,0.9636491226570912
induction,AMY2A,34,0.999980907141605
induction,GATM,30,0.9999619869213254
induction,AQP8,16,0.3754122312360263
induction,AMY2A,11,0.9999600433421324
induction,GATM,11,0.9999218219643129
induction,AQP8,10,0.5372224860938659
inplane,MYLK,1,0.12875895755791567
inplane,CRISPLD2,1,0.037242368856960084
inplane,EPCAM,1,0.9996943557805928
inplane,CFTR,2,0.9998093054211004
inplane,AMY2A,2,0.999952770606279
inplane,FXYD2,1,0.9628700674739973
inplane,PROX1,1,0.7576923701075587
outplane,CFB,1,0.83950674102568
outplane,PPP1R1B,2,0.9636853871697225
outplane,AMY2A,2,0.9999803450104409
outplane,FXYD2,1,0.9651534586279047
induction,AMY2A,31,0.9999765277326518
induction,GATM,27,0.9999534451662457
induction,AQP8,22,0.3003557583660501
ambient,CPA3,1,0.7580793931626593
ambient,AQP8,1,0.6458159112759654
inplane,FBLN1,2,0.8019172539516394
inplane,APCDD1,1,0.2482502140985865
inplane,CFTR,2,0.999851760069751
ambient,PROX1,1,0.8095706579296875
ambient,GLYATL1,1,0.459785774984801
induction,AMY2A,35,0.9999809883417202
induction,GATM,24,0.9999621156212143
induction,AQP8,21,0.281686638377477
outplane,ANPEP,1,0.9994295942137787
outplane,KCNK3,1,0.975884676278
outplane,CXCL2,2,0.5590153423218132
outplane,PROX1,1,0.918514953223049
outplane,GATM,1,0.999928904147668
inplane,MPEG1,1,0.34110114646228495
inplane,CFTR,1,0.9997649937001919
inplane,CA4,1,0.7372246058356811
inplane,AMY2A,1,0.999964207609052
induction,AMY2A,27,0.9999819840767696
induction,GATM,23,0.9999640555025385
induction,AQP8,30,0.23662899121455194
inplane,CAVIN1,1,0.1455919933938259
inplane,SMYD2,1,0.8103981384159028
inplane,AMY2A,1,0.9999795972396738
inplane,GPX2,1,0.988672745643651
induction,AMY2A,23,0.9999799234380705
induction,GATM,30,0.9999600355735232
induction,AQP8,27,0.25088953855851304
inplane,BCL2L11,1,0.6870756128840567
inplane,AMY2A,3,0.9999811991582781
inplane,GATM,1,0.9999625179611701
inplane,AQP8,1,0.6366576980475227
induction,AMY2A,27,0.9999795956861444
induction,GATM,26,0.9999594190610784
induction,AQP8,27,0.2616660121533302
outplane,SOX2,1,0.367556593235409
outplane,SEMA3C,1,0.7931494808386472
outplane,DST,1,0.5096432228780622
outplane,SCGN,1,0.9893537943516195
induction,AMY2A,31,0.9999815821881629
induction,GATM,32,0.9999632987664329
induction,AQP8,17,0.3996173554990484
outplane,FKBP11,1,0.9093532809840581
outplane,AMY2A,2,0.9999772986752277
outplane,AQP8,1,0.684555270348925
inplane,AMY2A,2,0.999976063696202
inplane,GATM,2,0.9999524183703651
induction,AMY2A,25,0.9999826192940809
induction,GATM,21,0.9999653229759394
induction,AQP8,34,0.23089205411121153
inplane,GNG11,1,0.0
inplane,CFTR,1,0.9998797789721471
inplane,AMY2A,1,0.9999808288905345
inplane,AQP8,1,0.6702423167738316
induction,AMY2A,24,0.9999805707106217
induction,GATM,27,0.9999612237163493
induction,AQP8,29,0.3263751695743735
ambient,CA4,1,0.8783387830311309
ambient,DIRAS3,1,0.9459541342022538
induction,AMY2A,22,0.9999800503973355
induction,GATM,20,0.9999602381368757
induction,AQP8,38,0.18501332674520676
ambient,FKBP11,1,0.9394388519366079
ambient,UMOD,1,0.9030247712517017
outplane,CD28,1,0.3281862784110685
outplane,PLAC9,1,0.15106281419312662
outplane,AMY2A,1,0.999979273999765
outplane,COCH,1,0.7918575874240944
outplane,GATM,1,0.9999586883159246
outplane,AMY2A,2,0.9999800977433737
outplane,GATM,1,0.9999603616072187
outplane,AQP8,1,0.6285901234751006
outplane,AMY2A,1,0.9999797174201843
outplane,GATM,3,0.9999596100480251
outplane,AQP8,1,0.6174147595800168
induction,AMY2A,26,0.9999789728963682
induction,GATM,27,0.9999581394880493
induction,AQP8,27,0.2680132412847561
induction,AMY2A,21,0.9999704747911479
induction,GATM,20,0.999941709500901
induction,AQP8,23,0.28904922324663096
induction,AMY2A,11,0.9999546599137733
induction,GATM,12,0.99991130348034
induction,AQP8,9,0.5896480835049296
induction,AMY2A,23,0.9999763420813295
induction,GATM,29,0.9999530521747362
induction,AQP8,28,0.27305605701651314
inplane,MMRN2,1,0.0
inplane,SELL,1,0.12368338927713662
inplane,FCER1A,1,0.8536397827199083
inplane,AMY2A,2,0.9999756106950093
inplane,GATM,1,0.9999515004809152
outplane,MDM2,1,0.517345706516726
outplane,CNN1,1,0.9913851104337836
outplane,AMY2A,1,0.9999764259971138
outplane,GATM,1,0.9999531226458268
outplane,APOLD1,1,0.0
outplane,AMY2A,2,0.9999742581204275
outplane,AQP8,1,0.6445306189984876
outplane,ANPEP,1,0.9997422384451823
outplane,CFTR,2,0.9998910407560281
outplane,AMY2A,3,0.9999824134985965
inplane,BCL2L11,1,0.4333741521933484
inplane,AMY2A,2,0.9999763362298528
inplane,GATM,1,0.9999528479903533
inplane,AQP8,1,0.6379143388205157
outplane,CFB,2,0.8908087923352888
outplane,CFTR,2,0.9998017677473887
outplane,AMY2A,2,0.9999673220780039
outplane,AQP8,1,0.6857335111497262
outplane,EPCAM,1,0.9992610933579728
outplane,AMY2A,1,0.9999725577759155
outplane,AGER,1,0.0691463076405856
outplane,AQP8,1,0.6330598228799047
inplane,TCIM,1,0.0
inplane,ANPEP,1,0.9996163100683165
inplane,AMY2A,3,0.9999743522043022
inplane,GATM,1,0.9999490388391002
inplane,AQP8,1,0.6163140349669463
ambient,PROX1,1,0.8200893318074456
ambient,DIRAS3,1,0.9064334786529146
outplane,AMY2A,2,0.99997639982442
outplane,PROX1,1,0.8757889362957638
outplane,GATM,1,0.9999531091395537
ambient,FKBP11,1,0.9302441092274203
ambient,UMOD,1,0.8859393000109871
ambient,FKBP11,1,0.8188133938585997
ambient,AQP8,1,0.6817869300078052
induction,AMY2A,34,0.9999795332963197
induction,GATM,26,0.9999592547988901
induction,AQP8,20,0.3752896427281931
ambient,CA4,1,0.8628913385737703
ambient,CPA3,1,0.79602147155614
inplane,FKBP11,1,0.9126521202172502
inplane,AMY2A,2,0.9999800951710225
inplane,GPC3,1,0.7610137097847623
ambient,DPEP1,1,0.9695779699364175
ambient,KCNK3,1,0.9536788822695933
outplane,MYC,1,0.6108372955214234
outplane,AMY2A,2,0.9999785836965496
outplane,GATM,1,0.9999573016837559
outplane,NTN4,1,0.8118711620658874
outplane,AMY2A,1,0.999981692778435
outplane,EGFR,1,0.862688435011768
outplane,GATM,2,0.9999634744495756
outplane,CFTR,1,0.9998954556857204
outplane,TIMP4,1,0.2178646307295833
outplane,AMY2A,1,0.9999826213305325
outplane,FXYD2,2,0.9753000283367951
induction,AMY2A,23,0.9999819317076594
induction,GATM,30,0.9999639464190736
induction,AQP8,27,0.2870343861050276
induction,AMY2A,25,0.9999821761607535
induction,GATM,25,0.9999644438649867
induction,AQP8,30,0.22424008091181635
outplane,CFB,1,0.8666461114415847
outplane,FSTL3,1,0.8608431076937483
outplane,KRT7,1,0.9933834788051904
outplane,ADAMTS1,1,0.059486494851745286
outplane,KCNK3,1,0.9543533098171394
induction,AMY2A,22,0.9999787115772394
induction,GATM,28,0.999957665393209
induction,AQP8,30,0.2620784639830316
outplane,GEM,1,0.5047026700942081
outplane,AMY2A,2,0.9999756589595279
outplane,GATM,1,0.9999515806373125
outplane,AMY2A,2,0.9999761925613904
outplane,PROX1,1,0.8330925268547427
outplane,CYP1A1,1,0.09909423602459255
ambient,CFTR,1,0.9998865323828718
ambient,PROX1,1,0.8793995540170497
induction,AMY2A,23,0.9999816258857137
induction,GATM,26,0.999963355027714
induction,AQP8,31,0.30068120526322006
ambient,DPEP1,1,0.9774218657297895
ambient,KLK11,1,0.9934003359239026
outplane,MYC,1,0.4918539258131379
outplane,EHF,1,0.9964674437550975
outplane,CXCL2,1,0.2697120236655228
outplane,RBP5,1,0.0
ambient,CFTR,1,0.9997252384753246
ambient,KCNK3,1,0.8967550990047972
inplane,NTN4,1,0.784946428666514
inplane,MDM2,1,0.556720497196795
inplane,DST,1,0.5547620993272819
inplane,AMY2A,3,0.9999710456124273
inplane,GCG,1,0.9971326985414908
ambient,GATM,1,0.9999480696449878
ambient,AQP8,1,0.6940497339434357
outplane,CAVIN1,2,0.07735042057042352
outplane,LILRB2,1,0.6436811491856322
outplane,SMYD2,1,0.7879372165369722
outplane,MDM2,1,0.6356424835654648
outplane,CFTR,1,0.9998708188756307
outplane,AMY2A,1,0.9999795790804556
outplane,GATM,1,0.9999593123645562
induction,AMY2A,30,0.9999770027230583
induction,GATM,24,0.9999542709233414
induction,AQP8,26,0.3002702133645081
inplane,AMY2A,3,0.9999803998086879
inplane,GPC3,1,0.8541109786230001
inplane,GATM,1,0.9999609278234679
inplane,AQP8,1,0.6366646567574239
outplane,CFB,1,0.4886958549007667
outplane,CFTR,1,0.9996538850273524
outplane,AMY2A,1,0.99995009946533
outplane,FXYD2,1,0.844613994847419
induction,AMY2A,27,0.9999801526566542
induction,GATM,32,0.999960490719053
induction,AQP8,21,0.29587608939342114
induction,AMY2A,11,0.999957990945185
induction,GATM,13,0.9999178022121629
induction,AQP8,8,0.6217535921970594
inplane,MYLK,1,0.2841660805487837
inplane,COL5A2,1,0.4864296390928682
inplane,ADAMTS1,1,0.026168595994066735
inplane,EDNRB,1,0.0
inplane,AQP8,1,0.7198398371106745
ambient,KLK11,1,0.9971896770197051
ambient,DIRAS3,1,0.9645470736465044
inplane,CD14,2,0.7899913063769706
inplane,FCGR1A,1,0.7318061409834186
inplane,PTPRC,1,0.9981197924334673
inplane,BCL2L11,1,0.3595371149592105
inplane,MYC,1,0.5988191236411353
inplane,AMY2A,1,0.9999716873445528
inplane,GATM,1,0.9999438405434651
inplane,AQP8,1,0.663363809241744
outplane,PCNA,1,0.2329372991344526
outplane,CFTR,1,0.9997390119339025
outplane,AMY2A,2,0.9999568212476276
outplane,GATM,1,0.9999151770567293
outplane,AQP8,1,0.7188877084061441
inplane,AMY2A,3,0.9999572035322482
inplane,GATM,1,0.999915920173767
induction,AMY2A,11,0.9999578743827954
induction,GATM,8,0.999917596912196
induction,AQP8,13,0.45946999139667377
outplane,AMY2A,3,0.9999724254411253
outplane,GATM,1,0.9999452980175548
outplane,FSTL3,1,0.5875888904203019
outplane,AMY2A,3,0.9999633125686773
ambient,CPA3,1,0.7875589176691022
ambient,AQP8,1,0.6561800905552826
induction,AMY2A,16,0.9999696900211277
induction,GATM,23,0.9999401641513118
induction,AQP8,25,0.2579202858950468
ambient,FKBP11,1,0.8225354074421887
ambient,AQP3,1,0.6841363361183721
inplane,FKBP11,1,0.8959381056956359
inplane,DPEP1,1,0.9612087769855443
inplane,AMY2A,2,0.9999556697808336
inplane,GATM,2,0.9999128738557659
inplane,AMY2A,2,0.9999749678864313
inplane,CXCL6,1,0.9989737504878858
inplane,HEMGN,1,0.23929929578180065
outplane,NTN4,1,0.4479090602250756
outplane,AMY2A,3,0.9999472215158512
induction,AMY2A,15,0.9999607393408471
induction,GATM,9,0.9999231677726799
induction,AQP8,8,0.5989765979689636
ambient,CA4,1,0.603296183183945
ambient,PEBP4,1,0.41204187393764624
ambient,DPEP1,1,0.9752878526227684
ambient,PROX1,1,0.886474511877522
inplane,AMY2A,3,0.9999483204856494
inplane,GATM,1,0.9998988273474276
outplane,CFB,1,0.8811297336105892
outplane,FAS,1,0.30579758800474377
outplane,ACTG2,1,0.34280720597212044
outplane,CFTR,1,0.9997782994210659
outplane,AMY2A,1,0.9999556047828528
outplane,FXYD2,1,0.9359565197958177
ambient,AMY2A,1,0.9999491569072203
ambient,CPA3,1,0.6423342541728532
induction,AMY2A,8,0.9999600251438298
induction,GATM,13,0.99992179664114
induction,AQP8,11,0.5062084029263548
inplane,AMY2A,3,0.9999544690028571
inplane,SST,1,0.993451132874366
inplane,GATM,1,0.9999108206803108
outplane,VCAN,1,0.9992472308764813
outplane,CYP2F1,1,0.42961297695383416
outplane,EPCAM,1,0.9988624664583861
outplane,CFTR,2,0.9996825733433664
outplane,AMY2A,2,0.999949935737956
outplane,AMY2A,3,0.9999521235497235
outplane,GATM,1,0.9999062587717708
induction,AMY2A,11,0.9999567028624654
induction,GATM,9,0.9999152853824841
induction,AQP8,12,0.49840606500868256
outplane,TMC5,1,0.9931411323014662
outplane,CFTR,1,0.9998541708478784
outplane,EHF,1,0.9983955615993478
outplane,AMY2A,2,0.99997610941645
outplane,GATM,1,0.9999524840199171
inplane,ANPEP,1,0.9996097090065683
inplane,AMY2A,4,0.9999737170428529
induction,AMY2A,11,0.9999581209339623
induction,GATM,13,0.9999180454195162
induction,AQP8,8,0.6096344079784463
outplane,CFTR,2,0.9998780671001168
outplane,AMY2A,1,0.9999806582071087
outplane,FXYD2,1,0.9774732428749976
ambient,FKBP11,1,0.8868832828311869
ambient,KLK11,1,0.9961361562437862
ambient,ANPEP,1,0.9993477660545028
ambient,GLYATL1,1,0.3740745892418018
induction,AMY2A,19,0.9999792395122667
induction,GATM,32,0.9999586655501856
induction,AQP8,29,0.24520983711432742
induction,AMY2A,24,0.9999754347299744
induction,GATM,27,0.9999512931300367
induction,AQP8,29,0.2458510790573325
induction,AMY2A,23,0.9999801524016335
induction,GATM,35,0.9999604811015361
induction,AQP8,22,0.3579153536347881
ambient,CPA3,1,0.7468111673018032
ambient,COCH,1,0.6870737089276172
outplane,AMY2A,1,0.9999729232460277
outplane,COCH,2,0.7361162519831574
outplane,AQP8,3,0.6285783629201427
outplane,AMY2A,4,0.9999801640003984
outplane,GATM,1,0.9999604676253411
inplane,CFB,1,0.7156418937550952
inplane,AMY2A,3,0.9999749617871602
inplane,CFB,1,0.7676902028853345
inplane,EPCAM,1,0.9990645481227958
inplane,TM4SF18,1,0.0
inplane,GPX2,1,0.9755812358434273
inplane,GPR183,1,0.9419811563296852
inplane,FBN1,1,0.6446486490417905
inplane,TIMP4,1,0.7504225464750294
inplane,GATM,1,0.9999175933428571
induction,AMY2A,27,0.9999782877284944
induction,GATM,24,0.9999567676536438
induction,AQP8,29,0.2542163849069996
outplane,PPP1R1B,1,0.9622374555042457
outplane,GEM,1,0.2969375438763058
outplane,AMY2A,1,0.9999735883177175
outplane,PROX1,1,0.8494507727347509
induction,AMY2A,29,0.9999756754116467
induction,GATM,24,0.9999517525071134
induction,AQP8,27,0.284000776430424
inplane,MMRN2,1,0.0
inplane,AMY2A,2,0.9999742015293049
inplane,GATM,1,0.9999488084119691
ambient,CFTR,1,0.9998745163551092
ambient,CPA3,1,0.7802523537529652
inplane,CFTR,1,0.9998502893979044
inplane,CXCL6,3,0.9979114623444385
inplane,ESR1,1,0.15568699676484332
induction,AMY2A,14,0.9999606913013187
induction,GATM,11,0.999923072733775
induction,AQP8,7,0.6344533587320511
induction,AMY2A,24,0.9999801269902366
induction,GATM,25,0.9999603996731182
induction,AQP8,31,0.2524763050662219
induction,AMY2A,25,0.9999821831881704
induction,GATM,29,0.9999644452184824
induction,AQP8,26,0.28007207443150184
ambient,ANPEP,1,0.9997176403989961
ambient,COCH,1,0.765201409683985
outplane,FBLN1,1,0.8204812629296372
outplane,ANPEP,1,0.9997467787004077
outplane,AMY2A,1,0.9999827599146589
outplane,PROX1,1,0.9559606666084933
inplane,CFTR,1,0.9998885778653364
inplane,AMY2A,2,0.9999820245416979
inplane,AQP8,1,0.6558304225589275
ambient,RIDA,1,0.8655146959345792
ambient,AQP3,1,0.893438948286565
induction,AMY2A,25,0.9999823350252274
induction,GATM,30,0.9999647698278483
induction,AQP8,25,0.2687260734943252
inplane,CD68,1,0.5182694084252796
inplane,CFTR,2,0.9998906834343463
inplane,DPT,1,0.9861686450290919
inplane,AMY2A,3,0.9999823242569408
inplane,GATM,2,0.9999647197759719
inplane,AQP8,1,0.6358305120404965
inplane,TCIM,1,0.0
inplane,MYC,1,0.6726268617600448
inplane,EHF,1,0.9986076167350395
inplane,GATM,2,0.9999613073702046
inplane,EHF,1,0.9986901768412649
inplane,AMY2A,2,0.9999793108948517
inplane,GATM,1,0.999958802305818
inplane,MMRN2,1,0.0
inplane,CD34,2,0.0
inplane,ADAMTS1,2,0.02656893640545488
inplane,AMY2A,1,0.9999797329331753
inplane,GATM,1,0.9999595832706029
ambient,CA4,1,0.8317233347386364
ambient,PEBP4,1,0.7060856609743702
induction,AMY2A,22,0.9999744895055582
induction,GATM,31,0.9999493818769923
induction,AQP8,27,0.3066074720744349
induction,AMY2A,32,0.9999832134545817
induction,GATM,30,0.9999665067051022
induction,AQP8,18,0.3676025538491441
inplane,AMY2A,2,0.9999539844403418
inplane,CPA3,1,0.7349374928969861
inplane,GATM,1,0.9999099004496327
inplane,AQP8,1,0.7293766757552644
inplane,ACTG2,1,0.4460085254761955
inplane,AMY2A,2,0.9999766261594716
inplane,GATM,1,0.9999535877831637
inplane,AQP8,1,0.5938392443104129
ambient,KCNK3,1,0.9551422375888501
ambient,PROX1,1,0.8469582640675029
inplane,AMY2A,3,0.9999758790339227
inplane,GATM,1,0.9999520873682742
ambient,AQP3,1,0.920729649034311
ambient,GLYATL1,1,0.7081001607471391
inplane,MAMDC2,1,0.3197863642679586
inplane,AMY2A,1,0.9999795697281203
inplane,C7,1,0.2715798547663216
inplane,OGN,1,0.8970821011741584
ambient,CFTR,1,0.9997877615027586
ambient,KCNK3,1,0.9251981155810298
induction,AMY2A,23,0.99998028288683
induction,GATM,19,0.9999606672518665
induction,AQP8,38,0.21144928173875546
inplane,CD34,1,0.0
inplane,EGFL7,1,0.0
inplane,AMY2A,1,0.9999735851903748
inplane,RBP5,1,0.0
ambient,GLYATL1,2,0.5440630013518553
inplane,EPCAM,1,0.99940336891384
inplane,CFTR,1,0.9998839396129833
inplane,AMY2A,2,0.9999812110631388
inplane,ERBB2,1,0.8859585366820445
inplane,GATM,2,0.9999624955804081
induction,AMY2A,24,0.9999807668209844
induction,GATM,24,0.9999616496271119
induction,AQP8,32,0.2616553362971793
inplane,SFRP4,2,0.19885481551641104
inplane,AMY2A,2,0.9999764618125343
inplane,GPX2,1,0.9968529813429058
inplane,EGFR,1,0.8602335690373925
induction,AMY2A,24,0.9999802134819656
induction,GATM,31,0.9999605613515119
induction,AQP8,25,0.30609713800273297
ambient,KLK11,1,0.991682935616708
ambient,AQP3,1,0.6025340101511054
inplane,MS4A6A,1,0.8797478201139088
inplane,MYC,1,0.571933637135881
inplane,AMY2A,3,0.9999550487788005
inplane,GATM,1,0.9999119802569176
ambient,KCNK3,1,0.981135114700226
ambient,HAMP,1,0.9402995394249041
induction,AMY2A,36,0.9999818191846878
induction,GATM,28,0.9999637751420207
induction,AQP8,16,0.38937966758695175
outplane,AMY2A,2,0.9999826359688101
outplane,GATM,2,0.9999653517350986
inplane,SFRP2,1,0.9984775964026164
inplane,CD34,1,0.0
inplane,CD163,1,0.9946181190422904
inplane,AMY2A,3,0.9999796995151292
induction,AMY2A,31,0.999979808302961
induction,GATM,18,0.9999597964119802
induction,AQP8,31,0.21937019174190175
inplane,ACTG2,1,0.34924365672259006
inplane,CA4,2,0.8870276252965842
inplane,AMY2A,1,0.9999815736125953
outplane,RND1,1,0.12033561779992497
outplane,AMY2A,4,0.9999814766709006
outplane,GATM,1,0.9999630314258574
outplane,MYLK,1,0.023153241707081218
outplane,AMY2A,1,0.9999820962170545
outplane,CCNB2,1,0.13613127177555595
outplane,PROX1,1,0.8835338120611571
outplane,CFB,1,0.7532439973053705
outplane,CNN1,1,0.9930481484647816
outplane,CCL5,1,0.703602870733424
outplane,AMY2A,1,0.9999785310642849
outplane,MCF2L,1,0.0
outplane,FCGR1A,1,0.42863620722309925
outplane,CFTR,2,0.9998912058218633
induction,AMY2A,32,0.9999828795005632
induction,GATM,25,0.9999658377410393
induction,AQP8,23,0.32830704115257864
ambient,FKBP11,1,0.9317027124893166
ambient,COCH,1,0.7801487795547273
outplane,AMY2A,3,0.9999810058887448
outplane,GATM,1,0.9999621377318106
outplane,AQP8,1,0.5558140007660755
induction,AMY2A,29,0.999980592820703
induction,GATM,26,0.999961303099452
induction,AQP8,25,0.3558810952945862
outplane,FSTL3,1,0.8453048289062939
outplane,CFTR,1,0.9998927314559497
outplane,AMY2A,2,0.9999824070872703
ambient,AQP8,1,0.6678000217904501
ambient,DIRAS3,1,0.9650420902179027
induction,AMY2A,29,0.9999809569654748
induction,GATM,24,0.9999620411044073
induction,AQP8,27,0.2819359930875559
induction,AMY2A,29,0.9999776223288611
induction,GATM,26,0.9999555416561979
induction,AQP8,25,0.29113136830418995
induction,AMY2A,29,0.9999833028705881
induction,GATM,29,0.9999666800272962
induction,AQP8,22,0.29618473135923495
ambient,CPA3,1,0.6436384887742965
ambient,AQP3,1,0.6105186451516644
ambient,CFTR,1,0.9998529354674546
ambient,HAMP,1,0.8686878216065959
induction,AMY2A,26,0.9999797405332022
induction,GATM,25,0.999959660648089
induction,AQP8,29,0.23822967804765816
inplane,FCGR1A,1,0.5622541567391663
inplane,SMYD2,1,0.7801553588794066
inplane,CFTR,1,0.9998915496930048
inplane,FXYD2,1,0.9753318544211961
induction,AMY2A,32,0.999981213183038
induction,GATM,17,0.9999625317648325
induction,AQP8,31,0.28592819972184313
ambient,DPEP1,1,0.9443906382485312
ambient,PEBP4,1,0.5498515863889417
inplane,CD34,1,0.0
inplane,MYC,1,0.41275469816425747
inplane,CD163,1,0.9979295102177321
inplane,CFTR,1,0.9997030515504766
inplane,AMY2A,1,0.9999564921970348
inplane,GATM,2,0.9999145312850571
ambient,KLK11,1,0.9963944066919517
ambient,AQP8,1,0.6555583220833409
inplane,TCIM,1,0.0
inplane,CFTR,3,0.9998219701371084
inplane,GATM,1,0.9999441996545152
induction,AMY2A,24,0.9999803933363395
induction,GATM,31,0.9999609701915705
induction,AQP8,25,0.29459411725588514
ambient,ANPEP,1,0.999692363783268
ambient,DIRAS3,1,0.9391925827927601
ambient,UMOD,1,0.839411745961701
ambient,COCH,1,0.6851501518446124
inplane,CFTR,4,0.9998560931191066
induction,AMY2A,30,0.999978500846704
induction,GATM,25,0.9999573020884565
induction,AQP8,25,0.3042516266793247
induction,AMY2A,27,0.9999787832651968
induction,GATM,24,0.9999578194833765
induction,AQP8,29,0.24445004825026495
induction,AMY2A,28,0.9999806154420832
induction,GATM,21,0.9999613821328567
induction,AQP8,31,0.2320727878614871
inplane,TCIM,1,0.0
inplane,AMY2A,4,0.9999813632451723
induction,AMY2A,28,0.9999804330685161
induction,GATM,33,0.9999610429113432
induction,AQP8,19,0.3319650347770523
inplane,SMYD2,1,0.7009226520013438
inplane,ANPEP,2,0.9997126160069496
inplane,AMY2A,2,0.9999803535183617
ambient,FKBP11,1,0.9250290928709815
ambient,AQP8,1,0.6737947131571663
outplane,CFB,1,0.778552901627531
outplane,FSTL3,1,0.7090364107733326
outplane,MEST,1,0.821084785162224
outplane,CFTR,1,0.9998751188395854
induction,AMY2A,23,0.9999819790970605
induction,GATM,25,0.9999640558752977
induction,AQP8,32,0.25481923952223684
ambient,ANPEP,1,0.9997455954787722
ambient,CA4,1,0.9139832627687922
induction,AMY2A,22,0.9999822572745835
induction,GATM,26,0.9999646004117054
induction,AQP8,32,0.22264732035964652
outplane,ADGRL4,1,0.0
outplane,APOLD1,1,0.0
outplane,CFTR,1,0.9998909760464146
outplane,AMY2A,1,0.9999823949271759
ambient,DPEP1,1,0.9734526085091165
ambient,UMOD,1,0.8757220521938849
induction,AMY2A,31,0.9999829903477707
induction,GATM,25,0.9999660705625474
induction,AQP8,24,0.264588391664313
induction,AMY2A,29,0.9999831105595949
induction,GATM,29,0.9999663032272798
induction,AQP8,22,0.3012829548587119
inplane,EPCAM,1,0.9992967947702802
inplane,CFTR,1,0.9998438226423374
inplane,EHF,1,0.9983292537105508
inplane,AMY2A,2,0.9999746882037631
inplane,C7,1,0.3583800024049353
induction,AMY2A,31,0.9999823040692235
induction,GATM,17,0.9999646946041499
induction,AQP8,32,0.20140439880928274
induction,AMY2A,31,0.9999818000401598
induction,GATM,27,0.9999637463837058
induction,AQP8,22,0.31431686042316065
inplane,AMY2A,1,0.9999804911757167
inplane,FXYD2,1,0.9707285581293348
inplane,GATM,1,0.9999610991879512
inplane,AQP8,1,0.6552324638833369
ambient,CFTR,1,0.9998823514333068
ambient,GLYATL1,1,0.5664834095550704
inplane,GNG11,1,0.0
inplane,TMC5,1,0.9968623212874227
inplane,FXYD2,1,0.9672985488920973
inplane,GPX2,2,0.996752583410102
inplane,PROX1,1,0.8704066210139751
ambient,FKBP11,1,0.9593390209625803
ambient,DIRAS3,1,0.9656539363771471
inplane,PMP22,1,0.12400066597447268
inplane,CFB,1,0.8771869022578204
inplane,CFTR,1,0.9998907604162323
inplane,AMY2A,3,0.9999817858484205
inplane,ACE2,1,0.2675409617813226
ambient,KLK11,1,0.9971881445159084
ambient,GATM,1,0.9999646037385437
inplane,PDGFRA,1,4.4129255805103185e-11
inplane,HPGDS,1,0.39792107773397667
inplane,AMY2A,3,0.9999820388440014
inplane,C7,1,0.28394838489224083
outplane,ANPEP,2,0.9997436737209033
outplane,GATM,3,0.9999651770325997
induction,AMY2A,20,0.9999800683849778
induction,GATM,27,0.9999602838363708
induction,AQP8,33,0.23431001268130802
outplane,MS4A4A,1,0.31983616988780794
outplane,MYC,1,0.6817018513657287
outplane,TBX3,1,0.023841578699885124
outplane,CCL5,1,0.3470937558314078
outplane,AMY2A,1,0.999981690715362
outplane,GATM,1,0.9999634564172816
induction,AMY2A,29,0.9999825752170797
induction,GATM,24,0.9999652292327362
induction,AQP8,27,0.24541264377600347
ambient,FKBP11,1,0.9320128291294302
ambient,KCNK3,1,0.9659237536127608
ambient,DPEP1,1,0.9810812678809178
ambient,DIRAS3,1,0.9507704556591137
induction,AMY2A,28,0.9999807189504459
induction,GATM,33,0.9999616019049491
induction,AQP8,19,0.45693036333682857
outplane,CFTR,1,0.9998894714919365
outplane,AMY2A,3,0.9999816685464722
inplane,C5orf46,1,0.638057339650933
inplane,LIF,1,0.9850147874761382
inplane,FXYD2,2,0.9670736695122056
inplane,AQP3,1,0.8711737270178506
ambient,CPA3,1,0.7406304814603135
ambient,COCH,1,0.6966548526569221
induction,AMY2A,33,0.9999804222718164
induction,GATM,22,0.999960977572142
induction,AQP8,25,0.3368888148813239
ambient,CFTR,1,0.9998406616067409
ambient,CPA3,1,0.7086914842063531
inplane,ANPEP,1,0.9994879875316147
inplane,AMY2A,2,0.9999674579684745
inplane,GATM,1,0.99993573434743
induction,AMY2A,23,0.999979962585508
induction,GATM,27,0.9999601099428949
induction,AQP8,30,0.24971251348137324
inplane,ADAM28,1,0.8348522878469221
inplane,AMY2A,2,0.9999799745753652
inplane,GATM,1,0.9999601032466843
inplane,GCG,1,0.9971679892014939
inplane,TNFRSF9,1,0.3534771564988276
inplane,AMY2A,2,0.9999803485926452
inplane,CYP4B1,1,0.0
inplane,GATM,1,0.9999608376682794
outplane,CFTR,2,0.9997602164956374
outplane,AMY2A,1,0.9999626966536166
outplane,PROX1,1,0.6805310430572697
induction,AMY2A,28,0.9999757275877209
induction,GATM,22,0.9999518633308633
induction,AQP8,30,0.2209139541764512
ambient,KLK11,1,0.9971478253561498
ambient,KCNK3,1,0.9613782298406874
induction,AMY2A,29,0.999981555302717
induction,GATM,30,0.9999632388834938
induction,AQP8,21,0.3347071254929127
outplane,CAVIN1,1,0.09309092673371167
outplane,APOLD1,1,0.0
outplane,CFB,1,0.9314721483597517
outplane,FSTL3,1,0.9013823665703952
outplane,CFTR,1,0.9998833454760105
outplane,AQP2,1,0.37746792738045554
ambient,UMOD,1,0.855974059567181
ambient,KLK11,1,0.9965805441486147
ambient,KCNK3,1,0.9676754762079018
ambient,DIRAS3,1,0.9456457602184613
inplane,PDPN,1,0.6188800499645952
inplane,INMT,1,0.25661052610516144
inplane,AMY2A,2,0.9999797126859815
inplane,GATM,1,0.9999595801580443
inplane,FBLN1,2,0.5580959975343727
inplane,VWA5A,1,0.6330479271011213
inplane,AMY2A,2,0.9999659533944499
ambient,PROX1,1,0.9213733164927558
ambient,PEBP4,1,0.8245498745212086
inplane,PPP1R1B,1,0.9679355200866179
inplane,CFTR,1,0.999881735731975
inplane,C7,1,0.33741324474654477
inplane,GATM,1,0.9999620209491956
ambient,HAMP,1,0.9277549065331232
ambient,AQP8,1,0.5726145300612657
induction,AMY2A,34,0.9999830328153195
induction,GATM,28,0.9999661524218971
induction,AQP8,18,0.36295967864911294
ambient,RIDA,1,0.856244691183618
ambient,CA4,1,0.8926417524570958
outplane,AIF1,1,0.7324633175637406
outplane,STEAP4,1,0.0
outplane,AMY2A,1,0.9999823888047393
outplane,GATM,1,0.9999648555921413
inplane,AMY2A,3,0.9999820772785064
inplane,AQP8,1,0.6207757336782171
outplane,EPCAM,1,0.9994724492846492
outplane,TENT5C,1,0.9978320695033933
outplane,AMY2A,1,0.9999822125018223
outplane,GATM,1,0.9999645218839094
outplane,CFTR,1,0.9998764026402307
outplane,AMY2A,1,0.9999800581059475
outplane,GATM,2,0.999960218902315
inplane,PLCG2,1,0.0
inplane,AMY2A,3,0.9999787817636937
inplane,AQP8,1,0.6744469863803266
induction,AMY2A,27,0.9999826748691595
induction,GATM,28,0.9999654207659897
induction,AQP8,25,0.3093579677644517
induction,AMY2A,24,0.9999822853021412
induction,GATM,33,0.9999646534272661
induction,AQP8,23,0.28545132831271813
induction,AMY2A,29,0.999982918298684
induction,GATM,28,0.9999659144801146
induction,AQP8,23,0.3188531619047871
induction,AMY2A,21,0.9999825428797949
induction,GATM,35,0.999965179186878
induction,AQP8,24,0.2773852818322978
induction,AMY2A,27,0.9999763803137611
induction,GATM,26,0.9999530254349208
induction,AQP8,27,0.24475058580897302
outplane,MDM2,1,0.5527338832810231
outplane,KLRD1,1,0.18008045430713704
outplane,GATM,2,0.999958594990375
inplane,ANPEP,1,0.9997419471156225
inplane,AMY2A,2,0.9999823321500976
inplane,GATM,1,0.9999647511825749
induction,AMY2A,29,0.9999809897356168
induction,GATM,21,0.9999621245188071
induction,AQP8,30,0.2146994621346927
inplane,CFTR,1,0.9998900139810218
inplane,AMY2A,1,0.99998202918627
inplane,GATM,2,0.9999641488575776
inplane,AMY2A,3,0.9999818796879836
inplane,AQP8,1,0.6312823317990721
outplane,AMY2A,3,0.9999824620496709
outplane,GATM,1,0.9999650006857632
outplane,ANPEP,1,0.9997419202828134
outplane,AMY2A,3,0.9999823570351243
inplane,CFB,1,0.8518634950486096
inplane,SMYD2,1,0.812465225189209
inplane,AMY2A,2,0.9999826002610585
ambient,AQP3,1,0.8496820791474912
ambient,PEBP4,1,0.7498523257484712
inplane,ANPEP,1,0.9996919574709312
inplane,AMY2A,1,0.9999792548171177
inplane,APOA5,1,0.5391369972991212
inplane,GATM,1,0.9999587075226046
outplane,CFTR,1,0.9998912020690125
outplane,AMY2A,3,0.9999824275684372
outplane,AQP8,1,0.5954826843669885
induction,AMY2A,26,0.9999828030647899
induction,GATM,35,0.9999656876615791
induction,AQP8,19,0.3851177944633586
induction,AMY2A,22,0.9999806293388024
induction,GATM,28,0.9999614066280019
induction,AQP8,30,0.22586515289844541
ambient,UMOD,1,0.890895797096724
ambient,DIRAS3,1,0.9432310761581375
induction,AMY2A,27,0.9999814319900642
induction,GATM,22,0.9999629605340729
induction,AQP8,31,0.22649906546223064
induction,AMY2A,28,0.9999822170514971
induction,GATM,26,0.999964519920885
induction,AQP8,26,0.2910496232740578
induction,AMY2A,36,0.9999823157497896
induction,GATM,23,0.9999646464219099
induction,AQP8,21,0.41035747752017054
induction,AMY2A,30,0.9999806620884468
induction,GATM,24,0.9999614606987167
induction,AQP8,26,0.2765622882966695
ambient,AMY2A,1,0.9999803115733786
ambient,PROX1,1,0.9583682692796069
induction,AMY2A,16,0.9999664469425134
induction,GATM,19,0.9999315131390939
induction,AQP8,13,0.5148494175211356
induction,AMY2A,28,0.9999819881776725
induction,GATM,20,0.9999640595941782
induction,AQP8,32,0.23741168041250071
inplane,FBN1,1,0.017164069048514308
inplane,TFPI,1,0.0
inplane,AMY2A,1,0.9999818270459677
inplane,C7,2,0.35712638096051713
outplane,MYC,1,0.6858068262344497
outplane,ANPEP,1,0.9997164858148401
outplane,AMY2A,1,0.999980466403285
outplane,GATM,1,0.9999610536289832
ambient,CA4,1,0.8890954965273036
ambient,KCNK3,1,0.9708532157885525
inplane,LAMP3,1,0.8347675082677367
inplane,GPC1,1,0.7130876826310091
inplane,CD34,1,0.0
inplane,CFB,1,0.8681935749751953
inplane,MYC,1,0.7529145499447767
inplane,MALL,1,0.04399891236307607
inplane,AMY2A,1,0.9999820288302385
inplane,GATM,1,0.9999641292554828
ambient,FKBP11,1,0.9500563237378917
ambient,PROX1,1,0.9167649128024776
ambient,CFTR,1,0.9998900243768799
ambient,PEBP4,1,0.8367107326280664
ambient,UMOD,1,0.835400996728463
ambient,PEBP4,1,0.6666963246692841
inplane,AMY2A,4,0.9999749146617128
induction,AMY2A,28,0.9999831679649225
induction,GATM,29,0.9999664108453499
induction,AQP8,23,0.37333812694104873
ambient,ANPEP,1,0.9997345912706812
ambient,AQP3,1,0.948046405993441
inplane,CD93,1,0.0
inplane,AMY2A,4,0.9999804208846859
inplane,AMY2A,2,0.9999786877618273
inplane,GATM,1,0.9999575430050549
inplane,AQP8,1,0.7364251820549343
ambient,RIDA,1,0.771328974787573
ambient,PEBP4,1,0.6896441637047935
induction,AMY2A,26,0.9999788532416205
induction,GATM,21,0.999957637178672
induction,AQP8,33,0.27639287029740944
induction,AMY2A,25,0.9999829363627895
induction,GATM,29,0.9999659673661244
induction,AQP8,26,0.2848939539615136
induction,AMY2A,26,0.9999804447735102
induction,GATM,20,0.9999610297895228
induction,AQP8,34,0.22691514386045686
ambient,CPA3,1,0.6425748184382956
ambient,HAMP,1,0.74732718682111
ambient,KLK11,1,0.9963085318334793
ambient,GATM,1,0.9999546165061141
induction,AMY2A,29,0.9999823214094473
induction,GATM,25,0.9999647201785166
induction,AQP8,26,0.30523116635311076
outplane,CFTR,1,0.9998822223933738
outplane,AMY2A,3,0.999980427070363
outplane,KCNK3,1,0.9645239534868705
induction,AMY2A,29,0.9999810647964597
induction,GATM,24,0.99996227071711
induction,AQP8,27,0.23797622257722562
ambient,ANPEP,1,0.9996281592619438
ambient,CA4,1,0.8062836435447123
inplane,CCR7,1,0.10591301287287724
inplane,CFTR,1,0.9998846799428782
inplane,CD300E,1,0.16376039710817658
inplane,SNCA,1,0.1994430189494616
inplane,CA4,1,0.872588952809209
inplane,GATM,1,0.9999598213142608
inplane,GCG,1,0.9972798679607229
outplane,AMY2A,3,0.9999813536981444
outplane,GATM,2,0.9999628370718956
induction,AMY2A,26,0.9999755988933406
induction,GATM,25,0.9999504079617032
induction,AQP8,29,0.23625227060938137
ambient,CFTR,1,0.9998570657678959
ambient,CPA3,1,0.7605002913821575
outplane,RAPGEF3,1,0.0
outplane,AMY2A,1,0.9999680282637391
outplane,GATM,1,0.9999358799172617
outplane,CSF3,1,0.20527056388434506
induction,AMY2A,19,0.9999790148039152
induction,GATM,27,0.9999582000344467
induction,AQP8,34,0.21459882470988567
induction,AMY2A,21,0.9999765211742676
induction,GATM,37,0.9999534261918236
induction,AQP8,22,0.31479300817641676
outplane,ANPEP,1,0.999701722418395
outplane,AMY2A,1,0.99997968344098
outplane,KCNK3,1,0.9592029172934529
outplane,GATM,2,0.9999595017093421
outplane,FCGR1A,1,0.8305654655866735
outplane,CFB,1,0.9235156359969424
outplane,CFTR,1,0.9998942223831261
outplane,CCNB2,1,0.14332407888997656
outplane,CFTR,1,0.9998984306397861
outplane,AMY2A,3,0.9999832082323172
outplane,GATM,1,0.9999664804142092
outplane,NTN4,1,0.6866287836980318
outplane,CFTR,3,0.9998552703612691
outplane,KRT7,1,0.9912239639568053
outplane,SPIB,1,0.6364050546094342
outplane,ANPEP,1,0.9997140421450389
outplane,CFTR,1,0.9998784903996942
outplane,AMY2A,2,0.9999807395723649
outplane,GATM,1,0.9999616042195669
outplane,PMP22,1,0.18244556200217865
outplane,FKBP11,1,0.8493689628226897
outplane,TM4SF18,2,0.0
outplane,APOBEC3A,1,0.3178190562848553
inplane,FSTL3,1,0.5614466746525975
inplane,FKBP11,1,0.8830424326328703
inplane,CFTR,1,0.9998498003505989
inplane,AMY2A,1,0.9999760605151193
inplane,COL5A2,1,2.7553515025147135e-12
inplane,CFTR,1,0.9998833017093132
inplane,AMY2A,1,0.9999796723839843
inplane,FXYD2,1,0.9650693824335442
outplane,MS4A6A,1,0.5185742190566324
outplane,CFTR,1,0.9998903748057031
outplane,AMY2A,3,0.9999820148404771
inplane,CFTR,2,0.9998931635201884
inplane,AMY2A,2,0.999982059257561
outplane,DST,1,0.4141314242906957
outplane,SERPINB9,1,0.19685320547762164
outplane,MET,1,0.3015372808594854
outplane,LAG3,1,0.2285183604590726
outplane,AMY2A,1,0.999976181066908
induction,AMY2A,31,0.9999756657420422
induction,GATM,20,0.9999516530044806
induction,AQP8,29,0.25262483679534653
outplane,APOLD1,1,0.0
outplane,LY86,1,0.6548951255575451
outplane,AMY2A,2,0.9999762769117503
outplane,KLRB1,1,0.6969203591455212
outplane,GATM,1,0.9999528338169442
outplane,CFB,1,0.8942170723303617
outplane,GATM,4,0.9999381514901939
outplane,AMY2A,1,0.9999592940147167
outplane,GATM,3,0.9999200270981784
induction,AMY2A,31,0.9999822187096522
induction,GATM,21,0.9999645330982426
induction,AQP8,28,0.29737179987747375
ambient,ANPEP,1,0.9994444528304043
ambient,GLYATL1,1,0.3565057917318911
ambient,AMY2A,1,0.9999826628841447
ambient,CPA3,1,0.9256683428243573
inplane,CD14,1,0.7317801295367758
inplane,NTN4,1,0.694406965070139
inplane,AMY2A,1,0.9999763895290583
inplane,FXYD2,1,0.9475345944331103
ambient,FKBP11,1,0.9208210444520227
ambient,AQP8,1,0.5157917731790285
induction,AMY2A,30,0.9999823564097777
induction,GATM,21,0.9999647976035186
induction,AQP8,29,0.22836095177043714
outplane,GPC1,1,0.8075096008797786
outplane,EPCAM,1,0.9993350490389283
outplane,CFTR,1,0.9998800180159392
outplane,AMY2A,1,0.9999810319470711
ambient,CFTR,1,0.9998934989677238
ambient,PEBP4,1,0.7573871474021459
ambient,FKBP11,1,0.9351744166573094
ambient,KCNK3,1,0.9679049011675106
ambient,CA4,1,0.8728310556789668
ambient,COCH,1,0.7832298908316832
induction,AMY2A,23,0.9999787518740526
induction,GATM,30,0.9999577593669655
induction,AQP8,27,0.24375229826455824
ambient,UMOD,1,0.8263723716144797
ambient,AQP8,1,0.7002697768900903
outplane,SMYD2,1,0.6699716074917912
outplane,AMY2A,1,0.9999816066559319
outplane,GATM,2,0.9999632994577103
ambient,UMOD,1,0.9378641303993561
ambient,KLK11,1,0.9972085805486711
ambient,DPEP1,1,0.9873562350038455
ambient,KLK11,1,0.9972613491860014
induction,AMY2A,26,0.9999813373628483
induction,GATM,33,0.999962846616096
induction,AQP8,21,0.34594534441392255
inplane,ANPEP,1,0.999739225792408
inplane,AMY2A,2,0.9999822310194117
inplane,GATM,1,0.999964532726922
inplane,PRDM1,1,0.17668245633469104
inplane,ANPEP,2,0.9997106621225875
inplane,AMY2A,1,0.9999804879815141
inplane,VCAN,1,0.9987160881774153
inplane,CD28,1,0.39163693426442736
inplane,AMY2A,2,0.9999774656717436
outplane,SNCA,1,0.41489106283206745
outplane,AMY2A,2,0.9999740959994162
outplane,AQP8,1,0.6343866858580278
inplane,AMY2A,3,0.9999748649598149
inplane,GATM,2,0.9999486879184778
inplane,AQP8,1,0.6710524704688479
ambient,KCNK3,1,0.9611569152092363
ambient,DIRAS3,1,0.9339981272247476
induction,AMY2A,26,0.9999807384485223
induction,GATM,26,0.9999614475624379
induction,AQP8,28,0.24507218079233764
ambient,COCH,1,0.6126398843743415
ambient,PROX1,1,0.8110117893943664
inplane,MET,1,0.2625496399760454
inplane,AMY2A,3,0.9999498051541318
inplane,GATM,2,0.9998895806826694
inplane,MNDA,1,0.29641769285705466
inplane,GPR183,1,0.5180453355726145
inplane,AMY2A,1,0.9999822190192179
inplane,AQP8,1,0.6103322735679219
outplane,SMYD2,1,0.8263169358994525
outplane,CFTR,2,0.9998721815970314
outplane,AMY2A,2,0.9999795029807691
outplane,PROX1,1,0.9298620507463067
outplane,GATM,1,0.9999591822983943
induction,AMY2A,29,0.9999777224944649
induction,GATM,23,0.9999557499832686
induction,AQP8,28,0.24899243078382782
induction,AMY2A,25,0.9999788943626314
induction,GATM,30,0.9999580787775428
induction,AQP8,25,0.32554918723650483
induction,AMY2A,30,0.9999824465389286
induction,GATM,21,0.9999649909229306
induction,AQP8,29,0.22064813980527498
inplane,CFTR,1,0.9998934183883899
inplane,AMY2A,2,0.9999823224326941
inplane,PROX1,1,0.913321968446307
ambient,CFTR,1,0.9998912501163706
ambient,AQP3,1,0.9223937235676773
ambient,ANPEP,1,0.9996737887770243
ambient,KLK11,1,0.9964884706031597
induction,AMY2A,28,0.9999810991292538
induction,GATM,28,0.9999622930225105
induction,AQP8,24,0.3449251206551616
ambient,FKBP11,1,0.9436803396739063
ambient,DPEP1,1,0.9824433493834936
outplane,LILRA4,1,0.39955952230488656
outplane,AMY2A,3,0.9999802002163896
outplane,CD2,1,0.8185750257814635
outplane,GATM,1,0.9999605249221829
ambient,DPEP1,1,0.9768832855224933
ambient,COCH,1,0.7664833157324009
ambient,UMOD,1,0.8986436494294195
ambient,GATM,1,0.9999638675801238
inplane,MYC,1,0.7450089309392216
inplane,AMY2A,2,0.9999802690487529
inplane,FXYD2,1,0.9719438722984235
inplane,GATM,1,0.9999606685273895
induction,AMY2A,31,0.9999825663617466
induction,GATM,21,0.9999652363634178
induction,AQP8,28,0.28385582438987866
ambient,ANPEP,1,0.9996494650201266
ambient,AQP3,1,0.8551271455698779
outplane,AMY2A,2,0.9999793205013028
outplane,GATM,1,0.9999588109761888
outplane,AQP8,1,0.6309667335136013
induction,AMY2A,32,0.9999787000888548
induction,GATM,25,0.9999576509274007
induction,AQP8,23,0.29929105618210017
outplane,CFB,1,0.8632184784784643
outplane,CFTR,1,0.9998824042330531
outplane,AMY2A,1,0.9999805134706402
outplane,GATM,1,0.9999611593242342
induction,AMY2A,28,0.9999813122292424
induction,GATM,27,0.9999627561730129
induction,AQP8,25,0.265710264493498
inplane,PECAM1,1,0.0
inplane,TMC5,1,0.9898794729614951
inplane,ANPEP,1,0.9996797600985251
inplane,ADAMTS1,1,2.020161815607935e-12
inplane,AMY2A,2,0.9999784900267699
inplane,GATM,1,0.9999571627508511
ambient,UMOD,1,0.8757742495452209
ambient,GATM,1,0.9999617343091979
outplane,CFB,1,0.9313179981320892
outplane,CFTR,2,0.9998752712168884
outplane,TFPI,1,0.0
outplane,AMY2A,2,0.9999772170262221
outplane,PROX1,1,0.8894831527373874
outplane,GCG,1,0.9971216946482041
ambient,PROX1,1,0.9229800042055275
ambient,DIRAS3,1,0.9618412076090251
induction,AMY2A,20,0.9999770056810379
induction,GATM,26,0.9999543124455242
induction,AQP8,34,0.22940873100595457
outplane,CFTR,1,0.9998159885016311
outplane,AMY2A,2,0.9999708241600554
outplane,GATM,1,0.9999405202558903
induction,AMY2A,27,0.9999820913197733
induction,GATM,30,0.9999642713210218
induction,AQP8,23,0.3316699864791891
ambient,PROX1,1,0.9076025096988622
ambient,GLYATL1,1,0.6527976305694752
induction,AMY2A,31,0.9999772243824787
induction,GATM,26,0.9999547184741
induction,AQP8,23,0.342853968043626
outplane,CFB,1,0.9219482881970139
outplane,EPCAM,1,0.9995027207007058
outplane,CFTR,1,0.9998837246978666
outplane,PROX1,1,0.9308016126927328
ambient,DPEP1,1,0.9580269732730058
ambient,ANPEP,1,0.9995789112907062
ambient,RIDA,1,0.7807474490674661
ambient,DIRAS3,1,0.9258777783816932
ambient,UMOD,1,0.8987232667661097
ambient,GATM,1,0.9999540738924534
outplane,ECSCR,1,0.0
outplane,INMT,1,0.08798037112407975
outplane,PECAM1,1,0.0
outplane,SOX18,1,0.0
ambient,CFTR,1,0.9998388096535884
ambient,CA4,1,0.8050871644717529
induction,AMY2A,29,0.9999785681900955
induction,GATM,19,0.9999573333913482
induction,AQP8,32,0.23294170661896485
ambient,CFTR,1,0.9998719050296001
ambient,COCH,1,0.7044399476164953
induction,AMY2A,31,0.9999826948099589
induction,GATM,22,0.9999654781222218
induction,AQP8,27,0.3262833659754176
inplane,FCN1,1,0.21631974266415332
inplane,TM4SF18,1,0.0
inplane,AMY2A,2,0.9999797840111868
inplane,GATM,1,0.9999596971863904
outplane,AMY2A,2,0.9999700132206201
outplane,GATM,2,0.9999404907409334
outplane,AQP8,1,0.7060894091403802
induction,AMY2A,29,0.9999807186158689
induction,GATM,24,0.9999615859186535
induction,AQP8,27,0.29782667080266345
ambient,PEBP4,2,0.7292139376891411
inplane,VSIG4,1,0.6295619216378459
inplane,EPCAM,1,0.9992874354562773
inplane,TENT5C,1,0.9968586947242849
inplane,AMY2A,1,0.9999745010215978
outplane,MYC,1,0.6905090532271368
outplane,CD163,1,0.9909810347516556
outplane,AMY2A,2,0.9999815105715456
outplane,GATM,1,0.9999631033884853
induction,AMY2A,29,0.9999823788558159
induction,GATM,24,0.999964781081121
induction,AQP8,27,0.27689192821792885
induction,AMY2A,33,0.9999820186085104
induction,GATM,22,0.9999640688507913
induction,AQP8,25,0.28003280187080415
inplane,FSTL3,1,0.7610083518117109
inplane,ANPEP,1,0.9996592157061767
inplane,CFTR,2,0.9998594864778705
inplane,AMY2A,1,0.999977790347363
inplane,GATM,1,0.9999548037766695
outplane,PECAM1,1,0.0
outplane,CFTR,2,0.9998938186847715
outplane,AMY2A,1,0.9999816305727457
outplane,KCNK3,1,0.9662330488707679
outplane,GATM,1,0.9999633583107732
ambient,KLK11,1,0.9954429718888764
ambient,AQP3,1,0.7814948767826069
induction,AMY2A,20,0.9999700756063288
induction,GATM,16,0.9999409559366202
induction,AQP8,28,0.22844847720058623
induction,AMY2A,25,0.9999769626021342
induction,GATM,26,0.9999542906048958
induction,AQP8,29,0.2820308237520155
inplane,AMY2A,3,0.9999642409041879
inplane,FXYD2,1,0.9374035750929635
inplane,GATM,1,0.9999293701763489
ambient,AQP3,1,0.8790707354216623
ambient,GLYATL1,1,0.6170292881192678
ambient,KLK11,1,0.9970259352604618
ambient,HAMP,1,0.9117539535723841
ambient,HAMP,1,0.8538424724214874
ambient,COCH,1,0.6846716211834468
outplane,MNDA,1,0.5256305145769111
outplane,BCL2L11,1,0.32352428277527945
outplane,CXCL6,2,0.9975349266419122
induction,AMY2A,23,0.9999826557169138
induction,GATM,30,0.9999653901737618
induction,AQP8,27,0.2650658014850408
ambient,CPA3,1,0.6175889690729667
ambient,AQP8,1,0.720055405419335
induction,AMY2A,33,0.9999800659711412
induction,GATM,25,0.9999598355001903
induction,AQP8,22,0.34360141953939827
outplane,EHF,1,0.9985987467033766
outplane,AMY2A,3,0.9999831688760185
induction,AMY2A,20,0.9999801492472631
induction,GATM,25,0.9999603900214699
induction,AQP8,35,0.24194676225705314
outplane,VWA5A,1,0.6941622091448485
outplane,AMY2A,2,0.9999813408730318
outplane,GATM,1,0.9999627683318203
inplane,TCIM,2,0.0
inplane,ANPEP,1,0.9995506918586705
inplane,AMY2A,1,0.9999693489635092
outplane,AMY2A,3,0.9999791881320591
outplane,GATM,1,0.9999585556021492
induction,AMY2A,32,0.9999797036168163
induction,GATM,26,0.9999595928116075
induction,AQP8,22,0.3576717152038009
induction,AMY2A,9,0.9999627198896078
induction,GATM,13,0.9999266881838644
induction,AQP8,26,0.30648581684863896
induction,AMY2A,26,0.9999767420601243
induction,GATM,26,0.999953792945322
induction,AQP8,28,0.2687648852457504
induction,AMY2A,28,0.9999810572332826
induction,GATM,27,0.9999622527195806
induction,AQP8,25,0.2944864204486777
inplane,CFTR,1,0.9998955019720478
inplane,AMY2A,1,0.9999829099324201
inplane,AQP8,2,0.6549766542349426
induction,AMY2A,14,0.9999645301256063
induction,GATM,17,0.9999303977676958
induction,AQP8,17,0.4221615974081583
inplane,CFTR,1,0.9998924183543971
inplane,AMY2A,1,0.9999823829466805
inplane,CXCL6,1,0.9980581496257086
inplane,GATM,1,0.9999648496653594
outplane,PCNA,1,0.6932818732052393
outplane,AMY2A,2,0.9999815020262168
outplane,GATM,1,0.9999631304744653
inplane,MDM2,1,0.7855298196200331
inplane,CD4,1,0.3439412855305435
inplane,MET,1,0.6406571101358156
inplane,SERPINB3,1,0.9847341210424655
inplane,AMY2A,2,0.9999807561451799
inplane,FXYD2,1,0.9854608878679233
inplane,GATM,1,0.9999616372314876
inplane,DIRAS3,2,0.9692949666236361
induction,AMY2A,22,0.9999816176581089
induction,GATM,29,0.9999633277380416
induction,AQP8,29,0.2663529077016962
outplane,MYC,1,0.6226478249706267
outplane,AMY2A,3,0.999978791100434
outplane,GATM,1,0.999957658648506
induction,AMY2A,27,0.9999778511999373
induction,GATM,26,0.9999559206179714
induction,AQP8,27,0.25850144286615007
ambient,RIDA,1,0.8706261892669066
ambient,PROX1,1,0.9103645123822522
inplane,CD83,1,0.3744656466726082
inplane,CAV1,1,0.04629928360128688
inplane,CFTR,1,0.9998831549889242
inplane,AMY2A,2,0.9999808745634458
inplane,GATM,1,0.9999618377652797
induction,AMY2A,28,0.9999815061926335
induction,GATM,25,0.9999630931053415
induction,AQP8,27,0.2964546220417653
inplane,MS4A6A,1,0.8555629099638977
inplane,CFB,2,0.8291022293356902
inplane,SERPINB9,1,0.2818312144479006
inplane,CFTR,1,0.9998509205376734
inplane,AMY2A,1,0.9999760344641575
outplane,CTSK,1,0.27335961258829977
outplane,HAVCR2,1,0.8543143065329707
outplane,TM4SF18,1,0.0
outplane,AMY2A,1,0.999979456636821
outplane,FXYD2,1,0.9757870485341359
outplane,CXCL6,1,0.9980685297745653
outplane,GCG,1,0.9972020192965996
inplane,MEST,1,0.8071386344862952
inplane,TENT5C,1,0.9978168371754308
inplane,KCNK3,1,0.9644372097520548
inplane,GATM,1,0.9999628647643038
inplane,TMC5,1,0.989274672405915
inplane,PPARG,1,0.07328082441512718
inplane,CFTR,1,0.9998864287313122
inplane,CAVIN2,1,0.0
outplane,TCIM,1,0.0
outplane,CFTR,1,0.9998874872090098
outplane,EHF,1,0.9987625286012891
outplane,CXCL6,1,0.9984499368176846
induction,AMY2A,23,0.9999787794416081
induction,GATM,27,0.9999578023555963
induction,AQP8,30,0.25626730562319455
induction,AMY2A,18,0.9999817913430641
induction,GATM,27,0.9999636936393118
induction,AQP8,35,0.20845683057214204
inplane,VCAN,1,0.9985596141776891
inplane,CFTR,1,0.9998880835035603
inplane,GATM,2,0.9999639731167106
outplane,AMY2A,3,0.9999805499958926
outplane,GATM,1,0.9999612127934652
outplane,FAS,1,0.3850558653216509
outplane,AMY2A,3,0.9999780733407565
inplane,EDN1,1,0.365473310498589
inplane,CFTR,2,0.9998939326841182
inplane,AMY2A,1,0.9999828401257047
inplane,AMY2A,4,0.9999815477905274
inplane,GATM,1,0.9999631739978448
outplane,CFTR,1,0.9998773809714961
outplane,TFPI,1,0.0
outplane,AMY2A,1,0.9999802991823865
outplane,GATM,1,0.9999607476681998
outplane,AQP8,1,0.6557075705297974
inplane,BASP1,1,0.07376511124869756
inplane,DST,1,0.6304760012813823
inplane,GATA2,1,0.0
inplane,FXYD2,1,0.9812227949153234
ambient,FKBP11,1,0.9630547449088022
ambient,PEBP4,1,0.8559097260315613
induction,AMY2A,27,0.9999816234432933
induction,GATM,25,0.9999633371382561
induction,AQP8,28,0.312484683320874
inplane,BCL2L11,1,0.40336758312510934
inplane,AMY2A,2,0.9999819274132525
inplane,GATM,1,0.9999639414724744
induction,AMY2A,27,0.9999810278071773
induction,GATM,24,0.9999621923945146
induction,AQP8,29,0.23915865044398987
inplane,TM4SF18,1,0.0
inplane,AMY2A,2,0.9999829979401488
inplane,ERBB2,1,0.9617998486145071
inplane,CFB,1,0.8648997827838815
inplane,MYC,1,0.737747992641758
inplane,AMY2A,2,0.9999775990540506
inplane,GATM,1,0.9999553805029819
ambient,AMY2A,1,0.9999806571071542
ambient,HAMP,1,0.9244257883303169
ambient,CFTR,1,0.9998679994609431
ambient,AQP8,1,0.7252406675101608
ambient,UMOD,1,0.9270533068574875
ambient,AMY2A,1,0.9999750871379354
inplane,AMY2A,2,0.9999787746755755
inplane,GATM,2,0.99995774071089
inplane,FKBP11,1,0.9360125315577544
inplane,MYC,1,0.7196160010181109
inplane,PPP1R1A,1,0.9694888681782307
inplane,AMY2A,4,0.9999762623439593
inplane,GPX2,1,0.988430243775733
inplane,CLCA2,1,0.2667667176559665
ambient,GATM,1,0.9999619430276969
ambient,AQP8,1,0.6157389151107566
induction,AMY2A,6,0.9999542079705174
induction,GATM,14,0.9999105298992491
induction,AQP8,12,0.5191076367095003
induction,AMY2A,21,0.9999763536071311
induction,GATM,22,0.9999529872332465
induction,AQP8,37,0.21178161697223596
ambient,CFTR,1,0.9998772719220015
ambient,UMOD,1,0.9217952675973308
ambient,CA4,1,0.9471122832153596
ambient,PROX1,1,0.9557609708058283
induction,AMY2A,24,0.999982140049098
induction,GATM,30,0.9999643747509565
induction,AQP8,26,0.24975718449270515
ambient,CA4,1,0.8403693841768852
ambient,AQP8,1,0.596807975469229
ambient,UMOD,1,0.7224075482149193
ambient,CA4,1,0.7073839591201028
inplane,PPP1R1B,1,0.9635442848794119
inplane,AMY2A,4,0.9999736138120386
inplane,MDM2,1,0.557860124450912
inplane,ANPEP,1,0.9996370705407991
inplane,AMY2A,3,0.9999759626296255
inplane,CDK1,1,0.31081263172957074
inplane,GATM,1,0.999952215493734
ambient,CFTR,1,0.9998631710616834
ambient,GATM,1,0.9999565766527457
induction,AMY2A,31,0.9999818036882024
induction,GATM,19,0.9999636983429189
induction,AQP8,30,0.2623209833047496
outplane,NTN4,1,0.777374239816417
outplane,CFB,1,0.858289150779479
outplane,MS4A1,1,0.4784134792924676
outplane,C1orf162,1,0.7698702408952474
outplane,AMY2A,1,0.9999781553665238
outplane,CFB,1,0.864976728690973
outplane,MET,1,0.421946354876958
outplane,ANPEP,1,0.9997129038499142
outplane,SMIM24,1,0.38977944922989205
inplane,TCIM,1,0.0
inplane,CD93,1,0.0
inplane,AMY2A,2,0.9999826072186437
induction,AMY2A,31,0.9999828020905935
induction,GATM,25,0.9999656859235445
induction,AQP8,24,0.40599361318449584
inplane,MEST,1,0.8089214601635049
inplane,AMY2A,1,0.9999796718547374
inplane,GATM,2,0.9999594727367646
induction,AMY2A,16,0.9999723167813563
induction,GATM,29,0.9999453807065314
induction,AQP8,19,0.33311494928195906
ambient,DPEP1,1,0.9866986635979262
ambient,AQP3,1,0.9224187941563325
induction,AMY2A,19,0.9999812891812601
induction,GATM,31,0.9999626774139908
induction,AQP8,30,0.27201823640902334
induction,AMY2A,23,0.9999828158909407
induction,GATM,30,0.9999657106221284
induction,AQP8,27,0.27678007822742967
inplane,CFTR,1,0.9998654277121535
inplane,KLK11,1,0.9962824011829108
inplane,AMY2A,2,0.9999764109795414
inplane,FXYD2,1,0.9608032902931287
inplane,GATM,1,0.9999530799113243
induction,AMY2A,28,0.9999810509437971
induction,GATM,29,0.9999622488515699
induction,AQP8,23,0.352791843176368
outplane,C5orf46,1,0.43977765499255883
outplane,CFTR,1,0.9998725790719266
outplane,AMY2A,2,0.9999794295934835
inplane,PRDM1,1,0.2642404659786326
inplane,CFTR,1,0.999870071414832
inplane,ADAM28,1,0.7781188332274385
inplane,AMY2A,2,0.9999791691143461
inplane,PPP1R1B,1,0.9782838129689091
inplane,DPEP1,1,0.9881659900629053
inplane,CFTR,1,0.9998894252190121
inplane,GATM,1,0.9999648289202944
outplane,SMYD2,1,0.7601300266372959
outplane,STEAP4,1,0.0
outplane,CFTR,1,0.9998877497794096
outplane,FXYD2,1,0.9708033790587969
inplane,ASPN,1,0.2853725950029301
inplane,TCIM,1,0.0
inplane,CFTR,1,0.9996786708931756
inplane,EHF,1,0.9963317002079131
inplane,CXCL6,1,0.9956447718273084
ambient,FKBP11,1,0.946378851681732
ambient,HAMP,1,0.9206521389450822
ambient,FKBP11,1,0.8593953915755403
ambient,AQP8,1,0.6349277749153099
induction,AMY2A,14,0.9999647952850136
induction,GATM,13,0.999930880614773
induction,AQP8,21,0.3158495556806744
outplane,CFTR,1,0.9998854975278328
outplane,AMY2A,2,0.9999800561287397
outplane,GPX2,1,0.9966028882262422
outplane,GATM,2,0.999960265318578
induction,AMY2A,25,0.9999810382250424
induction,GATM,27,0.9999622077057753
induction,AQP8,28,0.2334835424516708
induction,AMY2A,19,0.9999811732875441
induction,GATM,31,0.9999624813056246
induction,AQP8,30,0.21256783031308857
ambient,KCNK3,1,0.9595475675407613
ambient,DIRAS3,1,0.9331107181152912
inplane,AMY2A,2,0.9999762367086441
inplane,CXCL2,1,0.4456713532086446
inplane,AQP8,1,0.6171141839641092
induction,AMY2A,28,0.999981809883025
induction,GATM,21,0.9999637039987573
induction,AQP8,31,0.23255013980114092
induction,AMY2A,30,0.9999813146301615
induction,GATM,28,0.9999627741440372
induction,AQP8,22,0.2940385600709543
inplane,C1orf194,1,0.6558638800057869
inplane,ANPEP,1,0.9997230390143161
inplane,AMY2A,1,0.9999811164259168
inplane,AQP8,1,0.5459371150782243
induction,AMY2A,20,0.9999816392645537
induction,GATM,32,0.9999634168489471
induction,AQP8,28,0.2441331352198819
inplane,STC1,1,0.0
inplane,AMY2A,2,0.9999803263885173
inplane,GATM,1,0.9999607921747352
induction,AMY2A,25,0.9999819366111169
induction,GATM,22,0.9999639623712376
induction,AQP8,33,0.22193135963565302
ambient,CA4,1,0.8441479315174167
ambient,PEBP4,1,0.7221530547785998
inplane,MYC,1,0.6183406877788926
inplane,EPCAM,1,0.9991875061679937
inplane,CXCL2,1,0.49476515838527413
inplane,GATM,1,0.9999465084641108
induction,AMY2A,26,0.9999780038239061
induction,GATM,28,0.9999562487358477
induction,AQP8,26,0.3118484668090249
induction,AMY2A,28,0.9999816606928194
induction,GATM,20,0.9999634116545945
induction,AQP8,32,0.27631662560457393
outplane,PTGDS,1,0.9362756544390349
outplane,FSTL3,1,0.9387698715194955
outplane,KLK11,1,0.9958554913611231
outplane,ARFGEF3,1,0.9321086273553906
outplane,AMY2A,3,0.9999746558815673
outplane,GATM,1,0.9999604132527665
outplane,GCG,4,0.9973619926851075
induction,AMY2A,28,0.9999826176238972
induction,GATM,29,0.9999653231737708
induction,AQP8,23,0.2719136706134069
inplane,MYLK,1,0.3696917292963433
inplane,CRISPLD2,1,0.4419559427419093
inplane,COL5A2,1,0.60690235482519
inplane,AMY2A,2,0.9999784263476548
inplane,C7,1,0.7025790696543237
inplane,AQP8,1,0.6809562059747166
induction,AMY2A,24,0.9999746846342338
induction,GATM,30,0.9999497993136751
induction,AQP8,26,0.2826687693230159
induction,AMY2A,32,0.9999781890814123
induction,GATM,29,0.9999566592003389
induction,AQP8,19,0.34553160605857847
ambient,AQP3,1,0.7977448461288149
ambient,DIRAS3,1,0.8699356115389308
induction,AMY2A,21,0.9999752697473991
induction,GATM,26,0.9999509553918794
induction,AQP8,33,0.22701084972782315
ambient,RIDA,1,0.7582653608946327
ambient,UMOD,1,0.8261431915184824
inplane,CD14,1,0.5788415980770383
inplane,CFB,1,0.9419748842476503
inplane,CFTR,2,0.9997878135763627
outplane,STC1,1,0.0
outplane,AMY2A,4,0.9999599023484155
outplane,GATM,1,0.9999211364405198
outplane,AQP8,1,0.7367459321120671
outplane,MFAP5,1,0.2916989310488204
outplane,AMY2A,1,0.9999804119304649
outplane,FXYD2,1,0.9662300108480874
outplane,GATM,1,0.9999609465709532
ambient,ANPEP,1,0.9995683501879451
ambient,PEBP4,1,0.6106153003941315
inplane,CFTR,1,0.9997950459894418
inplane,TM4SF18,1,0.0
inplane,AMY2A,1,0.9999655934251129
inplane,GATM,1,0.9999320275450218
induction,AMY2A,28,0.9999773340618208
induction,GATM,27,0.9999549643154398
induction,AQP8,25,0.2829568803693254
induction,AMY2A,24,0.9999781442348294
induction,GATM,29,0.9999565903270474
induction,AQP8,27,0.24996864654662354
outplane,EPCAM,1,0.999284112991397
outplane,AMY2A,2,0.9999711818447338
outplane,SCGN,1,0.9887204572841919
induction,AMY2A,32,0.9999780060015797
induction,GATM,22,0.9999552492998962
induction,AQP8,26,0.2610604954890825
outplane,ANPEP,1,0.9997112510191688
outplane,AMY2A,3,0.9999803792900641
ambient,PROX1,1,0.8738702302090874
ambient,PEBP4,1,0.7451943222158742
outplane,EPCAM,1,0.9993589879325959
outplane,ANPEP,1,0.9996609630450198
outplane,CFTR,1,0.9998596376797902
outplane,GPC3,1,0.783558794382359
inplane,FCGR1A,1,0.7559823911858842
inplane,PLD4,1,0.5897639448729981
inplane,CD247,1,0.6163203402811552
inplane,AMY2A,2,0.9999768830738697
inplane,SPIB,1,0.7519534643238228
inplane,ACTG2,1,0.3738693957897319
inplane,EPCAM,1,0.9994795265784573
inplane,ANPEP,1,0.9997396229602556
inplane,AMY2A,1,0.9999822288924353
inplane,GATM,1,0.999964536366198
inplane,EPCAM,1,0.999590077228727
inplane,AMY2A,4,0.999967611537485
inplane,GATM,1,0.9999360089020282
ambient,FKBP11,1,0.926673695993676
ambient,HAMP,1,0.8942460777407929
ambient,FKBP11,1,0.9282861376697787
ambient,KCNK3,1,0.9658664367469023
ambient,DPEP1,1,0.9690003721427349
ambient,DIRAS3,1,0.9200348543687347
induction,AMY2A,25,0.9999781706537062
induction,GATM,25,0.9999565796673459
induction,AQP8,30,0.27623650777959163
inplane,IRF8,1,0.3501494632673121
inplane,MDM2,1,0.5289848020776851
inplane,CFTR,1,0.9998851643560482
inplane,AMY2A,4,0.999981460060242
induction,AMY2A,25,0.9999800912271646
induction,GATM,26,0.9999603288200839
induction,AQP8,29,0.24709572050650774
induction,AMY2A,23,0.9999783394360707
induction,GATM,29,0.9999569301332477
induction,AQP8,28,0.2634588115157209
ambient,FKBP11,2,0.9274952355103262
inplane,GYPA,1,0.28584726236343416
inplane,AMY2A,1,0.9999474724463847
inplane,CYP2B6,1,0.12957388146738558
inplane,GATM,1,0.9998961276454471
inplane,AQP8,1,0.7346938736343691
outplane,CFTR,1,0.9998936281939705
outplane,AMY2A,2,0.9999823896267861
outplane,GATM,2,0.999964853694415
inplane,CFTR,1,0.9998803861737199
inplane,AMY2A,1,0.9999788498325937
inplane,FXYD2,2,0.9736407198937568
ambient,AQP3,1,0.8575681563016401
ambient,GLYATL1,1,0.5365033897820264
inplane,PLAC9,1,0.25258702256448173
inplane,GATA2,1,0.0
inplane,DPT,1,0.9948517245825252
inplane,AMY2A,2,0.9999495540372518
inplane,C20orf85,1,0.31618596742017147
induction,AMY2A,22,0.9999797219867924
induction,GATM,28,0.9999595891580241
induction,AQP8,30,0.2565393134352494
outplane,CFB,1,0.8305375197977143
outplane,C1orf162,1,0.6581511880809499
outplane,AMY2A,2,0.9999802214570978
outplane,PEBP4,1,0.7460383463554321
ambient,KLK11,1,0.9970525903353095
ambient,GLYATL1,1,0.6967337470671082
outplane,CFB,1,0.8117707499254984
outplane,TMC5,1,0.9886022604484953
outplane,GDF15,1,0.9167288264826562
outplane,GATM,1,0.9999577102338366
outplane,KCNMA1,1,0.5670867787605515
outplane,MTRNR2L11,1,0.47423261814068207
outplane,AMY2A,1,0.999981981493219
outplane,GATM,1,0.9999640364153933
outplane,DIRAS3,1,0.948675588629541
induction,AMY2A,30,0.999977479201498
induction,GATM,28,0.9999552563548183
induction,AQP8,22,0.33913491813622065
inplane,CFB,1,0.8436383869572404
inplane,EHF,1,0.9985946035337757
inplane,AMY2A,1,0.9999803078540117
inplane,SPIB,1,0.7173970244645838
induction,AMY2A,25,0.9999825434148863
induction,GATM,30,0.9999651759162456
induction,AQP8,25,0.26885630841694363
ambient,KLK11,1,0.9965619118388428
ambient,AMY2A,1,0.9999785089109059
ambient,CPA3,1,0.7960170690392048
ambient,GLYATL1,1,0.5699096710231365
ambient,DPEP1,1,0.9738134257417319
ambient,COCH,1,0.7647635590555382
inplane,HAVCR2,1,0.7333249929904286
inplane,AMY2A,1,0.999982069678086
inplane,PROX1,1,0.9159419935252958
inplane,GATM,1,0.9999642123421182
inplane,AQP8,1,0.6544885976509482
induction,AMY2A,25,0.9999806234380113
induction,GATM,28,0.9999613443058413
induction,AQP8,27,0.3338652980891434
induction,AMY2A,23,0.9999712100908422
induction,GATM,23,0.99994316031281
induction,AQP8,18,0.36802820244397716
induction,AMY2A,22,0.9999776470099918
induction,GATM,31,0.9999555640334721
induction,AQP8,27,0.27144686135921203
inplane,SMYD2,1,0.7408239369629621
inplane,AMY2A,3,0.9999791616969714
inplane,GATM,1,0.9999584971900648
inplane,AMY2A,3,0.9999819755075136
inplane,GATM,1,0.9999640299103322
ambient,KLK11,1,0.9968816676997942
ambient,AQP3,1,0.8657134794323101
inplane,CD14,1,0.43078403517816444
inplane,FSTL3,1,0.7937289215073393
inplane,CFTR,1,0.9998786771588224
inplane,TM4SF18,1,0.0
induction,AMY2A,24,0.9999814523867407
induction,GATM,28,0.9999630338866611
induction,AQP8,28,0.2301229350435291
ambient,ANPEP,1,0.9996963834649206
ambient,KLK11,1,0.9967086032308129
outplane,AMY2A,2,0.9999821900738294
outplane,CXCL6,1,0.998565372491414
outplane,GATM,1,0.999964465650662
outplane,THBS2,1,0.9954368412942988
outplane,PDGFRA,1,6.331668522818745e-11
outplane,SLC26A2,1,0.305009448359284
outplane,ACTA2,1,6.643019467844624e-12
induction,AMY2A,19,0.9999798965809792
induction,GATM,25,0.9999599335369139
induction,AQP8,36,0.22581926623624315
outplane,MYC,2,0.6412596981868928
outplane,AMY2A,2,0.9999777549089325
outplane,GATM,2,0.9999556567179019
inplane,VCAN,1,0.9986772423425094
inplane,CFB,1,0.8916201651763279
inplane,MNDA,1,0.4529889754826738
inplane,AIF1,1,0.7826512389624539
inplane,CFTR,1,0.9998902329852722
inplane,AMY2A,2,0.9999814176520039
inplane,AMY2A,3,0.9999823434337858
inplane,GATM,1,0.999964738113614
ambient,UMOD,1,0.8738267593271722
ambient,AQP3,1,0.8713475020512537
ambient,KLK11,1,0.9971712844054783
ambient,HAMP,1,0.9023667663100191
inplane,DST,1,0.6111794175096665
inplane,AMY2A,2,0.9999796608541643
inplane,GATM,2,0.9999594921511594
inplane,AMY2A,4,0.9999743367541327
inplane,BTNL9,1,0.0
outplane,FGL2,1,0.7315997219497035
outplane,MS4A6A,1,0.861101026418144
outplane,BAMBI,1,0.7750746337621074
outplane,AMY2A,2,0.999982549139826
outplane,PROX1,1,0.9369994656244265
outplane,GATM,1,0.9999651742137511
ambient,KLK11,1,0.9971006654064589
ambient,CPA3,1,0.80497019754878
inplane,NTN4,1,0.7692858106865312
inplane,MEST,1,0.8199225343856155
inplane,IGSF6,1,0.6027728342658962
inplane,AMY2A,2,0.9999799564599514
induction,AMY2A,27,0.9999809736200971
induction,GATM,22,0.9999621217702674
induction,AQP8,31,0.2204311542107067
induction,AMY2A,32,0.9999827804878629
induction,GATM,21,0.9999656404385389
induction,AQP8,27,0.23438651587980264
inplane,AMY2A,4,0.9999821655914987
inplane,GATM,1,0.9999644130025985
inplane,AQP8,1,0.6227539158038771
ambient,GATM,1,0.9999180133088617
ambient,DIRAS3,1,0.8550573539454035
outplane,TCIM,2,0.0
outplane,BCL2L11,1,0.3212489161026547
outplane,CFTR,1,0.9998311658514383
inplane,CFTR,1,0.9997046052798776
inplane,EHF,1,0.9976563467398077
inplane,AMY2A,1,0.9999510011225096
inplane,FXYD2,1,0.8889589226155185
inplane,INS,1,0.9971952945432768
induction,AMY2A,25,0.9999701792455484
induction,GATM,17,0.9999411343184794
induction,AQP8,22,0.2979328377738495
outplane,MYC,1,0.6194635617778357
outplane,AMY2A,3,0.9999784918510513
ambient,CFTR,1,0.9998539166796379
ambient,CA4,1,0.8281899818924884
induction,AMY2A,25,0.9999772994629633
induction,GATM,26,0.9999549024821273
induction,AQP8,29,0.23386351680118367
inplane,CFB,1,0.48299890761098163
inplane,MDM2,1,0.4011789827577771
inplane,CFTR,1,0.9997104953888273
inplane,GDF15,1,0.7555922080526574
inplane,AMY2A,1,0.9999574550887191
ambient,DPEP1,1,0.9123362987554242
ambient,CFTR,1,0.9996798030019362
inplane,MDM2,1,0.5116835451421873
inplane,AMY2A,3,0.9999548735021249
inplane,GATM,1,0.9999113564534112
inplane,DST,1,0.3097869878035454
inplane,AMY2A,2,0.9999571110560506
inplane,KCNK3,1,0.8859656136384371
outplane,AMY2A,2,0.999953327025086
outplane,FXYD2,1,0.8401671207901982
outplane,GATM,2,0.9999086079894797
outplane,FKBP11,1,0.9297412409422229
outplane,AMY2A,2,0.9999776650387258
outplane,GATM,1,0.9999555275337104
ambient,FKBP11,2,0.927579837384627
outplane,TMC5,1,0.9819933477593725
outplane,PPARG,1,0.19168377402137315
outplane,CFTR,1,0.9996705198086651
outplane,CAVIN2,1,0.0
inplane,AMY2A,2,0.9999547824190496
inplane,CXCL2,1,0.28366199277619175
inplane,GATM,1,0.9999114686212046
outplane,MMRN2,1,0.0
outplane,SFRP4,1,0.9254850253166688
outplane,CFTR,1,0.9998880639154843
outplane,TM4SF18,1,0.0
outplane,AMY2A,1,0.9999819042271938
outplane,PECAM1,1,0.0
outplane,MDM2,1,0.4585409525187615
outplane,TFPI,1,0.0
outplane,AMY2A,2,0.999979354123548
outplane,GATM,1,0.9999587821987342
inplane,MS4A6A,1,0.8116185380566946
inplane,FBN1,1,0.011382988726451715
inplane,AMY2A,2,0.9999827149638755
induction,AMY2A,20,0.9999826408044611
induction,GATM,30,0.9999653548140599
induction,AQP8,30,0.24253052861820956
ambient,HAMP,1,0.8803986723757973
ambient,PROX1,1,0.8579804969081174
induction,AMY2A,27,0.9999820098507316
induction,GATM,21,0.9999641077894463
induction,AQP8,32,0.22770260529032338
inplane,CFB,1,0.8211671131533622
inplane,EDN1,1,0.18319680053136278
inplane,EPCAM,1,0.9993785900153506
inplane,CFTR,2,0.9998883641637794
inplane,GATM,1,0.9999645025265649
ambient,CPA3,1,0.8846474784473394
ambient,DIRAS3,1,0.964858606842255
ambient,KLK11,1,0.9971920916477311
ambient,PROX1,1,0.9181797888538755
induction,AMY2A,25,0.9999822559846308
induction,GATM,25,0.9999645938813766
induction,AQP8,30,0.23278957578076487
ambient,ANPEP,1,0.9996840782033688
ambient,PEBP4,1,0.7235401420782978
outplane,SFTA2,1,0.30739589302900916
outplane,FBN1,1,0.26500621091505594
outplane,EPCAM,1,0.9994779979297435
outplane,TENT5C,1,0.9978505737653397
outplane,GATM,1,0.9999643944870935
ambient,UMOD,1,0.8730741361698774
ambient,AMY2A,1,0.9999804418528414
inplane,VSIG4,1,1.0423739649212393e-10
inplane,PTPRC,1,0.9949553146035921
inplane,KCNMA1,1,0.5042504753791721
inplane,PPARG,1,0.05338115872733529
inplane,PRDM1,1,0.05947827079784418
inplane,ACTA2,1,3.2744917888294367e-12
inplane,TCIM,1,0.0
inplane,CRISPLD2,1,4.4687586964187176e-12
inplane,AMY2A,1,0.9999810248198878
inplane,GATM,1,0.9999621383717106
outplane,AMY2A,3,0.9999807116759553
outplane,SOX17,1,0.0
ambient,RIDA,1,0.8876079047510059
ambient,DIRAS3,1,0.9632481306713933
ambient,CFTR,1,0.9998572028135998
ambient,PROX1,1,0.8860708582082809
outplane,AMY2A,1,0.9999828706135357
outplane,PROX1,1,0.9498173427297407
outplane,GATM,2,0.9999658131814394
outplane,AQP8,1,0.6173501282468328
outplane,DST,1,0.48732203620483305
outplane,PPP1R1B,1,0.9681922384177569
outplane,EPCAM,1,0.9993801445673096
outplane,KRT7,1,0.9865036062556851
outplane,AMY2A,1,0.9999822563302695
ambient,RIDA,1,0.79610659390463
ambient,AMY2A,1,0.9999810424679088
induction,AMY2A,27,0.9999816026514908
induction,GATM,32,0.9999633346601892
induction,AQP8,21,0.31814043981385276
ambient,CFTR,1,0.9998929441893055
ambient,DIRAS3,1,0.9788190627219453
induction,AMY2A,22,0.9999835479606425
induction,GATM,33,0.9999671555297056
induction,AQP8,25,0.33337002091529966
inplane,CTSK,1,0.016818960649002457
inplane,CFB,1,0.8517801373163697
inplane,CFTR,1,0.9998923412148739
inplane,AMY2A,2,0.9999825768616866
inplane,FXYD2,1,0.9742630957162857
outplane,GLIPR1,1,0.5307535292424077
outplane,TMC5,1,0.995081702902153
outplane,CFTR,1,0.9998715749053638
outplane,GDF15,1,0.928067180028566
outplane,CD163,1,0.9946735374354171
outplane,AMY2A,2,0.9999822416849115
outplane,AQP8,1,0.6231014921725097
outplane,CAVIN1,1,0.04613514012401376
outplane,FBN1,1,0.014267798598605497
outplane,AMY2A,3,0.9999820475841362
induction,AMY2A,34,0.999982894480323
induction,GATM,26,0.9999658812519249
induction,AQP8,20,0.3323595082425297
outplane,AMY2A,5,0.9999811001239697
inplane,PMP22,1,0.2094484360877159
inplane,PECAM1,1,0.0
inplane,PLAC9,1,0.25456811102778043
inplane,EPCAM,1,0.999420457953864
inplane,GEM,1,0.3142314534661357
inplane,AMY2A,1,0.9999818289004938
inplane,SOX17,1,0.0
ambient,CFTR,1,0.9998837397571833
ambient,COCH,1,0.8933338180680597
outplane,AMY2A,5,0.9999811268084751
outplane,AQP8,2,0.5649900326873876
inplane,AMY2A,3,0.9999782013279527
inplane,GATM,1,0.9999566072002442
ambient,PROX1,1,0.9103362222256735
ambient,PEBP4,1,0.8071263894644943
induction,AMY2A,24,0.9999821396358205
induction,GATM,31,0.9999643632894435
induction,AQP8,25,0.29892839065805366
outplane,AMY2A,4,0.9999823647074622
outplane,GATM,1,0.9999648131672777
ambient,DIRAS3,1,0.9478830886381893
ambient,PEBP4,1,0.7819638521155724
induction,AMY2A,25,0.9999801990810283
induction,GATM,27,0.9999605760542899
induction,AQP8,28,0.23859388897848044
inplane,VCAN,1,0.9997363629775997
inplane,MYLK,1,0.7086221652053715
inplane,AMY2A,2,0.999952708478408
inplane,GATM,1,0.9999074048557302
inplane,ANPEP,1,0.9991834479112723
inplane,AMY2A,3,0.999952176692592
inplane,GATM,1,0.9999063769442154
inplane,C15orf48,2,0.9954698618817582
inplane,CPA3,1,0.8776389108904099
inplane,GATM,1,0.999965227741486
inplane,TBX3,1,0.0738761063027269
inplane,PLIN4,1,0.5400759835619993
inplane,CD79A,1,0.9634447015623446
inplane,AMY2A,3,0.9999810205671561
inplane,CFAP53,1,0.8050396030889365
ambient,FKBP11,1,0.9479976756650217
ambient,AQP3,1,0.9021506827735768
induction,AMY2A,27,0.9999790629863815
induction,GATM,27,0.9999583658210012
induction,AQP8,26,0.2641746024215442
outplane,MS4A4A,1,0.8842382232953527
outplane,ANPEP,1,0.9996774248252922
outplane,AMY2A,1,0.9999780699875274
outplane,GATM,1,0.999956365659609
outplane,CAVIN1,1,0.05739958412182933
outplane,LILRB2,1,0.26054801349181345
outplane,MDM2,1,0.6100616773901487
outplane,CFTR,1,0.9998887573959592
outplane,AMY2A,2,0.9999817910045654
outplane,GATM,1,0.9999636550622558
outplane,FKBP11,1,0.9573715456064192
outplane,CFTR,1,0.9998784295197056
outplane,AMY2A,1,0.9999778804044388
outplane,GATM,1,0.999956002989856
outplane,KCNMA1,1,0.5458392120443954
outplane,AMY2A,3,0.9999803861556139
outplane,AQP8,1,0.6248330675939928
ambient,UMOD,1,0.8508764588438968
ambient,GLYATL1,1,0.4953407157366698
outplane,CFTR,1,0.9998133594932537
outplane,AMY2A,3,0.9999688127186382
outplane,GATM,1,0.9999373657874795
induction,AMY2A,28,0.9999753181388099
induction,GATM,28,0.9999510500115522
induction,AQP8,24,0.2931502477289374
ambient,RIDA,1,0.8739916517983805
ambient,AQP3,1,0.9035093811190327
induction,AMY2A,16,0.9999707384769514
induction,GATM,31,0.9999422408476
induction,AQP8,17,0.38161095678564805
ambient,AMY2A,1,0.9999655456798844
ambient,CPA3,1,0.655775180341532
induction,AMY2A,14,0.9999619416620334
induction,GATM,10,0.9999254911652217
induction,AQP8,8,0.6252111698997234
outplane,PDGFRA,1,0.8825803287961498
outplane,CFB,1,0.804232247354706
outplane,PPP1R1B,1,0.9294211901361297
outplane,GATM,1,0.9999045649858007
induction,AMY2A,19,0.9999653010003579
induction,GATM,14,0.9999318987416093
induction,AQP8,15,0.43443921214925807
outplane,NTN4,1,0.6044234996833843
outplane,CFB,1,0.8058949155865736
outplane,TMC5,1,0.995050774365788
outplane,CNN1,1,0.9936021789977768
outplane,IL1RL1,1,0.4407502664934979
inplane,PECAM1,1,0.0
inplane,AMY2A,3,0.9999722655406972
induction,AMY2A,31,0.999976655999816
induction,GATM,29,0.9999537062695912
induction,AQP8,20,0.33571842983780753
outplane,CFB,1,0.8246958054954024
outplane,FKBP11,1,0.9042372733192299
outplane,KLRD1,1,0.18379453256095846
outplane,AMY2A,1,0.9999788970890566
induction,AMY2A,27,0.9999779494099695
induction,GATM,19,0.999956160829284
induction,AQP8,34,0.19176776139729745
induction,AMY2A,20,0.9999787322273693
induction,GATM,31,0.9999577168180896
induction,AQP8,29,0.2151788001637679
induction,AMY2A,23,0.9999822356041149
induction,GATM,28,0.9999645677611095
induction,AQP8,29,0.313793415883049
induction,AMY2A,22,0.9999794565821463
induction,GATM,31,0.9999590695684578
induction,AQP8,27,0.28050173523855026
outplane,MS4A6A,1,0.7507404672692826
outplane,FAS,1,0.23643478846619648
outplane,MALL,1,0.012319831153896788
outplane,AMY2A,1,0.9999772834047188
outplane,AMY2A,1,0.9999760064372485
outplane,GATM,2,0.9999522805827163
outplane,AQP8,1,0.6655475554821897
outplane,PGR,1,0.4021324690952117
outplane,ADGRL4,1,0.0
outplane,CFB,1,0.8175612893817759
outplane,THAP2,1,0.4319527124194563
outplane,AMY2A,2,0.999975288386904
outplane,GATM,1,0.9999508744202009
outplane,PECAM1,2,0.0
outplane,CFTR,2,0.9997723309314357
outplane,TFPI,1,0.0
outplane,AMY2A,3,0.9999585154910569
induction,AMY2A,26,0.9999797876381461
induction,GATM,25,0.9999597675200422
induction,AQP8,29,0.2408106090005959
outplane,NTN4,1,0.6762399805081653
outplane,MDM2,1,0.5535305301642752
outplane,AMY2A,2,0.9999543077365947
outplane,GATM,1,0.9999077664571069
induction,AMY2A,28,0.9999777223693532
induction,GATM,30,0.9999554949326385
induction,AQP8,22,0.32399122557089355
ambient,UMOD,1,0.8728348106805011
ambient,AQP3,1,0.868687941322042
outplane,ACTG2,1,0.34913301157081367
outplane,MYC,1,0.7127836385184354
outplane,CFTR,2,0.9998911354077739
outplane,AMY2A,1,0.999982169783095
induction,AMY2A,25,0.99998199305493
induction,GATM,27,0.9999640765061142
induction,AQP8,28,0.2463071927329835
ambient,ANPEP,1,0.9997107725270493
ambient,KLK11,1,0.9968752868184494
induction,AMY2A,27,0.9999767038848139
induction,GATM,29,0.9999537971138056
induction,AQP8,24,0.295458248985657
outplane,EPCAM,1,0.9995193279299148
outplane,AMY2A,2,0.9999668917726283
outplane,GATM,1,0.9999345617984905
induction,AMY2A,27,0.9999757198412111
induction,GATM,24,0.9999518840556538
induction,AQP8,29,0.27100069571203844
outplane,NTN4,1,0.6070518569811613
outplane,CFTR,1,0.9998283400669925
outplane,AMY2A,1,0.9999732185354623
outplane,FXYD2,2,0.9280990162312949
inplane,AMY2A,3,0.9999757554837654
inplane,C7,1,0.7002604609694023
inplane,GATM,1,0.9999517525682253
inplane,FKBP11,1,0.9596140993862498
inplane,AMY2A,4,0.9999823732054538
inplane,KCNK3,1,0.9808048357133817
inplane,GATM,2,0.999964862762943
induction,AMY2A,27,0.9999812608607672
induction,GATM,21,0.9999626396455398
induction,AQP8,32,0.21780144012912606
inplane,DST,1,0.7984143319067721
inplane,CFTR,1,0.9997689532154179
inplane,CA4,1,0.907185250663006
inplane,AMY2A,2,0.9999647441398205
inplane,SMYD2,1,0.5565479932590229
inplane,CFTR,1,0.9997030219258812
inplane,GATM,2,0.9999110279132609
ambient,FKBP11,1,0.9282875119962217
ambient,AQP3,1,0.8917630767733595
induction,AMY2A,22,0.9999754935954202
induction,GATM,28,0.9999513699943414
induction,AQP8,30,0.23594460653769367
inplane,FSTL3,1,0.8109721686972491
inplane,PPP1R1B,1,0.93190076514832
inplane,SLC4A1,1,0.09453843434403875
inplane,FXYD2,1,0.9256083029687031
inplane,CLCA1,1,0.21093740192738097
inplane,GPX2,1,0.99488655929639
ambient,AMY2A,1,0.9999760584906974
ambient,COCH,1,0.8194177154598076
ambient,AQP3,1,0.8615929127147415
ambient,GLYATL1,1,0.5764712935566181
outplane,FGL2,1,0.6920703072949717
outplane,CD14,1,0.7586674357511027
outplane,TCIM,1,0.0
outplane,KCNMA1,1,0.5749545690290903
inplane,FAS,1,0.2714345565857704
inplane,AMY2A,1,0.9999764126293359
inplane,GATM,2,0.9999530888617901
inplane,PDGFRA,1,0.2313431227437307
inplane,MYC,1,0.5093626021519613
inplane,AMY2A,3,0.9999663322625794
induction,AMY2A,17,0.9999628219173519
induction,GATM,10,0.9999240969435437
induction,AQP8,5,0.6893791795413569
ambient,CPA3,1,0.6712626799892232
ambient,DIRAS3,1,0.8858917085904029
inplane,AMY2A,4,0.99997365874145
inplane,EDNRB,1,0.0
inplane,GATM,1,0.9999477187011114
inplane,CFTR,2,0.9998678430362379
inplane,AMY2A,1,0.9999787713735988
inplane,PROX1,1,0.8968785787982074
outplane,AMY2A,3,0.9999794309340068
outplane,AQP8,1,0.6832236619478358
induction,AMY2A,25,0.9999806670741599
induction,GATM,20,0.9999614423891245
induction,AQP8,35,0.23223229797998216
ambient,CFTR,1,0.9998854793630653
ambient,GLYATL1,1,0.4912983095351441
induction,AMY2A,30,0.9999811924986554
induction,GATM,25,0.9999625171781379
induction,AQP8,25,0.3215299816122802
inplane,EPCAM,2,0.99956291849756
inplane,PPP1R1A,1,0.9671830832084863
inplane,CFTR,1,0.9998661356695212
inplane,GATM,1,0.9999526036354446
ambient,PROX1,1,0.8981898944620486
ambient,DIRAS3,1,0.9504472346583835
inplane,AMY2A,4,0.9999801424189698
inplane,GATM,1,0.9999604202613901
induction,AMY2A,28,0.9999826094531605
induction,GATM,26,0.9999652965177912
induction,AQP8,26,0.26182043965072965
ambient,CFTR,1,0.9998975830184094
ambient,HAMP,1,0.96002019235923
outplane,MCF2L,1,0.0
outplane,CFTR,1,0.9998944112233694
outplane,EHF,2,0.9988077282946309
outplane,AMY2A,2,0.9999824585964062
induction,AMY2A,26,0.9999806638162057
induction,GATM,28,0.9999614683478015
induction,AQP8,26,0.2617694171520639
induction,AMY2A,25,0.9999793109762989
induction,GATM,32,0.9999587629519563
induction,AQP8,23,0.35899244393620666
ambient,CA4,1,0.8980325981196585
ambient,AQP8,1,0.5724293153814843
outplane,CAVIN1,1,0.1709098791079784
outplane,NPDC1,1,0.0
outplane,AMY2A,3,0.9999810732926017
inplane,ANPEP,1,0.9997016204689797
inplane,AMY2A,2,0.9999794593754173
inplane,GATM,1,0.9999591266224189
inplane,AQP8,1,0.6145493925920984
inplane,AMY2A,3,0.9999793427560721
inplane,FOXP3,1,0.8169227099790817
inplane,GPC3,1,0.8167494504654642
ambient,GATM,1,0.9999594497637578
ambient,PEBP4,1,0.748514789125696
outplane,CFB,1,0.938866382629321
outplane,MYC,1,0.8517957747422573
outplane,ANPEP,1,0.9997451878572693
outplane,GATM,1,0.9999650682777634
induction,AMY2A,30,0.9999806588018961
induction,GATM,23,0.9999614262316561
induction,AQP8,27,0.31929735389891695
inplane,CFTR,1,0.9998856511672368
inplane,AMY2A,2,0.9999815297622369
inplane,GATM,1,0.9999631486629946
inplane,GNG11,1,0.0
inplane,CFTR,1,0.9998863185329818
inplane,AMY2A,1,0.9999816087752549
inplane,GPX2,1,0.9877259669252263
outplane,NTN4,1,0.7799538718738215
outplane,ACTG2,1,0.3329767893395891
outplane,ARFGEF3,1,0.8329038147835729
outplane,AMY2A,2,0.9999824315770317
outplane,GATM,1,0.9999649379477645
ambient,RIDA,1,0.8985562432448111
ambient,GATM,1,0.9999655879220078
ambient,RIDA,1,0.8826561464925443
ambient,PROX1,1,0.9222278994724038
induction,AMY2A,28,0.999982915526807
induction,GATM,25,0.9999659109926521
induction,AQP8,27,0.2631013128185419
induction,AMY2A,19,0.9999824280438594
induction,GATM,34,0.9999649514877549
induction,AQP8,27,0.2378080328119727
inplane,MDM2,1,0.5395044675371174
inplane,AMY2A,2,0.9999811082356052
inplane,GATM,1,0.999962307767205
ambient,ANPEP,1,0.999637870379736
ambient,CA4,1,0.7993404213622366
inplane,MCF2L,1,0.0
inplane,CD300E,1,0.20955552759999985
inplane,AMY2A,1,0.9999824470648342
inplane,GATM,1,0.9999649672230934
outplane,NTN4,1,0.5037666458336831
outplane,CFTR,1,0.999657653268467
outplane,AMY2A,1,0.999949756109082
outplane,GATM,1,0.9999012704144834
induction,AMY2A,27,0.9999786464782742
induction,GATM,31,0.9999575660294926
induction,AQP8,22,0.33479163245023225
outplane,AMY2A,4,0.9999740741270525
inplane,AMY2A,3,0.9999752369652631
inplane,AQP8,1,0.6675153372838163
inplane,AMY2A,2,0.9999803640069221
inplane,GATM,2,0.9999608566473133
inplane,CFTR,2,0.9998084248556282
inplane,AMY2A,2,0.9999703261985683
inplane,GATM,1,0.9999409488292005
outplane,AMY2A,3,0.9999780547753422
outplane,GATM,1,0.9999563105318215
induction,AMY2A,23,0.9999828569566918
induction,GATM,34,0.9999658038041332
induction,AQP8,23,0.28148293756914256
ambient,AQP3,1,0.9097568092890772
ambient,GLYATL1,1,0.680272082947231
outplane,CFTR,2,0.9998583639091153
outplane,AMY2A,2,0.999975070976007
induction,AMY2A,22,0.9999808342852666
induction,GATM,29,0.9999617955614452
induction,AQP8,29,0.249689599926451
inplane,VCAN,1,0.9993486841052058
inplane,PRDM1,1,0.2097587298908461
inplane,TM4SF18,1,0.0
inplane,AQP8,1,0.6208555623181058
ambient,ANPEP,1,0.999741421835649
ambient,COCH,1,0.7879138982808308
inplane,COL5A2,1,3.5709213364043535e-12
inplane,RIDA,1,0.8492245416785513
inplane,AMY2A,2,0.9999823383990327
induction,AMY2A,29,0.9999831603688083
induction,GATM,29,0.9999663952935008
induction,AQP8,22,0.29195126447228426
ambient,ANPEP,1,0.9997310756311533
ambient,CFTR,1,0.9998855920928563
induction,AMY2A,23,0.9999824507413086
induction,GATM,29,0.9999649913409459
induction,AQP8,28,0.2724853333000017
inplane,NTN4,1,0.7541129497951792
inplane,CFB,1,0.8707545033480245
inplane,CFTR,1,0.9998602386892181
inplane,AMY2A,2,0.9999755268898415
inplane,MAMDC2,1,0.4444118492634561
inplane,AMY2A,2,0.9999822000229047
inplane,AQP8,2,0.6306477311422083
inplane,TCIM,1,0.0
inplane,MDM2,1,0.5889485992011905
inplane,AMY2A,2,0.9999819487824184
induction,AMY2A,18,0.9999825315879531
induction,GATM,30,0.9999651477183698
induction,AQP8,32,0.19874058708167763
outplane,AMY2A,2,0.9999807881061772
outplane,PROX1,1,0.8949056533164668
outplane,GATM,1,0.9999616952177237
ambient,CPA3,1,0.7620996341854556
ambient,HAMP,1,0.8691574514543003
outplane,TENT5C,1,0.9975205972670784
outplane,AMY2A,2,0.9999788624289011
outplane,AQP8,1,0.6313922506267005
induction,AMY2A,18,0.9999652812472752
induction,GATM,13,0.9999318525523068
induction,AQP8,17,0.3844445704628574
ambient,DPEP1,1,0.9563840268951251
ambient,AQP8,1,0.6654894124525357
ambient,CFTR,1,0.999669580043808
ambient,KLK11,1,0.9907219270509318
induction,AMY2A,20,0.9999655326396978
induction,GATM,12,0.9999322752382455
induction,AQP8,16,0.4140108981238566
inplane,DST,1,0.42335953273023474
inplane,CFTR,1,0.9997632266096559
inplane,PROX1,1,0.6937098975495964
inplane,GATM,1,0.9999156401839031
ambient,RIDA,1,0.49683608226637743
ambient,CFTR,1,0.999710370582501
induction,AMY2A,15,0.9999635462371481
induction,GATM,14,0.9999284122167255
induction,AQP8,19,0.35469047463092773
induction,AMY2A,5,0.9999583339835357
induction,GATM,12,0.9999184976084767
induction,AQP8,15,0.40339336534744774
induction,AMY2A,10,0.9999555849343669
induction,GATM,11,0.9999131069702253
induction,AQP8,11,0.5274949650530767
ambient,KLK11,1,0.9957875312186856
ambient,KCNK3,1,0.9628267576929909
outplane,EPCAM,1,0.9991123675245637
outplane,AMY2A,2,0.9999574779457195
outplane,AQP8,1,0.6960648015778607
outplane,NTN4,1,0.4782229770718689
outplane,ALDH1A3,2,0.4532105794747524
outplane,CFTR,1,0.9996826710919046
outplane,EGFR,1,0.645912494658523
inplane,CFTR,1,0.9997732027894474
inplane,AMY2A,3,0.9999507473080642
inplane,GATM,1,0.9999034388406018
ambient,FKBP11,1,0.9162508313571955
ambient,UMOD,1,0.853960705032899
outplane,AMY2A,2,0.9999675350871979
outplane,GATM,2,0.9999355720490489
induction,AMY2A,26,0.9999785461305655
induction,GATM,28,0.99995739371029
induction,AQP8,26,0.2507115125130933
induction,AMY2A,22,0.9999809461860772
induction,GATM,30,0.9999619899788922
induction,AQP8,28,0.2669927582041497
induction,AMY2A,19,0.9999704411733188
induction,GATM,24,0.9999416650869591
induction,AQP8,21,0.3309304246757503
inplane,CD4,1,0.35115047748970407
inplane,LIF,1,0.9852603608176188
inplane,AMY2A,3,0.9999795990073641
ambient,RIDA,1,0.8212029243273591
ambient,PEBP4,1,0.7578209523722059
ambient,COCH,1,0.6636797038903222
ambient,AQP3,1,0.8042249073359846
outplane,AMY2A,3,0.9999737140024013
outplane,GATM,1,0.9999478459309699
inplane,AMY2A,3,0.999980701461388
inplane,GATM,1,0.9999614986947248
inplane,AQP8,1,0.68081963975377
inplane,MYC,1,0.7767683542815286
inplane,AMY2A,3,0.9999800264348677
outplane,ADGRL4,1,0.0
outplane,CD34,1,0.0
outplane,LILRB2,1,0.3137741524810741
outplane,SNCG,1,0.037275089542892825
outplane,AMY2A,3,0.9999704708431963
outplane,KCNK3,1,0.9388371831476846
inplane,CD3D,1,0.24950105840136538
inplane,PPP1R1B,1,0.9524733264733406
inplane,AMY2A,2,0.9999815222924295
outplane,RIDA,1,0.9065968978735925
outplane,AMY2A,2,0.9999811282639488
outplane,AQP8,2,0.5226937339206854
induction,AMY2A,24,0.9999789574956232
induction,GATM,27,0.999958174488751
induction,AQP8,29,0.29405785791791267
ambient,FKBP11,1,0.9634801551618218
ambient,COCH,1,0.8753936142104707
ambient,KLK11,1,0.9920879704371935
ambient,AQP3,1,0.6270184234683804
ambient,CPA3,1,0.8882146202925337
ambient,AQP3,1,0.9225588491437613
inplane,AMY2A,2,0.9999801608499395
inplane,GCG,2,0.9971969543883915
inplane,GNG11,1,0.0
inplane,AMY2A,2,0.9999803294184684
inplane,FXYD2,1,0.9725349255802531
ambient,RIDA,1,0.8117580247255518
ambient,AMY2A,1,0.9999753518681143
induction,AMY2A,28,0.9999760805916935
induction,GATM,24,0.9999524616321002
induction,AQP8,28,0.26713593796787816
ambient,AMY2A,1,0.9999729575960711
ambient,AQP8,1,0.7050115344282348
outplane,CFTR,1,0.9997419744054463
outplane,AMY2A,3,0.9999579564154791
outplane,GATM,1,0.99991646383969
induction,AMY2A,24,0.9999798459028195
induction,GATM,32,0.9999598513290017
induction,AQP8,24,0.3230974854248485
induction,AMY2A,25,0.999977123209463
induction,GATM,26,0.9999546369098598
induction,AQP8,29,0.2768211903400971
outplane,EGFR,2,0.8221701553161974
outplane,GATM,2,0.9999530077469397
outplane,AQP8,1,0.6277231298747181
induction,AMY2A,20,0.9999819175170257
induction,GATM,28,0.9999639305767185
induction,AQP8,32,0.21810425796304866
outplane,MET,1,0.126814217303984
outplane,AMY2A,2,0.9999571688114358
outplane,GATM,1,0.9999158533733041
inplane,TCIM,1,0.0
inplane,SMYD2,1,0.7606340011843744
inplane,ANPEP,1,0.9996687088213215
inplane,LPL,1,0.2425281537118641
inplane,CFAP53,1,0.7501352548926636
ambient,CA4,1,0.8295436902858537
ambient,GATM,1,0.9999478802723526
outplane,CFTR,1,0.9998846046933075
outplane,EHF,1,0.9985617636342653
outplane,AMY2A,2,0.9999813291098792
ambient,DPEP1,1,0.9840129748409171
ambient,CA4,1,0.9089576821249803
outplane,CRISPLD2,1,0.1811738963005557
outplane,MDM2,1,0.543973311649036
outplane,AMY2A,2,0.9999821251585409
outplane,NTN4,1,0.7295792273463197
outplane,CFB,2,0.8347228550033711
outplane,CFTR,1,0.9998488188005203
outplane,ADAM28,1,0.7784147747445306
induction,AMY2A,20,0.9999766832733953
induction,GATM,30,0.9999536804274244
induction,AQP8,30,0.23747080780767293
outplane,TENT5C,1,0.997745299062193
outplane,AMY2A,4,0.9999814587482369
ambient,HAMP,1,0.8481659322222233
ambient,PROX1,1,0.8164781484360604
ambient,ANPEP,1,0.9997074662428337
ambient,GATM,1,0.9999599368930939
inplane,CFTR,1,0.9998616853884946
inplane,GATA2,1,0.0
inplane,AMY2A,2,0.9999773928938172
inplane,ANPEP,1,0.9993273766233626
inplane,AMY2A,1,0.9999594299745685
inplane,FXYD2,1,0.8854927887142225
inplane,CYP4B1,1,0.0
inplane,ACE2,1,0.03833719954440906
induction,AMY2A,25,0.9999824394654506
induction,GATM,23,0.9999649566744425
induction,AQP8,32,0.22273684710494046
ambient,AMY2A,1,0.9999654848090157
ambient,GLYATL1,1,0.4314490977465777
ambient,ANPEP,1,0.999742119850926
ambient,COCH,1,0.8163386968031207
outplane,AMY2A,2,0.9999783701778494
outplane,GATM,1,0.9999569315405902
outplane,DIRAS3,1,0.9467284222779273
inplane,MMRN2,1,0.0
inplane,TMC5,1,0.9965367791815919
inplane,EPCAM,1,0.9995421586329228
inplane,MET,1,0.39366133474621945
inplane,FXYD2,1,0.9619602813703702
outplane,PPP1R1A,1,0.9696263796345125
outplane,AMY2A,4,0.9999808728004121
induction,AMY2A,30,0.9999832136152685
induction,GATM,27,0.9999664933183241
induction,AQP8,23,0.3477204625384355
inplane,AMY2A,4,0.999981826340908
inplane,GATM,1,0.9999637627391028
induction,AMY2A,22,0.9999825964470462
induction,GATM,31,0.9999652770383316
induction,AQP8,27,0.2735131829850256
ambient,RIDA,1,0.8268273738981896
ambient,COCH,1,0.7748328620767794
induction,AMY2A,21,0.9999761969358442
induction,GATM,34,0.9999527785480358
induction,AQP8,25,0.2795333508428939
outplane,FBLN1,1,0.670271990469177
outplane,CAVIN1,1,0.09613027630290394
outplane,CLEC4E,1,0.25272711145294635
outplane,CFTR,1,0.999882938531548
outplane,CXCL6,1,0.9962479218326278
inplane,CD247,1,0.21157716293686424
inplane,AMY2A,2,0.9999820553255847
inplane,MCEMP1,1,0.12399278085028553
inplane,GATM,1,0.9999641900700084
outplane,DST,1,0.4969294934129498
outplane,MYC,1,0.7664851499985919
outplane,KIT,1,0.22234226471067187
outplane,AMY2A,3,0.9999826219613273
ambient,KLK11,1,0.9968575644791233
ambient,GLYATL1,1,0.6255845222063987
outplane,PMP22,1,0.33988811494854443
outplane,BCL2L11,1,0.33895401714020124
outplane,CFTR,1,0.9998424826964822
outplane,AMY2A,2,0.9999723630493529
inplane,KRT7,1,0.9923212746513996
inplane,AMY2A,2,0.999957730440201
inplane,HMGCS2,1,0.4901524910412344
inplane,GATM,1,0.9999169759902804
outplane,AMY2A,3,0.9999665416669015
outplane,HAMP,1,0.8295878207657723
ambient,GATM,1,0.9999341949757453
ambient,DIRAS3,1,0.9322976563540508
ambient,PEBP4,1,0.7358240587673734
ambient,GLYATL1,1,0.5686442224247386
ambient,DPEP1,1,0.9791558113412879
ambient,PROX1,1,0.8832467449813538
outplane,NTN4,1,0.8760790349514399
outplane,CNN1,1,0.9907602458888988
outplane,ANPEP,1,0.9997439967655075
outplane,CFTR,1,0.9998947480198764
outplane,AMY2A,1,0.9999824150776919
induction,AMY2A,24,0.9999803385492096
induction,GATM,24,0.9999608201598913
induction,AQP8,32,0.2213078990575853
inplane,MYC,1,0.6754444799045556
inplane,EPCAM,1,0.9994173231906872
inplane,AMY2A,1,0.9999816519656175
inplane,GATM,1,0.9999633917379593
induction,AMY2A,28,0.9999792821184647
induction,GATM,22,0.9999587215427155
induction,AQP8,30,0.2698027071843444
induction,AMY2A,30,0.9999812851460577
induction,GATM,29,0.9999626954190477
induction,AQP8,21,0.34800051923367437
outplane,AMY2A,3,0.9999781635867337
outplane,GATM,2,0.9999558891721831
induction,AMY2A,24,0.9999815936860578
induction,GATM,28,0.9999633089605771
induction,AQP8,28,0.3368307655400714
outplane,ANPEP,1,0.9997105043844652
outplane,KLK11,1,0.9968595911186873
outplane,AMY2A,3,0.9999804374001859
outplane,GATM,2,0.9999610161400336
inplane,STC2,2,0.0
inplane,AMY2A,1,0.9999788753304889
inplane,AQP8,1,0.6246136855127603
ambient,RIDA,1,0.899379336018736
ambient,PEBP4,1,0.8433182158562538
induction,AMY2A,26,0.9999821016015604
induction,GATM,22,0.9999642922460263
induction,AQP8,32,0.21434714632731855
induction,AMY2A,35,0.9999768753747199
induction,GATM,25,0.9999541157880493
induction,AQP8,20,0.39974242820104433
induction,AMY2A,23,0.9999813503526598
induction,GATM,29,0.999962805604138
induction,AQP8,28,0.28946045062266956
ambient,PROX1,1,0.8847090129493681
ambient,AQP3,1,0.8665687520629592
ambient,FKBP11,1,0.9472663624832771
ambient,HAMP,1,0.9240060892908588
ambient,RIDA,1,0.9546560334004361
ambient,PEBP4,1,0.9102450380112788
ambient,ANPEP,1,0.9997405323666321
ambient,CA4,1,0.9142216729898028
induction,AMY2A,27,0.9999821738232924
induction,GATM,25,0.9999644272432536
induction,AQP8,28,0.25188217302227656
ambient,UMOD,1,0.8883902298542006
ambient,KCNK3,1,0.9656273943683669
ambient,KCNK3,1,0.9699660566249244
ambient,AQP8,1,0.5807803693698932
induction,AMY2A,27,0.9999810290754935
induction,GATM,24,0.9999621900993252
induction,AQP8,29,0.23344092374501013
outplane,FKBP11,1,0.9507245018484769
outplane,AMY2A,3,0.9999796912996707
induction,AMY2A,26,0.999982586118325
induction,GATM,29,0.9999652705801583
induction,AQP8,25,0.2656700521038049
inplane,ASPN,1,0.33483415407542827
inplane,DST,1,0.4964784357294103
inplane,RGS16,1,0.3717443156251652
inplane,EHF,1,0.9980343795249457
inplane,AMY2A,1,0.9999758034306926
ambient,UMOD,1,0.9074187721681578
ambient,COCH,1,0.8069169246188548
outplane,BCL2L11,1,0.31656386421473237
outplane,MYC,1,0.6591697770180307
outplane,CFTR,1,0.9998832826177791
outplane,AMY2A,2,0.9999806448306833
inplane,PCNA,1,0.3628347601509959
inplane,CFB,2,0.8230597270675413
inplane,FBN1,1,1.0836886943366153e-12
inplane,ACTG2,1,0.3007540665021713
outplane,MDM2,1,0.5529060547527285
outplane,AMY2A,2,0.9999818696475129
outplane,GATM,2,0.9999638231274167
outplane,CFTR,1,0.9998860747704981
outplane,SNCA,1,0.12240866710829645
outplane,ERBB2,1,0.856912690827045
outplane,CHGA,1,0.966582622388826
induction,AMY2A,31,0.9999821642015949
induction,GATM,21,0.9999644188573943
induction,AQP8,28,0.26282158784776455
ambient,HAMP,2,0.882720476045734
outplane,PMP22,1,0.17434110267308245
outplane,CFTR,1,0.9998877429953051
outplane,ADAMTS1,1,0.010170812383457961
outplane,AMY2A,1,0.9999821064567864
outplane,GATM,1,0.9999642900073171
ambient,ANPEP,1,0.9996603427924241
ambient,COCH,1,0.6866399125607341
ambient,KCNK3,1,0.942520889562752
ambient,AQP3,1,0.8039144422912783
outplane,GATM,2,0.999964454351203
outplane,GLYATL1,2,0.6255144453603834
outplane,AMY2A,2,0.9999745728640937
outplane,GATM,2,0.9999494306500998
inplane,VCAN,1,0.9985925170683898
inplane,AMY2A,3,0.999981265675537
outplane,CFB,1,0.7589835161733645
outplane,PPP1R1B,1,0.9559318468915761
outplane,CFTR,1,0.9998866700594204
outplane,EHF,1,0.998495826993794
outplane,TM4SF18,1,0.0
inplane,AMY2A,2,0.9999589815404615
inplane,SH2D3C,1,0.0
inplane,GATM,1,0.9999194192200498
ambient,HAMP,1,0.9275054330354092
ambient,PROX1,1,0.915262659143762
ambient,RIDA,1,0.8108965599186908
ambient,AQP8,1,0.6600393256912391
ambient,ANPEP,1,0.9991582482397569
ambient,DIRAS3,1,0.8934704473573966
outplane,EPCAM,2,0.9994762529473532
outplane,AMY2A,1,0.9999661647854344
outplane,KCNK3,1,0.9487177743406541
outplane,GATM,1,0.9999311237179683
outplane,APOLD1,1,0.0
outplane,IL3RA,1,0.0
outplane,AMY2A,2,0.9999742884148787
outplane,GATM,1,0.9999489985157856
outplane,AQP8,1,0.6095374454090217
ambient,ANPEP,1,0.999737109885933
ambient,HAMP,1,0.9052178699679846
induction,AMY2A,24,0.999975660306486
induction,GATM,28,0.9999517220869107
induction,AQP8,28,0.2418710738094807
ambient,CPA3,1,0.8454514080414297
ambient,GATM,1,0.9999479522954058
inplane,CFB,1,0.9092707940964632
inplane,DST,1,0.6245082302519027
inplane,CYP2A7,1,0.6975416219545758
inplane,CFTR,1,0.9998933610960345
inplane,EHF,1,0.9987488941610018
inplane,SERPINB9,2,0.08677986811468064
inplane,CFTR,1,0.9998845171727928
inplane,AMY2A,1,0.9999815811896123
outplane,PPARG,1,0.10149212163170929
outplane,AMY2A,1,0.9999825889454236
outplane,GATM,2,0.9999652589025796
ambient,FKBP11,1,0.9477373125301181
ambient,PROX1,1,0.9120877540665864
inplane,PRDM1,1,0.08538509626891388
inplane,CFB,1,0.886820628282966
inplane,CLEC14A,1,0.0
inplane,CD93,1,0.0
outplane,GNG11,1,0.0
outplane,CFTR,1,0.9996908383098626
outplane,AMY2A,1,0.9999515113551727
outplane,AQP8,1,0.7259300041044172
ambient,DPEP1,1,0.9758058391291478
ambient,PROX1,1,0.8694741247329166
inplane,NTN4,1,0.8393569290295417
inplane,EPCAM,1,0.9994914888931018
inplane,AMY2A,2,0.9999806305560657
ambient,KCNK3,1,0.95903214944774
ambient,HAMP,1,0.8813039563240388
outplane,TENT5C,1,0.9949699520288117
outplane,AMY2A,3,0.9999578171543313
outplane,GATM,1,0.9999170875271576
ambient,COCH,1,0.7409044601014305
ambient,AQP8,1,0.5800450280294658
outplane,ANPEP,1,0.9997074074436686
outplane,AMY2A,1,0.9999800608271738
outplane,GATM,2,0.9999602527517406
outplane,AMY2A,2,0.9999798664404806
outplane,GATM,2,0.9999598949134983
outplane,INS,1,0.9972607725742887
outplane,GCG,1,0.9971902684573111
ambient,HAMP,1,0.8873332312721303
ambient,DIRAS3,1,0.9408794785445233
outplane,VCAN,1,0.9986735159753517
outplane,ANPEP,1,0.9997431497287818
outplane,AMY2A,1,0.9999823914153385
outplane,CXCL6,1,0.9985576359790265
inplane,STC2,1,0.0
inplane,PLD4,1,0.38069901873503
inplane,TCIM,1,0.0
inplane,AMY2A,1,0.9999823533628914
outplane,SLAMF7,1,0.9712243800666917
outplane,PMP22,1,0.2129066704708087
outplane,AMY2A,1,0.9999821020218771
outplane,GATM,1,0.9999642774024402
ambient,CFTR,1,0.9997101120773597
ambient,UMOD,1,0.727815316716756
outplane,EPCAM,1,0.998741566836551
outplane,MET,1,0.17028420008058165
outplane,ANPEP,1,0.9994440501202543
outplane,MPEG1,1,0.7889914850403608
outplane,AMY2A,1,0.9999647928314914
ambient,FKBP11,1,0.8968560445818082
ambient,AQP8,1,0.6106410013093628
inplane,DST,1,0.5701686192928086
inplane,CFTR,1,0.9998921033171463
inplane,AMY2A,4,0.9999819851439049
inplane,GATM,2,0.9999640544542447
outplane,CFB,1,0.8110046185498863
outplane,CFHR3,1,0.0
outplane,CFTR,1,0.9998889092025317
outplane,GATM,2,0.9999641115187385
ambient,CA4,1,0.9105689008434861
ambient,AMY2A,1,0.9999822574200902
inplane,ADGRL4,1,0.0
inplane,CFTR,1,0.9998619512471462
inplane,AMY2A,3,0.9999775551825081
inplane,TSPAN19,1,0.4133709035263119
outplane,AMY2A,3,0.9999821227651184
outplane,GATM,1,0.9999643231892211
induction,AMY2A,6,0.9999606948224604
induction,GATM,14,0.9999231046572016
induction,AQP8,12,0.4841853611273237
induction,AMY2A,37,0.9999826788356752
induction,GATM,22,0.9999654473656666
induction,AQP8,21,0.3067005581923137
outplane,CFTR,2,0.999892303182231
outplane,AMY2A,2,0.9999825933033761
outplane,GATM,1,0.999965262313022
outplane,MDM2,1,0.6380389916282365
outplane,CFTR,1,0.999874653861915
outplane,LIF,1,0.9893644149723078
outplane,PROX1,1,0.8912105986984454
outplane,NPDC1,1,0.0
outplane,AMY2A,1,0.9999669461690428
outplane,GATM,1,0.9999347045568131
outplane,DIRAS3,1,0.9071413502358305
inplane,APOLD1,1,0.0
inplane,MDM2,1,0.7562755472666634
inplane,CFTR,1,0.9998425518313222
inplane,FXYD2,1,0.9815101772782933
outplane,KCNMA1,1,0.5400677102104914
outplane,AMY2A,1,0.9999803210957958
outplane,GATM,2,0.9999607819910582
outplane,CRISPLD2,1,0.3326471996835607
outplane,SFRP4,1,0.06230452362912453
outplane,AMY2A,1,0.999981883263487
outplane,GATM,1,0.9999638467269112
inplane,SMYD2,1,0.8167826535722856
inplane,KLK11,1,0.9963460011797214
inplane,AMY2A,2,0.9999765552099525
inplane,GATM,1,0.9999534076909578
induction,AMY2A,27,0.999982873624859
induction,GATM,31,0.9999658288061666
induction,AQP8,22,0.27577982144361735
outplane,AMY2A,3,0.999966216616883
outplane,GATM,1,0.9999332744031493
inplane,CFTR,2,0.9998878721299121
inplane,PLCG2,2,0.0
inplane,SFRP2,1,0.9985099146615917
inplane,ACTA2,1,3.336109166696133e-12
inplane,KCNMA1,1,0.48271317130798275
inplane,GATM,1,0.9999639704183733
ambient,ANPEP,1,0.9997334853718929
ambient,CFTR,1,0.9998910238475214
induction,AMY2A,19,0.9999806788895752
induction,GATM,32,0.9999615054094175
induction,AQP8,29,0.21927219694560063
inplane,DST,1,0.3753327726282303
inplane,GATM,2,0.9999593449563979
inplane,AQP8,1,0.6636469441165541
induction,AMY2A,24,0.9999822544214529
induction,GATM,27,0.999964592989974
induction,AQP8,29,0.22987742341150097
ambient,CPA3,1,0.7960213360920421
ambient,KCNK3,1,0.9612741208120573
ambient,COCH,1,0.8366813891272187
ambient,DIRAS3,1,0.9601746997074707
ambient,KLK11,1,0.9972239668088977
ambient,DIRAS3,1,0.9582163752452569
outplane,DST,1,0.5315015061075061
outplane,EPCAM,1,0.9995277519758966
outplane,STC1,1,0.0
outplane,AMY2A,1,0.9999824821347411
outplane,FXYD2,1,0.9732138731079184
inplane,GATM,3,0.9999650149550537
inplane,AQP8,1,0.5344805377124102
ambient,RIDA,1,0.8207477375749062
ambient,AQP8,1,0.6556110359089619
induction,AMY2A,20,0.9999816442707781
induction,GATM,29,0.9999633835712873
induction,AQP8,31,0.24716574549647108
ambient,COCH,1,0.8059864669079424
ambient,AQP3,1,0.8867946610541022
outplane,APOLD1,1,0.0
outplane,SOX18,1,0.0
outplane,AMY2A,1,0.9999813052270089
outplane,GATM,1,0.9999626883988526
outplane,LY6D,1,0.12487325320450215
outplane,VCAN,1,0.9992658913685105
outplane,CFHR1,1,0.0
outplane,SFRP2,1,0.9992412111023299
outplane,MYC,2,0.730473461105972
induction,AMY2A,25,0.9999821550240372
induction,GATM,24,0.9999643921589061
induction,AQP8,31,0.21777413559665604
inplane,CFTR,2,0.9998887849030156
inplane,TFPI,1,0.0
inplane,AMY2A,1,0.9999807039918623
outplane,ADGRL4,1,0.0
outplane,MYC,1,0.7385476183016924
outplane,AMY2A,2,0.9999824397223024
ambient,ANPEP,1,0.9997381856719761
ambient,GLYATL1,1,0.6248736176542418
ambient,CA4,1,0.8288099595059675
ambient,DIRAS3,1,0.9217748841399126
outplane,CFTR,1,0.9998726429006899
outplane,AMY2A,2,0.9999792404723892
outplane,MLPH,1,0.5959129584632661
induction,AMY2A,17,0.999971151942939
induction,GATM,26,0.9999430823738966
induction,AQP8,21,0.33983983450226507
induction,AMY2A,21,0.9999816867742964
induction,GATM,22,0.9999634641036524
induction,AQP8,37,0.19237175364226844
ambient,COCH,1,0.7143864566777044
ambient,GLYATL1,1,0.5089287766918038
outplane,EPCAM,1,0.9994866300542946
outplane,ANPEP,1,0.999743382749952
outplane,CFTR,2,0.9998927782042157
outplane,AMY2A,1,0.9999824395289713
outplane,PROX1,1,0.9320923801767457
induction,AMY2A,29,0.9999800878526128
induction,GATM,21,0.9999603593505931
induction,AQP8,30,0.215392552550579
outplane,CFTR,1,0.9998841067201869
outplane,EHF,1,0.9987259741663755
outplane,AMY2A,3,0.9999806828321242
outplane,C7,1,0.30339447622338545
outplane,FXYD2,1,0.9725470003701354
outplane,PROX1,1,0.9008854773752232
outplane,CFB,2,0.7779155957049566
outplane,SMYD2,1,0.674915715604123
outplane,CFTR,1,0.9998854833333993
outplane,AMY2A,1,0.9999814364437659
outplane,GATM,1,0.9999629439502975
outplane,DST,1,0.43292104540135645
outplane,AMY2A,1,0.9999823067669585
outplane,GATM,2,0.9999646924301842
induction,AMY2A,34,0.9999826923881607
induction,GATM,21,0.9999654682006106
induction,AQP8,25,0.2922675773948509
inplane,TCIM,1,0.0
inplane,MDM2,2,0.46460620413177345
inplane,AMY2A,1,0.999981591573864
inplane,KCNK3,1,0.9612625887676363
inplane,GATM,1,0.9999632574000462
outplane,CFB,1,0.8909715718025552
outplane,AMY2A,2,0.999979907620693
outplane,GCG,1,0.9971093093758141
inplane,APOLD1,1,0.0
inplane,TMC5,1,0.9903598289814151
inplane,MYH11,1,0.9957269690399857
inplane,CFTR,1,0.9998899961064505
inplane,TM4SF18,1,0.0
outplane,CD14,1,0.833875209612948
outplane,SFRP4,1,0.5264372375280701
outplane,CFTR,1,0.9998533702342157
outplane,ADAMTS1,1,3.454792008028562e-12
outplane,AGR3,1,0.7981214910227752
ambient,CFTR,1,0.999862510143349
ambient,KCNK3,1,0.9471586583490814
inplane,TCIM,1,0.0
inplane,PCOLCE,1,0.10187005077128519
inplane,CFTR,1,0.9998245271680735
inplane,TFPI,1,0.0
inplane,AMY2A,1,0.9999728272113151
inplane,DIRAS3,2,0.9095773290971462
inplane,BASP1,1,0.5789490666117483
inplane,MEST,1,0.8345061758981167
inplane,AMY2A,1,0.9999817838447231
inplane,GATM,1,0.9999636443898112
inplane,AQP8,1,0.6028399663717794
inplane,GLIPR1,2,0.5724489904075896
inplane,CD93,2,0.0
inplane,GATM,2,0.9999515388218463
outplane,AMY2A,3,0.999953875497018
outplane,GATM,1,0.999909668534049
ambient,AMY2A,1,0.9999797070766648
ambient,CPA3,1,0.7946355112983872
ambient,AMY2A,1,0.9999777506154239
ambient,PROX1,1,0.9182512657248374
outplane,AMY2A,1,0.9999824404127057
outplane,PROX1,1,0.933428470456167
outplane,GATM,2,0.9999649682226395
ambient,CA4,1,0.8633871708214841
ambient,DIRAS3,1,0.9388905227691396
outplane,AMY2A,2,0.9999816924755491
outplane,AQP8,2,0.630486130301234
ambient,RIDA,1,0.8214945265853209
ambient,KLK11,1,0.9970971317859217
ambient,CPA3,1,0.8188100961431987
ambient,AQP8,1,0.6231644941488932
ambient,AMY2A,1,0.9999824362344243
ambient,GLYATL1,1,0.6045155885383378
outplane,AMY2A,1,0.9999810125195608
outplane,SCGN,1,0.9897575402761111
outplane,GATM,1,0.9999621584736543
outplane,AQP8,1,0.573842675932519
induction,AMY2A,27,0.9999798760972137
induction,GATM,17,0.9999599002702274
induction,AQP8,36,0.21299386524403763
inplane,AMY2A,1,0.9999791784156705
inplane,CPA3,1,0.8034272930757504
inplane,GATM,2,0.9999585361673822
ambient,KLK11,1,0.9968706825023865
ambient,GLYATL1,1,0.5344354592723781
outplane,AMY2A,2,0.9999804821710294
outplane,GATM,2,0.9999610933686179
outplane,AQP8,2,0.5244734830738003
induction,AMY2A,20,0.9999823180327886
induction,GATM,30,0.9999647221629968
induction,AQP8,30,0.21830582969192036
ambient,FKBP11,1,0.938098017555191
ambient,PROX1,1,0.8975053657458489
outplane,AMY2A,3,0.9999792308936977
outplane,KCNK3,1,0.9653172341282651
ambient,FKBP11,1,0.8823228244663472
ambient,AQP8,1,0.6184859679042083
ambient,CFTR,1,0.9998022848880411
ambient,COCH,1,0.7598010075795765
induction,AMY2A,28,0.9999808379878347
induction,GATM,23,0.9999618119674595
induction,AQP8,29,0.22453344569817124
inplane,CD247,1,0.6104658360301654
inplane,AMY2A,1,0.9999821994291006
inplane,GATM,2,0.9999644807434055
ambient,UMOD,1,0.8991802583035307
ambient,GATM,1,0.9999643730997622
inplane,PECAM1,1,0.0
inplane,FAS,1,0.3142330670508605
inplane,DST,1,0.47033074886466686
inplane,AMY2A,1,0.9999823401343184
induction,AMY2A,28,0.9999815575667579
induction,GATM,26,0.9999631962605934
induction,AQP8,26,0.31772784600496673
induction,AMY2A,29,0.9999825597128338
induction,GATM,25,0.9999652001959851
induction,AQP8,26,0.25569314766927254
outplane,SFRP4,1,0.7731618922137158
outplane,TM4SF18,1,0.0
outplane,AMY2A,2,0.999980384685997
induction,AMY2A,33,0.9999827412722577
induction,GATM,24,0.9999655682728391
induction,AQP8,23,0.2916872170822359
inplane,CFTR,1,0.9998821942013058
inplane,AMY2A,2,0.9999810171970105
inplane,GATM,1,0.9999621680241503
inplane,AQP8,1,0.588499490204797
ambient,KCNK3,1,0.9442075557223499
ambient,PEBP4,1,0.6650651999802428
inplane,MMRN2,1,0.0
inplane,CFHR3,1,0.0
inplane,CFTR,2,0.999859801004462
inplane,CDK1,1,0.2522094637947987
outplane,ANPEP,1,0.9997428982813569
outplane,AMY2A,2,0.9999824597933888
outplane,GATM,1,0.9999649977092252
inplane,MET,1,0.3369991016578284
inplane,AMY2A,4,0.9999820523007448
induction,AMY2A,26,0.9999815540917587
induction,GATM,23,0.9999632023639609
induction,AQP8,31,0.25354335874436185
ambient,FKBP11,1,0.953045948812834
ambient,UMOD,1,0.9235500118083025
inplane,LAMP3,1,0.7570391756717654
inplane,CLEC14A,1,0.0
inplane,GATM,1,0.9999580016696569
inplane,AQP8,1,0.6010265048704231
outplane,C1orf194,1,0.6403162253585255
outplane,AMY2A,2,0.9999824628481321
outplane,GATM,1,0.999965009238673
ambient,PROX1,1,0.8950700171670839
ambient,GLYATL1,1,0.6107594028507723
