"gene","excess_before","power","dataset","pair","variant","method","seed"
"GPX2",75.7,1,"pancreas_seeds","Ductal/tumor epithelial -> Endothelial","ls_nmf","membrane",1
"TMC5",122.2,0.874,"pancreas_seeds","Ductal/tumor epithelial -> Endothelial","ls_nmf","membrane",1
"SERPINB3",9.6,0.815,"pancreas_seeds","Ductal/tumor epithelial -> Endothelial","ls_nmf","membrane",1
"COL17A1",0,NA,"pancreas_seeds","Ductal/tumor epithelial -> Endothelial","ls_nmf","membrane",1
"CAPN8",2.6,1,"pancreas_seeds","Ductal/tumor epithelial -> Endothelial","ls_nmf","membrane",1
"DMBT1",15.6,0.908,"pancreas_seeds","Ductal/tumor epithelial -> Endothelial","ls_nmf","membrane",1
"GPRC5A",0,0.847,"pancreas_seeds","Ductal/tumor epithelial -> Endothelial","ls_nmf","membrane",1
"EPCAM",539.4,0.975,"pancreas_seeds","Ductal/tumor epithelial -> Endothelial","ls_nmf","membrane",1
"EHF",253.7,0.714,"pancreas_seeds","Ductal/tumor epithelial -> Endothelial","ls_nmf","membrane",1
"CXCL6",491.2,0.982,"pancreas_seeds","Ductal/tumor epithelial -> Endothelial","ls_nmf","membrane",1
"KRT7",89.5,0.46,"pancreas_seeds","Ductal/tumor epithelial -> Endothelial","ls_nmf","membrane",1
"FOXJ1",0,0.497,"pancreas_seeds","Ductal/tumor epithelial -> Endothelial","ls_nmf","membrane",1
"LIF",27.8,0.935,"pancreas_seeds","Ductal/tumor epithelial -> Endothelial","ls_nmf","membrane",1
"SERPINB2",9.1,1,"pancreas_seeds","Ductal/tumor epithelial -> Endothelial","ls_nmf","membrane",1
"C15orf48",42.4,1,"pancreas_seeds","Ductal/tumor epithelial -> Endothelial","ls_nmf","membrane",1
"PPP1R1B",336.8,0.677,"pancreas_seeds","Ductal/tumor epithelial -> Endothelial","ls_nmf","membrane",1
"BAMBI",31.6,0.388,"pancreas_seeds","Ductal/tumor epithelial -> Endothelial","ls_nmf","membrane",1
"CFB",625.4,0.576,"pancreas_seeds","Ductal/tumor epithelial -> Endothelial","ls_nmf","membrane",1
"LGR5",1.5,0.27,"pancreas_seeds","Ductal/tumor epithelial -> Endothelial","ls_nmf","membrane",1
"FOXA1",0,1,"pancreas_seeds","Ductal/tumor epithelial -> Endothelial","ls_nmf","membrane",1
"SERPINB3",96.4,0.104,"pancreas_seeds","Ductal/tumor epithelial -> Exocrine epithelial","ls_nmf","membrane",1
"COL17A1",63,0.111,"pancreas_seeds","Ductal/tumor epithelial -> Exocrine epithelial","ls_nmf","membrane",1
"GPRC5A",29.8,0.314,"pancreas_seeds","Ductal/tumor epithelial -> Exocrine epithelial","ls_nmf","membrane",1
"CAPN8",125.4,0.709,"pancreas_seeds","Ductal/tumor epithelial -> Exocrine epithelial","ls_nmf","membrane",1
"DMBT1",255,0.571,"pancreas_seeds","Ductal/tumor epithelial -> Exocrine epithelial","ls_nmf","membrane",1
"MALL",154.8,0.441,"pancreas_seeds","Ductal/tumor epithelial -> Exocrine epithelial","ls_nmf","membrane",1
"TMC5",2078.2,0.78,"pancreas_seeds","Ductal/tumor epithelial -> Exocrine epithelial","ls_nmf","membrane",1
"GPX2",1424,0.743,"pancreas_seeds","Ductal/tumor epithelial -> Exocrine epithelial","ls_nmf","membrane",1
"LIF",144.9,0.629,"pancreas_seeds","Ductal/tumor epithelial -> Exocrine epithelial","ls_nmf","membrane",1
"MKI67",78.6,0.064,"pancreas_seeds","Ductal/tumor epithelial -> Exocrine epithelial","ls_nmf","membrane",1
"FHL2",117.2,0.316,"pancreas_seeds","Ductal/tumor epithelial -> Exocrine epithelial","ls_nmf","membrane",1
"FOXJ1",0,NA,"pancreas_seeds","Ductal/tumor epithelial -> Exocrine epithelial","ls_nmf","membrane",1
"UBE2C",0,NA,"pancreas_seeds","Ductal/tumor epithelial -> Exocrine epithelial","ls_nmf","membrane",1
"CCNB2",51.3,0.259,"pancreas_seeds","Ductal/tumor epithelial -> Exocrine epithelial","ls_nmf","membrane",1
"SERPINB2",101.2,0.332,"pancreas_seeds","Ductal/tumor epithelial -> Exocrine epithelial","ls_nmf","membrane",1
"CENPF",99.6,0.079,"pancreas_seeds","Ductal/tumor epithelial -> Exocrine epithelial","ls_nmf","membrane",1
"FOXA1",0,NA,"pancreas_seeds","Ductal/tumor epithelial -> Exocrine epithelial","ls_nmf","membrane",1
"LGR5",8.3,0.561,"pancreas_seeds","Ductal/tumor epithelial -> Exocrine epithelial","ls_nmf","membrane",1
"CDK1",144.3,0.117,"pancreas_seeds","Ductal/tumor epithelial -> Exocrine epithelial","ls_nmf","membrane",1
"CXCL6",5252.3,0.993,"pancreas_seeds","Ductal/tumor epithelial -> Exocrine epithelial","ls_nmf","membrane",1
"GPX2",733,0.984,"pancreas_seeds","Ductal/tumor epithelial -> Fibroblast / CAF","ls_nmf","membrane",1
"TMC5",650.9,0.963,"pancreas_seeds","Ductal/tumor epithelial -> Fibroblast / CAF","ls_nmf","membrane",1
"COL17A1",178.6,0.98,"pancreas_seeds","Ductal/tumor epithelial -> Fibroblast / CAF","ls_nmf","membrane",1
"EPCAM",2659,0.862,"pancreas_seeds","Ductal/tumor epithelial -> Fibroblast / CAF","ls_nmf","membrane",1
"DMBT1",194.4,0.978,"pancreas_seeds","Ductal/tumor epithelial -> Fibroblast / CAF","ls_nmf","membrane",1
"CAPN8",167.2,0.962,"pancreas_seeds","Ductal/tumor epithelial -> Fibroblast / CAF","ls_nmf","membrane",1
"EHF",974.8,0.771,"pancreas_seeds","Ductal/tumor epithelial -> Fibroblast / CAF","ls_nmf","membrane",1
"SERPINB3",897.5,0.235,"pancreas_seeds","Ductal/tumor epithelial -> Fibroblast / CAF","ls_nmf","membrane",1
"GPRC5A",2341.6,0.836,"pancreas_seeds","Ductal/tumor epithelial -> Fibroblast / CAF","ls_nmf","membrane",1
"MET",556.3,0.329,"pancreas_seeds","Ductal/tumor epithelial -> Fibroblast / CAF","ls_nmf","membrane",1
"ARFGEF3",201.9,0.978,"pancreas_seeds","Ductal/tumor epithelial -> Fibroblast / CAF","ls_nmf","membrane",1
"FOXJ1",62,0.916,"pancreas_seeds","Ductal/tumor epithelial -> Fibroblast / CAF","ls_nmf","membrane",1
"FOXA1",25.6,0.925,"pancreas_seeds","Ductal/tumor epithelial -> Fibroblast / CAF","ls_nmf","membrane",1
"PPP1R1B",693.6,0.97,"pancreas_seeds","Ductal/tumor epithelial -> Fibroblast / CAF","ls_nmf","membrane",1
"MALL",1229.9,0.295,"pancreas_seeds","Ductal/tumor epithelial -> Fibroblast / CAF","ls_nmf","membrane",1
"CXCL6",1658.2,0.275,"pancreas_seeds","Ductal/tumor epithelial -> Fibroblast / CAF","ls_nmf","membrane",1
"SERPINB2",94.9,0.32,"pancreas_seeds","Ductal/tumor epithelial -> Fibroblast / CAF","ls_nmf","membrane",1
"UBE2C",223.1,0.831,"pancreas_seeds","Ductal/tumor epithelial -> Fibroblast / CAF","ls_nmf","membrane",1
"KRT7",332.6,0.255,"pancreas_seeds","Ductal/tumor epithelial -> Fibroblast / CAF","ls_nmf","membrane",1
"BAMBI",434.4,0.277,"pancreas_seeds","Ductal/tumor epithelial -> Fibroblast / CAF","ls_nmf","membrane",1
"GPX2",474.6,0.184,"pancreas_seeds","Ductal/tumor epithelial -> Immune","ls_nmf","membrane",1
"COL17A1",82.9,-0.012,"pancreas_seeds","Ductal/tumor epithelial -> Immune","ls_nmf","membrane",1
"EPCAM",1035.5,0.634,"pancreas_seeds","Ductal/tumor epithelial -> Immune","ls_nmf","membrane",1
"TMC5",406.1,0.274,"pancreas_seeds","Ductal/tumor epithelial -> Immune","ls_nmf","membrane",1
"GPRC5A",793.4,0,"pancreas_seeds","Ductal/tumor epithelial -> Immune","ls_nmf","membrane",1
"SERPINB3",248.3,0.004,"pancreas_seeds","Ductal/tumor epithelial -> Immune","ls_nmf","membrane",1
"DMBT1",135.4,0.076,"pancreas_seeds","Ductal/tumor epithelial -> Immune","ls_nmf","membrane",1
"CAPN8",79.9,0.036,"pancreas_seeds","Ductal/tumor epithelial -> Immune","ls_nmf","membrane",1
"FOXA1",8.3,0,"pancreas_seeds","Ductal/tumor epithelial -> Immune","ls_nmf","membrane",1
"MET",295.5,0.443,"pancreas_seeds","Ductal/tumor epithelial -> Immune","ls_nmf","membrane",1
"MALL",382.7,0.008,"pancreas_seeds","Ductal/tumor epithelial -> Immune","ls_nmf","membrane",1
"FOXJ1",30.3,0.03,"pancreas_seeds","Ductal/tumor epithelial -> Immune","ls_nmf","membrane",1
"ARFGEF3",134.1,0.546,"pancreas_seeds","Ductal/tumor epithelial -> Immune","ls_nmf","membrane",1
"EHF",557.6,0.526,"pancreas_seeds","Ductal/tumor epithelial -> Immune","ls_nmf","membrane",1
"CXCL6",1333.9,0.829,"pancreas_seeds","Ductal/tumor epithelial -> Immune","ls_nmf","membrane",1
"PPP1R1B",532.8,0.663,"pancreas_seeds","Ductal/tumor epithelial -> Immune","ls_nmf","membrane",1
"KRT7",316.3,0.374,"pancreas_seeds","Ductal/tumor epithelial -> Immune","ls_nmf","membrane",1
"CFB",1381.7,0.511,"pancreas_seeds","Ductal/tumor epithelial -> Immune","ls_nmf","membrane",1
"BAMBI",139.5,0.346,"pancreas_seeds","Ductal/tumor epithelial -> Immune","ls_nmf","membrane",1
"ERBB2",108.3,0.77,"pancreas_seeds","Ductal/tumor epithelial -> Immune","ls_nmf","membrane",1
"GPX2",20.8,0,"pancreas_seeds","Ductal/tumor epithelial -> Mural / pericyte","ls_nmf","membrane",1
"EHF",20.3,0.077,"pancreas_seeds","Ductal/tumor epithelial -> Mural / pericyte","ls_nmf","membrane",1
"EPCAM",43.2,0.069,"pancreas_seeds","Ductal/tumor epithelial -> Mural / pericyte","ls_nmf","membrane",1
"COL17A1",7.4,0,"pancreas_seeds","Ductal/tumor epithelial -> Mural / pericyte","ls_nmf","membrane",1
"SERPINB3",19.5,0,"pancreas_seeds","Ductal/tumor epithelial -> Mural / pericyte","ls_nmf","membrane",1
"TMC5",21.4,0,"pancreas_seeds","Ductal/tumor epithelial -> Mural / pericyte","ls_nmf","membrane",1
"DMBT1",5.3,0,"pancreas_seeds","Ductal/tumor epithelial -> Mural / pericyte","ls_nmf","membrane",1
"CXCL6",71.4,0,"pancreas_seeds","Ductal/tumor epithelial -> Mural / pericyte","ls_nmf","membrane",1
"GPRC5A",52.8,0,"pancreas_seeds","Ductal/tumor epithelial -> Mural / pericyte","ls_nmf","membrane",1
"ARFGEF3",4.1,-0.097,"pancreas_seeds","Ductal/tumor epithelial -> Mural / pericyte","ls_nmf","membrane",1
"CAPN8",9,0,"pancreas_seeds","Ductal/tumor epithelial -> Mural / pericyte","ls_nmf","membrane",1
"KRT7",20.6,0,"pancreas_seeds","Ductal/tumor epithelial -> Mural / pericyte","ls_nmf","membrane",1
"MET",22.5,0,"pancreas_seeds","Ductal/tumor epithelial -> Mural / pericyte","ls_nmf","membrane",1
"C15orf48",32.5,0,"pancreas_seeds","Ductal/tumor epithelial -> Mural / pericyte","ls_nmf","membrane",1
"MALL",27.1,0,"pancreas_seeds","Ductal/tumor epithelial -> Mural / pericyte","ls_nmf","membrane",1
"FOXJ1",1.1,0,"pancreas_seeds","Ductal/tumor epithelial -> Mural / pericyte","ls_nmf","membrane",1
"SERPINB2",5.9,0,"pancreas_seeds","Ductal/tumor epithelial -> Mural / pericyte","ls_nmf","membrane",1
"MKI67",12.5,0,"pancreas_seeds","Ductal/tumor epithelial -> Mural / pericyte","ls_nmf","membrane",1
"PPP1R1B",9,0.111,"pancreas_seeds","Ductal/tumor epithelial -> Mural / pericyte","ls_nmf","membrane",1
"UBE2C",6.9,0,"pancreas_seeds","Ductal/tumor epithelial -> Mural / pericyte","ls_nmf","membrane",1
"INS",540.8,0.987,"pancreas_seeds","Endocrine -> Ductal/tumor epithelial","ls_nmf","membrane",1
"SST",212.1,0.819,"pancreas_seeds","Endocrine -> Ductal/tumor epithelial","ls_nmf","membrane",1
"GCG",867.1,0.95,"pancreas_seeds","Endocrine -> Ductal/tumor epithelial","ls_nmf","membrane",1
"CHGA",49.7,0.971,"pancreas_seeds","Endocrine -> Ductal/tumor epithelial","ls_nmf","membrane",1
"PCSK2",42.2,0.839,"pancreas_seeds","Endocrine -> Ductal/tumor epithelial","ls_nmf","membrane",1
"SCGN",79.8,0.332,"pancreas_seeds","Endocrine -> Ductal/tumor epithelial","ls_nmf","membrane",1
"HEPACAM2",13.8,0.042,"pancreas_seeds","Endocrine -> Ductal/tumor epithelial","ls_nmf","membrane",1
"PPY",43,0.221,"pancreas_seeds","Endocrine -> Ductal/tumor epithelial","ls_nmf","membrane",1
"GHRL",32.2,0.087,"pancreas_seeds","Endocrine -> Ductal/tumor epithelial","ls_nmf","membrane",1
"PPP1R1A",12.8,0.126,"pancreas_seeds","Endocrine -> Ductal/tumor epithelial","ls_nmf","membrane",1
"PCP4",21.8,0.172,"pancreas_seeds","Endocrine -> Ductal/tumor epithelial","ls_nmf","membrane",1
"MMRN1",11.5,0.554,"pancreas_seeds","Endocrine -> Ductal/tumor epithelial","ls_nmf","membrane",1
"SLC18A2",4.8,0.156,"pancreas_seeds","Endocrine -> Ductal/tumor epithelial","ls_nmf","membrane",1
"PRG4",5.5,0.742,"pancreas_seeds","Endocrine -> Ductal/tumor epithelial","ls_nmf","membrane",1
"SCGB2A1",28.1,0.091,"pancreas_seeds","Endocrine -> Ductal/tumor epithelial","ls_nmf","membrane",1
"TENT5C",9.6,0.123,"pancreas_seeds","Endocrine -> Ductal/tumor epithelial","ls_nmf","membrane",1
"KCNMA1",0,-1.73,"pancreas_seeds","Endocrine -> Ductal/tumor epithelial","ls_nmf","membrane",1
"PGR",2.7,0.179,"pancreas_seeds","Endocrine -> Ductal/tumor epithelial","ls_nmf","membrane",1
"TM4SF4",140.2,0.161,"pancreas_seeds","Endocrine -> Ductal/tumor epithelial","ls_nmf","membrane",1
"ESR1",0,NA,"pancreas_seeds","Endocrine -> Ductal/tumor epithelial","ls_nmf","membrane",1
"INS",1266.8,0.997,"pancreas_seeds","Endocrine -> Endothelial","ls_nmf","membrane",1
"GCG",1230,0.822,"pancreas_seeds","Endocrine -> Endothelial","ls_nmf","membrane",1
"SST",512,0.994,"pancreas_seeds","Endocrine -> Endothelial","ls_nmf","membrane",1
"CHGA",85.5,0.966,"pancreas_seeds","Endocrine -> Endothelial","ls_nmf","membrane",1
"PCSK2",63.2,0.717,"pancreas_seeds","Endocrine -> Endothelial","ls_nmf","membrane",1
"SCGN",209.5,0.777,"pancreas_seeds","Endocrine -> Endothelial","ls_nmf","membrane",1
"PPY",64.4,0.535,"pancreas_seeds","Endocrine -> Endothelial","ls_nmf","membrane",1
"HEPACAM2",29.7,0.968,"pancreas_seeds","Endocrine -> Endothelial","ls_nmf","membrane",1
"PPP1R1A",33.4,0.886,"pancreas_seeds","Endocrine -> Endothelial","ls_nmf","membrane",1
"PCP4",24.9,0.581,"pancreas_seeds","Endocrine -> Endothelial","ls_nmf","membrane",1
"GHRL",29.6,0.59,"pancreas_seeds","Endocrine -> Endothelial","ls_nmf","membrane",1
"SCGB2A1",20.4,0.644,"pancreas_seeds","Endocrine -> Endothelial","ls_nmf","membrane",1
"TM4SF4",44,0.82,"pancreas_seeds","Endocrine -> Endothelial","ls_nmf","membrane",1
"SLC18A2",2.8,0.864,"pancreas_seeds","Endocrine -> Endothelial","ls_nmf","membrane",1
"KCNMA1",20.3,0.644,"pancreas_seeds","Endocrine -> Endothelial","ls_nmf","membrane",1
"TENT5C",14.6,0.751,"pancreas_seeds","Endocrine -> Endothelial","ls_nmf","membrane",1
"PRG4",8.6,0.682,"pancreas_seeds","Endocrine -> Endothelial","ls_nmf","membrane",1
"PGR",3,0.836,"pancreas_seeds","Endocrine -> Endothelial","ls_nmf","membrane",1
"FXYD2",13.7,0.767,"pancreas_seeds","Endocrine -> Endothelial","ls_nmf","membrane",1
"HEMGN",1.5,0.881,"pancreas_seeds","Endocrine -> Endothelial","ls_nmf","membrane",1
"INS",1974,0.986,"pancreas_seeds","Endocrine -> Exocrine epithelial","ls_nmf","membrane",1
"GCG",1673.9,0.963,"pancreas_seeds","Endocrine -> Exocrine epithelial","ls_nmf","membrane",1
"CHGA",118.8,0.933,"pancreas_seeds","Endocrine -> Exocrine epithelial","ls_nmf","membrane",1
"PCSK2",75.8,0.928,"pancreas_seeds","Endocrine -> Exocrine epithelial","ls_nmf","membrane",1
"SST",689,0.244,"pancreas_seeds","Endocrine -> Exocrine epithelial","ls_nmf","membrane",1
"PPY",79.5,0.961,"pancreas_seeds","Endocrine -> Exocrine epithelial","ls_nmf","membrane",1
"SCGN",213.5,0.228,"pancreas_seeds","Endocrine -> Exocrine epithelial","ls_nmf","membrane",1
"MMRN1",29.4,0.99,"pancreas_seeds","Endocrine -> Exocrine epithelial","ls_nmf","membrane",1
"HEPACAM2",35.8,0.254,"pancreas_seeds","Endocrine -> Exocrine epithelial","ls_nmf","membrane",1
"GHRL",94.6,0.128,"pancreas_seeds","Endocrine -> Exocrine epithelial","ls_nmf","membrane",1
"PCP4",22.1,0.66,"pancreas_seeds","Endocrine -> Exocrine epithelial","ls_nmf","membrane",1
"PPP1R1A",58.2,0.248,"pancreas_seeds","Endocrine -> Exocrine epithelial","ls_nmf","membrane",1
"SCGB2A1",14,0.393,"pancreas_seeds","Endocrine -> Exocrine epithelial","ls_nmf","membrane",1
"PRG4",2.6,-0.126,"pancreas_seeds","Endocrine -> Exocrine epithelial","ls_nmf","membrane",1
"SLC18A2",0,1,"pancreas_seeds","Endocrine -> Exocrine epithelial","ls_nmf","membrane",1
"TM4SF4",53.2,0.994,"pancreas_seeds","Endocrine -> Exocrine epithelial","ls_nmf","membrane",1
"PGR",12.7,0.197,"pancreas_seeds","Endocrine -> Exocrine epithelial","ls_nmf","membrane",1
"KCNMA1",17.8,0.475,"pancreas_seeds","Endocrine -> Exocrine epithelial","ls_nmf","membrane",1
"SNCA",0,0.95,"pancreas_seeds","Endocrine -> Exocrine epithelial","ls_nmf","membrane",1
"ESR1",0,-4.077,"pancreas_seeds","Endocrine -> Exocrine epithelial","ls_nmf","membrane",1
"INS",479.7,0.994,"pancreas_seeds","Endocrine -> Fibroblast / CAF","ls_nmf","membrane",1
"SST",204.1,1,"pancreas_seeds","Endocrine -> Fibroblast / CAF","ls_nmf","membrane",1
"GCG",1154.5,0.772,"pancreas_seeds","Endocrine -> Fibroblast / CAF","ls_nmf","membrane",1
"CHGA",43.2,0.923,"pancreas_seeds","Endocrine -> Fibroblast / CAF","ls_nmf","membrane",1
"SCGN",142.5,0.757,"pancreas_seeds","Endocrine -> Fibroblast / CAF","ls_nmf","membrane",1
"PCSK2",64.4,0.354,"pancreas_seeds","Endocrine -> Fibroblast / CAF","ls_nmf","membrane",1
"PPY",45.7,0.361,"pancreas_seeds","Endocrine -> Fibroblast / CAF","ls_nmf","membrane",1
"PPP1R1A",17.3,0.088,"pancreas_seeds","Endocrine -> Fibroblast / CAF","ls_nmf","membrane",1
"HEPACAM2",17.2,0.502,"pancreas_seeds","Endocrine -> Fibroblast / CAF","ls_nmf","membrane",1
"SCGB2A1",25,0.26,"pancreas_seeds","Endocrine -> Fibroblast / CAF","ls_nmf","membrane",1
"TM4SF4",62.2,0.925,"pancreas_seeds","Endocrine -> Fibroblast / CAF","ls_nmf","membrane",1
"GHRL",25.5,0.38,"pancreas_seeds","Endocrine -> Fibroblast / CAF","ls_nmf","membrane",1
"PCP4",9.6,-0.02,"pancreas_seeds","Endocrine -> Fibroblast / CAF","ls_nmf","membrane",1
"MMRN1",5.9,0.444,"pancreas_seeds","Endocrine -> Fibroblast / CAF","ls_nmf","membrane",1
"SLC18A2",4.4,0.166,"pancreas_seeds","Endocrine -> Fibroblast / CAF","ls_nmf","membrane",1
"FXYD2",32.5,0.954,"pancreas_seeds","Endocrine -> Fibroblast / CAF","ls_nmf","membrane",1
"TENT5C",14.8,0.267,"pancreas_seeds","Endocrine -> Fibroblast / CAF","ls_nmf","membrane",1
"KCNMA1",0,0.722,"pancreas_seeds","Endocrine -> Fibroblast / CAF","ls_nmf","membrane",1
"VWA5A",13.8,0.262,"pancreas_seeds","Endocrine -> Fibroblast / CAF","ls_nmf","membrane",1
"SNCA",0.6,0.212,"pancreas_seeds","Endocrine -> Fibroblast / CAF","ls_nmf","membrane",1
"INS",217.3,0.183,"pancreas_seeds","Endocrine -> Immune","ls_nmf","membrane",1
"GCG",402.5,0.941,"pancreas_seeds","Endocrine -> Immune","ls_nmf","membrane",1
"SST",134.2,1,"pancreas_seeds","Endocrine -> Immune","ls_nmf","membrane",1
"CHGA",23.6,0.455,"pancreas_seeds","Endocrine -> Immune","ls_nmf","membrane",1
"SCGN",64,0.364,"pancreas_seeds","Endocrine -> Immune","ls_nmf","membrane",1
"PCSK2",18.7,0.051,"pancreas_seeds","Endocrine -> Immune","ls_nmf","membrane",1
"PPY",14.6,-0.005,"pancreas_seeds","Endocrine -> Immune","ls_nmf","membrane",1
"PPP1R1A",4.2,0.316,"pancreas_seeds","Endocrine -> Immune","ls_nmf","membrane",1
"HEPACAM2",6.9,0.341,"pancreas_seeds","Endocrine -> Immune","ls_nmf","membrane",1
"SCGB2A1",8,0.483,"pancreas_seeds","Endocrine -> Immune","ls_nmf","membrane",1
"TM4SF4",19.6,0.723,"pancreas_seeds","Endocrine -> Immune","ls_nmf","membrane",1
"GHRL",9.5,-0.022,"pancreas_seeds","Endocrine -> Immune","ls_nmf","membrane",1
"PCP4",5.8,-0.048,"pancreas_seeds","Endocrine -> Immune","ls_nmf","membrane",1
"MMRN1",0,NA,"pancreas_seeds","Endocrine -> Immune","ls_nmf","membrane",1
"SLC18A2",2.3,0.533,"pancreas_seeds","Endocrine -> Immune","ls_nmf","membrane",1
"PRG4",6.1,0.655,"pancreas_seeds","Endocrine -> Immune","ls_nmf","membrane",1
"FXYD2",20.8,0.929,"pancreas_seeds","Endocrine -> Immune","ls_nmf","membrane",1
"PGR",4.9,-0.047,"pancreas_seeds","Endocrine -> Immune","ls_nmf","membrane",1
"TENT5C",0,NA,"pancreas_seeds","Endocrine -> Immune","ls_nmf","membrane",1
"VWA5A",0.6,0.374,"pancreas_seeds","Endocrine -> Immune","ls_nmf","membrane",1
"PECAM1",783.7,0.944,"pancreas_seeds","Endothelial -> Ductal/tumor epithelial","ls_nmf","membrane",1
"ADGRL4",248,0.886,"pancreas_seeds","Endothelial -> Ductal/tumor epithelial","ls_nmf","membrane",1
"CD93",626,0.286,"pancreas_seeds","Endothelial -> Ductal/tumor epithelial","ls_nmf","membrane",1
"CLEC14A",128.7,0.992,"pancreas_seeds","Endothelial -> Ductal/tumor epithelial","ls_nmf","membrane",1
"VWF",112.7,0.988,"pancreas_seeds","Endothelial -> Ductal/tumor epithelial","ls_nmf","membrane",1
"CD34",422,0.389,"pancreas_seeds","Endothelial -> Ductal/tumor epithelial","ls_nmf","membrane",1
"ECSCR",67.5,0.986,"pancreas_seeds","Endothelial -> Ductal/tumor epithelial","ls_nmf","membrane",1
"ACKR1",39.5,0.775,"pancreas_seeds","Endothelial -> Ductal/tumor epithelial","ls_nmf","membrane",1
"EDNRB",73,-0.065,"pancreas_seeds","Endothelial -> Ductal/tumor epithelial","ls_nmf","membrane",1
"SOX17",67.5,0.244,"pancreas_seeds","Endothelial -> Ductal/tumor epithelial","ls_nmf","membrane",1
"STC1",357.7,0.101,"pancreas_seeds","Endothelial -> Ductal/tumor epithelial","ls_nmf","membrane",1
"APOLD1",146.7,0.617,"pancreas_seeds","Endothelial -> Ductal/tumor epithelial","ls_nmf","membrane",1
"RAMP2",12.5,0.363,"pancreas_seeds","Endothelial -> Ductal/tumor epithelial","ls_nmf","membrane",1
"TCF4",106.2,0.191,"pancreas_seeds","Endothelial -> Ductal/tumor epithelial","ls_nmf","membrane",1
"CAVIN2",101.2,0.109,"pancreas_seeds","Endothelial -> Ductal/tumor epithelial","ls_nmf","membrane",1
"IL3RA",0,0.549,"pancreas_seeds","Endothelial -> Ductal/tumor epithelial","ls_nmf","membrane",1
"SELE",5,-0.017,"pancreas_seeds","Endothelial -> Ductal/tumor epithelial","ls_nmf","membrane",1
"GNG11",799,0.042,"pancreas_seeds","Endothelial -> Ductal/tumor epithelial","ls_nmf","membrane",1
"ANGPT2",0,1,"pancreas_seeds","Endothelial -> Ductal/tumor epithelial","ls_nmf","membrane",1
"ERG",23.2,0.853,"pancreas_seeds","Endothelial -> Ductal/tumor epithelial","ls_nmf","membrane",1
"PECAM1",88.2,0.987,"pancreas_seeds","Endothelial -> Endocrine","ls_nmf","membrane",1
"CLEC14A",10,0.23,"pancreas_seeds","Endothelial -> Endocrine","ls_nmf","membrane",1
"VWF",8.6,1,"pancreas_seeds","Endothelial -> Endocrine","ls_nmf","membrane",1
"ACKR1",0.6,0.568,"pancreas_seeds","Endothelial -> Endocrine","ls_nmf","membrane",1
"IL3RA",18.7,0.586,"pancreas_seeds","Endothelial -> Endocrine","ls_nmf","membrane",1
"CD93",44.8,0.962,"pancreas_seeds","Endothelial -> Endocrine","ls_nmf","membrane",1
"ADGRL4",37.3,0.412,"pancreas_seeds","Endothelial -> Endocrine","ls_nmf","membrane",1
"STC1",47.2,0.415,"pancreas_seeds","Endothelial -> Endocrine","ls_nmf","membrane",1
"ECSCR",17.6,1,"pancreas_seeds","Endothelial -> Endocrine","ls_nmf","membrane",1
"SOX17",19.3,0.506,"pancreas_seeds","Endothelial -> Endocrine","ls_nmf","membrane",1
"CD34",41.5,0.547,"pancreas_seeds","Endothelial -> Endocrine","ls_nmf","membrane",1
"RAPGEF3",6.4,-0.011,"pancreas_seeds","Endothelial -> Endocrine","ls_nmf","membrane",1
"APOLD1",76,0.336,"pancreas_seeds","Endothelial -> Endocrine","ls_nmf","membrane",1
"SH2D3C",15.4,0.827,"pancreas_seeds","Endothelial -> Endocrine","ls_nmf","membrane",1
"GNG11",22.9,0.223,"pancreas_seeds","Endothelial -> Endocrine","ls_nmf","membrane",1
"RAMP2",1.7,-0.686,"pancreas_seeds","Endothelial -> Endocrine","ls_nmf","membrane",1
"ERG",2.2,0.765,"pancreas_seeds","Endothelial -> Endocrine","ls_nmf","membrane",1
"MMRN2",28.4,0.081,"pancreas_seeds","Endothelial -> Endocrine","ls_nmf","membrane",1
"TCIM",27.8,0.094,"pancreas_seeds","Endothelial -> Endocrine","ls_nmf","membrane",1
"S100A12",20.6,0.615,"pancreas_seeds","Endothelial -> Endocrine","ls_nmf","membrane",1
"VWF",309.1,0.972,"pancreas_seeds","Endothelial -> Exocrine epithelial","ls_nmf","membrane",1
"CLEC14A",282.8,0.965,"pancreas_seeds","Endothelial -> Exocrine epithelial","ls_nmf","membrane",1
"ADGRL4",451.5,0.921,"pancreas_seeds","Endothelial -> Exocrine epithelial","ls_nmf","membrane",1
"PECAM1",1520.5,0.954,"pancreas_seeds","Endothelial -> Exocrine epithelial","ls_nmf","membrane",1
"ANGPT2",8.7,0.929,"pancreas_seeds","Endothelial -> Exocrine epithelial","ls_nmf","membrane",1
"ACKR1",107,0.484,"pancreas_seeds","Endothelial -> Exocrine epithelial","ls_nmf","membrane",1
"ECSCR",195.3,0.98,"pancreas_seeds","Endothelial -> Exocrine epithelial","ls_nmf","membrane",1
"CD34",550,0.782,"pancreas_seeds","Endothelial -> Exocrine epithelial","ls_nmf","membrane",1
"CD93",827.3,0.537,"pancreas_seeds","Endothelial -> Exocrine epithelial","ls_nmf","membrane",1
"STC1",484.6,0.526,"pancreas_seeds","Endothelial -> Exocrine epithelial","ls_nmf","membrane",1
"RAMP2",76.7,0.368,"pancreas_seeds","Endothelial -> Exocrine epithelial","ls_nmf","membrane",1
"SOX17",238.7,0.233,"pancreas_seeds","Endothelial -> Exocrine epithelial","ls_nmf","membrane",1
"EGFL7",19,0.418,"pancreas_seeds","Endothelial -> Exocrine epithelial","ls_nmf","membrane",1
"APOLD1",847.2,0.185,"pancreas_seeds","Endothelial -> Exocrine epithelial","ls_nmf","membrane",1
"IL3RA",91,0.951,"pancreas_seeds","Endothelial -> Exocrine epithelial","ls_nmf","membrane",1
"SH2D3C",60.5,0.768,"pancreas_seeds","Endothelial -> Exocrine epithelial","ls_nmf","membrane",1
"HIGD1B",48.7,0.386,"pancreas_seeds","Endothelial -> Exocrine epithelial","ls_nmf","membrane",1
"TCF4",163,0.125,"pancreas_seeds","Endothelial -> Exocrine epithelial","ls_nmf","membrane",1
"EDNRB",140.4,0.267,"pancreas_seeds","Endothelial -> Exocrine epithelial","ls_nmf","membrane",1
"SOX18",12.3,-0.233,"pancreas_seeds","Endothelial -> Exocrine epithelial","ls_nmf","membrane",1
"STC1",425.4,0.973,"pancreas_seeds","Endothelial -> Fibroblast / CAF","ls_nmf","membrane",1
"VWF",608.5,0.89,"pancreas_seeds","Endothelial -> Fibroblast / CAF","ls_nmf","membrane",1
"ACKR1",153,0.905,"pancreas_seeds","Endothelial -> Fibroblast / CAF","ls_nmf","membrane",1
"CLEC14A",314.9,0.892,"pancreas_seeds","Endothelial -> Fibroblast / CAF","ls_nmf","membrane",1
"SOX17",101.6,0.873,"pancreas_seeds","Endothelial -> Fibroblast / CAF","ls_nmf","membrane",1
"APOLD1",697.2,0.266,"pancreas_seeds","Endothelial -> Fibroblast / CAF","ls_nmf","membrane",1
"ECSCR",298.1,0.933,"pancreas_seeds","Endothelial -> Fibroblast / CAF","ls_nmf","membrane",1
"EGFL7",143.7,0.3,"pancreas_seeds","Endothelial -> Fibroblast / CAF","ls_nmf","membrane",1
"ADGRL4",561,0.446,"pancreas_seeds","Endothelial -> Fibroblast / CAF","ls_nmf","membrane",1
"RAMP2",119.4,0.319,"pancreas_seeds","Endothelial -> Fibroblast / CAF","ls_nmf","membrane",1
"CD93",929.9,0.266,"pancreas_seeds","Endothelial -> Fibroblast / CAF","ls_nmf","membrane",1
"PECAM1",1384.2,0.604,"pancreas_seeds","Endothelial -> Fibroblast / CAF","ls_nmf","membrane",1
"BTNL9",41,0.252,"pancreas_seeds","Endothelial -> Fibroblast / CAF","ls_nmf","membrane",1
"IL3RA",95.5,0.279,"pancreas_seeds","Endothelial -> Fibroblast / CAF","ls_nmf","membrane",1
"MMRN2",228.3,0.403,"pancreas_seeds","Endothelial -> Fibroblast / CAF","ls_nmf","membrane",1
"MCF2L",59.6,0.634,"pancreas_seeds","Endothelial -> Fibroblast / CAF","ls_nmf","membrane",1
"CD34",891.2,0.213,"pancreas_seeds","Endothelial -> Fibroblast / CAF","ls_nmf","membrane",1
"SELE",8.1,0.487,"pancreas_seeds","Endothelial -> Fibroblast / CAF","ls_nmf","membrane",1
"CAVIN2",109.1,0.745,"pancreas_seeds","Endothelial -> Fibroblast / CAF","ls_nmf","membrane",1
"BMX",16.8,0.578,"pancreas_seeds","Endothelial -> Fibroblast / CAF","ls_nmf","membrane",1
"CLEC14A",161.7,0.927,"pancreas_seeds","Endothelial -> Immune","ls_nmf","membrane",1
"VWF",312.4,0.957,"pancreas_seeds","Endothelial -> Immune","ls_nmf","membrane",1
"STC1",234.3,0.994,"pancreas_seeds","Endothelial -> Immune","ls_nmf","membrane",1
"ADGRL4",319.6,0.801,"pancreas_seeds","Endothelial -> Immune","ls_nmf","membrane",1
"RAMP2",61,0.411,"pancreas_seeds","Endothelial -> Immune","ls_nmf","membrane",1
"APOLD1",359.2,0.55,"pancreas_seeds","Endothelial -> Immune","ls_nmf","membrane",1
"SOX17",38.7,0.752,"pancreas_seeds","Endothelial -> Immune","ls_nmf","membrane",1
"ACKR1",99.7,0.989,"pancreas_seeds","Endothelial -> Immune","ls_nmf","membrane",1
"CD34",328,0.434,"pancreas_seeds","Endothelial -> Immune","ls_nmf","membrane",1
"ECSCR",145.1,0.9,"pancreas_seeds","Endothelial -> Immune","ls_nmf","membrane",1
"EGFL7",64,0.476,"pancreas_seeds","Endothelial -> Immune","ls_nmf","membrane",1
"MMRN2",105.6,0.453,"pancreas_seeds","Endothelial -> Immune","ls_nmf","membrane",1
"ANGPT2",60.9,0.339,"pancreas_seeds","Endothelial -> Immune","ls_nmf","membrane",1
"RAPGEF3",13,0.518,"pancreas_seeds","Endothelial -> Immune","ls_nmf","membrane",1
"CAVIN2",38.8,0.163,"pancreas_seeds","Endothelial -> Immune","ls_nmf","membrane",1
"NPDC1",15.2,0.722,"pancreas_seeds","Endothelial -> Immune","ls_nmf","membrane",1
"HIGD1B",25.9,0.271,"pancreas_seeds","Endothelial -> Immune","ls_nmf","membrane",1
"BTNL9",0,0.979,"pancreas_seeds","Endothelial -> Immune","ls_nmf","membrane",1
"TCIM",150.3,0.604,"pancreas_seeds","Endothelial -> Immune","ls_nmf","membrane",1
"MCF2L",16.8,0.87,"pancreas_seeds","Endothelial -> Immune","ls_nmf","membrane",1
"VWF",51.6,0,"pancreas_seeds","Endothelial -> Mural / pericyte","ls_nmf","membrane",1
"STC1",50.8,0,"pancreas_seeds","Endothelial -> Mural / pericyte","ls_nmf","membrane",1
"CLEC14A",54.5,0,"pancreas_seeds","Endothelial -> Mural / pericyte","ls_nmf","membrane",1
"EGFL7",17.4,0,"pancreas_seeds","Endothelial -> Mural / pericyte","ls_nmf","membrane",1
"PECAM1",163.7,0,"pancreas_seeds","Endothelial -> Mural / pericyte","ls_nmf","membrane",1
"ADGRL4",56.1,0,"pancreas_seeds","Endothelial -> Mural / pericyte","ls_nmf","membrane",1
"ACKR1",12.3,0,"pancreas_seeds","Endothelial -> Mural / pericyte","ls_nmf","membrane",1
"ECSCR",42.3,0,"pancreas_seeds","Endothelial -> Mural / pericyte","ls_nmf","membrane",1
"RAMP2",17.3,0,"pancreas_seeds","Endothelial -> Mural / pericyte","ls_nmf","membrane",1
"CD34",79.6,-0.014,"pancreas_seeds","Endothelial -> Mural / pericyte","ls_nmf","membrane",1
"TM4SF18",8.2,0,"pancreas_seeds","Endothelial -> Mural / pericyte","ls_nmf","membrane",1
"CD93",121.9,0,"pancreas_seeds","Endothelial -> Mural / pericyte","ls_nmf","membrane",1
"SOX17",8.3,-0.055,"pancreas_seeds","Endothelial -> Mural / pericyte","ls_nmf","membrane",1
"NPDC1",16.5,0,"pancreas_seeds","Endothelial -> Mural / pericyte","ls_nmf","membrane",1
"IL3RA",1.5,0,"pancreas_seeds","Endothelial -> Mural / pericyte","ls_nmf","membrane",1
"BTNL9",2.1,0.241,"pancreas_seeds","Endothelial -> Mural / pericyte","ls_nmf","membrane",1
"MMRN2",28.7,-0.027,"pancreas_seeds","Endothelial -> Mural / pericyte","ls_nmf","membrane",1
"TCIM",52.2,0.038,"pancreas_seeds","Endothelial -> Mural / pericyte","ls_nmf","membrane",1
"SH2D3C",13.6,0,"pancreas_seeds","Endothelial -> Mural / pericyte","ls_nmf","membrane",1
"S100A12",4.4,0,"pancreas_seeds","Endothelial -> Mural / pericyte","ls_nmf","membrane",1
"AMY2A",148714.4,0.002,"pancreas_seeds","Exocrine epithelial -> Ductal/tumor epithelial","ls_nmf","membrane",1
"AQP8",11323.4,0,"pancreas_seeds","Exocrine epithelial -> Ductal/tumor epithelial","ls_nmf","membrane",1
"GATM",61550.5,0.001,"pancreas_seeds","Exocrine epithelial -> Ductal/tumor epithelial","ls_nmf","membrane",1
"ANPEP",9594,0.003,"pancreas_seeds","Exocrine epithelial -> Ductal/tumor epithelial","ls_nmf","membrane",1
"DPEP1",911.6,0.007,"pancreas_seeds","Exocrine epithelial -> Ductal/tumor epithelial","ls_nmf","membrane",1
"KCNK3",1575.5,0.009,"pancreas_seeds","Exocrine epithelial -> Ductal/tumor epithelial","ls_nmf","membrane",1
"KLK11",659.5,0.002,"pancreas_seeds","Exocrine epithelial -> Ductal/tumor epithelial","ls_nmf","membrane",1
"CPA3",743.1,0.001,"pancreas_seeds","Exocrine epithelial -> Ductal/tumor epithelial","ls_nmf","membrane",1
"GPC3",962.9,0,"pancreas_seeds","Exocrine epithelial -> Ductal/tumor epithelial","ls_nmf","membrane",1
"UMOD",247.7,-0.004,"pancreas_seeds","Exocrine epithelial -> Ductal/tumor epithelial","ls_nmf","membrane",1
"PROX1",11709.7,0.003,"pancreas_seeds","Exocrine epithelial -> Ductal/tumor epithelial","ls_nmf","membrane",1
"PEBP4",65.9,-0.045,"pancreas_seeds","Exocrine epithelial -> Ductal/tumor epithelial","ls_nmf","membrane",1
"DIRAS3",492.3,0.005,"pancreas_seeds","Exocrine epithelial -> Ductal/tumor epithelial","ls_nmf","membrane",1
"HAMP",474.1,0.006,"pancreas_seeds","Exocrine epithelial -> Ductal/tumor epithelial","ls_nmf","membrane",1
"CFTR",110866.7,0,"pancreas_seeds","Exocrine epithelial -> Ductal/tumor epithelial","ls_nmf","membrane",1
"CA4",1681,-0.001,"pancreas_seeds","Exocrine epithelial -> Ductal/tumor epithelial","ls_nmf","membrane",1
"MLANA",14.9,0.492,"pancreas_seeds","Exocrine epithelial -> Ductal/tumor epithelial","ls_nmf","membrane",1
"FKBP11",477.9,-0.053,"pancreas_seeds","Exocrine epithelial -> Ductal/tumor epithelial","ls_nmf","membrane",1
"GLYATL1",51.9,-0.024,"pancreas_seeds","Exocrine epithelial -> Ductal/tumor epithelial","ls_nmf","membrane",1
"UPK3B",14.7,0.026,"pancreas_seeds","Exocrine epithelial -> Ductal/tumor epithelial","ls_nmf","membrane",1
"KLK11",12.3,0.813,"pancreas_seeds","Exocrine epithelial -> Endocrine","ls_nmf","membrane",1
"ANPEP",111.6,0.889,"pancreas_seeds","Exocrine epithelial -> Endocrine","ls_nmf","membrane",1
"AQP8",180.5,0.993,"pancreas_seeds","Exocrine epithelial -> Endocrine","ls_nmf","membrane",1
"GATM",1054.2,0.778,"pancreas_seeds","Exocrine epithelial -> Endocrine","ls_nmf","membrane",1
"MYC",18.8,1,"pancreas_seeds","Exocrine epithelial -> Endocrine","ls_nmf","membrane",1
"HAMP",6.4,1,"pancreas_seeds","Exocrine epithelial -> Endocrine","ls_nmf","membrane",1
"DPEP1",16.3,1,"pancreas_seeds","Exocrine epithelial -> Endocrine","ls_nmf","membrane",1
"UMOD",5.4,0.346,"pancreas_seeds","Exocrine epithelial -> Endocrine","ls_nmf","membrane",1
"AMY2A",3864.7,0.688,"pancreas_seeds","Exocrine epithelial -> Endocrine","ls_nmf","membrane",1
"CFTR",686.1,0.79,"pancreas_seeds","Exocrine epithelial -> Endocrine","ls_nmf","membrane",1
"COCH",5,1,"pancreas_seeds","Exocrine epithelial -> Endocrine","ls_nmf","membrane",1
"GLYATL1",2.1,0.135,"pancreas_seeds","Exocrine epithelial -> Endocrine","ls_nmf","membrane",1
"GPC3",41,0.781,"pancreas_seeds","Exocrine epithelial -> Endocrine","ls_nmf","membrane",1
"FKBP11",47.1,0.852,"pancreas_seeds","Exocrine epithelial -> Endocrine","ls_nmf","membrane",1
"CA4",10.1,0.847,"pancreas_seeds","Exocrine epithelial -> Endocrine","ls_nmf","membrane",1
"UPK3B",5.1,1,"pancreas_seeds","Exocrine epithelial -> Endocrine","ls_nmf","membrane",1
"RIDA",22.7,0.73,"pancreas_seeds","Exocrine epithelial -> Endocrine","ls_nmf","membrane",1
"MLANA",0.1,-0.857,"pancreas_seeds","Exocrine epithelial -> Endocrine","ls_nmf","membrane",1
"CPA3",0,1,"pancreas_seeds","Exocrine epithelial -> Endocrine","ls_nmf","membrane",1
"SMYD2",4.8,1,"pancreas_seeds","Exocrine epithelial -> Endocrine","ls_nmf","membrane",1
"AQP8",1910.5,0.951,"pancreas_seeds","Exocrine epithelial -> Endothelial","ls_nmf","membrane",1
"GATM",10092.4,0.789,"pancreas_seeds","Exocrine epithelial -> Endothelial","ls_nmf","membrane",1
"AMY2A",27517.6,0.675,"pancreas_seeds","Exocrine epithelial -> Endothelial","ls_nmf","membrane",1
"KLK11",129.5,0.849,"pancreas_seeds","Exocrine epithelial -> Endothelial","ls_nmf","membrane",1
"ANPEP",1195.7,0.873,"pancreas_seeds","Exocrine epithelial -> Endothelial","ls_nmf","membrane",1
"CFTR",3501.1,0.664,"pancreas_seeds","Exocrine epithelial -> Endothelial","ls_nmf","membrane",1
"DPEP1",125.7,0.903,"pancreas_seeds","Exocrine epithelial -> Endothelial","ls_nmf","membrane",1
"KCNK3",203.5,0.771,"pancreas_seeds","Exocrine epithelial -> Endothelial","ls_nmf","membrane",1
"UMOD",18.9,0.996,"pancreas_seeds","Exocrine epithelial -> Endothelial","ls_nmf","membrane",1
"CA4",123.8,0.381,"pancreas_seeds","Exocrine epithelial -> Endothelial","ls_nmf","membrane",1
"DIRAS3",40.7,0.886,"pancreas_seeds","Exocrine epithelial -> Endothelial","ls_nmf","membrane",1
"PROX1",481.4,0.706,"pancreas_seeds","Exocrine epithelial -> Endothelial","ls_nmf","membrane",1
"FKBP11",361.8,0.967,"pancreas_seeds","Exocrine epithelial -> Endothelial","ls_nmf","membrane",1
"PEBP4",15.3,0.694,"pancreas_seeds","Exocrine epithelial -> Endothelial","ls_nmf","membrane",1
"AQP3",74.9,0.721,"pancreas_seeds","Exocrine epithelial -> Endothelial","ls_nmf","membrane",1
"HAMP",78.3,0.735,"pancreas_seeds","Exocrine epithelial -> Endothelial","ls_nmf","membrane",1
"GLYATL1",11.4,0.775,"pancreas_seeds","Exocrine epithelial -> Endothelial","ls_nmf","membrane",1
"RIDA",49.3,0.984,"pancreas_seeds","Exocrine epithelial -> Endothelial","ls_nmf","membrane",1
"COCH",33.3,1,"pancreas_seeds","Exocrine epithelial -> Endothelial","ls_nmf","membrane",1
"CPA3",83.3,0.923,"pancreas_seeds","Exocrine epithelial -> Endothelial","ls_nmf","membrane",1
"AQP8",1345.4,0.997,"pancreas_seeds","Exocrine epithelial -> Fibroblast / CAF","ls_nmf","membrane",1
"GATM",7976.2,0.954,"pancreas_seeds","Exocrine epithelial -> Fibroblast / CAF","ls_nmf","membrane",1
"AMY2A",21865.4,0.911,"pancreas_seeds","Exocrine epithelial -> Fibroblast / CAF","ls_nmf","membrane",1
"KLK11",76.9,0.949,"pancreas_seeds","Exocrine epithelial -> Fibroblast / CAF","ls_nmf","membrane",1
"CFTR",5032.3,0.982,"pancreas_seeds","Exocrine epithelial -> Fibroblast / CAF","ls_nmf","membrane",1
"ANPEP",859.7,0.864,"pancreas_seeds","Exocrine epithelial -> Fibroblast / CAF","ls_nmf","membrane",1
"PROX1",703.3,0.929,"pancreas_seeds","Exocrine epithelial -> Fibroblast / CAF","ls_nmf","membrane",1
"KCNK3",184.4,0.786,"pancreas_seeds","Exocrine epithelial -> Fibroblast / CAF","ls_nmf","membrane",1
"UMOD",15.1,0.874,"pancreas_seeds","Exocrine epithelial -> Fibroblast / CAF","ls_nmf","membrane",1
"DIRAS3",42,0.769,"pancreas_seeds","Exocrine epithelial -> Fibroblast / CAF","ls_nmf","membrane",1
"CA4",111.3,0.946,"pancreas_seeds","Exocrine epithelial -> Fibroblast / CAF","ls_nmf","membrane",1
"HAMP",78.8,0.708,"pancreas_seeds","Exocrine epithelial -> Fibroblast / CAF","ls_nmf","membrane",1
"AQP3",59.6,0.722,"pancreas_seeds","Exocrine epithelial -> Fibroblast / CAF","ls_nmf","membrane",1
"RIDA",90.2,0.978,"pancreas_seeds","Exocrine epithelial -> Fibroblast / CAF","ls_nmf","membrane",1
"DPEP1",70.1,0.805,"pancreas_seeds","Exocrine epithelial -> Fibroblast / CAF","ls_nmf","membrane",1
"GLYATL1",3,0.965,"pancreas_seeds","Exocrine epithelial -> Fibroblast / CAF","ls_nmf","membrane",1
"FKBP11",206.9,0.983,"pancreas_seeds","Exocrine epithelial -> Fibroblast / CAF","ls_nmf","membrane",1
"MYC",206.1,0.822,"pancreas_seeds","Exocrine epithelial -> Fibroblast / CAF","ls_nmf","membrane",1
"COCH",34.4,0.623,"pancreas_seeds","Exocrine epithelial -> Fibroblast / CAF","ls_nmf","membrane",1
"PEBP4",0.3,0.778,"pancreas_seeds","Exocrine epithelial -> Fibroblast / CAF","ls_nmf","membrane",1
"AQP8",1465.3,0.998,"pancreas_seeds","Exocrine epithelial -> Immune","ls_nmf","membrane",1
"GATM",9605.1,0.834,"pancreas_seeds","Exocrine epithelial -> Immune","ls_nmf","membrane",1
"AMY2A",27334.7,0.74,"pancreas_seeds","Exocrine epithelial -> Immune","ls_nmf","membrane",1
"CFTR",5611,0.943,"pancreas_seeds","Exocrine epithelial -> Immune","ls_nmf","membrane",1
"KLK11",114.3,0.905,"pancreas_seeds","Exocrine epithelial -> Immune","ls_nmf","membrane",1
"PROX1",709.9,0.784,"pancreas_seeds","Exocrine epithelial -> Immune","ls_nmf","membrane",1
"KCNK3",209.5,0.982,"pancreas_seeds","Exocrine epithelial -> Immune","ls_nmf","membrane",1
"ANPEP",1045.8,0.942,"pancreas_seeds","Exocrine epithelial -> Immune","ls_nmf","membrane",1
"DPEP1",98.6,0.98,"pancreas_seeds","Exocrine epithelial -> Immune","ls_nmf","membrane",1
"UMOD",22.3,0.993,"pancreas_seeds","Exocrine epithelial -> Immune","ls_nmf","membrane",1
"CA4",59.6,0.994,"pancreas_seeds","Exocrine epithelial -> Immune","ls_nmf","membrane",1
"DIRAS3",61.3,0.928,"pancreas_seeds","Exocrine epithelial -> Immune","ls_nmf","membrane",1
"MYC",9.3,1,"pancreas_seeds","Exocrine epithelial -> Immune","ls_nmf","membrane",1
"FKBP11",195.7,1,"pancreas_seeds","Exocrine epithelial -> Immune","ls_nmf","membrane",1
"GLYATL1",6.9,0.758,"pancreas_seeds","Exocrine epithelial -> Immune","ls_nmf","membrane",1
"RIDA",43.9,1,"pancreas_seeds","Exocrine epithelial -> Immune","ls_nmf","membrane",1
"AQP3",15.4,1,"pancreas_seeds","Exocrine epithelial -> Immune","ls_nmf","membrane",1
"PEBP4",0,NA,"pancreas_seeds","Exocrine epithelial -> Immune","ls_nmf","membrane",1
"COCH",20.4,0.95,"pancreas_seeds","Exocrine epithelial -> Immune","ls_nmf","membrane",1
"GPC3",178,0.675,"pancreas_seeds","Exocrine epithelial -> Immune","ls_nmf","membrane",1
"AQP8",9.2,0.917,"pancreas_seeds","Exocrine epithelial -> Mural / pericyte","ls_nmf","membrane",1
"GATM",78.3,0.73,"pancreas_seeds","Exocrine epithelial -> Mural / pericyte","ls_nmf","membrane",1
"AMY2A",443.6,0.749,"pancreas_seeds","Exocrine epithelial -> Mural / pericyte","ls_nmf","membrane",1
"CFTR",76.4,0.161,"pancreas_seeds","Exocrine epithelial -> Mural / pericyte","ls_nmf","membrane",1
"ANPEP",16.5,0.302,"pancreas_seeds","Exocrine epithelial -> Mural / pericyte","ls_nmf","membrane",1
"PROX1",7.3,0.664,"pancreas_seeds","Exocrine epithelial -> Mural / pericyte","ls_nmf","membrane",1
"KLK11",0,NA,"pancreas_seeds","Exocrine epithelial -> Mural / pericyte","ls_nmf","membrane",1
"DPEP1",2,0,"pancreas_seeds","Exocrine epithelial -> Mural / pericyte","ls_nmf","membrane",1
"CA4",2.9,0.327,"pancreas_seeds","Exocrine epithelial -> Mural / pericyte","ls_nmf","membrane",1
"FKBP11",7.3,0.273,"pancreas_seeds","Exocrine epithelial -> Mural / pericyte","ls_nmf","membrane",1
"HAMP",0.8,0.769,"pancreas_seeds","Exocrine epithelial -> Mural / pericyte","ls_nmf","membrane",1
"UMOD",0.1,-0.17,"pancreas_seeds","Exocrine epithelial -> Mural / pericyte","ls_nmf","membrane",1
"GLYATL1",0,NA,"pancreas_seeds","Exocrine epithelial -> Mural / pericyte","ls_nmf","membrane",1
"DIRAS3",0,0,"pancreas_seeds","Exocrine epithelial -> Mural / pericyte","ls_nmf","membrane",1
"RIDA",3.7,0.378,"pancreas_seeds","Exocrine epithelial -> Mural / pericyte","ls_nmf","membrane",1
"AQP3",0,NA,"pancreas_seeds","Exocrine epithelial -> Mural / pericyte","ls_nmf","membrane",1
"SMYD2",4.3,0.228,"pancreas_seeds","Exocrine epithelial -> Mural / pericyte","ls_nmf","membrane",1
"COCH",0.8,-0.067,"pancreas_seeds","Exocrine epithelial -> Mural / pericyte","ls_nmf","membrane",1
"UPK3B",1.7,0,"pancreas_seeds","Exocrine epithelial -> Mural / pericyte","ls_nmf","membrane",1
"PEBP4",0,NA,"pancreas_seeds","Exocrine epithelial -> Mural / pericyte","ls_nmf","membrane",1
"SFRP2",2578.9,0.976,"pancreas_seeds","Fibroblast / CAF -> Ductal/tumor epithelial","ls_nmf","membrane",1
"THBS2",2050.8,0.659,"pancreas_seeds","Fibroblast / CAF -> Ductal/tumor epithelial","ls_nmf","membrane",1
"COL5A2",2981.2,0.834,"pancreas_seeds","Fibroblast / CAF -> Ductal/tumor epithelial","ls_nmf","membrane",1
"SFRP4",1182,0.361,"pancreas_seeds","Fibroblast / CAF -> Ductal/tumor epithelial","ls_nmf","membrane",1
"FBN1",2730.7,0.913,"pancreas_seeds","Fibroblast / CAF -> Ductal/tumor epithelial","ls_nmf","membrane",1
"PDGFRA",432.6,0.561,"pancreas_seeds","Fibroblast / CAF -> Ductal/tumor epithelial","ls_nmf","membrane",1
"MFAP5",213.3,0.523,"pancreas_seeds","Fibroblast / CAF -> Ductal/tumor epithelial","ls_nmf","membrane",1
"ASPN",1313.5,0.52,"pancreas_seeds","Fibroblast / CAF -> Ductal/tumor epithelial","ls_nmf","membrane",1
"THY1",1071.3,0.52,"pancreas_seeds","Fibroblast / CAF -> Ductal/tumor epithelial","ls_nmf","membrane",1
"C7",285.9,0.365,"pancreas_seeds","Fibroblast / CAF -> Ductal/tumor epithelial","ls_nmf","membrane",1
"PTGDS",244.7,0.458,"pancreas_seeds","Fibroblast / CAF -> Ductal/tumor epithelial","ls_nmf","membrane",1
"LTBP2",3544,0.214,"pancreas_seeds","Fibroblast / CAF -> Ductal/tumor epithelial","ls_nmf","membrane",1
"INMT",448.1,0.337,"pancreas_seeds","Fibroblast / CAF -> Ductal/tumor epithelial","ls_nmf","membrane",1
"PCOLCE",305.9,0.412,"pancreas_seeds","Fibroblast / CAF -> Ductal/tumor epithelial","ls_nmf","membrane",1
"PDPN",1051.9,0.269,"pancreas_seeds","Fibroblast / CAF -> Ductal/tumor epithelial","ls_nmf","membrane",1
"FBLN1",659.2,0.37,"pancreas_seeds","Fibroblast / CAF -> Ductal/tumor epithelial","ls_nmf","membrane",1
"SRPX",354.6,0.298,"pancreas_seeds","Fibroblast / CAF -> Ductal/tumor epithelial","ls_nmf","membrane",1
"CTSK",2273.5,0.26,"pancreas_seeds","Fibroblast / CAF -> Ductal/tumor epithelial","ls_nmf","membrane",1
"IGF1",151,0.354,"pancreas_seeds","Fibroblast / CAF -> Ductal/tumor epithelial","ls_nmf","membrane",1
"RGS16",206.7,0.426,"pancreas_seeds","Fibroblast / CAF -> Ductal/tumor epithelial","ls_nmf","membrane",1
"MFAP5",7.5,0.764,"pancreas_seeds","Fibroblast / CAF -> Endocrine","ls_nmf","membrane",1
"THBS2",35.1,0.943,"pancreas_seeds","Fibroblast / CAF -> Endocrine","ls_nmf","membrane",1
"VCAN",141.7,0.707,"pancreas_seeds","Fibroblast / CAF -> Endocrine","ls_nmf","membrane",1
"COL5A2",81.6,0.991,"pancreas_seeds","Fibroblast / CAF -> Endocrine","ls_nmf","membrane",1
"BASP1",63.5,0.906,"pancreas_seeds","Fibroblast / CAF -> Endocrine","ls_nmf","membrane",1
"SEMA3C",58,0.397,"pancreas_seeds","Fibroblast / CAF -> Endocrine","ls_nmf","membrane",1
"FBN1",122.2,0.75,"pancreas_seeds","Fibroblast / CAF -> Endocrine","ls_nmf","membrane",1
"LTBP2",76.6,0.438,"pancreas_seeds","Fibroblast / CAF -> Endocrine","ls_nmf","membrane",1
"PDGFRA",72.5,0.586,"pancreas_seeds","Fibroblast / CAF -> Endocrine","ls_nmf","membrane",1
"SFRP2",171.8,0.96,"pancreas_seeds","Fibroblast / CAF -> Endocrine","ls_nmf","membrane",1
"SFRP4",134.6,0.416,"pancreas_seeds","Fibroblast / CAF -> Endocrine","ls_nmf","membrane",1
"CTSK",65.1,0.515,"pancreas_seeds","Fibroblast / CAF -> Endocrine","ls_nmf","membrane",1
"THY1",53.6,0.579,"pancreas_seeds","Fibroblast / CAF -> Endocrine","ls_nmf","membrane",1
"PTGDS",61.5,0.496,"pancreas_seeds","Fibroblast / CAF -> Endocrine","ls_nmf","membrane",1
"PMP22",45.1,0.773,"pancreas_seeds","Fibroblast / CAF -> Endocrine","ls_nmf","membrane",1
"PDPN",28.1,0.988,"pancreas_seeds","Fibroblast / CAF -> Endocrine","ls_nmf","membrane",1
"FBLN1",142.7,0.382,"pancreas_seeds","Fibroblast / CAF -> Endocrine","ls_nmf","membrane",1
"PCOLCE",17,0.646,"pancreas_seeds","Fibroblast / CAF -> Endocrine","ls_nmf","membrane",1
"ASPN",142.2,0.366,"pancreas_seeds","Fibroblast / CAF -> Endocrine","ls_nmf","membrane",1
"INMT",27.6,0.387,"pancreas_seeds","Fibroblast / CAF -> Endocrine","ls_nmf","membrane",1
"THBS2",586,0.98,"pancreas_seeds","Fibroblast / CAF -> Endothelial","ls_nmf","membrane",1
"VCAN",1709,0.993,"pancreas_seeds","Fibroblast / CAF -> Endothelial","ls_nmf","membrane",1
"SFRP2",1815.3,0.952,"pancreas_seeds","Fibroblast / CAF -> Endothelial","ls_nmf","membrane",1
"MFAP5",68.1,0.885,"pancreas_seeds","Fibroblast / CAF -> Endothelial","ls_nmf","membrane",1
"PDPN",460.9,0.446,"pancreas_seeds","Fibroblast / CAF -> Endothelial","ls_nmf","membrane",1
"SEMA3C",230.6,0.98,"pancreas_seeds","Fibroblast / CAF -> Endothelial","ls_nmf","membrane",1
"CTSK",942.3,0.529,"pancreas_seeds","Fibroblast / CAF -> Endothelial","ls_nmf","membrane",1
"LTBP2",701.8,0.574,"pancreas_seeds","Fibroblast / CAF -> Endothelial","ls_nmf","membrane",1
"COL5A2",1779.4,0.769,"pancreas_seeds","Fibroblast / CAF -> Endothelial","ls_nmf","membrane",1
"PDGFRA",327.6,0.666,"pancreas_seeds","Fibroblast / CAF -> Endothelial","ls_nmf","membrane",1
"SFRP4",589.4,0.654,"pancreas_seeds","Fibroblast / CAF -> Endothelial","ls_nmf","membrane",1
"BASP1",534.6,0.611,"pancreas_seeds","Fibroblast / CAF -> Endothelial","ls_nmf","membrane",1
"FBLN1",765.1,0.467,"pancreas_seeds","Fibroblast / CAF -> Endothelial","ls_nmf","membrane",1
"IGF1",163.8,0.295,"pancreas_seeds","Fibroblast / CAF -> Endothelial","ls_nmf","membrane",1
"PTGDS",258.6,0.375,"pancreas_seeds","Fibroblast / CAF -> Endothelial","ls_nmf","membrane",1
"GEM",446.9,0.529,"pancreas_seeds","Fibroblast / CAF -> Endothelial","ls_nmf","membrane",1
"THY1",1575.4,0.456,"pancreas_seeds","Fibroblast / CAF -> Endothelial","ls_nmf","membrane",1
"FBN1",2035.1,0.395,"pancreas_seeds","Fibroblast / CAF -> Endothelial","ls_nmf","membrane",1
"RGS16",181.3,0.542,"pancreas_seeds","Fibroblast / CAF -> Endothelial","ls_nmf","membrane",1
"PCOLCE",339.1,0.593,"pancreas_seeds","Fibroblast / CAF -> Endothelial","ls_nmf","membrane",1
"VCAN",1269.4,0.945,"pancreas_seeds","Fibroblast / CAF -> Exocrine epithelial","ls_nmf","membrane",1
"THBS2",444.9,0.996,"pancreas_seeds","Fibroblast / CAF -> Exocrine epithelial","ls_nmf","membrane",1
"COL5A2",563.1,0.98,"pancreas_seeds","Fibroblast / CAF -> Exocrine epithelial","ls_nmf","membrane",1
"SFRP2",1430,0.984,"pancreas_seeds","Fibroblast / CAF -> Exocrine epithelial","ls_nmf","membrane",1
"FBN1",949.3,0.936,"pancreas_seeds","Fibroblast / CAF -> Exocrine epithelial","ls_nmf","membrane",1
"MFAP5",72.9,0.541,"pancreas_seeds","Fibroblast / CAF -> Exocrine epithelial","ls_nmf","membrane",1
"CTSK",445.7,0.969,"pancreas_seeds","Fibroblast / CAF -> Exocrine epithelial","ls_nmf","membrane",1
"GEM",380.7,0.386,"pancreas_seeds","Fibroblast / CAF -> Exocrine epithelial","ls_nmf","membrane",1
"SEMA3C",239.1,0.967,"pancreas_seeds","Fibroblast / CAF -> Exocrine epithelial","ls_nmf","membrane",1
"LTBP2",904.2,0.509,"pancreas_seeds","Fibroblast / CAF -> Exocrine epithelial","ls_nmf","membrane",1
"BASP1",294.4,0.964,"pancreas_seeds","Fibroblast / CAF -> Exocrine epithelial","ls_nmf","membrane",1
"SFRP4",1255.7,0.393,"pancreas_seeds","Fibroblast / CAF -> Exocrine epithelial","ls_nmf","membrane",1
"THY1",447,0.416,"pancreas_seeds","Fibroblast / CAF -> Exocrine epithelial","ls_nmf","membrane",1
"PDGFRA",559,0.366,"pancreas_seeds","Fibroblast / CAF -> Exocrine epithelial","ls_nmf","membrane",1
"FBLN1",1002.5,0.37,"pancreas_seeds","Fibroblast / CAF -> Exocrine epithelial","ls_nmf","membrane",1
"ASPN",845.4,0.413,"pancreas_seeds","Fibroblast / CAF -> Exocrine epithelial","ls_nmf","membrane",1
"PDPN",332.1,0.567,"pancreas_seeds","Fibroblast / CAF -> Exocrine epithelial","ls_nmf","membrane",1
"PTGDS",207.4,0.504,"pancreas_seeds","Fibroblast / CAF -> Exocrine epithelial","ls_nmf","membrane",1
"PCOLCE",150.5,0.512,"pancreas_seeds","Fibroblast / CAF -> Exocrine epithelial","ls_nmf","membrane",1
"PMP22",543.3,0.533,"pancreas_seeds","Fibroblast / CAF -> Exocrine epithelial","ls_nmf","membrane",1
"SFRP2",3464.4,0,"pancreas_seeds","Fibroblast / CAF -> Immune","ls_nmf","membrane",1
"THBS2",2252.7,0,"pancreas_seeds","Fibroblast / CAF -> Immune","ls_nmf","membrane",1
"COL5A2",2679.1,0.002,"pancreas_seeds","Fibroblast / CAF -> Immune","ls_nmf","membrane",1
"FBN1",3329.1,-0.001,"pancreas_seeds","Fibroblast / CAF -> Immune","ls_nmf","membrane",1
"VCAN",5767.5,-0.005,"pancreas_seeds","Fibroblast / CAF -> Immune","ls_nmf","membrane",1
"CTSK",2718.2,0.004,"pancreas_seeds","Fibroblast / CAF -> Immune","ls_nmf","membrane",1
"PDGFRA",1127.5,-0.035,"pancreas_seeds","Fibroblast / CAF -> Immune","ls_nmf","membrane",1
"FBLN1",2469.9,-0.039,"pancreas_seeds","Fibroblast / CAF -> Immune","ls_nmf","membrane",1
"SFRP4",3399.4,-0.002,"pancreas_seeds","Fibroblast / CAF -> Immune","ls_nmf","membrane",1
"MFAP5",594.9,-0.003,"pancreas_seeds","Fibroblast / CAF -> Immune","ls_nmf","membrane",1
"LTBP2",2176.2,-0.045,"pancreas_seeds","Fibroblast / CAF -> Immune","ls_nmf","membrane",1
"THY1",1569.4,-0.036,"pancreas_seeds","Fibroblast / CAF -> Immune","ls_nmf","membrane",1
"GEM",1207,-0.058,"pancreas_seeds","Fibroblast / CAF -> Immune","ls_nmf","membrane",1
"PCOLCE",441.8,-0.064,"pancreas_seeds","Fibroblast / CAF -> Immune","ls_nmf","membrane",1
"ASPN",2098.9,-0.029,"pancreas_seeds","Fibroblast / CAF -> Immune","ls_nmf","membrane",1
"SEMA3C",906.8,0.007,"pancreas_seeds","Fibroblast / CAF -> Immune","ls_nmf","membrane",1
"PTGDS",962.6,-0.024,"pancreas_seeds","Fibroblast / CAF -> Immune","ls_nmf","membrane",1
"INMT",614.1,-0.068,"pancreas_seeds","Fibroblast / CAF -> Immune","ls_nmf","membrane",1
"APCDD1",384.4,-0.362,"pancreas_seeds","Fibroblast / CAF -> Immune","ls_nmf","membrane",1
"SRPX",471.9,-0.157,"pancreas_seeds","Fibroblast / CAF -> Immune","ls_nmf","membrane",1
"SFRP2",101.7,0,"pancreas_seeds","Fibroblast / CAF -> Mural / pericyte","ls_nmf","membrane",1
"MFAP5",53.5,0,"pancreas_seeds","Fibroblast / CAF -> Mural / pericyte","ls_nmf","membrane",1
"VCAN",110.6,0,"pancreas_seeds","Fibroblast / CAF -> Mural / pericyte","ls_nmf","membrane",1
"FBLN1",269,0,"pancreas_seeds","Fibroblast / CAF -> Mural / pericyte","ls_nmf","membrane",1
"SFRP4",216.4,0.005,"pancreas_seeds","Fibroblast / CAF -> Mural / pericyte","ls_nmf","membrane",1
"THY1",275.2,0.004,"pancreas_seeds","Fibroblast / CAF -> Mural / pericyte","ls_nmf","membrane",1
"CTSK",142.1,0,"pancreas_seeds","Fibroblast / CAF -> Mural / pericyte","ls_nmf","membrane",1
"BASP1",151.2,0,"pancreas_seeds","Fibroblast / CAF -> Mural / pericyte","ls_nmf","membrane",1
"PTGDS",59.5,0,"pancreas_seeds","Fibroblast / CAF -> Mural / pericyte","ls_nmf","membrane",1
"PDPN",109.4,0,"pancreas_seeds","Fibroblast / CAF -> Mural / pericyte","ls_nmf","membrane",1
"MEST",56.7,-0.05,"pancreas_seeds","Fibroblast / CAF -> Mural / pericyte","ls_nmf","membrane",1
"ALDH1A3",33.7,0,"pancreas_seeds","Fibroblast / CAF -> Mural / pericyte","ls_nmf","membrane",1
"LTBP2",192.5,0,"pancreas_seeds","Fibroblast / CAF -> Mural / pericyte","ls_nmf","membrane",1
"PDGFRA",46.7,0.021,"pancreas_seeds","Fibroblast / CAF -> Mural / pericyte","ls_nmf","membrane",1
"THBS2",134,0,"pancreas_seeds","Fibroblast / CAF -> Mural / pericyte","ls_nmf","membrane",1
"COL5A2",351.4,0,"pancreas_seeds","Fibroblast / CAF -> Mural / pericyte","ls_nmf","membrane",1
"SEMA3C",22.1,0,"pancreas_seeds","Fibroblast / CAF -> Mural / pericyte","ls_nmf","membrane",1
"IGF1",29.9,0.066,"pancreas_seeds","Fibroblast / CAF -> Mural / pericyte","ls_nmf","membrane",1
"DPT",17.5,0,"pancreas_seeds","Fibroblast / CAF -> Mural / pericyte","ls_nmf","membrane",1
"C7",72.8,0.014,"pancreas_seeds","Fibroblast / CAF -> Mural / pericyte","ls_nmf","membrane",1
"IL7R",262,0.97,"pancreas_seeds","Immune -> Ductal/tumor epithelial","ls_nmf","membrane",1
"CD163",440.6,0.293,"pancreas_seeds","Immune -> Ductal/tumor epithelial","ls_nmf","membrane",1
"PTPRC",631.8,0.742,"pancreas_seeds","Immune -> Ductal/tumor epithelial","ls_nmf","membrane",1
"MRC1",251.6,0.437,"pancreas_seeds","Immune -> Ductal/tumor epithelial","ls_nmf","membrane",1
"CD8A",129.8,0.741,"pancreas_seeds","Immune -> Ductal/tumor epithelial","ls_nmf","membrane",1
"MS4A4A",353,0.237,"pancreas_seeds","Immune -> Ductal/tumor epithelial","ls_nmf","membrane",1
"CCL5",240,0.557,"pancreas_seeds","Immune -> Ductal/tumor epithelial","ls_nmf","membrane",1
"VSIG4",311.7,0.229,"pancreas_seeds","Immune -> Ductal/tumor epithelial","ls_nmf","membrane",1
"MS4A6A",739.1,0.262,"pancreas_seeds","Immune -> Ductal/tumor epithelial","ls_nmf","membrane",1
"GZMK",46.8,0.263,"pancreas_seeds","Immune -> Ductal/tumor epithelial","ls_nmf","membrane",1
"CD2",78.3,0.924,"pancreas_seeds","Immune -> Ductal/tumor epithelial","ls_nmf","membrane",1
"GZMA",79.4,1,"pancreas_seeds","Immune -> Ductal/tumor epithelial","ls_nmf","membrane",1
"FCGR3A",570.9,0.238,"pancreas_seeds","Immune -> Ductal/tumor epithelial","ls_nmf","membrane",1
"LILRB4",89.2,0.406,"pancreas_seeds","Immune -> Ductal/tumor epithelial","ls_nmf","membrane",1
"GPR183",301.3,0.319,"pancreas_seeds","Immune -> Ductal/tumor epithelial","ls_nmf","membrane",1
"CYTIP",306.8,0.451,"pancreas_seeds","Immune -> Ductal/tumor epithelial","ls_nmf","membrane",1
"FGL2",380.1,0.22,"pancreas_seeds","Immune -> Ductal/tumor epithelial","ls_nmf","membrane",1
"KLRB1",143.5,0.791,"pancreas_seeds","Immune -> Ductal/tumor epithelial","ls_nmf","membrane",1
"IGSF6",345.7,0.198,"pancreas_seeds","Immune -> Ductal/tumor epithelial","ls_nmf","membrane",1
"TRAC",207.7,0.994,"pancreas_seeds","Immune -> Ductal/tumor epithelial","ls_nmf","membrane",1
"IL7R",13.5,1,"pancreas_seeds","Immune -> Endocrine","ls_nmf","membrane",1
"PLA2G7",8.1,0.969,"pancreas_seeds","Immune -> Endocrine","ls_nmf","membrane",1
"CD163",18,0.643,"pancreas_seeds","Immune -> Endocrine","ls_nmf","membrane",1
"CSF2RA",19.7,0.864,"pancreas_seeds","Immune -> Endocrine","ls_nmf","membrane",1
"CXCR4",34.3,1,"pancreas_seeds","Immune -> Endocrine","ls_nmf","membrane",1
"TRAC",20.2,0.915,"pancreas_seeds","Immune -> Endocrine","ls_nmf","membrane",1
"MS4A6A",31.2,0.687,"pancreas_seeds","Immune -> Endocrine","ls_nmf","membrane",1
"CD2",7.7,0.517,"pancreas_seeds","Immune -> Endocrine","ls_nmf","membrane",1
"CD3E",9,0.889,"pancreas_seeds","Immune -> Endocrine","ls_nmf","membrane",1
"VSIG4",12.3,0.756,"pancreas_seeds","Immune -> Endocrine","ls_nmf","membrane",1
"MS4A1",0.6,1,"pancreas_seeds","Immune -> Endocrine","ls_nmf","membrane",1
"MS4A4A",21,0.728,"pancreas_seeds","Immune -> Endocrine","ls_nmf","membrane",1
"CCL5",16.1,1,"pancreas_seeds","Immune -> Endocrine","ls_nmf","membrane",1
"TREM2",8.8,0.63,"pancreas_seeds","Immune -> Endocrine","ls_nmf","membrane",1
"PTPRC",38.6,0.644,"pancreas_seeds","Immune -> Endocrine","ls_nmf","membrane",1
"FCGR3A",14.9,0.579,"pancreas_seeds","Immune -> Endocrine","ls_nmf","membrane",1
"GZMK",7.8,0.597,"pancreas_seeds","Immune -> Endocrine","ls_nmf","membrane",1
"LILRB4",1.6,1,"pancreas_seeds","Immune -> Endocrine","ls_nmf","membrane",1
"CLEC4E",10.7,0.612,"pancreas_seeds","Immune -> Endocrine","ls_nmf","membrane",1
"GPR183",11.4,0.85,"pancreas_seeds","Immune -> Endocrine","ls_nmf","membrane",1
"IL7R",283.6,0.035,"pancreas_seeds","Immune -> Endothelial","ls_nmf","membrane",1
"LILRB4",36.1,0.195,"pancreas_seeds","Immune -> Endothelial","ls_nmf","membrane",1
"GZMK",44.1,0.057,"pancreas_seeds","Immune -> Endothelial","ls_nmf","membrane",1
"PLA2G7",145.3,0.29,"pancreas_seeds","Immune -> Endothelial","ls_nmf","membrane",1
"CD163",188.7,0.25,"pancreas_seeds","Immune -> Endothelial","ls_nmf","membrane",1
"TREM2",89.2,0.382,"pancreas_seeds","Immune -> Endothelial","ls_nmf","membrane",1
"PTPRC",350.2,0.077,"pancreas_seeds","Immune -> Endothelial","ls_nmf","membrane",1
"CD2",83.3,0.037,"pancreas_seeds","Immune -> Endothelial","ls_nmf","membrane",1
"VSIG4",90.4,0.08,"pancreas_seeds","Immune -> Endothelial","ls_nmf","membrane",1
"CSF2RA",104.4,0.202,"pancreas_seeds","Immune -> Endothelial","ls_nmf","membrane",1
"CD8A",130.4,-0.022,"pancreas_seeds","Immune -> Endothelial","ls_nmf","membrane",1
"MS4A6A",416.4,0.215,"pancreas_seeds","Immune -> Endothelial","ls_nmf","membrane",1
"TRAC",258.6,0.298,"pancreas_seeds","Immune -> Endothelial","ls_nmf","membrane",1
"HAVCR2",117.4,0.257,"pancreas_seeds","Immune -> Endothelial","ls_nmf","membrane",1
"FOXP3",38.1,0.342,"pancreas_seeds","Immune -> Endothelial","ls_nmf","membrane",1
"KLRB1",142.4,0.113,"pancreas_seeds","Immune -> Endothelial","ls_nmf","membrane",1
"CTLA4",58.2,0.034,"pancreas_seeds","Immune -> Endothelial","ls_nmf","membrane",1
"CYTIP",183.7,0.094,"pancreas_seeds","Immune -> Endothelial","ls_nmf","membrane",1
"CCL5",196.6,-0.014,"pancreas_seeds","Immune -> Endothelial","ls_nmf","membrane",1
"MS4A1",43.1,0.014,"pancreas_seeds","Immune -> Endothelial","ls_nmf","membrane",1
"IL7R",409.6,0.965,"pancreas_seeds","Immune -> Exocrine epithelial","ls_nmf","membrane",1
"CXCR4",921,0.827,"pancreas_seeds","Immune -> Exocrine epithelial","ls_nmf","membrane",1
"PLA2G7",237.9,0.944,"pancreas_seeds","Immune -> Exocrine epithelial","ls_nmf","membrane",1
"PTPRC",661.5,0.983,"pancreas_seeds","Immune -> Exocrine epithelial","ls_nmf","membrane",1
"TRAC",344.3,0.997,"pancreas_seeds","Immune -> Exocrine epithelial","ls_nmf","membrane",1
"CD163",658.1,0.315,"pancreas_seeds","Immune -> Exocrine epithelial","ls_nmf","membrane",1
"MRC1",344.2,0.41,"pancreas_seeds","Immune -> Exocrine epithelial","ls_nmf","membrane",1
"CCL5",354.7,0.421,"pancreas_seeds","Immune -> Exocrine epithelial","ls_nmf","membrane",1
"MS4A4A",543.9,0.415,"pancreas_seeds","Immune -> Exocrine epithelial","ls_nmf","membrane",1
"GZMK",72.9,0.37,"pancreas_seeds","Immune -> Exocrine epithelial","ls_nmf","membrane",1
"CD3E",215.2,0.971,"pancreas_seeds","Immune -> Exocrine epithelial","ls_nmf","membrane",1
"CD2",221.3,0.947,"pancreas_seeds","Immune -> Exocrine epithelial","ls_nmf","membrane",1
"IL2RA",83.4,0.435,"pancreas_seeds","Immune -> Exocrine epithelial","ls_nmf","membrane",1
"VSIG4",357.7,0.435,"pancreas_seeds","Immune -> Exocrine epithelial","ls_nmf","membrane",1
"KLRB1",218.1,0.49,"pancreas_seeds","Immune -> Exocrine epithelial","ls_nmf","membrane",1
"CSF2RA",292.1,0.389,"pancreas_seeds","Immune -> Exocrine epithelial","ls_nmf","membrane",1
"CD8A",331.5,0.459,"pancreas_seeds","Immune -> Exocrine epithelial","ls_nmf","membrane",1
"FCGR3A",579.3,0.308,"pancreas_seeds","Immune -> Exocrine epithelial","ls_nmf","membrane",1
"MS4A6A",917.1,0.373,"pancreas_seeds","Immune -> Exocrine epithelial","ls_nmf","membrane",1
"GZMA",79.9,0.395,"pancreas_seeds","Immune -> Exocrine epithelial","ls_nmf","membrane",1
"MS4A1",480.9,0.002,"pancreas_seeds","Immune -> Fibroblast / CAF","ls_nmf","membrane",1
"NKG7",323.9,-0.025,"pancreas_seeds","Immune -> Fibroblast / CAF","ls_nmf","membrane",1
"CD8A",1978.4,-0.001,"pancreas_seeds","Immune -> Fibroblast / CAF","ls_nmf","membrane",1
"CXCR4",4575.1,-0.004,"pancreas_seeds","Immune -> Fibroblast / CAF","ls_nmf","membrane",1
"PTPRC",4323.9,0.006,"pancreas_seeds","Immune -> Fibroblast / CAF","ls_nmf","membrane",1
"MS4A6A",3003,-0.021,"pancreas_seeds","Immune -> Fibroblast / CAF","ls_nmf","membrane",1
"GPR183",1093.3,-0.057,"pancreas_seeds","Immune -> Fibroblast / CAF","ls_nmf","membrane",1
"MS4A4A",1736,-0.018,"pancreas_seeds","Immune -> Fibroblast / CAF","ls_nmf","membrane",1
"CSF2RA",894.4,-0.021,"pancreas_seeds","Immune -> Fibroblast / CAF","ls_nmf","membrane",1
"CD163",1716.5,-0.038,"pancreas_seeds","Immune -> Fibroblast / CAF","ls_nmf","membrane",1
"TREM2",354.7,-0.087,"pancreas_seeds","Immune -> Fibroblast / CAF","ls_nmf","membrane",1
"PLA2G7",897.4,0.009,"pancreas_seeds","Immune -> Fibroblast / CAF","ls_nmf","membrane",1
"FOXP3",458.9,0.02,"pancreas_seeds","Immune -> Fibroblast / CAF","ls_nmf","membrane",1
"CYTIP",2238.1,-0.004,"pancreas_seeds","Immune -> Fibroblast / CAF","ls_nmf","membrane",1
"CD69",933.6,-0.003,"pancreas_seeds","Immune -> Fibroblast / CAF","ls_nmf","membrane",1
"FCER1A",326.9,0.015,"pancreas_seeds","Immune -> Fibroblast / CAF","ls_nmf","membrane",1
"IL7R",4963.4,0,"pancreas_seeds","Immune -> Fibroblast / CAF","ls_nmf","membrane",1
"VSIG4",622.2,-0.122,"pancreas_seeds","Immune -> Fibroblast / CAF","ls_nmf","membrane",1
"KLRB1",1447.4,-0.014,"pancreas_seeds","Immune -> Fibroblast / CAF","ls_nmf","membrane",1
"LY86",468.7,-0.051,"pancreas_seeds","Immune -> Fibroblast / CAF","ls_nmf","membrane",1
"CD3D",0,0,"pancreas_seeds","Immune -> Mural / pericyte","ls_nmf","membrane",1
"SLAMF7",0,0,"pancreas_seeds","Immune -> Mural / pericyte","ls_nmf","membrane",1
"MS4A1",0,0,"pancreas_seeds","Immune -> Mural / pericyte","ls_nmf","membrane",1
"KLRB1",46.8,0.021,"pancreas_seeds","Immune -> Mural / pericyte","ls_nmf","membrane",1
"CXCR4",151,0,"pancreas_seeds","Immune -> Mural / pericyte","ls_nmf","membrane",1
"VSIG4",41.7,0,"pancreas_seeds","Immune -> Mural / pericyte","ls_nmf","membrane",1
"CD8A",41.7,0,"pancreas_seeds","Immune -> Mural / pericyte","ls_nmf","membrane",1
"PLA2G7",51.7,0,"pancreas_seeds","Immune -> Mural / pericyte","ls_nmf","membrane",1
"FCN1",0,0,"pancreas_seeds","Immune -> Mural / pericyte","ls_nmf","membrane",1
"MRC1",74.5,0.013,"pancreas_seeds","Immune -> Mural / pericyte","ls_nmf","membrane",1
"IL7R",113,0,"pancreas_seeds","Immune -> Mural / pericyte","ls_nmf","membrane",1
"MS4A6A",118.5,0.008,"pancreas_seeds","Immune -> Mural / pericyte","ls_nmf","membrane",1
"CD3E",49.5,0,"pancreas_seeds","Immune -> Mural / pericyte","ls_nmf","membrane",1
"CCL5",65.3,0,"pancreas_seeds","Immune -> Mural / pericyte","ls_nmf","membrane",1
"CD163",49.7,0.02,"pancreas_seeds","Immune -> Mural / pericyte","ls_nmf","membrane",1
"CD86",29.7,0,"pancreas_seeds","Immune -> Mural / pericyte","ls_nmf","membrane",1
"CD79A",36.8,0,"pancreas_seeds","Immune -> Mural / pericyte","ls_nmf","membrane",1
"CSF2RA",56.3,0,"pancreas_seeds","Immune -> Mural / pericyte","ls_nmf","membrane",1
"MS4A4A",56.8,0,"pancreas_seeds","Immune -> Mural / pericyte","ls_nmf","membrane",1
"FCER1A",14.8,0,"pancreas_seeds","Immune -> Mural / pericyte","ls_nmf","membrane",1
"MYH11",58.9,0.212,"pancreas_seeds","Mural / pericyte -> Ductal/tumor epithelial","ls_nmf","membrane",1
"MEDAG",12.1,0.352,"pancreas_seeds","Mural / pericyte -> Ductal/tumor epithelial","ls_nmf","membrane",1
"ADAMTS1",98.2,0.364,"pancreas_seeds","Mural / pericyte -> Ductal/tumor epithelial","ls_nmf","membrane",1
"ACTA2",202.4,0.414,"pancreas_seeds","Mural / pericyte -> Ductal/tumor epithelial","ls_nmf","membrane",1
"PDGFRB",106.8,0.594,"pancreas_seeds","Mural / pericyte -> Ductal/tumor epithelial","ls_nmf","membrane",1
"CNN1",62.5,0.34,"pancreas_seeds","Mural / pericyte -> Ductal/tumor epithelial","ls_nmf","membrane",1
"CRISPLD2",56.6,0.307,"pancreas_seeds","Mural / pericyte -> Ductal/tumor epithelial","ls_nmf","membrane",1
"RERGL",0,1,"pancreas_seeds","Mural / pericyte -> Ductal/tumor epithelial","ls_nmf","membrane",1
"MYLK",284.7,0.308,"pancreas_seeds","Mural / pericyte -> Ductal/tumor epithelial","ls_nmf","membrane",1
"CCL19",0.4,1,"pancreas_seeds","Mural / pericyte -> Ductal/tumor epithelial","ls_nmf","membrane",1
"DES",9.7,0.376,"pancreas_seeds","Mural / pericyte -> Ductal/tumor epithelial","ls_nmf","membrane",1
"TIMP4",0.7,-0.057,"pancreas_seeds","Mural / pericyte -> Ductal/tumor epithelial","ls_nmf","membrane",1
"OGN",3.9,0.352,"pancreas_seeds","Mural / pericyte -> Ductal/tumor epithelial","ls_nmf","membrane",1
"IL1RL1",15,0.003,"pancreas_seeds","Mural / pericyte -> Ductal/tumor epithelial","ls_nmf","membrane",1
"MAMDC2",12.7,0.463,"pancreas_seeds","Mural / pericyte -> Ductal/tumor epithelial","ls_nmf","membrane",1
"CAV1",31.9,0.277,"pancreas_seeds","Mural / pericyte -> Ductal/tumor epithelial","ls_nmf","membrane",1
"SNCG",2.9,0.068,"pancreas_seeds","Mural / pericyte -> Ductal/tumor epithelial","ls_nmf","membrane",1
"RETN",0,NA,"pancreas_seeds","Mural / pericyte -> Ductal/tumor epithelial","ls_nmf","membrane",1
"MEF2C",25.6,0.294,"pancreas_seeds","Mural / pericyte -> Ductal/tumor epithelial","ls_nmf","membrane",1
"PTN",18.8,0.106,"pancreas_seeds","Mural / pericyte -> Ductal/tumor epithelial","ls_nmf","membrane",1
"MYH11",543.6,0.432,"pancreas_seeds","Mural / pericyte -> Endothelial","ls_nmf","membrane",1
"TNC",178.9,0.534,"pancreas_seeds","Mural / pericyte -> Endothelial","ls_nmf","membrane",1
"CNN1",165.8,0.506,"pancreas_seeds","Mural / pericyte -> Endothelial","ls_nmf","membrane",1
"RERGL",58.1,0.441,"pancreas_seeds","Mural / pericyte -> Endothelial","ls_nmf","membrane",1
"MEDAG",198.2,0.13,"pancreas_seeds","Mural / pericyte -> Endothelial","ls_nmf","membrane",1
"DES",34.8,0.385,"pancreas_seeds","Mural / pericyte -> Endothelial","ls_nmf","membrane",1
"ACTA2",715.8,0.538,"pancreas_seeds","Mural / pericyte -> Endothelial","ls_nmf","membrane",1
"MYLK",538.2,0.515,"pancreas_seeds","Mural / pericyte -> Endothelial","ls_nmf","membrane",1
"ACTG2",295.3,0.453,"pancreas_seeds","Mural / pericyte -> Endothelial","ls_nmf","membrane",1
"CRISPLD2",167.3,0.537,"pancreas_seeds","Mural / pericyte -> Endothelial","ls_nmf","membrane",1
"ADAMTS1",2045.6,0.081,"pancreas_seeds","Mural / pericyte -> Endothelial","ls_nmf","membrane",1
"TIMP4",14.4,-0.016,"pancreas_seeds","Mural / pericyte -> Endothelial","ls_nmf","membrane",1
"OGN",8.1,0.268,"pancreas_seeds","Mural / pericyte -> Endothelial","ls_nmf","membrane",1
"PLIN4",3.2,0.008,"pancreas_seeds","Mural / pericyte -> Endothelial","ls_nmf","membrane",1
"CCDC78",0,-0.167,"pancreas_seeds","Mural / pericyte -> Endothelial","ls_nmf","membrane",1
"ASCL1",2.9,0.086,"pancreas_seeds","Mural / pericyte -> Endothelial","ls_nmf","membrane",1
"SLC4A1",4.4,0.091,"pancreas_seeds","Mural / pericyte -> Endothelial","ls_nmf","membrane",1
"TBX3",13.8,0.401,"pancreas_seeds","Mural / pericyte -> Endothelial","ls_nmf","membrane",1
"SNCG",4.7,0.189,"pancreas_seeds","Mural / pericyte -> Endothelial","ls_nmf","membrane",1
"MAMDC2",19.2,0.534,"pancreas_seeds","Mural / pericyte -> Endothelial","ls_nmf","membrane",1
"MYH11",19.9,0.684,"pancreas_seeds","Mural / pericyte -> Exocrine epithelial","ls_nmf","membrane",1
"MEDAG",1.2,1,"pancreas_seeds","Mural / pericyte -> Exocrine epithelial","ls_nmf","membrane",1
"TNC",29.9,0.961,"pancreas_seeds","Mural / pericyte -> Exocrine epithelial","ls_nmf","membrane",1
"ACTA2",50.1,0.771,"pancreas_seeds","Mural / pericyte -> Exocrine epithelial","ls_nmf","membrane",1
"CNN1",8.7,0.525,"pancreas_seeds","Mural / pericyte -> Exocrine epithelial","ls_nmf","membrane",1
"ADAMTS1",97.3,0.732,"pancreas_seeds","Mural / pericyte -> Exocrine epithelial","ls_nmf","membrane",1
"PDGFRB",40.8,0.937,"pancreas_seeds","Mural / pericyte -> Exocrine epithelial","ls_nmf","membrane",1
"MYLK",80.5,0.796,"pancreas_seeds","Mural / pericyte -> Exocrine epithelial","ls_nmf","membrane",1
"CRISPLD2",37.3,0.596,"pancreas_seeds","Mural / pericyte -> Exocrine epithelial","ls_nmf","membrane",1
"TBX3",7,0.488,"pancreas_seeds","Mural / pericyte -> Exocrine epithelial","ls_nmf","membrane",1
"SNCG",0,NA,"pancreas_seeds","Mural / pericyte -> Exocrine epithelial","ls_nmf","membrane",1
"RERGL",1.1,0.616,"pancreas_seeds","Mural / pericyte -> Exocrine epithelial","ls_nmf","membrane",1
"CCL19",0.4,1,"pancreas_seeds","Mural / pericyte -> Exocrine epithelial","ls_nmf","membrane",1
"TIMP4",13.4,0.16,"pancreas_seeds","Mural / pericyte -> Exocrine epithelial","ls_nmf","membrane",1
"CAVIN1",19.2,0.938,"pancreas_seeds","Mural / pericyte -> Exocrine epithelial","ls_nmf","membrane",1
"DES",2.2,0.661,"pancreas_seeds","Mural / pericyte -> Exocrine epithelial","ls_nmf","membrane",1
"CAV1",0,0.932,"pancreas_seeds","Mural / pericyte -> Exocrine epithelial","ls_nmf","membrane",1
"ACTG2",4.8,0.722,"pancreas_seeds","Mural / pericyte -> Exocrine epithelial","ls_nmf","membrane",1
"TMEM100",6.1,1,"pancreas_seeds","Mural / pericyte -> Exocrine epithelial","ls_nmf","membrane",1
"OGN",8.4,0.422,"pancreas_seeds","Mural / pericyte -> Exocrine epithelial","ls_nmf","membrane",1
"RERGL",40,0.047,"pancreas_seeds","Mural / pericyte -> Fibroblast / CAF","ls_nmf","membrane",1
"MYH11",564.3,0.014,"pancreas_seeds","Mural / pericyte -> Fibroblast / CAF","ls_nmf","membrane",1
"ADAMTS1",533.7,0.032,"pancreas_seeds","Mural / pericyte -> Fibroblast / CAF","ls_nmf","membrane",1
"SNCG",9.5,-0.101,"pancreas_seeds","Mural / pericyte -> Fibroblast / CAF","ls_nmf","membrane",1
"MEDAG",271.4,-0.004,"pancreas_seeds","Mural / pericyte -> Fibroblast / CAF","ls_nmf","membrane",1
"CNN1",180,-0.019,"pancreas_seeds","Mural / pericyte -> Fibroblast / CAF","ls_nmf","membrane",1
"TNC",467.6,0.036,"pancreas_seeds","Mural / pericyte -> Fibroblast / CAF","ls_nmf","membrane",1
"DES",107.3,-0.019,"pancreas_seeds","Mural / pericyte -> Fibroblast / CAF","ls_nmf","membrane",1
"LGI4",24.9,-0.048,"pancreas_seeds","Mural / pericyte -> Fibroblast / CAF","ls_nmf","membrane",1
"CAV1",50.4,0.09,"pancreas_seeds","Mural / pericyte -> Fibroblast / CAF","ls_nmf","membrane",1
"HES4",5.1,0.018,"pancreas_seeds","Mural / pericyte -> Fibroblast / CAF","ls_nmf","membrane",1
"ADH4",9,-0.102,"pancreas_seeds","Mural / pericyte -> Fibroblast / CAF","ls_nmf","membrane",1
"PLIN4",0,-0.323,"pancreas_seeds","Mural / pericyte -> Fibroblast / CAF","ls_nmf","membrane",1
"RETN",3.7,0.736,"pancreas_seeds","Mural / pericyte -> Fibroblast / CAF","ls_nmf","membrane",1
"CDH16",12.5,-0.091,"pancreas_seeds","Mural / pericyte -> Fibroblast / CAF","ls_nmf","membrane",1
"SLC4A1",9.8,-0.024,"pancreas_seeds","Mural / pericyte -> Fibroblast / CAF","ls_nmf","membrane",1
"AHSP",0,-0.071,"pancreas_seeds","Mural / pericyte -> Fibroblast / CAF","ls_nmf","membrane",1
"LY6D",1.9,0.204,"pancreas_seeds","Mural / pericyte -> Fibroblast / CAF","ls_nmf","membrane",1
"TIMP4",0,-0.034,"pancreas_seeds","Mural / pericyte -> Fibroblast / CAF","ls_nmf","membrane",1
"DNAAF1",7.2,-0.027,"pancreas_seeds","Mural / pericyte -> Fibroblast / CAF","ls_nmf","membrane",1
"MYH11",358.1,0.07,"pancreas_seeds","Mural / pericyte -> Immune","ls_nmf","membrane",1
"ADAMTS1",354.9,0.358,"pancreas_seeds","Mural / pericyte -> Immune","ls_nmf","membrane",1
"CNN1",99.2,-0.008,"pancreas_seeds","Mural / pericyte -> Immune","ls_nmf","membrane",1
"RERGL",22.3,0.085,"pancreas_seeds","Mural / pericyte -> Immune","ls_nmf","membrane",1
"MEDAG",66.4,0.137,"pancreas_seeds","Mural / pericyte -> Immune","ls_nmf","membrane",1
"TNC",313.3,0.024,"pancreas_seeds","Mural / pericyte -> Immune","ls_nmf","membrane",1
"ACTA2",271.8,0,"pancreas_seeds","Mural / pericyte -> Immune","ls_nmf","membrane",1
"MYLK",261.5,-0.017,"pancreas_seeds","Mural / pericyte -> Immune","ls_nmf","membrane",1
"DES",29.9,-0.072,"pancreas_seeds","Mural / pericyte -> Immune","ls_nmf","membrane",1
"CAV1",43.9,-0.031,"pancreas_seeds","Mural / pericyte -> Immune","ls_nmf","membrane",1
"SNCG",0,-0.263,"pancreas_seeds","Mural / pericyte -> Immune","ls_nmf","membrane",1
"PDGFRB",339.5,0.027,"pancreas_seeds","Mural / pericyte -> Immune","ls_nmf","membrane",1
"CRISPLD2",223.9,-0.027,"pancreas_seeds","Mural / pericyte -> Immune","ls_nmf","membrane",1
"TBX3",54.5,0.03,"pancreas_seeds","Mural / pericyte -> Immune","ls_nmf","membrane",1
"HES4",0.1,-0.571,"pancreas_seeds","Mural / pericyte -> Immune","ls_nmf","membrane",1
"TIMP4",34.5,-0.039,"pancreas_seeds","Mural / pericyte -> Immune","ls_nmf","membrane",1
"CAVIN1",175.1,-0.059,"pancreas_seeds","Mural / pericyte -> Immune","ls_nmf","membrane",1
"ACTG2",6.7,-2.506,"pancreas_seeds","Mural / pericyte -> Immune","ls_nmf","membrane",1
"ADH4",3,0.106,"pancreas_seeds","Mural / pericyte -> Immune","ls_nmf","membrane",1
"LGI4",5.4,-0.44,"pancreas_seeds","Mural / pericyte -> Immune","ls_nmf","membrane",1
"GPX2",75.7,1,"pancreas_seeds","Ductal/tumor epithelial -> Endothelial","invsqrt_kl","membrane",1
"TMC5",122.2,1,"pancreas_seeds","Ductal/tumor epithelial -> Endothelial","invsqrt_kl","membrane",1
"SERPINB3",9.6,0.938,"pancreas_seeds","Ductal/tumor epithelial -> Endothelial","invsqrt_kl","membrane",1
"COL17A1",0,NA,"pancreas_seeds","Ductal/tumor epithelial -> Endothelial","invsqrt_kl","membrane",1
"CAPN8",2.6,1,"pancreas_seeds","Ductal/tumor epithelial -> Endothelial","invsqrt_kl","membrane",1
"DMBT1",15.6,1,"pancreas_seeds","Ductal/tumor epithelial -> Endothelial","invsqrt_kl","membrane",1
"GPRC5A",0,1,"pancreas_seeds","Ductal/tumor epithelial -> Endothelial","invsqrt_kl","membrane",1
"EPCAM",539.4,0.998,"pancreas_seeds","Ductal/tumor epithelial -> Endothelial","invsqrt_kl","membrane",1
"EHF",253.7,0.991,"pancreas_seeds","Ductal/tumor epithelial -> Endothelial","invsqrt_kl","membrane",1
"CXCL6",491.2,1,"pancreas_seeds","Ductal/tumor epithelial -> Endothelial","invsqrt_kl","membrane",1
"KRT7",89.5,0.995,"pancreas_seeds","Ductal/tumor epithelial -> Endothelial","invsqrt_kl","membrane",1
"FOXJ1",0,1,"pancreas_seeds","Ductal/tumor epithelial -> Endothelial","invsqrt_kl","membrane",1
"LIF",27.8,0.95,"pancreas_seeds","Ductal/tumor epithelial -> Endothelial","invsqrt_kl","membrane",1
"SERPINB2",9.1,1,"pancreas_seeds","Ductal/tumor epithelial -> Endothelial","invsqrt_kl","membrane",1
"C15orf48",42.4,0.991,"pancreas_seeds","Ductal/tumor epithelial -> Endothelial","invsqrt_kl","membrane",1
"PPP1R1B",336.8,0.994,"pancreas_seeds","Ductal/tumor epithelial -> Endothelial","invsqrt_kl","membrane",1
"BAMBI",31.6,1,"pancreas_seeds","Ductal/tumor epithelial -> Endothelial","invsqrt_kl","membrane",1
"CFB",625.4,0.998,"pancreas_seeds","Ductal/tumor epithelial -> Endothelial","invsqrt_kl","membrane",1
"LGR5",1.5,1,"pancreas_seeds","Ductal/tumor epithelial -> Endothelial","invsqrt_kl","membrane",1
"FOXA1",0,1,"pancreas_seeds","Ductal/tumor epithelial -> Endothelial","invsqrt_kl","membrane",1
"SERPINB3",96.4,1,"pancreas_seeds","Ductal/tumor epithelial -> Exocrine epithelial","invsqrt_kl","membrane",1
"COL17A1",63,0.959,"pancreas_seeds","Ductal/tumor epithelial -> Exocrine epithelial","invsqrt_kl","membrane",1
"GPRC5A",29.8,0.912,"pancreas_seeds","Ductal/tumor epithelial -> Exocrine epithelial","invsqrt_kl","membrane",1
"CAPN8",125.4,0.95,"pancreas_seeds","Ductal/tumor epithelial -> Exocrine epithelial","invsqrt_kl","membrane",1
"DMBT1",255,1,"pancreas_seeds","Ductal/tumor epithelial -> Exocrine epithelial","invsqrt_kl","membrane",1
"MALL",154.8,0.959,"pancreas_seeds","Ductal/tumor epithelial -> Exocrine epithelial","invsqrt_kl","membrane",1
"TMC5",2078.2,0.993,"pancreas_seeds","Ductal/tumor epithelial -> Exocrine epithelial","invsqrt_kl","membrane",1
"GPX2",1424,1,"pancreas_seeds","Ductal/tumor epithelial -> Exocrine epithelial","invsqrt_kl","membrane",1
"LIF",144.9,0.992,"pancreas_seeds","Ductal/tumor epithelial -> Exocrine epithelial","invsqrt_kl","membrane",1
"MKI67",78.6,0.809,"pancreas_seeds","Ductal/tumor epithelial -> Exocrine epithelial","invsqrt_kl","membrane",1
"FHL2",117.2,1,"pancreas_seeds","Ductal/tumor epithelial -> Exocrine epithelial","invsqrt_kl","membrane",1
"FOXJ1",0,NA,"pancreas_seeds","Ductal/tumor epithelial -> Exocrine epithelial","invsqrt_kl","membrane",1
"UBE2C",0,NA,"pancreas_seeds","Ductal/tumor epithelial -> Exocrine epithelial","invsqrt_kl","membrane",1
"CCNB2",51.3,0.938,"pancreas_seeds","Ductal/tumor epithelial -> Exocrine epithelial","invsqrt_kl","membrane",1
"SERPINB2",101.2,0.981,"pancreas_seeds","Ductal/tumor epithelial -> Exocrine epithelial","invsqrt_kl","membrane",1
"CENPF",99.6,1,"pancreas_seeds","Ductal/tumor epithelial -> Exocrine epithelial","invsqrt_kl","membrane",1
"FOXA1",0,NA,"pancreas_seeds","Ductal/tumor epithelial -> Exocrine epithelial","invsqrt_kl","membrane",1
"LGR5",8.3,0.978,"pancreas_seeds","Ductal/tumor epithelial -> Exocrine epithelial","invsqrt_kl","membrane",1
"CDK1",144.3,0.966,"pancreas_seeds","Ductal/tumor epithelial -> Exocrine epithelial","invsqrt_kl","membrane",1
"CXCL6",5252.3,0.999,"pancreas_seeds","Ductal/tumor epithelial -> Exocrine epithelial","invsqrt_kl","membrane",1
"GPX2",733,0.988,"pancreas_seeds","Ductal/tumor epithelial -> Fibroblast / CAF","invsqrt_kl","membrane",1
"TMC5",650.9,0.996,"pancreas_seeds","Ductal/tumor epithelial -> Fibroblast / CAF","invsqrt_kl","membrane",1
"COL17A1",178.6,0.992,"pancreas_seeds","Ductal/tumor epithelial -> Fibroblast / CAF","invsqrt_kl","membrane",1
"EPCAM",2659,0.994,"pancreas_seeds","Ductal/tumor epithelial -> Fibroblast / CAF","invsqrt_kl","membrane",1
"DMBT1",194.4,1,"pancreas_seeds","Ductal/tumor epithelial -> Fibroblast / CAF","invsqrt_kl","membrane",1
"CAPN8",167.2,0.992,"pancreas_seeds","Ductal/tumor epithelial -> Fibroblast / CAF","invsqrt_kl","membrane",1
"EHF",974.8,0.995,"pancreas_seeds","Ductal/tumor epithelial -> Fibroblast / CAF","invsqrt_kl","membrane",1
"SERPINB3",897.5,1,"pancreas_seeds","Ductal/tumor epithelial -> Fibroblast / CAF","invsqrt_kl","membrane",1
"GPRC5A",2341.6,0.999,"pancreas_seeds","Ductal/tumor epithelial -> Fibroblast / CAF","invsqrt_kl","membrane",1
"MET",556.3,0.988,"pancreas_seeds","Ductal/tumor epithelial -> Fibroblast / CAF","invsqrt_kl","membrane",1
"ARFGEF3",201.9,0.992,"pancreas_seeds","Ductal/tumor epithelial -> Fibroblast / CAF","invsqrt_kl","membrane",1
"FOXJ1",62,0.952,"pancreas_seeds","Ductal/tumor epithelial -> Fibroblast / CAF","invsqrt_kl","membrane",1
"FOXA1",25.6,0.972,"pancreas_seeds","Ductal/tumor epithelial -> Fibroblast / CAF","invsqrt_kl","membrane",1
"PPP1R1B",693.6,0.995,"pancreas_seeds","Ductal/tumor epithelial -> Fibroblast / CAF","invsqrt_kl","membrane",1
"MALL",1229.9,0.996,"pancreas_seeds","Ductal/tumor epithelial -> Fibroblast / CAF","invsqrt_kl","membrane",1
"CXCL6",1658.2,0.995,"pancreas_seeds","Ductal/tumor epithelial -> Fibroblast / CAF","invsqrt_kl","membrane",1
"SERPINB2",94.9,0.995,"pancreas_seeds","Ductal/tumor epithelial -> Fibroblast / CAF","invsqrt_kl","membrane",1
"UBE2C",223.1,0.984,"pancreas_seeds","Ductal/tumor epithelial -> Fibroblast / CAF","invsqrt_kl","membrane",1
"KRT7",332.6,0.996,"pancreas_seeds","Ductal/tumor epithelial -> Fibroblast / CAF","invsqrt_kl","membrane",1
"BAMBI",434.4,0.996,"pancreas_seeds","Ductal/tumor epithelial -> Fibroblast / CAF","invsqrt_kl","membrane",1
"GPX2",474.6,1,"pancreas_seeds","Ductal/tumor epithelial -> Immune","invsqrt_kl","membrane",1
"COL17A1",82.9,0.991,"pancreas_seeds","Ductal/tumor epithelial -> Immune","invsqrt_kl","membrane",1
"EPCAM",1035.5,0.604,"pancreas_seeds","Ductal/tumor epithelial -> Immune","invsqrt_kl","membrane",1
"TMC5",406.1,1,"pancreas_seeds","Ductal/tumor epithelial -> Immune","invsqrt_kl","membrane",1
"GPRC5A",793.4,1,"pancreas_seeds","Ductal/tumor epithelial -> Immune","invsqrt_kl","membrane",1
"SERPINB3",248.3,1,"pancreas_seeds","Ductal/tumor epithelial -> Immune","invsqrt_kl","membrane",1
"DMBT1",135.4,0.994,"pancreas_seeds","Ductal/tumor epithelial -> Immune","invsqrt_kl","membrane",1
"CAPN8",79.9,1,"pancreas_seeds","Ductal/tumor epithelial -> Immune","invsqrt_kl","membrane",1
"FOXA1",8.3,1,"pancreas_seeds","Ductal/tumor epithelial -> Immune","invsqrt_kl","membrane",1
"MET",295.5,0.978,"pancreas_seeds","Ductal/tumor epithelial -> Immune","invsqrt_kl","membrane",1
"MALL",382.7,1,"pancreas_seeds","Ductal/tumor epithelial -> Immune","invsqrt_kl","membrane",1
"FOXJ1",30.3,1,"pancreas_seeds","Ductal/tumor epithelial -> Immune","invsqrt_kl","membrane",1
"ARFGEF3",134.1,1,"pancreas_seeds","Ductal/tumor epithelial -> Immune","invsqrt_kl","membrane",1
"EHF",557.6,0.686,"pancreas_seeds","Ductal/tumor epithelial -> Immune","invsqrt_kl","membrane",1
"CXCL6",1333.9,0.999,"pancreas_seeds","Ductal/tumor epithelial -> Immune","invsqrt_kl","membrane",1
"PPP1R1B",532.8,0.998,"pancreas_seeds","Ductal/tumor epithelial -> Immune","invsqrt_kl","membrane",1
"KRT7",316.3,0.997,"pancreas_seeds","Ductal/tumor epithelial -> Immune","invsqrt_kl","membrane",1
"CFB",1381.7,0.87,"pancreas_seeds","Ductal/tumor epithelial -> Immune","invsqrt_kl","membrane",1
"BAMBI",139.5,1,"pancreas_seeds","Ductal/tumor epithelial -> Immune","invsqrt_kl","membrane",1
"ERBB2",108.3,1,"pancreas_seeds","Ductal/tumor epithelial -> Immune","invsqrt_kl","membrane",1
"GPX2",20.8,1,"pancreas_seeds","Ductal/tumor epithelial -> Mural / pericyte","invsqrt_kl","membrane",1
"EHF",20.3,1,"pancreas_seeds","Ductal/tumor epithelial -> Mural / pericyte","invsqrt_kl","membrane",1
"EPCAM",43.2,0.979,"pancreas_seeds","Ductal/tumor epithelial -> Mural / pericyte","invsqrt_kl","membrane",1
"COL17A1",7.4,1,"pancreas_seeds","Ductal/tumor epithelial -> Mural / pericyte","invsqrt_kl","membrane",1
"SERPINB3",19.5,1,"pancreas_seeds","Ductal/tumor epithelial -> Mural / pericyte","invsqrt_kl","membrane",1
"TMC5",21.4,1,"pancreas_seeds","Ductal/tumor epithelial -> Mural / pericyte","invsqrt_kl","membrane",1
"DMBT1",5.3,1,"pancreas_seeds","Ductal/tumor epithelial -> Mural / pericyte","invsqrt_kl","membrane",1
"CXCL6",71.4,1,"pancreas_seeds","Ductal/tumor epithelial -> Mural / pericyte","invsqrt_kl","membrane",1
"GPRC5A",52.8,1,"pancreas_seeds","Ductal/tumor epithelial -> Mural / pericyte","invsqrt_kl","membrane",1
"ARFGEF3",4.1,0.446,"pancreas_seeds","Ductal/tumor epithelial -> Mural / pericyte","invsqrt_kl","membrane",1
"CAPN8",9,1,"pancreas_seeds","Ductal/tumor epithelial -> Mural / pericyte","invsqrt_kl","membrane",1
"KRT7",20.6,1,"pancreas_seeds","Ductal/tumor epithelial -> Mural / pericyte","invsqrt_kl","membrane",1
"MET",22.5,0.992,"pancreas_seeds","Ductal/tumor epithelial -> Mural / pericyte","invsqrt_kl","membrane",1
"C15orf48",32.5,1,"pancreas_seeds","Ductal/tumor epithelial -> Mural / pericyte","invsqrt_kl","membrane",1
"MALL",27.1,0.801,"pancreas_seeds","Ductal/tumor epithelial -> Mural / pericyte","invsqrt_kl","membrane",1
"FOXJ1",1.1,1,"pancreas_seeds","Ductal/tumor epithelial -> Mural / pericyte","invsqrt_kl","membrane",1
"SERPINB2",5.9,1,"pancreas_seeds","Ductal/tumor epithelial -> Mural / pericyte","invsqrt_kl","membrane",1
"MKI67",12.5,1,"pancreas_seeds","Ductal/tumor epithelial -> Mural / pericyte","invsqrt_kl","membrane",1
"PPP1R1B",9,1,"pancreas_seeds","Ductal/tumor epithelial -> Mural / pericyte","invsqrt_kl","membrane",1
"UBE2C",6.9,1,"pancreas_seeds","Ductal/tumor epithelial -> Mural / pericyte","invsqrt_kl","membrane",1
"INS",540.8,0.995,"pancreas_seeds","Endocrine -> Ductal/tumor epithelial","invsqrt_kl","membrane",1
"SST",212.1,0.996,"pancreas_seeds","Endocrine -> Ductal/tumor epithelial","invsqrt_kl","membrane",1
"GCG",867.1,0.999,"pancreas_seeds","Endocrine -> Ductal/tumor epithelial","invsqrt_kl","membrane",1
"CHGA",49.7,1,"pancreas_seeds","Endocrine -> Ductal/tumor epithelial","invsqrt_kl","membrane",1
"PCSK2",42.2,0.955,"pancreas_seeds","Endocrine -> Ductal/tumor epithelial","invsqrt_kl","membrane",1
"SCGN",79.8,0.989,"pancreas_seeds","Endocrine -> Ductal/tumor epithelial","invsqrt_kl","membrane",1
"HEPACAM2",13.8,0.938,"pancreas_seeds","Endocrine -> Ductal/tumor epithelial","invsqrt_kl","membrane",1
"PPY",43,0,"pancreas_seeds","Endocrine -> Ductal/tumor epithelial","invsqrt_kl","membrane",1
"GHRL",32.2,1,"pancreas_seeds","Endocrine -> Ductal/tumor epithelial","invsqrt_kl","membrane",1
"PPP1R1A",12.8,1,"pancreas_seeds","Endocrine -> Ductal/tumor epithelial","invsqrt_kl","membrane",1
"PCP4",21.8,1,"pancreas_seeds","Endocrine -> Ductal/tumor epithelial","invsqrt_kl","membrane",1
"MMRN1",11.5,1,"pancreas_seeds","Endocrine -> Ductal/tumor epithelial","invsqrt_kl","membrane",1
"SLC18A2",4.8,-0.007,"pancreas_seeds","Endocrine -> Ductal/tumor epithelial","invsqrt_kl","membrane",1
"PRG4",5.5,0.576,"pancreas_seeds","Endocrine -> Ductal/tumor epithelial","invsqrt_kl","membrane",1
"SCGB2A1",28.1,1,"pancreas_seeds","Endocrine -> Ductal/tumor epithelial","invsqrt_kl","membrane",1
"TENT5C",9.6,1,"pancreas_seeds","Endocrine -> Ductal/tumor epithelial","invsqrt_kl","membrane",1
"KCNMA1",0,1,"pancreas_seeds","Endocrine -> Ductal/tumor epithelial","invsqrt_kl","membrane",1
"PGR",2.7,1,"pancreas_seeds","Endocrine -> Ductal/tumor epithelial","invsqrt_kl","membrane",1
"TM4SF4",140.2,0.995,"pancreas_seeds","Endocrine -> Ductal/tumor epithelial","invsqrt_kl","membrane",1
"ESR1",0,NA,"pancreas_seeds","Endocrine -> Ductal/tumor epithelial","invsqrt_kl","membrane",1
"INS",1266.8,1,"pancreas_seeds","Endocrine -> Endothelial","invsqrt_kl","membrane",1
"GCG",1230,0.999,"pancreas_seeds","Endocrine -> Endothelial","invsqrt_kl","membrane",1
"SST",512,1,"pancreas_seeds","Endocrine -> Endothelial","invsqrt_kl","membrane",1
"CHGA",85.5,1,"pancreas_seeds","Endocrine -> Endothelial","invsqrt_kl","membrane",1
"PCSK2",63.2,1,"pancreas_seeds","Endocrine -> Endothelial","invsqrt_kl","membrane",1
"SCGN",209.5,1,"pancreas_seeds","Endocrine -> Endothelial","invsqrt_kl","membrane",1
"PPY",64.4,0,"pancreas_seeds","Endocrine -> Endothelial","invsqrt_kl","membrane",1
"HEPACAM2",29.7,1,"pancreas_seeds","Endocrine -> Endothelial","invsqrt_kl","membrane",1
"PPP1R1A",33.4,1,"pancreas_seeds","Endocrine -> Endothelial","invsqrt_kl","membrane",1
"PCP4",24.9,1,"pancreas_seeds","Endocrine -> Endothelial","invsqrt_kl","membrane",1
"GHRL",29.6,1,"pancreas_seeds","Endocrine -> Endothelial","invsqrt_kl","membrane",1
"SCGB2A1",20.4,1,"pancreas_seeds","Endocrine -> Endothelial","invsqrt_kl","membrane",1
"TM4SF4",44,1,"pancreas_seeds","Endocrine -> Endothelial","invsqrt_kl","membrane",1
"SLC18A2",2.8,1,"pancreas_seeds","Endocrine -> Endothelial","invsqrt_kl","membrane",1
"KCNMA1",20.3,0.891,"pancreas_seeds","Endocrine -> Endothelial","invsqrt_kl","membrane",1
"TENT5C",14.6,1,"pancreas_seeds","Endocrine -> Endothelial","invsqrt_kl","membrane",1
"PRG4",8.6,1,"pancreas_seeds","Endocrine -> Endothelial","invsqrt_kl","membrane",1
"PGR",3,1,"pancreas_seeds","Endocrine -> Endothelial","invsqrt_kl","membrane",1
"FXYD2",13.7,1,"pancreas_seeds","Endocrine -> Endothelial","invsqrt_kl","membrane",1
"HEMGN",1.5,0,"pancreas_seeds","Endocrine -> Endothelial","invsqrt_kl","membrane",1
"INS",1974,0.997,"pancreas_seeds","Endocrine -> Exocrine epithelial","invsqrt_kl","membrane",1
"GCG",1673.9,0.998,"pancreas_seeds","Endocrine -> Exocrine epithelial","invsqrt_kl","membrane",1
"CHGA",118.8,0.993,"pancreas_seeds","Endocrine -> Exocrine epithelial","invsqrt_kl","membrane",1
"PCSK2",75.8,0.989,"pancreas_seeds","Endocrine -> Exocrine epithelial","invsqrt_kl","membrane",1
"SST",689,0.997,"pancreas_seeds","Endocrine -> Exocrine epithelial","invsqrt_kl","membrane",1
"PPY",79.5,-0.002,"pancreas_seeds","Endocrine -> Exocrine epithelial","invsqrt_kl","membrane",1
"SCGN",213.5,1,"pancreas_seeds","Endocrine -> Exocrine epithelial","invsqrt_kl","membrane",1
"MMRN1",29.4,0.941,"pancreas_seeds","Endocrine -> Exocrine epithelial","invsqrt_kl","membrane",1
"HEPACAM2",35.8,0.983,"pancreas_seeds","Endocrine -> Exocrine epithelial","invsqrt_kl","membrane",1
"GHRL",94.6,1,"pancreas_seeds","Endocrine -> Exocrine epithelial","invsqrt_kl","membrane",1
"PCP4",22.1,1,"pancreas_seeds","Endocrine -> Exocrine epithelial","invsqrt_kl","membrane",1
"PPP1R1A",58.2,0.97,"pancreas_seeds","Endocrine -> Exocrine epithelial","invsqrt_kl","membrane",1
"SCGB2A1",14,1,"pancreas_seeds","Endocrine -> Exocrine epithelial","invsqrt_kl","membrane",1
"PRG4",2.6,1,"pancreas_seeds","Endocrine -> Exocrine epithelial","invsqrt_kl","membrane",1
"SLC18A2",0,-0.049,"pancreas_seeds","Endocrine -> Exocrine epithelial","invsqrt_kl","membrane",1
"TM4SF4",53.2,0.972,"pancreas_seeds","Endocrine -> Exocrine epithelial","invsqrt_kl","membrane",1
"PGR",12.7,0.904,"pancreas_seeds","Endocrine -> Exocrine epithelial","invsqrt_kl","membrane",1
"KCNMA1",17.8,1,"pancreas_seeds","Endocrine -> Exocrine epithelial","invsqrt_kl","membrane",1
"SNCA",0,-0.013,"pancreas_seeds","Endocrine -> Exocrine epithelial","invsqrt_kl","membrane",1
"ESR1",0,-0.291,"pancreas_seeds","Endocrine -> Exocrine epithelial","invsqrt_kl","membrane",1
"INS",479.7,1,"pancreas_seeds","Endocrine -> Fibroblast / CAF","invsqrt_kl","membrane",1
"SST",204.1,1,"pancreas_seeds","Endocrine -> Fibroblast / CAF","invsqrt_kl","membrane",1
"GCG",1154.5,0.999,"pancreas_seeds","Endocrine -> Fibroblast / CAF","invsqrt_kl","membrane",1
"CHGA",43.2,1,"pancreas_seeds","Endocrine -> Fibroblast / CAF","invsqrt_kl","membrane",1
"SCGN",142.5,0.993,"pancreas_seeds","Endocrine -> Fibroblast / CAF","invsqrt_kl","membrane",1
"PCSK2",64.4,1,"pancreas_seeds","Endocrine -> Fibroblast / CAF","invsqrt_kl","membrane",1
"PPY",45.7,0,"pancreas_seeds","Endocrine -> Fibroblast / CAF","invsqrt_kl","membrane",1
"PPP1R1A",17.3,0.897,"pancreas_seeds","Endocrine -> Fibroblast / CAF","invsqrt_kl","membrane",1
"HEPACAM2",17.2,0.947,"pancreas_seeds","Endocrine -> Fibroblast / CAF","invsqrt_kl","membrane",1
"SCGB2A1",25,1,"pancreas_seeds","Endocrine -> Fibroblast / CAF","invsqrt_kl","membrane",1
"TM4SF4",62.2,1,"pancreas_seeds","Endocrine -> Fibroblast / CAF","invsqrt_kl","membrane",1
"GHRL",25.5,1,"pancreas_seeds","Endocrine -> Fibroblast / CAF","invsqrt_kl","membrane",1
"PCP4",9.6,1,"pancreas_seeds","Endocrine -> Fibroblast / CAF","invsqrt_kl","membrane",1
"MMRN1",5.9,1,"pancreas_seeds","Endocrine -> Fibroblast / CAF","invsqrt_kl","membrane",1
"SLC18A2",4.4,0,"pancreas_seeds","Endocrine -> Fibroblast / CAF","invsqrt_kl","membrane",1
"FXYD2",32.5,0.97,"pancreas_seeds","Endocrine -> Fibroblast / CAF","invsqrt_kl","membrane",1
"TENT5C",14.8,0.875,"pancreas_seeds","Endocrine -> Fibroblast / CAF","invsqrt_kl","membrane",1
"KCNMA1",0,0.297,"pancreas_seeds","Endocrine -> Fibroblast / CAF","invsqrt_kl","membrane",1
"VWA5A",13.8,-0.002,"pancreas_seeds","Endocrine -> Fibroblast / CAF","invsqrt_kl","membrane",1
"SNCA",0.6,0,"pancreas_seeds","Endocrine -> Fibroblast / CAF","invsqrt_kl","membrane",1
"INS",217.3,1,"pancreas_seeds","Endocrine -> Immune","invsqrt_kl","membrane",1
"GCG",402.5,1,"pancreas_seeds","Endocrine -> Immune","invsqrt_kl","membrane",1
"SST",134.2,1,"pancreas_seeds","Endocrine -> Immune","invsqrt_kl","membrane",1
"CHGA",23.6,1,"pancreas_seeds","Endocrine -> Immune","invsqrt_kl","membrane",1
"SCGN",64,1,"pancreas_seeds","Endocrine -> Immune","invsqrt_kl","membrane",1
"PCSK2",18.7,1,"pancreas_seeds","Endocrine -> Immune","invsqrt_kl","membrane",1
"PPY",14.6,0,"pancreas_seeds","Endocrine -> Immune","invsqrt_kl","membrane",1
"PPP1R1A",4.2,1,"pancreas_seeds","Endocrine -> Immune","invsqrt_kl","membrane",1
"HEPACAM2",6.9,1,"pancreas_seeds","Endocrine -> Immune","invsqrt_kl","membrane",1
"SCGB2A1",8,1,"pancreas_seeds","Endocrine -> Immune","invsqrt_kl","membrane",1
"TM4SF4",19.6,1,"pancreas_seeds","Endocrine -> Immune","invsqrt_kl","membrane",1
"GHRL",9.5,1,"pancreas_seeds","Endocrine -> Immune","invsqrt_kl","membrane",1
"PCP4",5.8,1,"pancreas_seeds","Endocrine -> Immune","invsqrt_kl","membrane",1
"MMRN1",0,NA,"pancreas_seeds","Endocrine -> Immune","invsqrt_kl","membrane",1
"SLC18A2",2.3,0,"pancreas_seeds","Endocrine -> Immune","invsqrt_kl","membrane",1
"PRG4",6.1,1,"pancreas_seeds","Endocrine -> Immune","invsqrt_kl","membrane",1
"FXYD2",20.8,1,"pancreas_seeds","Endocrine -> Immune","invsqrt_kl","membrane",1
"PGR",4.9,0.483,"pancreas_seeds","Endocrine -> Immune","invsqrt_kl","membrane",1
"TENT5C",0,NA,"pancreas_seeds","Endocrine -> Immune","invsqrt_kl","membrane",1
"VWA5A",0.6,0,"pancreas_seeds","Endocrine -> Immune","invsqrt_kl","membrane",1
"PECAM1",783.7,0.997,"pancreas_seeds","Endothelial -> Ductal/tumor epithelial","invsqrt_kl","membrane",1
"ADGRL4",248,1,"pancreas_seeds","Endothelial -> Ductal/tumor epithelial","invsqrt_kl","membrane",1
"CD93",626,0.992,"pancreas_seeds","Endothelial -> Ductal/tumor epithelial","invsqrt_kl","membrane",1
"CLEC14A",128.7,0.993,"pancreas_seeds","Endothelial -> Ductal/tumor epithelial","invsqrt_kl","membrane",1
"VWF",112.7,1,"pancreas_seeds","Endothelial -> Ductal/tumor epithelial","invsqrt_kl","membrane",1
"CD34",422,0.995,"pancreas_seeds","Endothelial -> Ductal/tumor epithelial","invsqrt_kl","membrane",1
"ECSCR",67.5,1,"pancreas_seeds","Endothelial -> Ductal/tumor epithelial","invsqrt_kl","membrane",1
"ACKR1",39.5,0.989,"pancreas_seeds","Endothelial -> Ductal/tumor epithelial","invsqrt_kl","membrane",1
"EDNRB",73,1,"pancreas_seeds","Endothelial -> Ductal/tumor epithelial","invsqrt_kl","membrane",1
"SOX17",67.5,0.99,"pancreas_seeds","Endothelial -> Ductal/tumor epithelial","invsqrt_kl","membrane",1
"STC1",357.7,1,"pancreas_seeds","Endothelial -> Ductal/tumor epithelial","invsqrt_kl","membrane",1
"APOLD1",146.7,1,"pancreas_seeds","Endothelial -> Ductal/tumor epithelial","invsqrt_kl","membrane",1
"RAMP2",12.5,0.806,"pancreas_seeds","Endothelial -> Ductal/tumor epithelial","invsqrt_kl","membrane",1
"TCF4",106.2,1,"pancreas_seeds","Endothelial -> Ductal/tumor epithelial","invsqrt_kl","membrane",1
"CAVIN2",101.2,0.015,"pancreas_seeds","Endothelial -> Ductal/tumor epithelial","invsqrt_kl","membrane",1
"IL3RA",0,0.988,"pancreas_seeds","Endothelial -> Ductal/tumor epithelial","invsqrt_kl","membrane",1
"SELE",5,0.189,"pancreas_seeds","Endothelial -> Ductal/tumor epithelial","invsqrt_kl","membrane",1
"GNG11",799,0.146,"pancreas_seeds","Endothelial -> Ductal/tumor epithelial","invsqrt_kl","membrane",1
"ANGPT2",0,0,"pancreas_seeds","Endothelial -> Ductal/tumor epithelial","invsqrt_kl","membrane",1
"ERG",23.2,1,"pancreas_seeds","Endothelial -> Ductal/tumor epithelial","invsqrt_kl","membrane",1
"PECAM1",88.2,1,"pancreas_seeds","Endothelial -> Endocrine","invsqrt_kl","membrane",1
"CLEC14A",10,1,"pancreas_seeds","Endothelial -> Endocrine","invsqrt_kl","membrane",1
"VWF",8.6,1,"pancreas_seeds","Endothelial -> Endocrine","invsqrt_kl","membrane",1
"ACKR1",0.6,0.568,"pancreas_seeds","Endothelial -> Endocrine","invsqrt_kl","membrane",1
"IL3RA",18.7,0.98,"pancreas_seeds","Endothelial -> Endocrine","invsqrt_kl","membrane",1
"CD93",44.8,0.911,"pancreas_seeds","Endothelial -> Endocrine","invsqrt_kl","membrane",1
"ADGRL4",37.3,0.963,"pancreas_seeds","Endothelial -> Endocrine","invsqrt_kl","membrane",1
"STC1",47.2,0.992,"pancreas_seeds","Endothelial -> Endocrine","invsqrt_kl","membrane",1
"ECSCR",17.6,1,"pancreas_seeds","Endothelial -> Endocrine","invsqrt_kl","membrane",1
"SOX17",19.3,1,"pancreas_seeds","Endothelial -> Endocrine","invsqrt_kl","membrane",1
"CD34",41.5,0.943,"pancreas_seeds","Endothelial -> Endocrine","invsqrt_kl","membrane",1
"RAPGEF3",6.4,1,"pancreas_seeds","Endothelial -> Endocrine","invsqrt_kl","membrane",1
"APOLD1",76,0.991,"pancreas_seeds","Endothelial -> Endocrine","invsqrt_kl","membrane",1
"SH2D3C",15.4,0.935,"pancreas_seeds","Endothelial -> Endocrine","invsqrt_kl","membrane",1
"GNG11",22.9,1,"pancreas_seeds","Endothelial -> Endocrine","invsqrt_kl","membrane",1
"RAMP2",1.7,1,"pancreas_seeds","Endothelial -> Endocrine","invsqrt_kl","membrane",1
"ERG",2.2,0.86,"pancreas_seeds","Endothelial -> Endocrine","invsqrt_kl","membrane",1
"MMRN2",28.4,0.888,"pancreas_seeds","Endothelial -> Endocrine","invsqrt_kl","membrane",1
"TCIM",27.8,0.079,"pancreas_seeds","Endothelial -> Endocrine","invsqrt_kl","membrane",1
"S100A12",20.6,1,"pancreas_seeds","Endothelial -> Endocrine","invsqrt_kl","membrane",1
"VWF",309.1,0.998,"pancreas_seeds","Endothelial -> Exocrine epithelial","invsqrt_kl","membrane",1
"CLEC14A",282.8,0.981,"pancreas_seeds","Endothelial -> Exocrine epithelial","invsqrt_kl","membrane",1
"ADGRL4",451.5,0.981,"pancreas_seeds","Endothelial -> Exocrine epithelial","invsqrt_kl","membrane",1
"PECAM1",1520.5,0.992,"pancreas_seeds","Endothelial -> Exocrine epithelial","invsqrt_kl","membrane",1
"ANGPT2",8.7,-0.056,"pancreas_seeds","Endothelial -> Exocrine epithelial","invsqrt_kl","membrane",1
"ACKR1",107,0.985,"pancreas_seeds","Endothelial -> Exocrine epithelial","invsqrt_kl","membrane",1
"ECSCR",195.3,0.988,"pancreas_seeds","Endothelial -> Exocrine epithelial","invsqrt_kl","membrane",1
"CD34",550,0.992,"pancreas_seeds","Endothelial -> Exocrine epithelial","invsqrt_kl","membrane",1
"CD93",827.3,0.995,"pancreas_seeds","Endothelial -> Exocrine epithelial","invsqrt_kl","membrane",1
"STC1",484.6,0.985,"pancreas_seeds","Endothelial -> Exocrine epithelial","invsqrt_kl","membrane",1
"RAMP2",76.7,0.979,"pancreas_seeds","Endothelial -> Exocrine epithelial","invsqrt_kl","membrane",1
"SOX17",238.7,0.993,"pancreas_seeds","Endothelial -> Exocrine epithelial","invsqrt_kl","membrane",1
"EGFL7",19,1,"pancreas_seeds","Endothelial -> Exocrine epithelial","invsqrt_kl","membrane",1
"APOLD1",847.2,0.98,"pancreas_seeds","Endothelial -> Exocrine epithelial","invsqrt_kl","membrane",1
"IL3RA",91,1,"pancreas_seeds","Endothelial -> Exocrine epithelial","invsqrt_kl","membrane",1
"SH2D3C",60.5,0.975,"pancreas_seeds","Endothelial -> Exocrine epithelial","invsqrt_kl","membrane",1
"HIGD1B",48.7,0.932,"pancreas_seeds","Endothelial -> Exocrine epithelial","invsqrt_kl","membrane",1
"TCF4",163,0.978,"pancreas_seeds","Endothelial -> Exocrine epithelial","invsqrt_kl","membrane",1
"EDNRB",140.4,0.982,"pancreas_seeds","Endothelial -> Exocrine epithelial","invsqrt_kl","membrane",1
"SOX18",12.3,0.781,"pancreas_seeds","Endothelial -> Exocrine epithelial","invsqrt_kl","membrane",1
"STC1",425.4,0.985,"pancreas_seeds","Endothelial -> Fibroblast / CAF","invsqrt_kl","membrane",1
"VWF",608.5,0.997,"pancreas_seeds","Endothelial -> Fibroblast / CAF","invsqrt_kl","membrane",1
"ACKR1",153,0.98,"pancreas_seeds","Endothelial -> Fibroblast / CAF","invsqrt_kl","membrane",1
"CLEC14A",314.9,0.985,"pancreas_seeds","Endothelial -> Fibroblast / CAF","invsqrt_kl","membrane",1
"SOX17",101.6,0.967,"pancreas_seeds","Endothelial -> Fibroblast / CAF","invsqrt_kl","membrane",1
"APOLD1",697.2,0.978,"pancreas_seeds","Endothelial -> Fibroblast / CAF","invsqrt_kl","membrane",1
"ECSCR",298.1,0.996,"pancreas_seeds","Endothelial -> Fibroblast / CAF","invsqrt_kl","membrane",1
"EGFL7",143.7,0.973,"pancreas_seeds","Endothelial -> Fibroblast / CAF","invsqrt_kl","membrane",1
"ADGRL4",561,1,"pancreas_seeds","Endothelial -> Fibroblast / CAF","invsqrt_kl","membrane",1
"RAMP2",119.4,0.993,"pancreas_seeds","Endothelial -> Fibroblast / CAF","invsqrt_kl","membrane",1
"CD93",929.9,0.591,"pancreas_seeds","Endothelial -> Fibroblast / CAF","invsqrt_kl","membrane",1
"PECAM1",1384.2,0.703,"pancreas_seeds","Endothelial -> Fibroblast / CAF","invsqrt_kl","membrane",1
"BTNL9",41,1,"pancreas_seeds","Endothelial -> Fibroblast / CAF","invsqrt_kl","membrane",1
"IL3RA",95.5,1,"pancreas_seeds","Endothelial -> Fibroblast / CAF","invsqrt_kl","membrane",1
"MMRN2",228.3,0.644,"pancreas_seeds","Endothelial -> Fibroblast / CAF","invsqrt_kl","membrane",1
"MCF2L",59.6,0.903,"pancreas_seeds","Endothelial -> Fibroblast / CAF","invsqrt_kl","membrane",1
"CD34",891.2,0.987,"pancreas_seeds","Endothelial -> Fibroblast / CAF","invsqrt_kl","membrane",1
"SELE",8.1,1,"pancreas_seeds","Endothelial -> Fibroblast / CAF","invsqrt_kl","membrane",1
"CAVIN2",109.1,0.009,"pancreas_seeds","Endothelial -> Fibroblast / CAF","invsqrt_kl","membrane",1
"BMX",16.8,0.871,"pancreas_seeds","Endothelial -> Fibroblast / CAF","invsqrt_kl","membrane",1
"CLEC14A",161.7,0.988,"pancreas_seeds","Endothelial -> Immune","invsqrt_kl","membrane",1
"VWF",312.4,0.992,"pancreas_seeds","Endothelial -> Immune","invsqrt_kl","membrane",1
"STC1",234.3,0.998,"pancreas_seeds","Endothelial -> Immune","invsqrt_kl","membrane",1
"ADGRL4",319.6,0.983,"pancreas_seeds","Endothelial -> Immune","invsqrt_kl","membrane",1
"RAMP2",61,0.99,"pancreas_seeds","Endothelial -> Immune","invsqrt_kl","membrane",1
"APOLD1",359.2,0.997,"pancreas_seeds","Endothelial -> Immune","invsqrt_kl","membrane",1
"SOX17",38.7,0.979,"pancreas_seeds","Endothelial -> Immune","invsqrt_kl","membrane",1
"ACKR1",99.7,0.998,"pancreas_seeds","Endothelial -> Immune","invsqrt_kl","membrane",1
"CD34",328,0.994,"pancreas_seeds","Endothelial -> Immune","invsqrt_kl","membrane",1
"ECSCR",145.1,0.981,"pancreas_seeds","Endothelial -> Immune","invsqrt_kl","membrane",1
"EGFL7",64,0.99,"pancreas_seeds","Endothelial -> Immune","invsqrt_kl","membrane",1
"MMRN2",105.6,0.609,"pancreas_seeds","Endothelial -> Immune","invsqrt_kl","membrane",1
"ANGPT2",60.9,0,"pancreas_seeds","Endothelial -> Immune","invsqrt_kl","membrane",1
"RAPGEF3",13,0.955,"pancreas_seeds","Endothelial -> Immune","invsqrt_kl","membrane",1
"CAVIN2",38.8,0,"pancreas_seeds","Endothelial -> Immune","invsqrt_kl","membrane",1
"NPDC1",15.2,0.839,"pancreas_seeds","Endothelial -> Immune","invsqrt_kl","membrane",1
"HIGD1B",25.9,0.039,"pancreas_seeds","Endothelial -> Immune","invsqrt_kl","membrane",1
"BTNL9",0,0.576,"pancreas_seeds","Endothelial -> Immune","invsqrt_kl","membrane",1
"TCIM",150.3,0.095,"pancreas_seeds","Endothelial -> Immune","invsqrt_kl","membrane",1
"MCF2L",16.8,0.988,"pancreas_seeds","Endothelial -> Immune","invsqrt_kl","membrane",1
"VWF",51.6,0,"pancreas_seeds","Endothelial -> Mural / pericyte","invsqrt_kl","membrane",1
"STC1",50.8,0,"pancreas_seeds","Endothelial -> Mural / pericyte","invsqrt_kl","membrane",1
"CLEC14A",54.5,0,"pancreas_seeds","Endothelial -> Mural / pericyte","invsqrt_kl","membrane",1
"EGFL7",17.4,0,"pancreas_seeds","Endothelial -> Mural / pericyte","invsqrt_kl","membrane",1
"PECAM1",163.7,0.028,"pancreas_seeds","Endothelial -> Mural / pericyte","invsqrt_kl","membrane",1
"ADGRL4",56.1,0,"pancreas_seeds","Endothelial -> Mural / pericyte","invsqrt_kl","membrane",1
"ACKR1",12.3,0,"pancreas_seeds","Endothelial -> Mural / pericyte","invsqrt_kl","membrane",1
"ECSCR",42.3,0,"pancreas_seeds","Endothelial -> Mural / pericyte","invsqrt_kl","membrane",1
"RAMP2",17.3,0,"pancreas_seeds","Endothelial -> Mural / pericyte","invsqrt_kl","membrane",1
"CD34",79.6,0,"pancreas_seeds","Endothelial -> Mural / pericyte","invsqrt_kl","membrane",1
"TM4SF18",8.2,0.311,"pancreas_seeds","Endothelial -> Mural / pericyte","invsqrt_kl","membrane",1
"CD93",121.9,0.091,"pancreas_seeds","Endothelial -> Mural / pericyte","invsqrt_kl","membrane",1
"SOX17",8.3,0,"pancreas_seeds","Endothelial -> Mural / pericyte","invsqrt_kl","membrane",1
"NPDC1",16.5,-0.152,"pancreas_seeds","Endothelial -> Mural / pericyte","invsqrt_kl","membrane",1
"IL3RA",1.5,0,"pancreas_seeds","Endothelial -> Mural / pericyte","invsqrt_kl","membrane",1
"BTNL9",2.1,0,"pancreas_seeds","Endothelial -> Mural / pericyte","invsqrt_kl","membrane",1
"MMRN2",28.7,0,"pancreas_seeds","Endothelial -> Mural / pericyte","invsqrt_kl","membrane",1
"TCIM",52.2,-0.056,"pancreas_seeds","Endothelial -> Mural / pericyte","invsqrt_kl","membrane",1
"SH2D3C",13.6,0,"pancreas_seeds","Endothelial -> Mural / pericyte","invsqrt_kl","membrane",1
"S100A12",4.4,0.323,"pancreas_seeds","Endothelial -> Mural / pericyte","invsqrt_kl","membrane",1
"AMY2A",148714.4,0.699,"pancreas_seeds","Exocrine epithelial -> Ductal/tumor epithelial","invsqrt_kl","membrane",1
"AQP8",11323.4,0.999,"pancreas_seeds","Exocrine epithelial -> Ductal/tumor epithelial","invsqrt_kl","membrane",1
"GATM",61550.5,0.73,"pancreas_seeds","Exocrine epithelial -> Ductal/tumor epithelial","invsqrt_kl","membrane",1
"ANPEP",9594,0.996,"pancreas_seeds","Exocrine epithelial -> Ductal/tumor epithelial","invsqrt_kl","membrane",1
"DPEP1",911.6,0.999,"pancreas_seeds","Exocrine epithelial -> Ductal/tumor epithelial","invsqrt_kl","membrane",1
"KCNK3",1575.5,0.996,"pancreas_seeds","Exocrine epithelial -> Ductal/tumor epithelial","invsqrt_kl","membrane",1
"KLK11",659.5,0.438,"pancreas_seeds","Exocrine epithelial -> Ductal/tumor epithelial","invsqrt_kl","membrane",1
"CPA3",743.1,1,"pancreas_seeds","Exocrine epithelial -> Ductal/tumor epithelial","invsqrt_kl","membrane",1
"GPC3",962.9,1,"pancreas_seeds","Exocrine epithelial -> Ductal/tumor epithelial","invsqrt_kl","membrane",1
"UMOD",247.7,0.052,"pancreas_seeds","Exocrine epithelial -> Ductal/tumor epithelial","invsqrt_kl","membrane",1
"PROX1",11709.7,0.197,"pancreas_seeds","Exocrine epithelial -> Ductal/tumor epithelial","invsqrt_kl","membrane",1
"PEBP4",65.9,0,"pancreas_seeds","Exocrine epithelial -> Ductal/tumor epithelial","invsqrt_kl","membrane",1
"DIRAS3",492.3,0.983,"pancreas_seeds","Exocrine epithelial -> Ductal/tumor epithelial","invsqrt_kl","membrane",1
"HAMP",474.1,0.999,"pancreas_seeds","Exocrine epithelial -> Ductal/tumor epithelial","invsqrt_kl","membrane",1
"CFTR",110866.7,0.176,"pancreas_seeds","Exocrine epithelial -> Ductal/tumor epithelial","invsqrt_kl","membrane",1
"CA4",1681,0.007,"pancreas_seeds","Exocrine epithelial -> Ductal/tumor epithelial","invsqrt_kl","membrane",1
"MLANA",14.9,0,"pancreas_seeds","Exocrine epithelial -> Ductal/tumor epithelial","invsqrt_kl","membrane",1
"FKBP11",477.9,1,"pancreas_seeds","Exocrine epithelial -> Ductal/tumor epithelial","invsqrt_kl","membrane",1
"GLYATL1",51.9,0.058,"pancreas_seeds","Exocrine epithelial -> Ductal/tumor epithelial","invsqrt_kl","membrane",1
"UPK3B",14.7,0.136,"pancreas_seeds","Exocrine epithelial -> Ductal/tumor epithelial","invsqrt_kl","membrane",1
"KLK11",12.3,1,"pancreas_seeds","Exocrine epithelial -> Endocrine","invsqrt_kl","membrane",1
"ANPEP",111.6,0.995,"pancreas_seeds","Exocrine epithelial -> Endocrine","invsqrt_kl","membrane",1
"AQP8",180.5,0.996,"pancreas_seeds","Exocrine epithelial -> Endocrine","invsqrt_kl","membrane",1
"GATM",1054.2,1,"pancreas_seeds","Exocrine epithelial -> Endocrine","invsqrt_kl","membrane",1
"MYC",18.8,1,"pancreas_seeds","Exocrine epithelial -> Endocrine","invsqrt_kl","membrane",1
"HAMP",6.4,1,"pancreas_seeds","Exocrine epithelial -> Endocrine","invsqrt_kl","membrane",1
"DPEP1",16.3,1,"pancreas_seeds","Exocrine epithelial -> Endocrine","invsqrt_kl","membrane",1
"UMOD",5.4,0.837,"pancreas_seeds","Exocrine epithelial -> Endocrine","invsqrt_kl","membrane",1
"AMY2A",3864.7,0.968,"pancreas_seeds","Exocrine epithelial -> Endocrine","invsqrt_kl","membrane",1
"CFTR",686.1,0.963,"pancreas_seeds","Exocrine epithelial -> Endocrine","invsqrt_kl","membrane",1
"COCH",5,1,"pancreas_seeds","Exocrine epithelial -> Endocrine","invsqrt_kl","membrane",1
"GLYATL1",2.1,1,"pancreas_seeds","Exocrine epithelial -> Endocrine","invsqrt_kl","membrane",1
"GPC3",41,1,"pancreas_seeds","Exocrine epithelial -> Endocrine","invsqrt_kl","membrane",1
"FKBP11",47.1,0.973,"pancreas_seeds","Exocrine epithelial -> Endocrine","invsqrt_kl","membrane",1
"CA4",10.1,1,"pancreas_seeds","Exocrine epithelial -> Endocrine","invsqrt_kl","membrane",1
"UPK3B",5.1,1,"pancreas_seeds","Exocrine epithelial -> Endocrine","invsqrt_kl","membrane",1
"RIDA",22.7,0.932,"pancreas_seeds","Exocrine epithelial -> Endocrine","invsqrt_kl","membrane",1
"MLANA",0.1,1,"pancreas_seeds","Exocrine epithelial -> Endocrine","invsqrt_kl","membrane",1
"CPA3",0,1,"pancreas_seeds","Exocrine epithelial -> Endocrine","invsqrt_kl","membrane",1
"SMYD2",4.8,0.941,"pancreas_seeds","Exocrine epithelial -> Endocrine","invsqrt_kl","membrane",1
"AQP8",1910.5,0.999,"pancreas_seeds","Exocrine epithelial -> Endothelial","invsqrt_kl","membrane",1
"GATM",10092.4,1,"pancreas_seeds","Exocrine epithelial -> Endothelial","invsqrt_kl","membrane",1
"AMY2A",27517.6,1,"pancreas_seeds","Exocrine epithelial -> Endothelial","invsqrt_kl","membrane",1
"KLK11",129.5,1,"pancreas_seeds","Exocrine epithelial -> Endothelial","invsqrt_kl","membrane",1
"ANPEP",1195.7,1,"pancreas_seeds","Exocrine epithelial -> Endothelial","invsqrt_kl","membrane",1
"CFTR",3501.1,1,"pancreas_seeds","Exocrine epithelial -> Endothelial","invsqrt_kl","membrane",1
"DPEP1",125.7,1,"pancreas_seeds","Exocrine epithelial -> Endothelial","invsqrt_kl","membrane",1
"KCNK3",203.5,0.995,"pancreas_seeds","Exocrine epithelial -> Endothelial","invsqrt_kl","membrane",1
"UMOD",18.9,1,"pancreas_seeds","Exocrine epithelial -> Endothelial","invsqrt_kl","membrane",1
"CA4",123.8,1,"pancreas_seeds","Exocrine epithelial -> Endothelial","invsqrt_kl","membrane",1
"DIRAS3",40.7,0.095,"pancreas_seeds","Exocrine epithelial -> Endothelial","invsqrt_kl","membrane",1
"PROX1",481.4,1,"pancreas_seeds","Exocrine epithelial -> Endothelial","invsqrt_kl","membrane",1
"FKBP11",361.8,1,"pancreas_seeds","Exocrine epithelial -> Endothelial","invsqrt_kl","membrane",1
"PEBP4",15.3,0,"pancreas_seeds","Exocrine epithelial -> Endothelial","invsqrt_kl","membrane",1
"AQP3",74.9,0.967,"pancreas_seeds","Exocrine epithelial -> Endothelial","invsqrt_kl","membrane",1
"HAMP",78.3,0,"pancreas_seeds","Exocrine epithelial -> Endothelial","invsqrt_kl","membrane",1
"GLYATL1",11.4,1,"pancreas_seeds","Exocrine epithelial -> Endothelial","invsqrt_kl","membrane",1
"RIDA",49.3,1,"pancreas_seeds","Exocrine epithelial -> Endothelial","invsqrt_kl","membrane",1
"COCH",33.3,0,"pancreas_seeds","Exocrine epithelial -> Endothelial","invsqrt_kl","membrane",1
"CPA3",83.3,1,"pancreas_seeds","Exocrine epithelial -> Endothelial","invsqrt_kl","membrane",1
"AQP8",1345.4,1,"pancreas_seeds","Exocrine epithelial -> Fibroblast / CAF","invsqrt_kl","membrane",1
"GATM",7976.2,1,"pancreas_seeds","Exocrine epithelial -> Fibroblast / CAF","invsqrt_kl","membrane",1
"AMY2A",21865.4,1,"pancreas_seeds","Exocrine epithelial -> Fibroblast / CAF","invsqrt_kl","membrane",1
"KLK11",76.9,1,"pancreas_seeds","Exocrine epithelial -> Fibroblast / CAF","invsqrt_kl","membrane",1
"CFTR",5032.3,0.999,"pancreas_seeds","Exocrine epithelial -> Fibroblast / CAF","invsqrt_kl","membrane",1
"ANPEP",859.7,0.999,"pancreas_seeds","Exocrine epithelial -> Fibroblast / CAF","invsqrt_kl","membrane",1
"PROX1",703.3,1,"pancreas_seeds","Exocrine epithelial -> Fibroblast / CAF","invsqrt_kl","membrane",1
"KCNK3",184.4,0.993,"pancreas_seeds","Exocrine epithelial -> Fibroblast / CAF","invsqrt_kl","membrane",1
"UMOD",15.1,1,"pancreas_seeds","Exocrine epithelial -> Fibroblast / CAF","invsqrt_kl","membrane",1
"DIRAS3",42,0.988,"pancreas_seeds","Exocrine epithelial -> Fibroblast / CAF","invsqrt_kl","membrane",1
"CA4",111.3,0.992,"pancreas_seeds","Exocrine epithelial -> Fibroblast / CAF","invsqrt_kl","membrane",1
"HAMP",78.8,0.976,"pancreas_seeds","Exocrine epithelial -> Fibroblast / CAF","invsqrt_kl","membrane",1
"AQP3",59.6,0.957,"pancreas_seeds","Exocrine epithelial -> Fibroblast / CAF","invsqrt_kl","membrane",1
"RIDA",90.2,0,"pancreas_seeds","Exocrine epithelial -> Fibroblast / CAF","invsqrt_kl","membrane",1
"DPEP1",70.1,1,"pancreas_seeds","Exocrine epithelial -> Fibroblast / CAF","invsqrt_kl","membrane",1
"GLYATL1",3,0,"pancreas_seeds","Exocrine epithelial -> Fibroblast / CAF","invsqrt_kl","membrane",1
"FKBP11",206.9,1,"pancreas_seeds","Exocrine epithelial -> Fibroblast / CAF","invsqrt_kl","membrane",1
"MYC",206.1,0.843,"pancreas_seeds","Exocrine epithelial -> Fibroblast / CAF","invsqrt_kl","membrane",1
"COCH",34.4,0.987,"pancreas_seeds","Exocrine epithelial -> Fibroblast / CAF","invsqrt_kl","membrane",1
"PEBP4",0.3,0.293,"pancreas_seeds","Exocrine epithelial -> Fibroblast / CAF","invsqrt_kl","membrane",1
"AQP8",1465.3,0,"pancreas_seeds","Exocrine epithelial -> Immune","invsqrt_kl","membrane",1
"GATM",9605.1,0.062,"pancreas_seeds","Exocrine epithelial -> Immune","invsqrt_kl","membrane",1
"AMY2A",27334.7,0.057,"pancreas_seeds","Exocrine epithelial -> Immune","invsqrt_kl","membrane",1
"CFTR",5611,0.598,"pancreas_seeds","Exocrine epithelial -> Immune","invsqrt_kl","membrane",1
"KLK11",114.3,0.772,"pancreas_seeds","Exocrine epithelial -> Immune","invsqrt_kl","membrane",1
"PROX1",709.9,0.607,"pancreas_seeds","Exocrine epithelial -> Immune","invsqrt_kl","membrane",1
"KCNK3",209.5,0,"pancreas_seeds","Exocrine epithelial -> Immune","invsqrt_kl","membrane",1
"ANPEP",1045.8,0,"pancreas_seeds","Exocrine epithelial -> Immune","invsqrt_kl","membrane",1
"DPEP1",98.6,0,"pancreas_seeds","Exocrine epithelial -> Immune","invsqrt_kl","membrane",1
"UMOD",22.3,1,"pancreas_seeds","Exocrine epithelial -> Immune","invsqrt_kl","membrane",1
"CA4",59.6,1,"pancreas_seeds","Exocrine epithelial -> Immune","invsqrt_kl","membrane",1
"DIRAS3",61.3,0.968,"pancreas_seeds","Exocrine epithelial -> Immune","invsqrt_kl","membrane",1
"MYC",9.3,-3.795,"pancreas_seeds","Exocrine epithelial -> Immune","invsqrt_kl","membrane",1
"FKBP11",195.7,-0.096,"pancreas_seeds","Exocrine epithelial -> Immune","invsqrt_kl","membrane",1
"GLYATL1",6.9,0,"pancreas_seeds","Exocrine epithelial -> Immune","invsqrt_kl","membrane",1
"RIDA",43.9,-0.009,"pancreas_seeds","Exocrine epithelial -> Immune","invsqrt_kl","membrane",1
"AQP3",15.4,0,"pancreas_seeds","Exocrine epithelial -> Immune","invsqrt_kl","membrane",1
"PEBP4",0,NA,"pancreas_seeds","Exocrine epithelial -> Immune","invsqrt_kl","membrane",1
"COCH",20.4,0.944,"pancreas_seeds","Exocrine epithelial -> Immune","invsqrt_kl","membrane",1
"GPC3",178,-0.025,"pancreas_seeds","Exocrine epithelial -> Immune","invsqrt_kl","membrane",1
"AQP8",9.2,1,"pancreas_seeds","Exocrine epithelial -> Mural / pericyte","invsqrt_kl","membrane",1
"GATM",78.3,1,"pancreas_seeds","Exocrine epithelial -> Mural / pericyte","invsqrt_kl","membrane",1
"AMY2A",443.6,1,"pancreas_seeds","Exocrine epithelial -> Mural / pericyte","invsqrt_kl","membrane",1
"CFTR",76.4,0.987,"pancreas_seeds","Exocrine epithelial -> Mural / pericyte","invsqrt_kl","membrane",1
"ANPEP",16.5,1,"pancreas_seeds","Exocrine epithelial -> Mural / pericyte","invsqrt_kl","membrane",1
"PROX1",7.3,1,"pancreas_seeds","Exocrine epithelial -> Mural / pericyte","invsqrt_kl","membrane",1
"KLK11",0,NA,"pancreas_seeds","Exocrine epithelial -> Mural / pericyte","invsqrt_kl","membrane",1
"DPEP1",2,1,"pancreas_seeds","Exocrine epithelial -> Mural / pericyte","invsqrt_kl","membrane",1
"CA4",2.9,1,"pancreas_seeds","Exocrine epithelial -> Mural / pericyte","invsqrt_kl","membrane",1
"FKBP11",7.3,0.5,"pancreas_seeds","Exocrine epithelial -> Mural / pericyte","invsqrt_kl","membrane",1
"HAMP",0.8,0,"pancreas_seeds","Exocrine epithelial -> Mural / pericyte","invsqrt_kl","membrane",1
"UMOD",0.1,1,"pancreas_seeds","Exocrine epithelial -> Mural / pericyte","invsqrt_kl","membrane",1
"GLYATL1",0,NA,"pancreas_seeds","Exocrine epithelial -> Mural / pericyte","invsqrt_kl","membrane",1
"DIRAS3",0,0,"pancreas_seeds","Exocrine epithelial -> Mural / pericyte","invsqrt_kl","membrane",1
"RIDA",3.7,0,"pancreas_seeds","Exocrine epithelial -> Mural / pericyte","invsqrt_kl","membrane",1
"AQP3",0,NA,"pancreas_seeds","Exocrine epithelial -> Mural / pericyte","invsqrt_kl","membrane",1
"SMYD2",4.3,0,"pancreas_seeds","Exocrine epithelial -> Mural / pericyte","invsqrt_kl","membrane",1
"COCH",0.8,0,"pancreas_seeds","Exocrine epithelial -> Mural / pericyte","invsqrt_kl","membrane",1
"UPK3B",1.7,1,"pancreas_seeds","Exocrine epithelial -> Mural / pericyte","invsqrt_kl","membrane",1
"PEBP4",0,NA,"pancreas_seeds","Exocrine epithelial -> Mural / pericyte","invsqrt_kl","membrane",1
"SFRP2",2578.9,0.995,"pancreas_seeds","Fibroblast / CAF -> Ductal/tumor epithelial","invsqrt_kl","membrane",1
"THBS2",2050.8,0.991,"pancreas_seeds","Fibroblast / CAF -> Ductal/tumor epithelial","invsqrt_kl","membrane",1
"COL5A2",2981.2,0.995,"pancreas_seeds","Fibroblast / CAF -> Ductal/tumor epithelial","invsqrt_kl","membrane",1
"SFRP4",1182,0.996,"pancreas_seeds","Fibroblast / CAF -> Ductal/tumor epithelial","invsqrt_kl","membrane",1
"FBN1",2730.7,0.997,"pancreas_seeds","Fibroblast / CAF -> Ductal/tumor epithelial","invsqrt_kl","membrane",1
"PDGFRA",432.6,0.969,"pancreas_seeds","Fibroblast / CAF -> Ductal/tumor epithelial","invsqrt_kl","membrane",1
"MFAP5",213.3,0.983,"pancreas_seeds","Fibroblast / CAF -> Ductal/tumor epithelial","invsqrt_kl","membrane",1
"ASPN",1313.5,0.993,"pancreas_seeds","Fibroblast / CAF -> Ductal/tumor epithelial","invsqrt_kl","membrane",1
"THY1",1071.3,0.991,"pancreas_seeds","Fibroblast / CAF -> Ductal/tumor epithelial","invsqrt_kl","membrane",1
"C7",285.9,1,"pancreas_seeds","Fibroblast / CAF -> Ductal/tumor epithelial","invsqrt_kl","membrane",1
"PTGDS",244.7,0.992,"pancreas_seeds","Fibroblast / CAF -> Ductal/tumor epithelial","invsqrt_kl","membrane",1
"LTBP2",3544,0.984,"pancreas_seeds","Fibroblast / CAF -> Ductal/tumor epithelial","invsqrt_kl","membrane",1
"INMT",448.1,1,"pancreas_seeds","Fibroblast / CAF -> Ductal/tumor epithelial","invsqrt_kl","membrane",1
"PCOLCE",305.9,0.985,"pancreas_seeds","Fibroblast / CAF -> Ductal/tumor epithelial","invsqrt_kl","membrane",1
"PDPN",1051.9,0.993,"pancreas_seeds","Fibroblast / CAF -> Ductal/tumor epithelial","invsqrt_kl","membrane",1
"FBLN1",659.2,1,"pancreas_seeds","Fibroblast / CAF -> Ductal/tumor epithelial","invsqrt_kl","membrane",1
"SRPX",354.6,0.981,"pancreas_seeds","Fibroblast / CAF -> Ductal/tumor epithelial","invsqrt_kl","membrane",1
"CTSK",2273.5,0.389,"pancreas_seeds","Fibroblast / CAF -> Ductal/tumor epithelial","invsqrt_kl","membrane",1
"IGF1",151,0.907,"pancreas_seeds","Fibroblast / CAF -> Ductal/tumor epithelial","invsqrt_kl","membrane",1
"RGS16",206.7,1,"pancreas_seeds","Fibroblast / CAF -> Ductal/tumor epithelial","invsqrt_kl","membrane",1
"MFAP5",7.5,0.867,"pancreas_seeds","Fibroblast / CAF -> Endocrine","invsqrt_kl","membrane",1
"THBS2",35.1,1,"pancreas_seeds","Fibroblast / CAF -> Endocrine","invsqrt_kl","membrane",1
"VCAN",141.7,0.982,"pancreas_seeds","Fibroblast / CAF -> Endocrine","invsqrt_kl","membrane",1
"COL5A2",81.6,1,"pancreas_seeds","Fibroblast / CAF -> Endocrine","invsqrt_kl","membrane",1
"BASP1",63.5,0.984,"pancreas_seeds","Fibroblast / CAF -> Endocrine","invsqrt_kl","membrane",1
"SEMA3C",58,0.987,"pancreas_seeds","Fibroblast / CAF -> Endocrine","invsqrt_kl","membrane",1
"FBN1",122.2,0.996,"pancreas_seeds","Fibroblast / CAF -> Endocrine","invsqrt_kl","membrane",1
"LTBP2",76.6,1,"pancreas_seeds","Fibroblast / CAF -> Endocrine","invsqrt_kl","membrane",1
"PDGFRA",72.5,0.986,"pancreas_seeds","Fibroblast / CAF -> Endocrine","invsqrt_kl","membrane",1
"SFRP2",171.8,0.996,"pancreas_seeds","Fibroblast / CAF -> Endocrine","invsqrt_kl","membrane",1
"SFRP4",134.6,0.993,"pancreas_seeds","Fibroblast / CAF -> Endocrine","invsqrt_kl","membrane",1
"CTSK",65.1,1,"pancreas_seeds","Fibroblast / CAF -> Endocrine","invsqrt_kl","membrane",1
"THY1",53.6,1,"pancreas_seeds","Fibroblast / CAF -> Endocrine","invsqrt_kl","membrane",1
"PTGDS",61.5,1,"pancreas_seeds","Fibroblast / CAF -> Endocrine","invsqrt_kl","membrane",1
"PMP22",45.1,0.983,"pancreas_seeds","Fibroblast / CAF -> Endocrine","invsqrt_kl","membrane",1
"PDPN",28.1,1,"pancreas_seeds","Fibroblast / CAF -> Endocrine","invsqrt_kl","membrane",1
"FBLN1",142.7,0.995,"pancreas_seeds","Fibroblast / CAF -> Endocrine","invsqrt_kl","membrane",1
"PCOLCE",17,1,"pancreas_seeds","Fibroblast / CAF -> Endocrine","invsqrt_kl","membrane",1
"ASPN",142.2,0.327,"pancreas_seeds","Fibroblast / CAF -> Endocrine","invsqrt_kl","membrane",1
"INMT",27.6,1,"pancreas_seeds","Fibroblast / CAF -> Endocrine","invsqrt_kl","membrane",1
"THBS2",586,0,"pancreas_seeds","Fibroblast / CAF -> Endothelial","invsqrt_kl","membrane",1
"VCAN",1709,0.019,"pancreas_seeds","Fibroblast / CAF -> Endothelial","invsqrt_kl","membrane",1
"SFRP2",1815.3,0.021,"pancreas_seeds","Fibroblast / CAF -> Endothelial","invsqrt_kl","membrane",1
"MFAP5",68.1,0,"pancreas_seeds","Fibroblast / CAF -> Endothelial","invsqrt_kl","membrane",1
"PDPN",460.9,0.049,"pancreas_seeds","Fibroblast / CAF -> Endothelial","invsqrt_kl","membrane",1
"SEMA3C",230.6,0.007,"pancreas_seeds","Fibroblast / CAF -> Endothelial","invsqrt_kl","membrane",1
"CTSK",942.3,0.021,"pancreas_seeds","Fibroblast / CAF -> Endothelial","invsqrt_kl","membrane",1
"LTBP2",701.8,-0.004,"pancreas_seeds","Fibroblast / CAF -> Endothelial","invsqrt_kl","membrane",1
"COL5A2",1779.4,0,"pancreas_seeds","Fibroblast / CAF -> Endothelial","invsqrt_kl","membrane",1
"PDGFRA",327.6,0,"pancreas_seeds","Fibroblast / CAF -> Endothelial","invsqrt_kl","membrane",1
"SFRP4",589.4,0.044,"pancreas_seeds","Fibroblast / CAF -> Endothelial","invsqrt_kl","membrane",1
"BASP1",534.6,0.097,"pancreas_seeds","Fibroblast / CAF -> Endothelial","invsqrt_kl","membrane",1
"FBLN1",765.1,0.001,"pancreas_seeds","Fibroblast / CAF -> Endothelial","invsqrt_kl","membrane",1
"IGF1",163.8,0.066,"pancreas_seeds","Fibroblast / CAF -> Endothelial","invsqrt_kl","membrane",1
"PTGDS",258.6,0.077,"pancreas_seeds","Fibroblast / CAF -> Endothelial","invsqrt_kl","membrane",1
"GEM",446.9,0.013,"pancreas_seeds","Fibroblast / CAF -> Endothelial","invsqrt_kl","membrane",1
"THY1",1575.4,-0.002,"pancreas_seeds","Fibroblast / CAF -> Endothelial","invsqrt_kl","membrane",1
"FBN1",2035.1,0,"pancreas_seeds","Fibroblast / CAF -> Endothelial","invsqrt_kl","membrane",1
"RGS16",181.3,-0.015,"pancreas_seeds","Fibroblast / CAF -> Endothelial","invsqrt_kl","membrane",1
"PCOLCE",339.1,0,"pancreas_seeds","Fibroblast / CAF -> Endothelial","invsqrt_kl","membrane",1
"VCAN",1269.4,0.998,"pancreas_seeds","Fibroblast / CAF -> Exocrine epithelial","invsqrt_kl","membrane",1
"THBS2",444.9,1,"pancreas_seeds","Fibroblast / CAF -> Exocrine epithelial","invsqrt_kl","membrane",1
"COL5A2",563.1,0.996,"pancreas_seeds","Fibroblast / CAF -> Exocrine epithelial","invsqrt_kl","membrane",1
"SFRP2",1430,0.998,"pancreas_seeds","Fibroblast / CAF -> Exocrine epithelial","invsqrt_kl","membrane",1
"FBN1",949.3,0.997,"pancreas_seeds","Fibroblast / CAF -> Exocrine epithelial","invsqrt_kl","membrane",1
"MFAP5",72.9,1,"pancreas_seeds","Fibroblast / CAF -> Exocrine epithelial","invsqrt_kl","membrane",1
"CTSK",445.7,1,"pancreas_seeds","Fibroblast / CAF -> Exocrine epithelial","invsqrt_kl","membrane",1
"GEM",380.7,0.994,"pancreas_seeds","Fibroblast / CAF -> Exocrine epithelial","invsqrt_kl","membrane",1
"SEMA3C",239.1,0.984,"pancreas_seeds","Fibroblast / CAF -> Exocrine epithelial","invsqrt_kl","membrane",1
"LTBP2",904.2,0.992,"pancreas_seeds","Fibroblast / CAF -> Exocrine epithelial","invsqrt_kl","membrane",1
"BASP1",294.4,0.995,"pancreas_seeds","Fibroblast / CAF -> Exocrine epithelial","invsqrt_kl","membrane",1
"SFRP4",1255.7,0.996,"pancreas_seeds","Fibroblast / CAF -> Exocrine epithelial","invsqrt_kl","membrane",1
"THY1",447,0.987,"pancreas_seeds","Fibroblast / CAF -> Exocrine epithelial","invsqrt_kl","membrane",1
"PDGFRA",559,0.998,"pancreas_seeds","Fibroblast / CAF -> Exocrine epithelial","invsqrt_kl","membrane",1
"FBLN1",1002.5,0.992,"pancreas_seeds","Fibroblast / CAF -> Exocrine epithelial","invsqrt_kl","membrane",1
"ASPN",845.4,0.994,"pancreas_seeds","Fibroblast / CAF -> Exocrine epithelial","invsqrt_kl","membrane",1
"PDPN",332.1,0.986,"pancreas_seeds","Fibroblast / CAF -> Exocrine epithelial","invsqrt_kl","membrane",1
"PTGDS",207.4,0.989,"pancreas_seeds","Fibroblast / CAF -> Exocrine epithelial","invsqrt_kl","membrane",1
"PCOLCE",150.5,1,"pancreas_seeds","Fibroblast / CAF -> Exocrine epithelial","invsqrt_kl","membrane",1
"PMP22",543.3,1,"pancreas_seeds","Fibroblast / CAF -> Exocrine epithelial","invsqrt_kl","membrane",1
"SFRP2",3464.4,0,"pancreas_seeds","Fibroblast / CAF -> Immune","invsqrt_kl","membrane",1
"THBS2",2252.7,0,"pancreas_seeds","Fibroblast / CAF -> Immune","invsqrt_kl","membrane",1
"COL5A2",2679.1,0,"pancreas_seeds","Fibroblast / CAF -> Immune","invsqrt_kl","membrane",1
"FBN1",3329.1,0,"pancreas_seeds","Fibroblast / CAF -> Immune","invsqrt_kl","membrane",1
"VCAN",5767.5,0.011,"pancreas_seeds","Fibroblast / CAF -> Immune","invsqrt_kl","membrane",1
"CTSK",2718.2,-0.017,"pancreas_seeds","Fibroblast / CAF -> Immune","invsqrt_kl","membrane",1
"PDGFRA",1127.5,0,"pancreas_seeds","Fibroblast / CAF -> Immune","invsqrt_kl","membrane",1
"FBLN1",2469.9,0,"pancreas_seeds","Fibroblast / CAF -> Immune","invsqrt_kl","membrane",1
"SFRP4",3399.4,0,"pancreas_seeds","Fibroblast / CAF -> Immune","invsqrt_kl","membrane",1
"MFAP5",594.9,0,"pancreas_seeds","Fibroblast / CAF -> Immune","invsqrt_kl","membrane",1
"LTBP2",2176.2,0,"pancreas_seeds","Fibroblast / CAF -> Immune","invsqrt_kl","membrane",1
"THY1",1569.4,0,"pancreas_seeds","Fibroblast / CAF -> Immune","invsqrt_kl","membrane",1
"GEM",1207,-0.04,"pancreas_seeds","Fibroblast / CAF -> Immune","invsqrt_kl","membrane",1
"PCOLCE",441.8,0,"pancreas_seeds","Fibroblast / CAF -> Immune","invsqrt_kl","membrane",1
"ASPN",2098.9,0.008,"pancreas_seeds","Fibroblast / CAF -> Immune","invsqrt_kl","membrane",1
"SEMA3C",906.8,-0.12,"pancreas_seeds","Fibroblast / CAF -> Immune","invsqrt_kl","membrane",1
"PTGDS",962.6,0,"pancreas_seeds","Fibroblast / CAF -> Immune","invsqrt_kl","membrane",1
"INMT",614.1,-0.04,"pancreas_seeds","Fibroblast / CAF -> Immune","invsqrt_kl","membrane",1
"APCDD1",384.4,-0.322,"pancreas_seeds","Fibroblast / CAF -> Immune","invsqrt_kl","membrane",1
"SRPX",471.9,0,"pancreas_seeds","Fibroblast / CAF -> Immune","invsqrt_kl","membrane",1
"SFRP2",101.7,0,"pancreas_seeds","Fibroblast / CAF -> Mural / pericyte","invsqrt_kl","membrane",1
"MFAP5",53.5,0,"pancreas_seeds","Fibroblast / CAF -> Mural / pericyte","invsqrt_kl","membrane",1
"VCAN",110.6,0.009,"pancreas_seeds","Fibroblast / CAF -> Mural / pericyte","invsqrt_kl","membrane",1
"FBLN1",269,0.004,"pancreas_seeds","Fibroblast / CAF -> Mural / pericyte","invsqrt_kl","membrane",1
"SFRP4",216.4,0.085,"pancreas_seeds","Fibroblast / CAF -> Mural / pericyte","invsqrt_kl","membrane",1
"THY1",275.2,0,"pancreas_seeds","Fibroblast / CAF -> Mural / pericyte","invsqrt_kl","membrane",1
"CTSK",142.1,0.042,"pancreas_seeds","Fibroblast / CAF -> Mural / pericyte","invsqrt_kl","membrane",1
"BASP1",151.2,0.078,"pancreas_seeds","Fibroblast / CAF -> Mural / pericyte","invsqrt_kl","membrane",1
"PTGDS",59.5,0.118,"pancreas_seeds","Fibroblast / CAF -> Mural / pericyte","invsqrt_kl","membrane",1
"PDPN",109.4,0.04,"pancreas_seeds","Fibroblast / CAF -> Mural / pericyte","invsqrt_kl","membrane",1
"MEST",56.7,-0.073,"pancreas_seeds","Fibroblast / CAF -> Mural / pericyte","invsqrt_kl","membrane",1
"ALDH1A3",33.7,0.03,"pancreas_seeds","Fibroblast / CAF -> Mural / pericyte","invsqrt_kl","membrane",1
"LTBP2",192.5,0,"pancreas_seeds","Fibroblast / CAF -> Mural / pericyte","invsqrt_kl","membrane",1
"PDGFRA",46.7,0,"pancreas_seeds","Fibroblast / CAF -> Mural / pericyte","invsqrt_kl","membrane",1
"THBS2",134,0,"pancreas_seeds","Fibroblast / CAF -> Mural / pericyte","invsqrt_kl","membrane",1
"COL5A2",351.4,0,"pancreas_seeds","Fibroblast / CAF -> Mural / pericyte","invsqrt_kl","membrane",1
"SEMA3C",22.1,-0.089,"pancreas_seeds","Fibroblast / CAF -> Mural / pericyte","invsqrt_kl","membrane",1
"IGF1",29.9,0.149,"pancreas_seeds","Fibroblast / CAF -> Mural / pericyte","invsqrt_kl","membrane",1
"DPT",17.5,0,"pancreas_seeds","Fibroblast / CAF -> Mural / pericyte","invsqrt_kl","membrane",1
"C7",72.8,0.027,"pancreas_seeds","Fibroblast / CAF -> Mural / pericyte","invsqrt_kl","membrane",1
"IL7R",262,1,"pancreas_seeds","Immune -> Ductal/tumor epithelial","invsqrt_kl","membrane",1
"CD163",440.6,0.987,"pancreas_seeds","Immune -> Ductal/tumor epithelial","invsqrt_kl","membrane",1
"PTPRC",631.8,0.988,"pancreas_seeds","Immune -> Ductal/tumor epithelial","invsqrt_kl","membrane",1
"MRC1",251.6,0.988,"pancreas_seeds","Immune -> Ductal/tumor epithelial","invsqrt_kl","membrane",1
"CD8A",129.8,0.997,"pancreas_seeds","Immune -> Ductal/tumor epithelial","invsqrt_kl","membrane",1
"MS4A4A",353,1,"pancreas_seeds","Immune -> Ductal/tumor epithelial","invsqrt_kl","membrane",1
"CCL5",240,0.991,"pancreas_seeds","Immune -> Ductal/tumor epithelial","invsqrt_kl","membrane",1
"VSIG4",311.7,0.994,"pancreas_seeds","Immune -> Ductal/tumor epithelial","invsqrt_kl","membrane",1
"MS4A6A",739.1,0.998,"pancreas_seeds","Immune -> Ductal/tumor epithelial","invsqrt_kl","membrane",1
"GZMK",46.8,0.941,"pancreas_seeds","Immune -> Ductal/tumor epithelial","invsqrt_kl","membrane",1
"CD2",78.3,0.996,"pancreas_seeds","Immune -> Ductal/tumor epithelial","invsqrt_kl","membrane",1
"GZMA",79.4,0.997,"pancreas_seeds","Immune -> Ductal/tumor epithelial","invsqrt_kl","membrane",1
"FCGR3A",570.9,0.992,"pancreas_seeds","Immune -> Ductal/tumor epithelial","invsqrt_kl","membrane",1
"LILRB4",89.2,0.99,"pancreas_seeds","Immune -> Ductal/tumor epithelial","invsqrt_kl","membrane",1
"GPR183",301.3,1,"pancreas_seeds","Immune -> Ductal/tumor epithelial","invsqrt_kl","membrane",1
"CYTIP",306.8,1,"pancreas_seeds","Immune -> Ductal/tumor epithelial","invsqrt_kl","membrane",1
"FGL2",380.1,1,"pancreas_seeds","Immune -> Ductal/tumor epithelial","invsqrt_kl","membrane",1
"KLRB1",143.5,1,"pancreas_seeds","Immune -> Ductal/tumor epithelial","invsqrt_kl","membrane",1
"IGSF6",345.7,1,"pancreas_seeds","Immune -> Ductal/tumor epithelial","invsqrt_kl","membrane",1
"TRAC",207.7,1,"pancreas_seeds","Immune -> Ductal/tumor epithelial","invsqrt_kl","membrane",1
"IL7R",13.5,0.944,"pancreas_seeds","Immune -> Endocrine","invsqrt_kl","membrane",1
"PLA2G7",8.1,1,"pancreas_seeds","Immune -> Endocrine","invsqrt_kl","membrane",1
"CD163",18,1,"pancreas_seeds","Immune -> Endocrine","invsqrt_kl","membrane",1
"CSF2RA",19.7,0.949,"pancreas_seeds","Immune -> Endocrine","invsqrt_kl","membrane",1
"CXCR4",34.3,1,"pancreas_seeds","Immune -> Endocrine","invsqrt_kl","membrane",1
"TRAC",20.2,1,"pancreas_seeds","Immune -> Endocrine","invsqrt_kl","membrane",1
"MS4A6A",31.2,1,"pancreas_seeds","Immune -> Endocrine","invsqrt_kl","membrane",1
"CD2",7.7,1,"pancreas_seeds","Immune -> Endocrine","invsqrt_kl","membrane",1
"CD3E",9,0.889,"pancreas_seeds","Immune -> Endocrine","invsqrt_kl","membrane",1
"VSIG4",12.3,0.919,"pancreas_seeds","Immune -> Endocrine","invsqrt_kl","membrane",1
"MS4A1",0.6,1,"pancreas_seeds","Immune -> Endocrine","invsqrt_kl","membrane",1
"MS4A4A",21,0.964,"pancreas_seeds","Immune -> Endocrine","invsqrt_kl","membrane",1
"CCL5",16.1,1,"pancreas_seeds","Immune -> Endocrine","invsqrt_kl","membrane",1
"TREM2",8.8,1,"pancreas_seeds","Immune -> Endocrine","invsqrt_kl","membrane",1
"PTPRC",38.6,0.974,"pancreas_seeds","Immune -> Endocrine","invsqrt_kl","membrane",1
"FCGR3A",14.9,0.967,"pancreas_seeds","Immune -> Endocrine","invsqrt_kl","membrane",1
"GZMK",7.8,0.936,"pancreas_seeds","Immune -> Endocrine","invsqrt_kl","membrane",1
"LILRB4",1.6,1,"pancreas_seeds","Immune -> Endocrine","invsqrt_kl","membrane",1
"CLEC4E",10.7,1,"pancreas_seeds","Immune -> Endocrine","invsqrt_kl","membrane",1
"GPR183",11.4,0.934,"pancreas_seeds","Immune -> Endocrine","invsqrt_kl","membrane",1
"IL7R",283.6,0.989,"pancreas_seeds","Immune -> Endothelial","invsqrt_kl","membrane",1
"LILRB4",36.1,0.945,"pancreas_seeds","Immune -> Endothelial","invsqrt_kl","membrane",1
"GZMK",44.1,1,"pancreas_seeds","Immune -> Endothelial","invsqrt_kl","membrane",1
"PLA2G7",145.3,0.986,"pancreas_seeds","Immune -> Endothelial","invsqrt_kl","membrane",1
"CD163",188.7,0.995,"pancreas_seeds","Immune -> Endothelial","invsqrt_kl","membrane",1
"TREM2",89.2,0.966,"pancreas_seeds","Immune -> Endothelial","invsqrt_kl","membrane",1
"PTPRC",350.2,0.994,"pancreas_seeds","Immune -> Endothelial","invsqrt_kl","membrane",1
"CD2",83.3,1,"pancreas_seeds","Immune -> Endothelial","invsqrt_kl","membrane",1
"VSIG4",90.4,0.989,"pancreas_seeds","Immune -> Endothelial","invsqrt_kl","membrane",1
"CSF2RA",104.4,0.981,"pancreas_seeds","Immune -> Endothelial","invsqrt_kl","membrane",1
"CD8A",130.4,1,"pancreas_seeds","Immune -> Endothelial","invsqrt_kl","membrane",1
"MS4A6A",416.4,0.995,"pancreas_seeds","Immune -> Endothelial","invsqrt_kl","membrane",1
"TRAC",258.6,0.558,"pancreas_seeds","Immune -> Endothelial","invsqrt_kl","membrane",1
"HAVCR2",117.4,0.991,"pancreas_seeds","Immune -> Endothelial","invsqrt_kl","membrane",1
"FOXP3",38.1,1,"pancreas_seeds","Immune -> Endothelial","invsqrt_kl","membrane",1
"KLRB1",142.4,1,"pancreas_seeds","Immune -> Endothelial","invsqrt_kl","membrane",1
"CTLA4",58.2,0.967,"pancreas_seeds","Immune -> Endothelial","invsqrt_kl","membrane",1
"CYTIP",183.7,0.989,"pancreas_seeds","Immune -> Endothelial","invsqrt_kl","membrane",1
"CCL5",196.6,0.99,"pancreas_seeds","Immune -> Endothelial","invsqrt_kl","membrane",1
"MS4A1",43.1,1,"pancreas_seeds","Immune -> Endothelial","invsqrt_kl","membrane",1
"IL7R",409.6,0.998,"pancreas_seeds","Immune -> Exocrine epithelial","invsqrt_kl","membrane",1
"CXCR4",921,1,"pancreas_seeds","Immune -> Exocrine epithelial","invsqrt_kl","membrane",1
"PLA2G7",237.9,0.974,"pancreas_seeds","Immune -> Exocrine epithelial","invsqrt_kl","membrane",1
"PTPRC",661.5,1,"pancreas_seeds","Immune -> Exocrine epithelial","invsqrt_kl","membrane",1
"TRAC",344.3,0.989,"pancreas_seeds","Immune -> Exocrine epithelial","invsqrt_kl","membrane",1
"CD163",658.1,0.994,"pancreas_seeds","Immune -> Exocrine epithelial","invsqrt_kl","membrane",1
"MRC1",344.2,0.996,"pancreas_seeds","Immune -> Exocrine epithelial","invsqrt_kl","membrane",1
"CCL5",354.7,0.983,"pancreas_seeds","Immune -> Exocrine epithelial","invsqrt_kl","membrane",1
"MS4A4A",543.9,0.997,"pancreas_seeds","Immune -> Exocrine epithelial","invsqrt_kl","membrane",1
"GZMK",72.9,1,"pancreas_seeds","Immune -> Exocrine epithelial","invsqrt_kl","membrane",1
"CD3E",215.2,0.998,"pancreas_seeds","Immune -> Exocrine epithelial","invsqrt_kl","membrane",1
"CD2",221.3,0.992,"pancreas_seeds","Immune -> Exocrine epithelial","invsqrt_kl","membrane",1
"IL2RA",83.4,0.974,"pancreas_seeds","Immune -> Exocrine epithelial","invsqrt_kl","membrane",1
"VSIG4",357.7,0.992,"pancreas_seeds","Immune -> Exocrine epithelial","invsqrt_kl","membrane",1
"KLRB1",218.1,0.999,"pancreas_seeds","Immune -> Exocrine epithelial","invsqrt_kl","membrane",1
"CSF2RA",292.1,0.996,"pancreas_seeds","Immune -> Exocrine epithelial","invsqrt_kl","membrane",1
"CD8A",331.5,0.994,"pancreas_seeds","Immune -> Exocrine epithelial","invsqrt_kl","membrane",1
"FCGR3A",579.3,0.999,"pancreas_seeds","Immune -> Exocrine epithelial","invsqrt_kl","membrane",1
"MS4A6A",917.1,0.99,"pancreas_seeds","Immune -> Exocrine epithelial","invsqrt_kl","membrane",1
"GZMA",79.9,0.969,"pancreas_seeds","Immune -> Exocrine epithelial","invsqrt_kl","membrane",1
"MS4A1",480.9,0,"pancreas_seeds","Immune -> Fibroblast / CAF","invsqrt_kl","membrane",1
"NKG7",323.9,0,"pancreas_seeds","Immune -> Fibroblast / CAF","invsqrt_kl","membrane",1
"CD8A",1978.4,0,"pancreas_seeds","Immune -> Fibroblast / CAF","invsqrt_kl","membrane",1
"CXCR4",4575.1,-0.003,"pancreas_seeds","Immune -> Fibroblast / CAF","invsqrt_kl","membrane",1
"PTPRC",4323.9,0,"pancreas_seeds","Immune -> Fibroblast / CAF","invsqrt_kl","membrane",1
"MS4A6A",3003,0,"pancreas_seeds","Immune -> Fibroblast / CAF","invsqrt_kl","membrane",1
"GPR183",1093.3,0,"pancreas_seeds","Immune -> Fibroblast / CAF","invsqrt_kl","membrane",1
"MS4A4A",1736,0,"pancreas_seeds","Immune -> Fibroblast / CAF","invsqrt_kl","membrane",1
"CSF2RA",894.4,0,"pancreas_seeds","Immune -> Fibroblast / CAF","invsqrt_kl","membrane",1
"CD163",1716.5,0,"pancreas_seeds","Immune -> Fibroblast / CAF","invsqrt_kl","membrane",1
"TREM2",354.7,0,"pancreas_seeds","Immune -> Fibroblast / CAF","invsqrt_kl","membrane",1
"PLA2G7",897.4,0,"pancreas_seeds","Immune -> Fibroblast / CAF","invsqrt_kl","membrane",1
"FOXP3",458.9,0.997,"pancreas_seeds","Immune -> Fibroblast / CAF","invsqrt_kl","membrane",1
"CYTIP",2238.1,0,"pancreas_seeds","Immune -> Fibroblast / CAF","invsqrt_kl","membrane",1
"CD69",933.6,0,"pancreas_seeds","Immune -> Fibroblast / CAF","invsqrt_kl","membrane",1
"FCER1A",326.9,0.043,"pancreas_seeds","Immune -> Fibroblast / CAF","invsqrt_kl","membrane",1
"IL7R",4963.4,0,"pancreas_seeds","Immune -> Fibroblast / CAF","invsqrt_kl","membrane",1
"VSIG4",622.2,0,"pancreas_seeds","Immune -> Fibroblast / CAF","invsqrt_kl","membrane",1
"KLRB1",1447.4,0,"pancreas_seeds","Immune -> Fibroblast / CAF","invsqrt_kl","membrane",1
"LY86",468.7,0,"pancreas_seeds","Immune -> Fibroblast / CAF","invsqrt_kl","membrane",1
"CD3D",0,1,"pancreas_seeds","Immune -> Mural / pericyte","invsqrt_kl","membrane",1
"SLAMF7",0,1,"pancreas_seeds","Immune -> Mural / pericyte","invsqrt_kl","membrane",1
"MS4A1",0,1,"pancreas_seeds","Immune -> Mural / pericyte","invsqrt_kl","membrane",1
"KLRB1",46.8,1,"pancreas_seeds","Immune -> Mural / pericyte","invsqrt_kl","membrane",1
"CXCR4",151,0.974,"pancreas_seeds","Immune -> Mural / pericyte","invsqrt_kl","membrane",1
"VSIG4",41.7,0.952,"pancreas_seeds","Immune -> Mural / pericyte","invsqrt_kl","membrane",1
"CD8A",41.7,1,"pancreas_seeds","Immune -> Mural / pericyte","invsqrt_kl","membrane",1
"PLA2G7",51.7,1,"pancreas_seeds","Immune -> Mural / pericyte","invsqrt_kl","membrane",1
"FCN1",0,0,"pancreas_seeds","Immune -> Mural / pericyte","invsqrt_kl","membrane",1
"MRC1",74.5,0.96,"pancreas_seeds","Immune -> Mural / pericyte","invsqrt_kl","membrane",1
"IL7R",113,1,"pancreas_seeds","Immune -> Mural / pericyte","invsqrt_kl","membrane",1
"MS4A6A",118.5,0.983,"pancreas_seeds","Immune -> Mural / pericyte","invsqrt_kl","membrane",1
"CD3E",49.5,0.98,"pancreas_seeds","Immune -> Mural / pericyte","invsqrt_kl","membrane",1
"CCL5",65.3,1,"pancreas_seeds","Immune -> Mural / pericyte","invsqrt_kl","membrane",1
"CD163",49.7,0.98,"pancreas_seeds","Immune -> Mural / pericyte","invsqrt_kl","membrane",1
"CD86",29.7,1,"pancreas_seeds","Immune -> Mural / pericyte","invsqrt_kl","membrane",1
"CD79A",36.8,0.973,"pancreas_seeds","Immune -> Mural / pericyte","invsqrt_kl","membrane",1
"CSF2RA",56.3,1,"pancreas_seeds","Immune -> Mural / pericyte","invsqrt_kl","membrane",1
"MS4A4A",56.8,1,"pancreas_seeds","Immune -> Mural / pericyte","invsqrt_kl","membrane",1
"FCER1A",14.8,0.935,"pancreas_seeds","Immune -> Mural / pericyte","invsqrt_kl","membrane",1
"MYH11",58.9,0.691,"pancreas_seeds","Mural / pericyte -> Ductal/tumor epithelial","invsqrt_kl","membrane",1
"MEDAG",12.1,1,"pancreas_seeds","Mural / pericyte -> Ductal/tumor epithelial","invsqrt_kl","membrane",1
"ADAMTS1",98.2,0.425,"pancreas_seeds","Mural / pericyte -> Ductal/tumor epithelial","invsqrt_kl","membrane",1
"ACTA2",202.4,0.992,"pancreas_seeds","Mural / pericyte -> Ductal/tumor epithelial","invsqrt_kl","membrane",1
"PDGFRB",106.8,0.992,"pancreas_seeds","Mural / pericyte -> Ductal/tumor epithelial","invsqrt_kl","membrane",1
"CNN1",62.5,0.993,"pancreas_seeds","Mural / pericyte -> Ductal/tumor epithelial","invsqrt_kl","membrane",1
"CRISPLD2",56.6,1,"pancreas_seeds","Mural / pericyte -> Ductal/tumor epithelial","invsqrt_kl","membrane",1
"RERGL",0,1,"pancreas_seeds","Mural / pericyte -> Ductal/tumor epithelial","invsqrt_kl","membrane",1
"MYLK",284.7,0.273,"pancreas_seeds","Mural / pericyte -> Ductal/tumor epithelial","invsqrt_kl","membrane",1
"CCL19",0.4,1,"pancreas_seeds","Mural / pericyte -> Ductal/tumor epithelial","invsqrt_kl","membrane",1
"DES",9.7,1,"pancreas_seeds","Mural / pericyte -> Ductal/tumor epithelial","invsqrt_kl","membrane",1
"TIMP4",0.7,0.522,"pancreas_seeds","Mural / pericyte -> Ductal/tumor epithelial","invsqrt_kl","membrane",1
"OGN",3.9,1,"pancreas_seeds","Mural / pericyte -> Ductal/tumor epithelial","invsqrt_kl","membrane",1
"IL1RL1",15,1,"pancreas_seeds","Mural / pericyte -> Ductal/tumor epithelial","invsqrt_kl","membrane",1
"MAMDC2",12.7,0.878,"pancreas_seeds","Mural / pericyte -> Ductal/tumor epithelial","invsqrt_kl","membrane",1
"CAV1",31.9,0.141,"pancreas_seeds","Mural / pericyte -> Ductal/tumor epithelial","invsqrt_kl","membrane",1
"SNCG",2.9,0,"pancreas_seeds","Mural / pericyte -> Ductal/tumor epithelial","invsqrt_kl","membrane",1
"RETN",0,NA,"pancreas_seeds","Mural / pericyte -> Ductal/tumor epithelial","invsqrt_kl","membrane",1
"MEF2C",25.6,0.986,"pancreas_seeds","Mural / pericyte -> Ductal/tumor epithelial","invsqrt_kl","membrane",1
"PTN",18.8,0.974,"pancreas_seeds","Mural / pericyte -> Ductal/tumor epithelial","invsqrt_kl","membrane",1
"MYH11",543.6,-0.001,"pancreas_seeds","Mural / pericyte -> Endothelial","invsqrt_kl","membrane",1
"TNC",178.9,0.133,"pancreas_seeds","Mural / pericyte -> Endothelial","invsqrt_kl","membrane",1
"CNN1",165.8,0,"pancreas_seeds","Mural / pericyte -> Endothelial","invsqrt_kl","membrane",1
"RERGL",58.1,0.983,"pancreas_seeds","Mural / pericyte -> Endothelial","invsqrt_kl","membrane",1
"MEDAG",198.2,0,"pancreas_seeds","Mural / pericyte -> Endothelial","invsqrt_kl","membrane",1
"DES",34.8,1,"pancreas_seeds","Mural / pericyte -> Endothelial","invsqrt_kl","membrane",1
"ACTA2",715.8,-0.001,"pancreas_seeds","Mural / pericyte -> Endothelial","invsqrt_kl","membrane",1
"MYLK",538.2,0.002,"pancreas_seeds","Mural / pericyte -> Endothelial","invsqrt_kl","membrane",1
"ACTG2",295.3,-0.106,"pancreas_seeds","Mural / pericyte -> Endothelial","invsqrt_kl","membrane",1
"CRISPLD2",167.3,-0.002,"pancreas_seeds","Mural / pericyte -> Endothelial","invsqrt_kl","membrane",1
"ADAMTS1",2045.6,0.001,"pancreas_seeds","Mural / pericyte -> Endothelial","invsqrt_kl","membrane",1
"TIMP4",14.4,0,"pancreas_seeds","Mural / pericyte -> Endothelial","invsqrt_kl","membrane",1
"OGN",8.1,0,"pancreas_seeds","Mural / pericyte -> Endothelial","invsqrt_kl","membrane",1
"PLIN4",3.2,0.846,"pancreas_seeds","Mural / pericyte -> Endothelial","invsqrt_kl","membrane",1
"CCDC78",0,0,"pancreas_seeds","Mural / pericyte -> Endothelial","invsqrt_kl","membrane",1
"ASCL1",2.9,0.732,"pancreas_seeds","Mural / pericyte -> Endothelial","invsqrt_kl","membrane",1
"SLC4A1",4.4,1,"pancreas_seeds","Mural / pericyte -> Endothelial","invsqrt_kl","membrane",1
"TBX3",13.8,0.132,"pancreas_seeds","Mural / pericyte -> Endothelial","invsqrt_kl","membrane",1
"SNCG",4.7,0,"pancreas_seeds","Mural / pericyte -> Endothelial","invsqrt_kl","membrane",1
"MAMDC2",19.2,-0.071,"pancreas_seeds","Mural / pericyte -> Endothelial","invsqrt_kl","membrane",1
"MYH11",19.9,0.997,"pancreas_seeds","Mural / pericyte -> Exocrine epithelial","invsqrt_kl","membrane",1
"MEDAG",1.2,0.481,"pancreas_seeds","Mural / pericyte -> Exocrine epithelial","invsqrt_kl","membrane",1
"TNC",29.9,1,"pancreas_seeds","Mural / pericyte -> Exocrine epithelial","invsqrt_kl","membrane",1
"ACTA2",50.1,0.998,"pancreas_seeds","Mural / pericyte -> Exocrine epithelial","invsqrt_kl","membrane",1
"CNN1",8.7,0.943,"pancreas_seeds","Mural / pericyte -> Exocrine epithelial","invsqrt_kl","membrane",1
"ADAMTS1",97.3,1,"pancreas_seeds","Mural / pericyte -> Exocrine epithelial","invsqrt_kl","membrane",1
"PDGFRB",40.8,1,"pancreas_seeds","Mural / pericyte -> Exocrine epithelial","invsqrt_kl","membrane",1
"MYLK",80.5,0.961,"pancreas_seeds","Mural / pericyte -> Exocrine epithelial","invsqrt_kl","membrane",1
"CRISPLD2",37.3,1,"pancreas_seeds","Mural / pericyte -> Exocrine epithelial","invsqrt_kl","membrane",1
"TBX3",7,0.89,"pancreas_seeds","Mural / pericyte -> Exocrine epithelial","invsqrt_kl","membrane",1
"SNCG",0,NA,"pancreas_seeds","Mural / pericyte -> Exocrine epithelial","invsqrt_kl","membrane",1
"RERGL",1.1,-0.003,"pancreas_seeds","Mural / pericyte -> Exocrine epithelial","invsqrt_kl","membrane",1
"CCL19",0.4,1,"pancreas_seeds","Mural / pericyte -> Exocrine epithelial","invsqrt_kl","membrane",1
"TIMP4",13.4,1,"pancreas_seeds","Mural / pericyte -> Exocrine epithelial","invsqrt_kl","membrane",1
"CAVIN1",19.2,1,"pancreas_seeds","Mural / pericyte -> Exocrine epithelial","invsqrt_kl","membrane",1
"DES",2.2,1,"pancreas_seeds","Mural / pericyte -> Exocrine epithelial","invsqrt_kl","membrane",1
"CAV1",0,1,"pancreas_seeds","Mural / pericyte -> Exocrine epithelial","invsqrt_kl","membrane",1
"ACTG2",4.8,0.77,"pancreas_seeds","Mural / pericyte -> Exocrine epithelial","invsqrt_kl","membrane",1
"TMEM100",6.1,1,"pancreas_seeds","Mural / pericyte -> Exocrine epithelial","invsqrt_kl","membrane",1
"OGN",8.4,0.925,"pancreas_seeds","Mural / pericyte -> Exocrine epithelial","invsqrt_kl","membrane",1
"RERGL",40,0.934,"pancreas_seeds","Mural / pericyte -> Fibroblast / CAF","invsqrt_kl","membrane",1
"MYH11",564.3,-0.001,"pancreas_seeds","Mural / pericyte -> Fibroblast / CAF","invsqrt_kl","membrane",1
"ADAMTS1",533.7,0.015,"pancreas_seeds","Mural / pericyte -> Fibroblast / CAF","invsqrt_kl","membrane",1
"SNCG",9.5,-0.024,"pancreas_seeds","Mural / pericyte -> Fibroblast / CAF","invsqrt_kl","membrane",1
"MEDAG",271.4,0,"pancreas_seeds","Mural / pericyte -> Fibroblast / CAF","invsqrt_kl","membrane",1
"CNN1",180,0,"pancreas_seeds","Mural / pericyte -> Fibroblast / CAF","invsqrt_kl","membrane",1
"TNC",467.6,0.062,"pancreas_seeds","Mural / pericyte -> Fibroblast / CAF","invsqrt_kl","membrane",1
"DES",107.3,0.972,"pancreas_seeds","Mural / pericyte -> Fibroblast / CAF","invsqrt_kl","membrane",1
"LGI4",24.9,0,"pancreas_seeds","Mural / pericyte -> Fibroblast / CAF","invsqrt_kl","membrane",1
"CAV1",50.4,0.038,"pancreas_seeds","Mural / pericyte -> Fibroblast / CAF","invsqrt_kl","membrane",1
"HES4",5.1,0,"pancreas_seeds","Mural / pericyte -> Fibroblast / CAF","invsqrt_kl","membrane",1
"ADH4",9,0.687,"pancreas_seeds","Mural / pericyte -> Fibroblast / CAF","invsqrt_kl","membrane",1
"PLIN4",0,0.373,"pancreas_seeds","Mural / pericyte -> Fibroblast / CAF","invsqrt_kl","membrane",1
"RETN",3.7,0.86,"pancreas_seeds","Mural / pericyte -> Fibroblast / CAF","invsqrt_kl","membrane",1
"CDH16",12.5,0.94,"pancreas_seeds","Mural / pericyte -> Fibroblast / CAF","invsqrt_kl","membrane",1
"SLC4A1",9.8,0,"pancreas_seeds","Mural / pericyte -> Fibroblast / CAF","invsqrt_kl","membrane",1
"AHSP",0,0,"pancreas_seeds","Mural / pericyte -> Fibroblast / CAF","invsqrt_kl","membrane",1
"LY6D",1.9,0,"pancreas_seeds","Mural / pericyte -> Fibroblast / CAF","invsqrt_kl","membrane",1
"TIMP4",0,0,"pancreas_seeds","Mural / pericyte -> Fibroblast / CAF","invsqrt_kl","membrane",1
"DNAAF1",7.2,0,"pancreas_seeds","Mural / pericyte -> Fibroblast / CAF","invsqrt_kl","membrane",1
"MYH11",358.1,0.002,"pancreas_seeds","Mural / pericyte -> Immune","invsqrt_kl","membrane",1
"ADAMTS1",354.9,0.165,"pancreas_seeds","Mural / pericyte -> Immune","invsqrt_kl","membrane",1
"CNN1",99.2,0,"pancreas_seeds","Mural / pericyte -> Immune","invsqrt_kl","membrane",1
"RERGL",22.3,0,"pancreas_seeds","Mural / pericyte -> Immune","invsqrt_kl","membrane",1
"MEDAG",66.4,0,"pancreas_seeds","Mural / pericyte -> Immune","invsqrt_kl","membrane",1
"TNC",313.3,0.203,"pancreas_seeds","Mural / pericyte -> Immune","invsqrt_kl","membrane",1
"ACTA2",271.8,0,"pancreas_seeds","Mural / pericyte -> Immune","invsqrt_kl","membrane",1
"MYLK",261.5,0.007,"pancreas_seeds","Mural / pericyte -> Immune","invsqrt_kl","membrane",1
"DES",29.9,1,"pancreas_seeds","Mural / pericyte -> Immune","invsqrt_kl","membrane",1
"CAV1",43.9,-0.003,"pancreas_seeds","Mural / pericyte -> Immune","invsqrt_kl","membrane",1
"SNCG",0,0,"pancreas_seeds","Mural / pericyte -> Immune","invsqrt_kl","membrane",1
"PDGFRB",339.5,0,"pancreas_seeds","Mural / pericyte -> Immune","invsqrt_kl","membrane",1
"CRISPLD2",223.9,0,"pancreas_seeds","Mural / pericyte -> Immune","invsqrt_kl","membrane",1
"TBX3",54.5,0.051,"pancreas_seeds","Mural / pericyte -> Immune","invsqrt_kl","membrane",1
"HES4",0.1,0,"pancreas_seeds","Mural / pericyte -> Immune","invsqrt_kl","membrane",1
"TIMP4",34.5,0,"pancreas_seeds","Mural / pericyte -> Immune","invsqrt_kl","membrane",1
"CAVIN1",175.1,0.061,"pancreas_seeds","Mural / pericyte -> Immune","invsqrt_kl","membrane",1
"ACTG2",6.7,-0.624,"pancreas_seeds","Mural / pericyte -> Immune","invsqrt_kl","membrane",1
"ADH4",3,1,"pancreas_seeds","Mural / pericyte -> Immune","invsqrt_kl","membrane",1
"LGI4",5.4,0,"pancreas_seeds","Mural / pericyte -> Immune","invsqrt_kl","membrane",1
"GPX2",75.7,1,"pancreas_seeds","Ductal/tumor epithelial -> Endothelial","ls_nmf","membrane",2
"TMC5",122.2,0.76,"pancreas_seeds","Ductal/tumor epithelial -> Endothelial","ls_nmf","membrane",2
"SERPINB3",9.6,0.712,"pancreas_seeds","Ductal/tumor epithelial -> Endothelial","ls_nmf","membrane",2
"COL17A1",0,NA,"pancreas_seeds","Ductal/tumor epithelial -> Endothelial","ls_nmf","membrane",2
"CAPN8",2.6,1,"pancreas_seeds","Ductal/tumor epithelial -> Endothelial","ls_nmf","membrane",2
"DMBT1",15.6,1,"pancreas_seeds","Ductal/tumor epithelial -> Endothelial","ls_nmf","membrane",2
"GPRC5A",0,0.299,"pancreas_seeds","Ductal/tumor epithelial -> Endothelial","ls_nmf","membrane",2
"EPCAM",539.4,0.883,"pancreas_seeds","Ductal/tumor epithelial -> Endothelial","ls_nmf","membrane",2
"EHF",253.7,0.882,"pancreas_seeds","Ductal/tumor epithelial -> Endothelial","ls_nmf","membrane",2
"CXCL6",491.2,0.664,"pancreas_seeds","Ductal/tumor epithelial -> Endothelial","ls_nmf","membrane",2
"KRT7",89.5,0.375,"pancreas_seeds","Ductal/tumor epithelial -> Endothelial","ls_nmf","membrane",2
"FOXJ1",0,1,"pancreas_seeds","Ductal/tumor epithelial -> Endothelial","ls_nmf","membrane",2
"LIF",27.8,0.827,"pancreas_seeds","Ductal/tumor epithelial -> Endothelial","ls_nmf","membrane",2
"SERPINB2",9.1,0.46,"pancreas_seeds","Ductal/tumor epithelial -> Endothelial","ls_nmf","membrane",2
"C15orf48",42.4,0.901,"pancreas_seeds","Ductal/tumor epithelial -> Endothelial","ls_nmf","membrane",2
"PPP1R1B",336.8,0.633,"pancreas_seeds","Ductal/tumor epithelial -> Endothelial","ls_nmf","membrane",2
"BAMBI",31.6,0.831,"pancreas_seeds","Ductal/tumor epithelial -> Endothelial","ls_nmf","membrane",2
"CFB",625.4,0.673,"pancreas_seeds","Ductal/tumor epithelial -> Endothelial","ls_nmf","membrane",2
"LGR5",1.5,0.499,"pancreas_seeds","Ductal/tumor epithelial -> Endothelial","ls_nmf","membrane",2
"FOXA1",0,0,"pancreas_seeds","Ductal/tumor epithelial -> Endothelial","ls_nmf","membrane",2
"SERPINB3",96.4,0.073,"pancreas_seeds","Ductal/tumor epithelial -> Exocrine epithelial","ls_nmf","membrane",2
"COL17A1",63,0.079,"pancreas_seeds","Ductal/tumor epithelial -> Exocrine epithelial","ls_nmf","membrane",2
"GPRC5A",29.8,0.137,"pancreas_seeds","Ductal/tumor epithelial -> Exocrine epithelial","ls_nmf","membrane",2
"CAPN8",125.4,0.542,"pancreas_seeds","Ductal/tumor epithelial -> Exocrine epithelial","ls_nmf","membrane",2
"DMBT1",255,0.465,"pancreas_seeds","Ductal/tumor epithelial -> Exocrine epithelial","ls_nmf","membrane",2
"MALL",154.8,0.459,"pancreas_seeds","Ductal/tumor epithelial -> Exocrine epithelial","ls_nmf","membrane",2
"TMC5",2078.2,0.742,"pancreas_seeds","Ductal/tumor epithelial -> Exocrine epithelial","ls_nmf","membrane",2
"GPX2",1424,0.713,"pancreas_seeds","Ductal/tumor epithelial -> Exocrine epithelial","ls_nmf","membrane",2
"LIF",144.9,0.853,"pancreas_seeds","Ductal/tumor epithelial -> Exocrine epithelial","ls_nmf","membrane",2
"MKI67",78.6,0.065,"pancreas_seeds","Ductal/tumor epithelial -> Exocrine epithelial","ls_nmf","membrane",2
"FHL2",117.2,0.811,"pancreas_seeds","Ductal/tumor epithelial -> Exocrine epithelial","ls_nmf","membrane",2
"FOXJ1",0,NA,"pancreas_seeds","Ductal/tumor epithelial -> Exocrine epithelial","ls_nmf","membrane",2
"UBE2C",0,NA,"pancreas_seeds","Ductal/tumor epithelial -> Exocrine epithelial","ls_nmf","membrane",2
"CCNB2",51.3,0.114,"pancreas_seeds","Ductal/tumor epithelial -> Exocrine epithelial","ls_nmf","membrane",2
"SERPINB2",101.2,0.263,"pancreas_seeds","Ductal/tumor epithelial -> Exocrine epithelial","ls_nmf","membrane",2
"CENPF",99.6,0.12,"pancreas_seeds","Ductal/tumor epithelial -> Exocrine epithelial","ls_nmf","membrane",2
"FOXA1",0,NA,"pancreas_seeds","Ductal/tumor epithelial -> Exocrine epithelial","ls_nmf","membrane",2
"LGR5",8.3,0.194,"pancreas_seeds","Ductal/tumor epithelial -> Exocrine epithelial","ls_nmf","membrane",2
"CDK1",144.3,0.026,"pancreas_seeds","Ductal/tumor epithelial -> Exocrine epithelial","ls_nmf","membrane",2
"CXCL6",5252.3,0.987,"pancreas_seeds","Ductal/tumor epithelial -> Exocrine epithelial","ls_nmf","membrane",2
"GPX2",733,0.977,"pancreas_seeds","Ductal/tumor epithelial -> Fibroblast / CAF","ls_nmf","membrane",2
"TMC5",650.9,0.951,"pancreas_seeds","Ductal/tumor epithelial -> Fibroblast / CAF","ls_nmf","membrane",2
"COL17A1",178.6,0.977,"pancreas_seeds","Ductal/tumor epithelial -> Fibroblast / CAF","ls_nmf","membrane",2
"EPCAM",2659,0.539,"pancreas_seeds","Ductal/tumor epithelial -> Fibroblast / CAF","ls_nmf","membrane",2
"DMBT1",194.4,0.964,"pancreas_seeds","Ductal/tumor epithelial -> Fibroblast / CAF","ls_nmf","membrane",2
"CAPN8",167.2,0.712,"pancreas_seeds","Ductal/tumor epithelial -> Fibroblast / CAF","ls_nmf","membrane",2
"EHF",974.8,0.972,"pancreas_seeds","Ductal/tumor epithelial -> Fibroblast / CAF","ls_nmf","membrane",2
"SERPINB3",897.5,0.333,"pancreas_seeds","Ductal/tumor epithelial -> Fibroblast / CAF","ls_nmf","membrane",2
"GPRC5A",2341.6,0.331,"pancreas_seeds","Ductal/tumor epithelial -> Fibroblast / CAF","ls_nmf","membrane",2
"MET",556.3,0.319,"pancreas_seeds","Ductal/tumor epithelial -> Fibroblast / CAF","ls_nmf","membrane",2
"ARFGEF3",201.9,0.668,"pancreas_seeds","Ductal/tumor epithelial -> Fibroblast / CAF","ls_nmf","membrane",2
"FOXJ1",62,0.294,"pancreas_seeds","Ductal/tumor epithelial -> Fibroblast / CAF","ls_nmf","membrane",2
"FOXA1",25.6,0.965,"pancreas_seeds","Ductal/tumor epithelial -> Fibroblast / CAF","ls_nmf","membrane",2
"PPP1R1B",693.6,0.987,"pancreas_seeds","Ductal/tumor epithelial -> Fibroblast / CAF","ls_nmf","membrane",2
"MALL",1229.9,0.263,"pancreas_seeds","Ductal/tumor epithelial -> Fibroblast / CAF","ls_nmf","membrane",2
"CXCL6",1658.2,0.367,"pancreas_seeds","Ductal/tumor epithelial -> Fibroblast / CAF","ls_nmf","membrane",2
"SERPINB2",94.9,0.301,"pancreas_seeds","Ductal/tumor epithelial -> Fibroblast / CAF","ls_nmf","membrane",2
"UBE2C",223.1,0.454,"pancreas_seeds","Ductal/tumor epithelial -> Fibroblast / CAF","ls_nmf","membrane",2
"KRT7",332.6,0.35,"pancreas_seeds","Ductal/tumor epithelial -> Fibroblast / CAF","ls_nmf","membrane",2
"BAMBI",434.4,0.294,"pancreas_seeds","Ductal/tumor epithelial -> Fibroblast / CAF","ls_nmf","membrane",2
"GPX2",474.6,0.991,"pancreas_seeds","Ductal/tumor epithelial -> Immune","ls_nmf","membrane",2
"COL17A1",82.9,0.973,"pancreas_seeds","Ductal/tumor epithelial -> Immune","ls_nmf","membrane",2
"EPCAM",1035.5,0.749,"pancreas_seeds","Ductal/tumor epithelial -> Immune","ls_nmf","membrane",2
"TMC5",406.1,0.858,"pancreas_seeds","Ductal/tumor epithelial -> Immune","ls_nmf","membrane",2
"GPRC5A",793.4,1,"pancreas_seeds","Ductal/tumor epithelial -> Immune","ls_nmf","membrane",2
"SERPINB3",248.3,0.997,"pancreas_seeds","Ductal/tumor epithelial -> Immune","ls_nmf","membrane",2
"DMBT1",135.4,1,"pancreas_seeds","Ductal/tumor epithelial -> Immune","ls_nmf","membrane",2
"CAPN8",79.9,0.805,"pancreas_seeds","Ductal/tumor epithelial -> Immune","ls_nmf","membrane",2
"FOXA1",8.3,0.939,"pancreas_seeds","Ductal/tumor epithelial -> Immune","ls_nmf","membrane",2
"MET",295.5,0.855,"pancreas_seeds","Ductal/tumor epithelial -> Immune","ls_nmf","membrane",2
"MALL",382.7,1,"pancreas_seeds","Ductal/tumor epithelial -> Immune","ls_nmf","membrane",2
"FOXJ1",30.3,1,"pancreas_seeds","Ductal/tumor epithelial -> Immune","ls_nmf","membrane",2
"ARFGEF3",134.1,0.936,"pancreas_seeds","Ductal/tumor epithelial -> Immune","ls_nmf","membrane",2
"EHF",557.6,0.843,"pancreas_seeds","Ductal/tumor epithelial -> Immune","ls_nmf","membrane",2
"CXCL6",1333.9,0.714,"pancreas_seeds","Ductal/tumor epithelial -> Immune","ls_nmf","membrane",2
"PPP1R1B",532.8,0.78,"pancreas_seeds","Ductal/tumor epithelial -> Immune","ls_nmf","membrane",2
"KRT7",316.3,0.456,"pancreas_seeds","Ductal/tumor epithelial -> Immune","ls_nmf","membrane",2
"CFB",1381.7,0.623,"pancreas_seeds","Ductal/tumor epithelial -> Immune","ls_nmf","membrane",2
"BAMBI",139.5,0.902,"pancreas_seeds","Ductal/tumor epithelial -> Immune","ls_nmf","membrane",2
"ERBB2",108.3,1,"pancreas_seeds","Ductal/tumor epithelial -> Immune","ls_nmf","membrane",2
"GPX2",20.8,0.093,"pancreas_seeds","Ductal/tumor epithelial -> Mural / pericyte","ls_nmf","membrane",2
"EHF",20.3,0.551,"pancreas_seeds","Ductal/tumor epithelial -> Mural / pericyte","ls_nmf","membrane",2
"EPCAM",43.2,0.162,"pancreas_seeds","Ductal/tumor epithelial -> Mural / pericyte","ls_nmf","membrane",2
"COL17A1",7.4,0,"pancreas_seeds","Ductal/tumor epithelial -> Mural / pericyte","ls_nmf","membrane",2
"SERPINB3",19.5,0,"pancreas_seeds","Ductal/tumor epithelial -> Mural / pericyte","ls_nmf","membrane",2
"TMC5",21.4,0.187,"pancreas_seeds","Ductal/tumor epithelial -> Mural / pericyte","ls_nmf","membrane",2
"DMBT1",5.3,0.188,"pancreas_seeds","Ductal/tumor epithelial -> Mural / pericyte","ls_nmf","membrane",2
"CXCL6",71.4,0.462,"pancreas_seeds","Ductal/tumor epithelial -> Mural / pericyte","ls_nmf","membrane",2
"GPRC5A",52.8,0,"pancreas_seeds","Ductal/tumor epithelial -> Mural / pericyte","ls_nmf","membrane",2
"ARFGEF3",4.1,-0.097,"pancreas_seeds","Ductal/tumor epithelial -> Mural / pericyte","ls_nmf","membrane",2
"CAPN8",9,0,"pancreas_seeds","Ductal/tumor epithelial -> Mural / pericyte","ls_nmf","membrane",2
"KRT7",20.6,0.291,"pancreas_seeds","Ductal/tumor epithelial -> Mural / pericyte","ls_nmf","membrane",2
"MET",22.5,0,"pancreas_seeds","Ductal/tumor epithelial -> Mural / pericyte","ls_nmf","membrane",2
"C15orf48",32.5,0.031,"pancreas_seeds","Ductal/tumor epithelial -> Mural / pericyte","ls_nmf","membrane",2
"MALL",27.1,0,"pancreas_seeds","Ductal/tumor epithelial -> Mural / pericyte","ls_nmf","membrane",2
"FOXJ1",1.1,0,"pancreas_seeds","Ductal/tumor epithelial -> Mural / pericyte","ls_nmf","membrane",2
"SERPINB2",5.9,0,"pancreas_seeds","Ductal/tumor epithelial -> Mural / pericyte","ls_nmf","membrane",2
"MKI67",12.5,0,"pancreas_seeds","Ductal/tumor epithelial -> Mural / pericyte","ls_nmf","membrane",2
"PPP1R1B",9,0.905,"pancreas_seeds","Ductal/tumor epithelial -> Mural / pericyte","ls_nmf","membrane",2
"UBE2C",6.9,0,"pancreas_seeds","Ductal/tumor epithelial -> Mural / pericyte","ls_nmf","membrane",2
"INS",540.8,0.987,"pancreas_seeds","Endocrine -> Ductal/tumor epithelial","ls_nmf","membrane",2
"SST",212.1,0.905,"pancreas_seeds","Endocrine -> Ductal/tumor epithelial","ls_nmf","membrane",2
"GCG",867.1,0.98,"pancreas_seeds","Endocrine -> Ductal/tumor epithelial","ls_nmf","membrane",2
"CHGA",49.7,0.991,"pancreas_seeds","Endocrine -> Ductal/tumor epithelial","ls_nmf","membrane",2
"PCSK2",42.2,0.392,"pancreas_seeds","Endocrine -> Ductal/tumor epithelial","ls_nmf","membrane",2
"SCGN",79.8,0.294,"pancreas_seeds","Endocrine -> Ductal/tumor epithelial","ls_nmf","membrane",2
"HEPACAM2",13.8,0.049,"pancreas_seeds","Endocrine -> Ductal/tumor epithelial","ls_nmf","membrane",2
"PPY",43,0.039,"pancreas_seeds","Endocrine -> Ductal/tumor epithelial","ls_nmf","membrane",2
"GHRL",32.2,0.15,"pancreas_seeds","Endocrine -> Ductal/tumor epithelial","ls_nmf","membrane",2
"PPP1R1A",12.8,0.132,"pancreas_seeds","Endocrine -> Ductal/tumor epithelial","ls_nmf","membrane",2
"PCP4",21.8,0.177,"pancreas_seeds","Endocrine -> Ductal/tumor epithelial","ls_nmf","membrane",2
"MMRN1",11.5,0.637,"pancreas_seeds","Endocrine -> Ductal/tumor epithelial","ls_nmf","membrane",2
"SLC18A2",4.8,0.158,"pancreas_seeds","Endocrine -> Ductal/tumor epithelial","ls_nmf","membrane",2
"PRG4",5.5,0.573,"pancreas_seeds","Endocrine -> Ductal/tumor epithelial","ls_nmf","membrane",2
"SCGB2A1",28.1,0.096,"pancreas_seeds","Endocrine -> Ductal/tumor epithelial","ls_nmf","membrane",2
"TENT5C",9.6,0.132,"pancreas_seeds","Endocrine -> Ductal/tumor epithelial","ls_nmf","membrane",2
"KCNMA1",0,-1.511,"pancreas_seeds","Endocrine -> Ductal/tumor epithelial","ls_nmf","membrane",2
"PGR",2.7,0.184,"pancreas_seeds","Endocrine -> Ductal/tumor epithelial","ls_nmf","membrane",2
"TM4SF4",140.2,0.16,"pancreas_seeds","Endocrine -> Ductal/tumor epithelial","ls_nmf","membrane",2
"ESR1",0,NA,"pancreas_seeds","Endocrine -> Ductal/tumor epithelial","ls_nmf","membrane",2
"INS",1266.8,0.98,"pancreas_seeds","Endocrine -> Endothelial","ls_nmf","membrane",2
"GCG",1230,0.955,"pancreas_seeds","Endocrine -> Endothelial","ls_nmf","membrane",2
"SST",512,0.993,"pancreas_seeds","Endocrine -> Endothelial","ls_nmf","membrane",2
"CHGA",85.5,0.989,"pancreas_seeds","Endocrine -> Endothelial","ls_nmf","membrane",2
"PCSK2",63.2,0.707,"pancreas_seeds","Endocrine -> Endothelial","ls_nmf","membrane",2
"SCGN",209.5,0.869,"pancreas_seeds","Endocrine -> Endothelial","ls_nmf","membrane",2
"PPY",64.4,0.441,"pancreas_seeds","Endocrine -> Endothelial","ls_nmf","membrane",2
"HEPACAM2",29.7,0.809,"pancreas_seeds","Endocrine -> Endothelial","ls_nmf","membrane",2
"PPP1R1A",33.4,0.839,"pancreas_seeds","Endocrine -> Endothelial","ls_nmf","membrane",2
"PCP4",24.9,0.626,"pancreas_seeds","Endocrine -> Endothelial","ls_nmf","membrane",2
"GHRL",29.6,0.92,"pancreas_seeds","Endocrine -> Endothelial","ls_nmf","membrane",2
"SCGB2A1",20.4,0.655,"pancreas_seeds","Endocrine -> Endothelial","ls_nmf","membrane",2
"TM4SF4",44,0.82,"pancreas_seeds","Endocrine -> Endothelial","ls_nmf","membrane",2
"SLC18A2",2.8,0.805,"pancreas_seeds","Endocrine -> Endothelial","ls_nmf","membrane",2
"KCNMA1",20.3,0.527,"pancreas_seeds","Endocrine -> Endothelial","ls_nmf","membrane",2
"TENT5C",14.6,0.884,"pancreas_seeds","Endocrine -> Endothelial","ls_nmf","membrane",2
"PRG4",8.6,0.792,"pancreas_seeds","Endocrine -> Endothelial","ls_nmf","membrane",2
"PGR",3,0.744,"pancreas_seeds","Endocrine -> Endothelial","ls_nmf","membrane",2
"FXYD2",13.7,0.959,"pancreas_seeds","Endocrine -> Endothelial","ls_nmf","membrane",2
"HEMGN",1.5,0.385,"pancreas_seeds","Endocrine -> Endothelial","ls_nmf","membrane",2
"INS",1974,0.985,"pancreas_seeds","Endocrine -> Exocrine epithelial","ls_nmf","membrane",2
"GCG",1673.9,0.986,"pancreas_seeds","Endocrine -> Exocrine epithelial","ls_nmf","membrane",2
"CHGA",118.8,0.942,"pancreas_seeds","Endocrine -> Exocrine epithelial","ls_nmf","membrane",2
"PCSK2",75.8,0.938,"pancreas_seeds","Endocrine -> Exocrine epithelial","ls_nmf","membrane",2
"SST",689,0.672,"pancreas_seeds","Endocrine -> Exocrine epithelial","ls_nmf","membrane",2
"PPY",79.5,0.484,"pancreas_seeds","Endocrine -> Exocrine epithelial","ls_nmf","membrane",2
"SCGN",213.5,0.248,"pancreas_seeds","Endocrine -> Exocrine epithelial","ls_nmf","membrane",2
"MMRN1",29.4,0.996,"pancreas_seeds","Endocrine -> Exocrine epithelial","ls_nmf","membrane",2
"HEPACAM2",35.8,0.206,"pancreas_seeds","Endocrine -> Exocrine epithelial","ls_nmf","membrane",2
"GHRL",94.6,0.174,"pancreas_seeds","Endocrine -> Exocrine epithelial","ls_nmf","membrane",2
"PCP4",22.1,0.353,"pancreas_seeds","Endocrine -> Exocrine epithelial","ls_nmf","membrane",2
"PPP1R1A",58.2,0.237,"pancreas_seeds","Endocrine -> Exocrine epithelial","ls_nmf","membrane",2
"SCGB2A1",14,0.281,"pancreas_seeds","Endocrine -> Exocrine epithelial","ls_nmf","membrane",2
"PRG4",2.6,-0.122,"pancreas_seeds","Endocrine -> Exocrine epithelial","ls_nmf","membrane",2
"SLC18A2",0,0.172,"pancreas_seeds","Endocrine -> Exocrine epithelial","ls_nmf","membrane",2
"TM4SF4",53.2,0.956,"pancreas_seeds","Endocrine -> Exocrine epithelial","ls_nmf","membrane",2
"PGR",12.7,0.21,"pancreas_seeds","Endocrine -> Exocrine epithelial","ls_nmf","membrane",2
"KCNMA1",17.8,0.514,"pancreas_seeds","Endocrine -> Exocrine epithelial","ls_nmf","membrane",2
"SNCA",0,1,"pancreas_seeds","Endocrine -> Exocrine epithelial","ls_nmf","membrane",2
"ESR1",0,-3.32,"pancreas_seeds","Endocrine -> Exocrine epithelial","ls_nmf","membrane",2
"INS",479.7,0.902,"pancreas_seeds","Endocrine -> Fibroblast / CAF","ls_nmf","membrane",2
"SST",204.1,0.99,"pancreas_seeds","Endocrine -> Fibroblast / CAF","ls_nmf","membrane",2
"GCG",1154.5,0.061,"pancreas_seeds","Endocrine -> Fibroblast / CAF","ls_nmf","membrane",2
"CHGA",43.2,0.204,"pancreas_seeds","Endocrine -> Fibroblast / CAF","ls_nmf","membrane",2
"SCGN",142.5,0.552,"pancreas_seeds","Endocrine -> Fibroblast / CAF","ls_nmf","membrane",2
"PCSK2",64.4,0.165,"pancreas_seeds","Endocrine -> Fibroblast / CAF","ls_nmf","membrane",2
"PPY",45.7,0.082,"pancreas_seeds","Endocrine -> Fibroblast / CAF","ls_nmf","membrane",2
"PPP1R1A",17.3,0.208,"pancreas_seeds","Endocrine -> Fibroblast / CAF","ls_nmf","membrane",2
"HEPACAM2",17.2,0.236,"pancreas_seeds","Endocrine -> Fibroblast / CAF","ls_nmf","membrane",2
"SCGB2A1",25,0.759,"pancreas_seeds","Endocrine -> Fibroblast / CAF","ls_nmf","membrane",2
"TM4SF4",62.2,0.165,"pancreas_seeds","Endocrine -> Fibroblast / CAF","ls_nmf","membrane",2
"GHRL",25.5,0.618,"pancreas_seeds","Endocrine -> Fibroblast / CAF","ls_nmf","membrane",2
"PCP4",9.6,0.004,"pancreas_seeds","Endocrine -> Fibroblast / CAF","ls_nmf","membrane",2
"MMRN1",5.9,0.447,"pancreas_seeds","Endocrine -> Fibroblast / CAF","ls_nmf","membrane",2
"SLC18A2",4.4,-0.078,"pancreas_seeds","Endocrine -> Fibroblast / CAF","ls_nmf","membrane",2
"FXYD2",32.5,0.819,"pancreas_seeds","Endocrine -> Fibroblast / CAF","ls_nmf","membrane",2
"TENT5C",14.8,0.211,"pancreas_seeds","Endocrine -> Fibroblast / CAF","ls_nmf","membrane",2
"KCNMA1",0,0.437,"pancreas_seeds","Endocrine -> Fibroblast / CAF","ls_nmf","membrane",2
"VWA5A",13.8,0.205,"pancreas_seeds","Endocrine -> Fibroblast / CAF","ls_nmf","membrane",2
"SNCA",0.6,1,"pancreas_seeds","Endocrine -> Fibroblast / CAF","ls_nmf","membrane",2
"INS",217.3,0.036,"pancreas_seeds","Endocrine -> Immune","ls_nmf","membrane",2
"GCG",402.5,0.914,"pancreas_seeds","Endocrine -> Immune","ls_nmf","membrane",2
"SST",134.2,0.02,"pancreas_seeds","Endocrine -> Immune","ls_nmf","membrane",2
"CHGA",23.6,0.621,"pancreas_seeds","Endocrine -> Immune","ls_nmf","membrane",2
"SCGN",64,0.265,"pancreas_seeds","Endocrine -> Immune","ls_nmf","membrane",2
"PCSK2",18.7,0.201,"pancreas_seeds","Endocrine -> Immune","ls_nmf","membrane",2
"PPY",14.6,0.827,"pancreas_seeds","Endocrine -> Immune","ls_nmf","membrane",2
"PPP1R1A",4.2,0.28,"pancreas_seeds","Endocrine -> Immune","ls_nmf","membrane",2
"HEPACAM2",6.9,0.057,"pancreas_seeds","Endocrine -> Immune","ls_nmf","membrane",2
"SCGB2A1",8,0.34,"pancreas_seeds","Endocrine -> Immune","ls_nmf","membrane",2
"TM4SF4",19.6,0.573,"pancreas_seeds","Endocrine -> Immune","ls_nmf","membrane",2
"GHRL",9.5,-0.082,"pancreas_seeds","Endocrine -> Immune","ls_nmf","membrane",2
"PCP4",5.8,0.17,"pancreas_seeds","Endocrine -> Immune","ls_nmf","membrane",2
"MMRN1",0,NA,"pancreas_seeds","Endocrine -> Immune","ls_nmf","membrane",2
"SLC18A2",2.3,0.587,"pancreas_seeds","Endocrine -> Immune","ls_nmf","membrane",2
"PRG4",6.1,0.43,"pancreas_seeds","Endocrine -> Immune","ls_nmf","membrane",2
"FXYD2",20.8,0.826,"pancreas_seeds","Endocrine -> Immune","ls_nmf","membrane",2
"PGR",4.9,0.66,"pancreas_seeds","Endocrine -> Immune","ls_nmf","membrane",2
"TENT5C",0,NA,"pancreas_seeds","Endocrine -> Immune","ls_nmf","membrane",2
"VWA5A",0.6,0.175,"pancreas_seeds","Endocrine -> Immune","ls_nmf","membrane",2
"PECAM1",783.7,0.848,"pancreas_seeds","Endothelial -> Ductal/tumor epithelial","ls_nmf","membrane",2
"ADGRL4",248,0.927,"pancreas_seeds","Endothelial -> Ductal/tumor epithelial","ls_nmf","membrane",2
"CD93",626,0.542,"pancreas_seeds","Endothelial -> Ductal/tumor epithelial","ls_nmf","membrane",2
"CLEC14A",128.7,1,"pancreas_seeds","Endothelial -> Ductal/tumor epithelial","ls_nmf","membrane",2
"VWF",112.7,0.979,"pancreas_seeds","Endothelial -> Ductal/tumor epithelial","ls_nmf","membrane",2
"CD34",422,0.549,"pancreas_seeds","Endothelial -> Ductal/tumor epithelial","ls_nmf","membrane",2
"ECSCR",67.5,0.27,"pancreas_seeds","Endothelial -> Ductal/tumor epithelial","ls_nmf","membrane",2
"ACKR1",39.5,0.801,"pancreas_seeds","Endothelial -> Ductal/tumor epithelial","ls_nmf","membrane",2
"EDNRB",73,-0.075,"pancreas_seeds","Endothelial -> Ductal/tumor epithelial","ls_nmf","membrane",2
"SOX17",67.5,0.785,"pancreas_seeds","Endothelial -> Ductal/tumor epithelial","ls_nmf","membrane",2
"STC1",357.7,-0.298,"pancreas_seeds","Endothelial -> Ductal/tumor epithelial","ls_nmf","membrane",2
"APOLD1",146.7,0.911,"pancreas_seeds","Endothelial -> Ductal/tumor epithelial","ls_nmf","membrane",2
"RAMP2",12.5,0.341,"pancreas_seeds","Endothelial -> Ductal/tumor epithelial","ls_nmf","membrane",2
"TCF4",106.2,-0.019,"pancreas_seeds","Endothelial -> Ductal/tumor epithelial","ls_nmf","membrane",2
"CAVIN2",101.2,0.141,"pancreas_seeds","Endothelial -> Ductal/tumor epithelial","ls_nmf","membrane",2
"IL3RA",0,0.497,"pancreas_seeds","Endothelial -> Ductal/tumor epithelial","ls_nmf","membrane",2
"SELE",5,0.024,"pancreas_seeds","Endothelial -> Ductal/tumor epithelial","ls_nmf","membrane",2
"GNG11",799,-0.002,"pancreas_seeds","Endothelial -> Ductal/tumor epithelial","ls_nmf","membrane",2
"ANGPT2",0,1,"pancreas_seeds","Endothelial -> Ductal/tumor epithelial","ls_nmf","membrane",2
"ERG",23.2,0.237,"pancreas_seeds","Endothelial -> Ductal/tumor epithelial","ls_nmf","membrane",2
"PECAM1",88.2,1,"pancreas_seeds","Endothelial -> Endocrine","ls_nmf","membrane",2
"CLEC14A",10,0.793,"pancreas_seeds","Endothelial -> Endocrine","ls_nmf","membrane",2
"VWF",8.6,0.961,"pancreas_seeds","Endothelial -> Endocrine","ls_nmf","membrane",2
"ACKR1",0.6,0.284,"pancreas_seeds","Endothelial -> Endocrine","ls_nmf","membrane",2
"IL3RA",18.7,0.737,"pancreas_seeds","Endothelial -> Endocrine","ls_nmf","membrane",2
"CD93",44.8,0.972,"pancreas_seeds","Endothelial -> Endocrine","ls_nmf","membrane",2
"ADGRL4",37.3,0.953,"pancreas_seeds","Endothelial -> Endocrine","ls_nmf","membrane",2
"STC1",47.2,0.324,"pancreas_seeds","Endothelial -> Endocrine","ls_nmf","membrane",2
"ECSCR",17.6,1,"pancreas_seeds","Endothelial -> Endocrine","ls_nmf","membrane",2
"SOX17",19.3,0.564,"pancreas_seeds","Endothelial -> Endocrine","ls_nmf","membrane",2
"CD34",41.5,0.684,"pancreas_seeds","Endothelial -> Endocrine","ls_nmf","membrane",2
"RAPGEF3",6.4,0.146,"pancreas_seeds","Endothelial -> Endocrine","ls_nmf","membrane",2
"APOLD1",76,0.261,"pancreas_seeds","Endothelial -> Endocrine","ls_nmf","membrane",2
"SH2D3C",15.4,0.428,"pancreas_seeds","Endothelial -> Endocrine","ls_nmf","membrane",2
"GNG11",22.9,0.142,"pancreas_seeds","Endothelial -> Endocrine","ls_nmf","membrane",2
"RAMP2",1.7,-0.285,"pancreas_seeds","Endothelial -> Endocrine","ls_nmf","membrane",2
"ERG",2.2,0.098,"pancreas_seeds","Endothelial -> Endocrine","ls_nmf","membrane",2
"MMRN2",28.4,0.079,"pancreas_seeds","Endothelial -> Endocrine","ls_nmf","membrane",2
"TCIM",27.8,0.156,"pancreas_seeds","Endothelial -> Endocrine","ls_nmf","membrane",2
"S100A12",20.6,0.966,"pancreas_seeds","Endothelial -> Endocrine","ls_nmf","membrane",2
"VWF",309.1,0.959,"pancreas_seeds","Endothelial -> Exocrine epithelial","ls_nmf","membrane",2
"CLEC14A",282.8,0.941,"pancreas_seeds","Endothelial -> Exocrine epithelial","ls_nmf","membrane",2
"ADGRL4",451.5,0.94,"pancreas_seeds","Endothelial -> Exocrine epithelial","ls_nmf","membrane",2
"PECAM1",1520.5,0.67,"pancreas_seeds","Endothelial -> Exocrine epithelial","ls_nmf","membrane",2
"ANGPT2",8.7,0.967,"pancreas_seeds","Endothelial -> Exocrine epithelial","ls_nmf","membrane",2
"ACKR1",107,0.202,"pancreas_seeds","Endothelial -> Exocrine epithelial","ls_nmf","membrane",2
"ECSCR",195.3,0.224,"pancreas_seeds","Endothelial -> Exocrine epithelial","ls_nmf","membrane",2
"CD34",550,0.271,"pancreas_seeds","Endothelial -> Exocrine epithelial","ls_nmf","membrane",2
"CD93",827.3,0.265,"pancreas_seeds","Endothelial -> Exocrine epithelial","ls_nmf","membrane",2
"STC1",484.6,0.307,"pancreas_seeds","Endothelial -> Exocrine epithelial","ls_nmf","membrane",2
"RAMP2",76.7,0.479,"pancreas_seeds","Endothelial -> Exocrine epithelial","ls_nmf","membrane",2
"SOX17",238.7,0.192,"pancreas_seeds","Endothelial -> Exocrine epithelial","ls_nmf","membrane",2
"EGFL7",19,0.969,"pancreas_seeds","Endothelial -> Exocrine epithelial","ls_nmf","membrane",2
"APOLD1",847.2,0.186,"pancreas_seeds","Endothelial -> Exocrine epithelial","ls_nmf","membrane",2
"IL3RA",91,0.062,"pancreas_seeds","Endothelial -> Exocrine epithelial","ls_nmf","membrane",2
"SH2D3C",60.5,-0.046,"pancreas_seeds","Endothelial -> Exocrine epithelial","ls_nmf","membrane",2
"HIGD1B",48.7,0.308,"pancreas_seeds","Endothelial -> Exocrine epithelial","ls_nmf","membrane",2
"TCF4",163,0.157,"pancreas_seeds","Endothelial -> Exocrine epithelial","ls_nmf","membrane",2
"EDNRB",140.4,0.191,"pancreas_seeds","Endothelial -> Exocrine epithelial","ls_nmf","membrane",2
"SOX18",12.3,0.057,"pancreas_seeds","Endothelial -> Exocrine epithelial","ls_nmf","membrane",2
"STC1",425.4,0.969,"pancreas_seeds","Endothelial -> Fibroblast / CAF","ls_nmf","membrane",2
"VWF",608.5,0.972,"pancreas_seeds","Endothelial -> Fibroblast / CAF","ls_nmf","membrane",2
"ACKR1",153,0.724,"pancreas_seeds","Endothelial -> Fibroblast / CAF","ls_nmf","membrane",2
"CLEC14A",314.9,0.966,"pancreas_seeds","Endothelial -> Fibroblast / CAF","ls_nmf","membrane",2
"SOX17",101.6,0.967,"pancreas_seeds","Endothelial -> Fibroblast / CAF","ls_nmf","membrane",2
"APOLD1",697.2,0.242,"pancreas_seeds","Endothelial -> Fibroblast / CAF","ls_nmf","membrane",2
"ECSCR",298.1,0.902,"pancreas_seeds","Endothelial -> Fibroblast / CAF","ls_nmf","membrane",2
"EGFL7",143.7,0.346,"pancreas_seeds","Endothelial -> Fibroblast / CAF","ls_nmf","membrane",2
"ADGRL4",561,0.958,"pancreas_seeds","Endothelial -> Fibroblast / CAF","ls_nmf","membrane",2
"RAMP2",119.4,0.852,"pancreas_seeds","Endothelial -> Fibroblast / CAF","ls_nmf","membrane",2
"CD93",929.9,0.969,"pancreas_seeds","Endothelial -> Fibroblast / CAF","ls_nmf","membrane",2
"PECAM1",1384.2,0.738,"pancreas_seeds","Endothelial -> Fibroblast / CAF","ls_nmf","membrane",2
"BTNL9",41,0.358,"pancreas_seeds","Endothelial -> Fibroblast / CAF","ls_nmf","membrane",2
"IL3RA",95.5,0.825,"pancreas_seeds","Endothelial -> Fibroblast / CAF","ls_nmf","membrane",2
"MMRN2",228.3,0.62,"pancreas_seeds","Endothelial -> Fibroblast / CAF","ls_nmf","membrane",2
"MCF2L",59.6,0.758,"pancreas_seeds","Endothelial -> Fibroblast / CAF","ls_nmf","membrane",2
"CD34",891.2,0.203,"pancreas_seeds","Endothelial -> Fibroblast / CAF","ls_nmf","membrane",2
"SELE",8.1,0.775,"pancreas_seeds","Endothelial -> Fibroblast / CAF","ls_nmf","membrane",2
"CAVIN2",109.1,0.275,"pancreas_seeds","Endothelial -> Fibroblast / CAF","ls_nmf","membrane",2
"BMX",16.8,0.402,"pancreas_seeds","Endothelial -> Fibroblast / CAF","ls_nmf","membrane",2
"CLEC14A",161.7,0.929,"pancreas_seeds","Endothelial -> Immune","ls_nmf","membrane",2
"VWF",312.4,0.974,"pancreas_seeds","Endothelial -> Immune","ls_nmf","membrane",2
"STC1",234.3,0.988,"pancreas_seeds","Endothelial -> Immune","ls_nmf","membrane",2
"ADGRL4",319.6,0.936,"pancreas_seeds","Endothelial -> Immune","ls_nmf","membrane",2
"RAMP2",61,0.718,"pancreas_seeds","Endothelial -> Immune","ls_nmf","membrane",2
"APOLD1",359.2,0.747,"pancreas_seeds","Endothelial -> Immune","ls_nmf","membrane",2
"SOX17",38.7,0.9,"pancreas_seeds","Endothelial -> Immune","ls_nmf","membrane",2
"ACKR1",99.7,0.539,"pancreas_seeds","Endothelial -> Immune","ls_nmf","membrane",2
"CD34",328,0.745,"pancreas_seeds","Endothelial -> Immune","ls_nmf","membrane",2
"ECSCR",145.1,0.43,"pancreas_seeds","Endothelial -> Immune","ls_nmf","membrane",2
"EGFL7",64,0.54,"pancreas_seeds","Endothelial -> Immune","ls_nmf","membrane",2
"MMRN2",105.6,0.559,"pancreas_seeds","Endothelial -> Immune","ls_nmf","membrane",2
"ANGPT2",60.9,0.996,"pancreas_seeds","Endothelial -> Immune","ls_nmf","membrane",2
"RAPGEF3",13,0.521,"pancreas_seeds","Endothelial -> Immune","ls_nmf","membrane",2
"CAVIN2",38.8,0.458,"pancreas_seeds","Endothelial -> Immune","ls_nmf","membrane",2
"NPDC1",15.2,0.615,"pancreas_seeds","Endothelial -> Immune","ls_nmf","membrane",2
"HIGD1B",25.9,0.587,"pancreas_seeds","Endothelial -> Immune","ls_nmf","membrane",2
"BTNL9",0,-0.045,"pancreas_seeds","Endothelial -> Immune","ls_nmf","membrane",2
"TCIM",150.3,0.259,"pancreas_seeds","Endothelial -> Immune","ls_nmf","membrane",2
"MCF2L",16.8,0.327,"pancreas_seeds","Endothelial -> Immune","ls_nmf","membrane",2
"VWF",51.6,0,"pancreas_seeds","Endothelial -> Mural / pericyte","ls_nmf","membrane",2
"STC1",50.8,-0.045,"pancreas_seeds","Endothelial -> Mural / pericyte","ls_nmf","membrane",2
"CLEC14A",54.5,0,"pancreas_seeds","Endothelial -> Mural / pericyte","ls_nmf","membrane",2
"EGFL7",17.4,0,"pancreas_seeds","Endothelial -> Mural / pericyte","ls_nmf","membrane",2
"PECAM1",163.7,0,"pancreas_seeds","Endothelial -> Mural / pericyte","ls_nmf","membrane",2
"ADGRL4",56.1,0,"pancreas_seeds","Endothelial -> Mural / pericyte","ls_nmf","membrane",2
"ACKR1",12.3,0,"pancreas_seeds","Endothelial -> Mural / pericyte","ls_nmf","membrane",2
"ECSCR",42.3,0.071,"pancreas_seeds","Endothelial -> Mural / pericyte","ls_nmf","membrane",2
"RAMP2",17.3,0.058,"pancreas_seeds","Endothelial -> Mural / pericyte","ls_nmf","membrane",2
"CD34",79.6,-0.014,"pancreas_seeds","Endothelial -> Mural / pericyte","ls_nmf","membrane",2
"TM4SF18",8.2,0.11,"pancreas_seeds","Endothelial -> Mural / pericyte","ls_nmf","membrane",2
"CD93",121.9,0,"pancreas_seeds","Endothelial -> Mural / pericyte","ls_nmf","membrane",2
"SOX17",8.3,0,"pancreas_seeds","Endothelial -> Mural / pericyte","ls_nmf","membrane",2
"NPDC1",16.5,0.008,"pancreas_seeds","Endothelial -> Mural / pericyte","ls_nmf","membrane",2
"IL3RA",1.5,0,"pancreas_seeds","Endothelial -> Mural / pericyte","ls_nmf","membrane",2
"BTNL9",2.1,0.241,"pancreas_seeds","Endothelial -> Mural / pericyte","ls_nmf","membrane",2
"MMRN2",28.7,-0.027,"pancreas_seeds","Endothelial -> Mural / pericyte","ls_nmf","membrane",2
"TCIM",52.2,0.033,"pancreas_seeds","Endothelial -> Mural / pericyte","ls_nmf","membrane",2
"SH2D3C",13.6,0.067,"pancreas_seeds","Endothelial -> Mural / pericyte","ls_nmf","membrane",2
"S100A12",4.4,0,"pancreas_seeds","Endothelial -> Mural / pericyte","ls_nmf","membrane",2
"AMY2A",148714.4,0.002,"pancreas_seeds","Exocrine epithelial -> Ductal/tumor epithelial","ls_nmf","membrane",2
"AQP8",11323.4,0,"pancreas_seeds","Exocrine epithelial -> Ductal/tumor epithelial","ls_nmf","membrane",2
"GATM",61550.5,0.001,"pancreas_seeds","Exocrine epithelial -> Ductal/tumor epithelial","ls_nmf","membrane",2
"ANPEP",9594,0.003,"pancreas_seeds","Exocrine epithelial -> Ductal/tumor epithelial","ls_nmf","membrane",2
"DPEP1",911.6,0.004,"pancreas_seeds","Exocrine epithelial -> Ductal/tumor epithelial","ls_nmf","membrane",2
"KCNK3",1575.5,0.007,"pancreas_seeds","Exocrine epithelial -> Ductal/tumor epithelial","ls_nmf","membrane",2
"KLK11",659.5,0.001,"pancreas_seeds","Exocrine epithelial -> Ductal/tumor epithelial","ls_nmf","membrane",2
"CPA3",743.1,0.014,"pancreas_seeds","Exocrine epithelial -> Ductal/tumor epithelial","ls_nmf","membrane",2
"GPC3",962.9,0.006,"pancreas_seeds","Exocrine epithelial -> Ductal/tumor epithelial","ls_nmf","membrane",2
"UMOD",247.7,-0.005,"pancreas_seeds","Exocrine epithelial -> Ductal/tumor epithelial","ls_nmf","membrane",2
"PROX1",11709.7,0.001,"pancreas_seeds","Exocrine epithelial -> Ductal/tumor epithelial","ls_nmf","membrane",2
"PEBP4",65.9,-0.028,"pancreas_seeds","Exocrine epithelial -> Ductal/tumor epithelial","ls_nmf","membrane",2
"DIRAS3",492.3,0.01,"pancreas_seeds","Exocrine epithelial -> Ductal/tumor epithelial","ls_nmf","membrane",2
"HAMP",474.1,0.003,"pancreas_seeds","Exocrine epithelial -> Ductal/tumor epithelial","ls_nmf","membrane",2
"CFTR",110866.7,0,"pancreas_seeds","Exocrine epithelial -> Ductal/tumor epithelial","ls_nmf","membrane",2
"CA4",1681,0,"pancreas_seeds","Exocrine epithelial -> Ductal/tumor epithelial","ls_nmf","membrane",2
"MLANA",14.9,0,"pancreas_seeds","Exocrine epithelial -> Ductal/tumor epithelial","ls_nmf","membrane",2
"FKBP11",477.9,-0.021,"pancreas_seeds","Exocrine epithelial -> Ductal/tumor epithelial","ls_nmf","membrane",2
"GLYATL1",51.9,-0.012,"pancreas_seeds","Exocrine epithelial -> Ductal/tumor epithelial","ls_nmf","membrane",2
"UPK3B",14.7,-0.042,"pancreas_seeds","Exocrine epithelial -> Ductal/tumor epithelial","ls_nmf","membrane",2
"KLK11",12.3,1,"pancreas_seeds","Exocrine epithelial -> Endocrine","ls_nmf","membrane",2
"ANPEP",111.6,0.867,"pancreas_seeds","Exocrine epithelial -> Endocrine","ls_nmf","membrane",2
"AQP8",180.5,0.989,"pancreas_seeds","Exocrine epithelial -> Endocrine","ls_nmf","membrane",2
"GATM",1054.2,0.901,"pancreas_seeds","Exocrine epithelial -> Endocrine","ls_nmf","membrane",2
"MYC",18.8,1,"pancreas_seeds","Exocrine epithelial -> Endocrine","ls_nmf","membrane",2
"HAMP",6.4,0.614,"pancreas_seeds","Exocrine epithelial -> Endocrine","ls_nmf","membrane",2
"DPEP1",16.3,1,"pancreas_seeds","Exocrine epithelial -> Endocrine","ls_nmf","membrane",2
"UMOD",5.4,1,"pancreas_seeds","Exocrine epithelial -> Endocrine","ls_nmf","membrane",2
"AMY2A",3864.7,0.737,"pancreas_seeds","Exocrine epithelial -> Endocrine","ls_nmf","membrane",2
"CFTR",686.1,0.701,"pancreas_seeds","Exocrine epithelial -> Endocrine","ls_nmf","membrane",2
"COCH",5,0.981,"pancreas_seeds","Exocrine epithelial -> Endocrine","ls_nmf","membrane",2
"GLYATL1",2.1,0.767,"pancreas_seeds","Exocrine epithelial -> Endocrine","ls_nmf","membrane",2
"GPC3",41,0.809,"pancreas_seeds","Exocrine epithelial -> Endocrine","ls_nmf","membrane",2
"FKBP11",47.1,0.89,"pancreas_seeds","Exocrine epithelial -> Endocrine","ls_nmf","membrane",2
"CA4",10.1,0.972,"pancreas_seeds","Exocrine epithelial -> Endocrine","ls_nmf","membrane",2
"UPK3B",5.1,0.417,"pancreas_seeds","Exocrine epithelial -> Endocrine","ls_nmf","membrane",2
"RIDA",22.7,0.562,"pancreas_seeds","Exocrine epithelial -> Endocrine","ls_nmf","membrane",2
"MLANA",0.1,-0.857,"pancreas_seeds","Exocrine epithelial -> Endocrine","ls_nmf","membrane",2
"CPA3",0,1,"pancreas_seeds","Exocrine epithelial -> Endocrine","ls_nmf","membrane",2
"SMYD2",4.8,1,"pancreas_seeds","Exocrine epithelial -> Endocrine","ls_nmf","membrane",2
"AQP8",1910.5,0.996,"pancreas_seeds","Exocrine epithelial -> Endothelial","ls_nmf","membrane",2
"GATM",10092.4,0.899,"pancreas_seeds","Exocrine epithelial -> Endothelial","ls_nmf","membrane",2
"AMY2A",27517.6,0.779,"pancreas_seeds","Exocrine epithelial -> Endothelial","ls_nmf","membrane",2
"KLK11",129.5,0.919,"pancreas_seeds","Exocrine epithelial -> Endothelial","ls_nmf","membrane",2
"ANPEP",1195.7,0.974,"pancreas_seeds","Exocrine epithelial -> Endothelial","ls_nmf","membrane",2
"CFTR",3501.1,0.804,"pancreas_seeds","Exocrine epithelial -> Endothelial","ls_nmf","membrane",2
"DPEP1",125.7,0.989,"pancreas_seeds","Exocrine epithelial -> Endothelial","ls_nmf","membrane",2
"KCNK3",203.5,0.919,"pancreas_seeds","Exocrine epithelial -> Endothelial","ls_nmf","membrane",2
"UMOD",18.9,0.995,"pancreas_seeds","Exocrine epithelial -> Endothelial","ls_nmf","membrane",2
"CA4",123.8,0.56,"pancreas_seeds","Exocrine epithelial -> Endothelial","ls_nmf","membrane",2
"DIRAS3",40.7,1,"pancreas_seeds","Exocrine epithelial -> Endothelial","ls_nmf","membrane",2
"PROX1",481.4,0.886,"pancreas_seeds","Exocrine epithelial -> Endothelial","ls_nmf","membrane",2
"FKBP11",361.8,0.997,"pancreas_seeds","Exocrine epithelial -> Endothelial","ls_nmf","membrane",2
"PEBP4",15.3,0.826,"pancreas_seeds","Exocrine epithelial -> Endothelial","ls_nmf","membrane",2
"AQP3",74.9,0.781,"pancreas_seeds","Exocrine epithelial -> Endothelial","ls_nmf","membrane",2
"HAMP",78.3,0.823,"pancreas_seeds","Exocrine epithelial -> Endothelial","ls_nmf","membrane",2
"GLYATL1",11.4,0.814,"pancreas_seeds","Exocrine epithelial -> Endothelial","ls_nmf","membrane",2
"RIDA",49.3,1,"pancreas_seeds","Exocrine epithelial -> Endothelial","ls_nmf","membrane",2
"COCH",33.3,0.948,"pancreas_seeds","Exocrine epithelial -> Endothelial","ls_nmf","membrane",2
"CPA3",83.3,0.916,"pancreas_seeds","Exocrine epithelial -> Endothelial","ls_nmf","membrane",2
"AQP8",1345.4,0.998,"pancreas_seeds","Exocrine epithelial -> Fibroblast / CAF","ls_nmf","membrane",2
"GATM",7976.2,0.985,"pancreas_seeds","Exocrine epithelial -> Fibroblast / CAF","ls_nmf","membrane",2
"AMY2A",21865.4,0.966,"pancreas_seeds","Exocrine epithelial -> Fibroblast / CAF","ls_nmf","membrane",2
"KLK11",76.9,0.962,"pancreas_seeds","Exocrine epithelial -> Fibroblast / CAF","ls_nmf","membrane",2
"CFTR",5032.3,0.995,"pancreas_seeds","Exocrine epithelial -> Fibroblast / CAF","ls_nmf","membrane",2
"ANPEP",859.7,0.995,"pancreas_seeds","Exocrine epithelial -> Fibroblast / CAF","ls_nmf","membrane",2
"PROX1",703.3,0.996,"pancreas_seeds","Exocrine epithelial -> Fibroblast / CAF","ls_nmf","membrane",2
"KCNK3",184.4,0.818,"pancreas_seeds","Exocrine epithelial -> Fibroblast / CAF","ls_nmf","membrane",2
"UMOD",15.1,1,"pancreas_seeds","Exocrine epithelial -> Fibroblast / CAF","ls_nmf","membrane",2
"DIRAS3",42,0.702,"pancreas_seeds","Exocrine epithelial -> Fibroblast / CAF","ls_nmf","membrane",2
"CA4",111.3,0.55,"pancreas_seeds","Exocrine epithelial -> Fibroblast / CAF","ls_nmf","membrane",2
"HAMP",78.8,0.977,"pancreas_seeds","Exocrine epithelial -> Fibroblast / CAF","ls_nmf","membrane",2
"AQP3",59.6,0.736,"pancreas_seeds","Exocrine epithelial -> Fibroblast / CAF","ls_nmf","membrane",2
"RIDA",90.2,0.986,"pancreas_seeds","Exocrine epithelial -> Fibroblast / CAF","ls_nmf","membrane",2
"DPEP1",70.1,0.809,"pancreas_seeds","Exocrine epithelial -> Fibroblast / CAF","ls_nmf","membrane",2
"GLYATL1",3,0.79,"pancreas_seeds","Exocrine epithelial -> Fibroblast / CAF","ls_nmf","membrane",2
"FKBP11",206.9,1,"pancreas_seeds","Exocrine epithelial -> Fibroblast / CAF","ls_nmf","membrane",2
"MYC",206.1,0.872,"pancreas_seeds","Exocrine epithelial -> Fibroblast / CAF","ls_nmf","membrane",2
"COCH",34.4,0.675,"pancreas_seeds","Exocrine epithelial -> Fibroblast / CAF","ls_nmf","membrane",2
"PEBP4",0.3,1,"pancreas_seeds","Exocrine epithelial -> Fibroblast / CAF","ls_nmf","membrane",2
"AQP8",1465.3,0.99,"pancreas_seeds","Exocrine epithelial -> Immune","ls_nmf","membrane",2
"GATM",9605.1,0.805,"pancreas_seeds","Exocrine epithelial -> Immune","ls_nmf","membrane",2
"AMY2A",27334.7,0.709,"pancreas_seeds","Exocrine epithelial -> Immune","ls_nmf","membrane",2
"CFTR",5611,0.971,"pancreas_seeds","Exocrine epithelial -> Immune","ls_nmf","membrane",2
"KLK11",114.3,0.981,"pancreas_seeds","Exocrine epithelial -> Immune","ls_nmf","membrane",2
"PROX1",709.9,0.941,"pancreas_seeds","Exocrine epithelial -> Immune","ls_nmf","membrane",2
"KCNK3",209.5,0.893,"pancreas_seeds","Exocrine epithelial -> Immune","ls_nmf","membrane",2
"ANPEP",1045.8,0.913,"pancreas_seeds","Exocrine epithelial -> Immune","ls_nmf","membrane",2
"DPEP1",98.6,0.997,"pancreas_seeds","Exocrine epithelial -> Immune","ls_nmf","membrane",2
"UMOD",22.3,0.983,"pancreas_seeds","Exocrine epithelial -> Immune","ls_nmf","membrane",2
"CA4",59.6,0.987,"pancreas_seeds","Exocrine epithelial -> Immune","ls_nmf","membrane",2
"DIRAS3",61.3,0.772,"pancreas_seeds","Exocrine epithelial -> Immune","ls_nmf","membrane",2
"MYC",9.3,1,"pancreas_seeds","Exocrine epithelial -> Immune","ls_nmf","membrane",2
"FKBP11",195.7,0.951,"pancreas_seeds","Exocrine epithelial -> Immune","ls_nmf","membrane",2
"GLYATL1",6.9,0.807,"pancreas_seeds","Exocrine epithelial -> Immune","ls_nmf","membrane",2
"RIDA",43.9,0.993,"pancreas_seeds","Exocrine epithelial -> Immune","ls_nmf","membrane",2
"AQP3",15.4,1,"pancreas_seeds","Exocrine epithelial -> Immune","ls_nmf","membrane",2
"PEBP4",0,NA,"pancreas_seeds","Exocrine epithelial -> Immune","ls_nmf","membrane",2
"COCH",20.4,0.879,"pancreas_seeds","Exocrine epithelial -> Immune","ls_nmf","membrane",2
"GPC3",178,0.825,"pancreas_seeds","Exocrine epithelial -> Immune","ls_nmf","membrane",2
"AQP8",9.2,1,"pancreas_seeds","Exocrine epithelial -> Mural / pericyte","ls_nmf","membrane",2
"GATM",78.3,0.875,"pancreas_seeds","Exocrine epithelial -> Mural / pericyte","ls_nmf","membrane",2
"AMY2A",443.6,0.849,"pancreas_seeds","Exocrine epithelial -> Mural / pericyte","ls_nmf","membrane",2
"CFTR",76.4,0.929,"pancreas_seeds","Exocrine epithelial -> Mural / pericyte","ls_nmf","membrane",2
"ANPEP",16.5,0.867,"pancreas_seeds","Exocrine epithelial -> Mural / pericyte","ls_nmf","membrane",2
"PROX1",7.3,0.806,"pancreas_seeds","Exocrine epithelial -> Mural / pericyte","ls_nmf","membrane",2
"KLK11",0,NA,"pancreas_seeds","Exocrine epithelial -> Mural / pericyte","ls_nmf","membrane",2
"DPEP1",2,0.449,"pancreas_seeds","Exocrine epithelial -> Mural / pericyte","ls_nmf","membrane",2
"CA4",2.9,0.327,"pancreas_seeds","Exocrine epithelial -> Mural / pericyte","ls_nmf","membrane",2
"FKBP11",7.3,0.409,"pancreas_seeds","Exocrine epithelial -> Mural / pericyte","ls_nmf","membrane",2
"HAMP",0.8,0.649,"pancreas_seeds","Exocrine epithelial -> Mural / pericyte","ls_nmf","membrane",2
"UMOD",0.1,0,"pancreas_seeds","Exocrine epithelial -> Mural / pericyte","ls_nmf","membrane",2
"GLYATL1",0,NA,"pancreas_seeds","Exocrine epithelial -> Mural / pericyte","ls_nmf","membrane",2
"DIRAS3",0,0,"pancreas_seeds","Exocrine epithelial -> Mural / pericyte","ls_nmf","membrane",2
"RIDA",3.7,0.547,"pancreas_seeds","Exocrine epithelial -> Mural / pericyte","ls_nmf","membrane",2
"AQP3",0,NA,"pancreas_seeds","Exocrine epithelial -> Mural / pericyte","ls_nmf","membrane",2
"SMYD2",4.3,0.98,"pancreas_seeds","Exocrine epithelial -> Mural / pericyte","ls_nmf","membrane",2
"COCH",0.8,0,"pancreas_seeds","Exocrine epithelial -> Mural / pericyte","ls_nmf","membrane",2
"UPK3B",1.7,0,"pancreas_seeds","Exocrine epithelial -> Mural / pericyte","ls_nmf","membrane",2
"PEBP4",0,NA,"pancreas_seeds","Exocrine epithelial -> Mural / pericyte","ls_nmf","membrane",2
"SFRP2",2578.9,0.87,"pancreas_seeds","Fibroblast / CAF -> Ductal/tumor epithelial","ls_nmf","membrane",2
"THBS2",2050.8,0.974,"pancreas_seeds","Fibroblast / CAF -> Ductal/tumor epithelial","ls_nmf","membrane",2
"COL5A2",2981.2,0.961,"pancreas_seeds","Fibroblast / CAF -> Ductal/tumor epithelial","ls_nmf","membrane",2
"SFRP4",1182,0.351,"pancreas_seeds","Fibroblast / CAF -> Ductal/tumor epithelial","ls_nmf","membrane",2
"FBN1",2730.7,0.98,"pancreas_seeds","Fibroblast / CAF -> Ductal/tumor epithelial","ls_nmf","membrane",2
"PDGFRA",432.6,0.549,"pancreas_seeds","Fibroblast / CAF -> Ductal/tumor epithelial","ls_nmf","membrane",2
"MFAP5",213.3,0.951,"pancreas_seeds","Fibroblast / CAF -> Ductal/tumor epithelial","ls_nmf","membrane",2
"ASPN",1313.5,0.56,"pancreas_seeds","Fibroblast / CAF -> Ductal/tumor epithelial","ls_nmf","membrane",2
"THY1",1071.3,0.755,"pancreas_seeds","Fibroblast / CAF -> Ductal/tumor epithelial","ls_nmf","membrane",2
"C7",285.9,0.363,"pancreas_seeds","Fibroblast / CAF -> Ductal/tumor epithelial","ls_nmf","membrane",2
"PTGDS",244.7,0.406,"pancreas_seeds","Fibroblast / CAF -> Ductal/tumor epithelial","ls_nmf","membrane",2
"LTBP2",3544,0.331,"pancreas_seeds","Fibroblast / CAF -> Ductal/tumor epithelial","ls_nmf","membrane",2
"INMT",448.1,0.639,"pancreas_seeds","Fibroblast / CAF -> Ductal/tumor epithelial","ls_nmf","membrane",2
"PCOLCE",305.9,0.265,"pancreas_seeds","Fibroblast / CAF -> Ductal/tumor epithelial","ls_nmf","membrane",2
"PDPN",1051.9,0.235,"pancreas_seeds","Fibroblast / CAF -> Ductal/tumor epithelial","ls_nmf","membrane",2
"FBLN1",659.2,0.419,"pancreas_seeds","Fibroblast / CAF -> Ductal/tumor epithelial","ls_nmf","membrane",2
"SRPX",354.6,0.577,"pancreas_seeds","Fibroblast / CAF -> Ductal/tumor epithelial","ls_nmf","membrane",2
"CTSK",2273.5,0.225,"pancreas_seeds","Fibroblast / CAF -> Ductal/tumor epithelial","ls_nmf","membrane",2
"IGF1",151,0.433,"pancreas_seeds","Fibroblast / CAF -> Ductal/tumor epithelial","ls_nmf","membrane",2
"RGS16",206.7,0.382,"pancreas_seeds","Fibroblast / CAF -> Ductal/tumor epithelial","ls_nmf","membrane",2
"MFAP5",7.5,0.867,"pancreas_seeds","Fibroblast / CAF -> Endocrine","ls_nmf","membrane",2
"THBS2",35.1,0.971,"pancreas_seeds","Fibroblast / CAF -> Endocrine","ls_nmf","membrane",2
"VCAN",141.7,0.569,"pancreas_seeds","Fibroblast / CAF -> Endocrine","ls_nmf","membrane",2
"COL5A2",81.6,0.589,"pancreas_seeds","Fibroblast / CAF -> Endocrine","ls_nmf","membrane",2
"BASP1",63.5,0.85,"pancreas_seeds","Fibroblast / CAF -> Endocrine","ls_nmf","membrane",2
"SEMA3C",58,0.457,"pancreas_seeds","Fibroblast / CAF -> Endocrine","ls_nmf","membrane",2
"FBN1",122.2,0.868,"pancreas_seeds","Fibroblast / CAF -> Endocrine","ls_nmf","membrane",2
"LTBP2",76.6,0.869,"pancreas_seeds","Fibroblast / CAF -> Endocrine","ls_nmf","membrane",2
"PDGFRA",72.5,0.634,"pancreas_seeds","Fibroblast / CAF -> Endocrine","ls_nmf","membrane",2
"SFRP2",171.8,0.939,"pancreas_seeds","Fibroblast / CAF -> Endocrine","ls_nmf","membrane",2
"SFRP4",134.6,0.502,"pancreas_seeds","Fibroblast / CAF -> Endocrine","ls_nmf","membrane",2
"CTSK",65.1,0.607,"pancreas_seeds","Fibroblast / CAF -> Endocrine","ls_nmf","membrane",2
"THY1",53.6,0.842,"pancreas_seeds","Fibroblast / CAF -> Endocrine","ls_nmf","membrane",2
"PTGDS",61.5,0.65,"pancreas_seeds","Fibroblast / CAF -> Endocrine","ls_nmf","membrane",2
"PMP22",45.1,0.911,"pancreas_seeds","Fibroblast / CAF -> Endocrine","ls_nmf","membrane",2
"PDPN",28.1,0.567,"pancreas_seeds","Fibroblast / CAF -> Endocrine","ls_nmf","membrane",2
"FBLN1",142.7,0.459,"pancreas_seeds","Fibroblast / CAF -> Endocrine","ls_nmf","membrane",2
"PCOLCE",17,0.899,"pancreas_seeds","Fibroblast / CAF -> Endocrine","ls_nmf","membrane",2
"ASPN",142.2,0.458,"pancreas_seeds","Fibroblast / CAF -> Endocrine","ls_nmf","membrane",2
"INMT",27.6,0.437,"pancreas_seeds","Fibroblast / CAF -> Endocrine","ls_nmf","membrane",2
"THBS2",586,0.007,"pancreas_seeds","Fibroblast / CAF -> Endothelial","ls_nmf","membrane",2
"VCAN",1709,0.02,"pancreas_seeds","Fibroblast / CAF -> Endothelial","ls_nmf","membrane",2
"SFRP2",1815.3,0.009,"pancreas_seeds","Fibroblast / CAF -> Endothelial","ls_nmf","membrane",2
"MFAP5",68.1,0.029,"pancreas_seeds","Fibroblast / CAF -> Endothelial","ls_nmf","membrane",2
"PDPN",460.9,0.03,"pancreas_seeds","Fibroblast / CAF -> Endothelial","ls_nmf","membrane",2
"SEMA3C",230.6,0.083,"pancreas_seeds","Fibroblast / CAF -> Endothelial","ls_nmf","membrane",2
"CTSK",942.3,0.028,"pancreas_seeds","Fibroblast / CAF -> Endothelial","ls_nmf","membrane",2
"LTBP2",701.8,-0.03,"pancreas_seeds","Fibroblast / CAF -> Endothelial","ls_nmf","membrane",2
"COL5A2",1779.4,0.005,"pancreas_seeds","Fibroblast / CAF -> Endothelial","ls_nmf","membrane",2
"PDGFRA",327.6,-0.071,"pancreas_seeds","Fibroblast / CAF -> Endothelial","ls_nmf","membrane",2
"SFRP4",589.4,-0.066,"pancreas_seeds","Fibroblast / CAF -> Endothelial","ls_nmf","membrane",2
"BASP1",534.6,-0.018,"pancreas_seeds","Fibroblast / CAF -> Endothelial","ls_nmf","membrane",2
"FBLN1",765.1,-0.089,"pancreas_seeds","Fibroblast / CAF -> Endothelial","ls_nmf","membrane",2
"IGF1",163.8,-0.184,"pancreas_seeds","Fibroblast / CAF -> Endothelial","ls_nmf","membrane",2
"PTGDS",258.6,-0.085,"pancreas_seeds","Fibroblast / CAF -> Endothelial","ls_nmf","membrane",2
"GEM",446.9,-0.04,"pancreas_seeds","Fibroblast / CAF -> Endothelial","ls_nmf","membrane",2
"THY1",1575.4,0.002,"pancreas_seeds","Fibroblast / CAF -> Endothelial","ls_nmf","membrane",2
"FBN1",2035.1,-0.008,"pancreas_seeds","Fibroblast / CAF -> Endothelial","ls_nmf","membrane",2
"RGS16",181.3,-0.14,"pancreas_seeds","Fibroblast / CAF -> Endothelial","ls_nmf","membrane",2
"PCOLCE",339.1,-0.115,"pancreas_seeds","Fibroblast / CAF -> Endothelial","ls_nmf","membrane",2
"VCAN",1269.4,0.941,"pancreas_seeds","Fibroblast / CAF -> Exocrine epithelial","ls_nmf","membrane",2
"THBS2",444.9,1,"pancreas_seeds","Fibroblast / CAF -> Exocrine epithelial","ls_nmf","membrane",2
"COL5A2",563.1,0.975,"pancreas_seeds","Fibroblast / CAF -> Exocrine epithelial","ls_nmf","membrane",2
"SFRP2",1430,0.976,"pancreas_seeds","Fibroblast / CAF -> Exocrine epithelial","ls_nmf","membrane",2
"FBN1",949.3,0.884,"pancreas_seeds","Fibroblast / CAF -> Exocrine epithelial","ls_nmf","membrane",2
"MFAP5",72.9,1,"pancreas_seeds","Fibroblast / CAF -> Exocrine epithelial","ls_nmf","membrane",2
"CTSK",445.7,0.948,"pancreas_seeds","Fibroblast / CAF -> Exocrine epithelial","ls_nmf","membrane",2
"GEM",380.7,0.665,"pancreas_seeds","Fibroblast / CAF -> Exocrine epithelial","ls_nmf","membrane",2
"SEMA3C",239.1,0.717,"pancreas_seeds","Fibroblast / CAF -> Exocrine epithelial","ls_nmf","membrane",2
"LTBP2",904.2,0.537,"pancreas_seeds","Fibroblast / CAF -> Exocrine epithelial","ls_nmf","membrane",2
"BASP1",294.4,0.955,"pancreas_seeds","Fibroblast / CAF -> Exocrine epithelial","ls_nmf","membrane",2
"SFRP4",1255.7,0.379,"pancreas_seeds","Fibroblast / CAF -> Exocrine epithelial","ls_nmf","membrane",2
"THY1",447,0.673,"pancreas_seeds","Fibroblast / CAF -> Exocrine epithelial","ls_nmf","membrane",2
"PDGFRA",559,0.352,"pancreas_seeds","Fibroblast / CAF -> Exocrine epithelial","ls_nmf","membrane",2
"FBLN1",1002.5,0.315,"pancreas_seeds","Fibroblast / CAF -> Exocrine epithelial","ls_nmf","membrane",2
"ASPN",845.4,0.404,"pancreas_seeds","Fibroblast / CAF -> Exocrine epithelial","ls_nmf","membrane",2
"PDPN",332.1,0.487,"pancreas_seeds","Fibroblast / CAF -> Exocrine epithelial","ls_nmf","membrane",2
"PTGDS",207.4,0.543,"pancreas_seeds","Fibroblast / CAF -> Exocrine epithelial","ls_nmf","membrane",2
"PCOLCE",150.5,0.515,"pancreas_seeds","Fibroblast / CAF -> Exocrine epithelial","ls_nmf","membrane",2
"PMP22",543.3,0.557,"pancreas_seeds","Fibroblast / CAF -> Exocrine epithelial","ls_nmf","membrane",2
"SFRP2",3464.4,0.502,"pancreas_seeds","Fibroblast / CAF -> Immune","ls_nmf","membrane",2
"THBS2",2252.7,0.679,"pancreas_seeds","Fibroblast / CAF -> Immune","ls_nmf","membrane",2
"COL5A2",2679.1,0.691,"pancreas_seeds","Fibroblast / CAF -> Immune","ls_nmf","membrane",2
"FBN1",3329.1,0.537,"pancreas_seeds","Fibroblast / CAF -> Immune","ls_nmf","membrane",2
"VCAN",5767.5,0.635,"pancreas_seeds","Fibroblast / CAF -> Immune","ls_nmf","membrane",2
"CTSK",2718.2,0.428,"pancreas_seeds","Fibroblast / CAF -> Immune","ls_nmf","membrane",2
"PDGFRA",1127.5,0.552,"pancreas_seeds","Fibroblast / CAF -> Immune","ls_nmf","membrane",2
"FBLN1",2469.9,0.535,"pancreas_seeds","Fibroblast / CAF -> Immune","ls_nmf","membrane",2
"SFRP4",3399.4,0.432,"pancreas_seeds","Fibroblast / CAF -> Immune","ls_nmf","membrane",2
"MFAP5",594.9,0.52,"pancreas_seeds","Fibroblast / CAF -> Immune","ls_nmf","membrane",2
"LTBP2",2176.2,0.544,"pancreas_seeds","Fibroblast / CAF -> Immune","ls_nmf","membrane",2
"THY1",1569.4,0.539,"pancreas_seeds","Fibroblast / CAF -> Immune","ls_nmf","membrane",2
"GEM",1207,0.501,"pancreas_seeds","Fibroblast / CAF -> Immune","ls_nmf","membrane",2
"PCOLCE",441.8,0.456,"pancreas_seeds","Fibroblast / CAF -> Immune","ls_nmf","membrane",2
"ASPN",2098.9,0.5,"pancreas_seeds","Fibroblast / CAF -> Immune","ls_nmf","membrane",2
"SEMA3C",906.8,0.29,"pancreas_seeds","Fibroblast / CAF -> Immune","ls_nmf","membrane",2
"PTGDS",962.6,0.49,"pancreas_seeds","Fibroblast / CAF -> Immune","ls_nmf","membrane",2
"INMT",614.1,0.444,"pancreas_seeds","Fibroblast / CAF -> Immune","ls_nmf","membrane",2
"APCDD1",384.4,0.506,"pancreas_seeds","Fibroblast / CAF -> Immune","ls_nmf","membrane",2
"SRPX",471.9,0.501,"pancreas_seeds","Fibroblast / CAF -> Immune","ls_nmf","membrane",2
"SFRP2",101.7,0,"pancreas_seeds","Fibroblast / CAF -> Mural / pericyte","ls_nmf","membrane",2
"MFAP5",53.5,0,"pancreas_seeds","Fibroblast / CAF -> Mural / pericyte","ls_nmf","membrane",2
"VCAN",110.6,0,"pancreas_seeds","Fibroblast / CAF -> Mural / pericyte","ls_nmf","membrane",2
"FBLN1",269,0.007,"pancreas_seeds","Fibroblast / CAF -> Mural / pericyte","ls_nmf","membrane",2
"SFRP4",216.4,0.009,"pancreas_seeds","Fibroblast / CAF -> Mural / pericyte","ls_nmf","membrane",2
"THY1",275.2,0,"pancreas_seeds","Fibroblast / CAF -> Mural / pericyte","ls_nmf","membrane",2
"CTSK",142.1,0.007,"pancreas_seeds","Fibroblast / CAF -> Mural / pericyte","ls_nmf","membrane",2
"BASP1",151.2,0,"pancreas_seeds","Fibroblast / CAF -> Mural / pericyte","ls_nmf","membrane",2
"PTGDS",59.5,0,"pancreas_seeds","Fibroblast / CAF -> Mural / pericyte","ls_nmf","membrane",2
"PDPN",109.4,0.009,"pancreas_seeds","Fibroblast / CAF -> Mural / pericyte","ls_nmf","membrane",2
"MEST",56.7,-0.015,"pancreas_seeds","Fibroblast / CAF -> Mural / pericyte","ls_nmf","membrane",2
"ALDH1A3",33.7,0.008,"pancreas_seeds","Fibroblast / CAF -> Mural / pericyte","ls_nmf","membrane",2
"LTBP2",192.5,0.006,"pancreas_seeds","Fibroblast / CAF -> Mural / pericyte","ls_nmf","membrane",2
"PDGFRA",46.7,0.021,"pancreas_seeds","Fibroblast / CAF -> Mural / pericyte","ls_nmf","membrane",2
"THBS2",134,0,"pancreas_seeds","Fibroblast / CAF -> Mural / pericyte","ls_nmf","membrane",2
"COL5A2",351.4,0.003,"pancreas_seeds","Fibroblast / CAF -> Mural / pericyte","ls_nmf","membrane",2
"SEMA3C",22.1,-0.073,"pancreas_seeds","Fibroblast / CAF -> Mural / pericyte","ls_nmf","membrane",2
"IGF1",29.9,0.066,"pancreas_seeds","Fibroblast / CAF -> Mural / pericyte","ls_nmf","membrane",2
"DPT",17.5,0,"pancreas_seeds","Fibroblast / CAF -> Mural / pericyte","ls_nmf","membrane",2
"C7",72.8,-0.025,"pancreas_seeds","Fibroblast / CAF -> Mural / pericyte","ls_nmf","membrane",2
"IL7R",262,0.97,"pancreas_seeds","Immune -> Ductal/tumor epithelial","ls_nmf","membrane",2
"CD163",440.6,0.941,"pancreas_seeds","Immune -> Ductal/tumor epithelial","ls_nmf","membrane",2
"PTPRC",631.8,0.592,"pancreas_seeds","Immune -> Ductal/tumor epithelial","ls_nmf","membrane",2
"MRC1",251.6,0.943,"pancreas_seeds","Immune -> Ductal/tumor epithelial","ls_nmf","membrane",2
"CD8A",129.8,0.646,"pancreas_seeds","Immune -> Ductal/tumor epithelial","ls_nmf","membrane",2
"MS4A4A",353,0.929,"pancreas_seeds","Immune -> Ductal/tumor epithelial","ls_nmf","membrane",2
"CCL5",240,0.786,"pancreas_seeds","Immune -> Ductal/tumor epithelial","ls_nmf","membrane",2
"VSIG4",311.7,0.43,"pancreas_seeds","Immune -> Ductal/tumor epithelial","ls_nmf","membrane",2
"MS4A6A",739.1,0.419,"pancreas_seeds","Immune -> Ductal/tumor epithelial","ls_nmf","membrane",2
"GZMK",46.8,0.33,"pancreas_seeds","Immune -> Ductal/tumor epithelial","ls_nmf","membrane",2
"CD2",78.3,0.074,"pancreas_seeds","Immune -> Ductal/tumor epithelial","ls_nmf","membrane",2
"GZMA",79.4,0.508,"pancreas_seeds","Immune -> Ductal/tumor epithelial","ls_nmf","membrane",2
"FCGR3A",570.9,0.488,"pancreas_seeds","Immune -> Ductal/tumor epithelial","ls_nmf","membrane",2
"LILRB4",89.2,0.777,"pancreas_seeds","Immune -> Ductal/tumor epithelial","ls_nmf","membrane",2
"GPR183",301.3,0.379,"pancreas_seeds","Immune -> Ductal/tumor epithelial","ls_nmf","membrane",2
"CYTIP",306.8,0.53,"pancreas_seeds","Immune -> Ductal/tumor epithelial","ls_nmf","membrane",2
"FGL2",380.1,0.231,"pancreas_seeds","Immune -> Ductal/tumor epithelial","ls_nmf","membrane",2
"KLRB1",143.5,0.449,"pancreas_seeds","Immune -> Ductal/tumor epithelial","ls_nmf","membrane",2
"IGSF6",345.7,0.245,"pancreas_seeds","Immune -> Ductal/tumor epithelial","ls_nmf","membrane",2
"TRAC",207.7,0.539,"pancreas_seeds","Immune -> Ductal/tumor epithelial","ls_nmf","membrane",2
"IL7R",13.5,0.64,"pancreas_seeds","Immune -> Endocrine","ls_nmf","membrane",2
"PLA2G7",8.1,0.907,"pancreas_seeds","Immune -> Endocrine","ls_nmf","membrane",2
"CD163",18,1,"pancreas_seeds","Immune -> Endocrine","ls_nmf","membrane",2
"CSF2RA",19.7,0.699,"pancreas_seeds","Immune -> Endocrine","ls_nmf","membrane",2
"CXCR4",34.3,0.967,"pancreas_seeds","Immune -> Endocrine","ls_nmf","membrane",2
"TRAC",20.2,0.915,"pancreas_seeds","Immune -> Endocrine","ls_nmf","membrane",2
"MS4A6A",31.2,0.978,"pancreas_seeds","Immune -> Endocrine","ls_nmf","membrane",2
"CD2",7.7,1,"pancreas_seeds","Immune -> Endocrine","ls_nmf","membrane",2
"CD3E",9,0.778,"pancreas_seeds","Immune -> Endocrine","ls_nmf","membrane",2
"VSIG4",12.3,0.558,"pancreas_seeds","Immune -> Endocrine","ls_nmf","membrane",2
"MS4A1",0.6,1,"pancreas_seeds","Immune -> Endocrine","ls_nmf","membrane",2
"MS4A4A",21,0.929,"pancreas_seeds","Immune -> Endocrine","ls_nmf","membrane",2
"CCL5",16.1,0.949,"pancreas_seeds","Immune -> Endocrine","ls_nmf","membrane",2
"TREM2",8.8,0.943,"pancreas_seeds","Immune -> Endocrine","ls_nmf","membrane",2
"PTPRC",38.6,0.902,"pancreas_seeds","Immune -> Endocrine","ls_nmf","membrane",2
"FCGR3A",14.9,0.825,"pancreas_seeds","Immune -> Endocrine","ls_nmf","membrane",2
"GZMK",7.8,0.968,"pancreas_seeds","Immune -> Endocrine","ls_nmf","membrane",2
"LILRB4",1.6,1,"pancreas_seeds","Immune -> Endocrine","ls_nmf","membrane",2
"CLEC4E",10.7,0.548,"pancreas_seeds","Immune -> Endocrine","ls_nmf","membrane",2
"GPR183",11.4,0.809,"pancreas_seeds","Immune -> Endocrine","ls_nmf","membrane",2
"IL7R",283.6,0.025,"pancreas_seeds","Immune -> Endothelial","ls_nmf","membrane",2
"LILRB4",36.1,0.166,"pancreas_seeds","Immune -> Endothelial","ls_nmf","membrane",2
"GZMK",44.1,0.068,"pancreas_seeds","Immune -> Endothelial","ls_nmf","membrane",2
"PLA2G7",145.3,0.669,"pancreas_seeds","Immune -> Endothelial","ls_nmf","membrane",2
"CD163",188.7,0.895,"pancreas_seeds","Immune -> Endothelial","ls_nmf","membrane",2
"TREM2",89.2,0.359,"pancreas_seeds","Immune -> Endothelial","ls_nmf","membrane",2
"PTPRC",350.2,0.127,"pancreas_seeds","Immune -> Endothelial","ls_nmf","membrane",2
"CD2",83.3,0,"pancreas_seeds","Immune -> Endothelial","ls_nmf","membrane",2
"VSIG4",90.4,0.938,"pancreas_seeds","Immune -> Endothelial","ls_nmf","membrane",2
"CSF2RA",104.4,0.347,"pancreas_seeds","Immune -> Endothelial","ls_nmf","membrane",2
"CD8A",130.4,-0.121,"pancreas_seeds","Immune -> Endothelial","ls_nmf","membrane",2
"MS4A6A",416.4,0.302,"pancreas_seeds","Immune -> Endothelial","ls_nmf","membrane",2
"TRAC",258.6,-0.004,"pancreas_seeds","Immune -> Endothelial","ls_nmf","membrane",2
"HAVCR2",117.4,0.078,"pancreas_seeds","Immune -> Endothelial","ls_nmf","membrane",2
"FOXP3",38.1,0,"pancreas_seeds","Immune -> Endothelial","ls_nmf","membrane",2
"KLRB1",142.4,-0.07,"pancreas_seeds","Immune -> Endothelial","ls_nmf","membrane",2
"CTLA4",58.2,-0.068,"pancreas_seeds","Immune -> Endothelial","ls_nmf","membrane",2
"CYTIP",183.7,0.061,"pancreas_seeds","Immune -> Endothelial","ls_nmf","membrane",2
"CCL5",196.6,0.046,"pancreas_seeds","Immune -> Endothelial","ls_nmf","membrane",2
"MS4A1",43.1,0.067,"pancreas_seeds","Immune -> Endothelial","ls_nmf","membrane",2
"IL7R",409.6,0.038,"pancreas_seeds","Immune -> Exocrine epithelial","ls_nmf","membrane",2
"CXCR4",921,0.363,"pancreas_seeds","Immune -> Exocrine epithelial","ls_nmf","membrane",2
"PLA2G7",237.9,0.94,"pancreas_seeds","Immune -> Exocrine epithelial","ls_nmf","membrane",2
"PTPRC",661.5,0.454,"pancreas_seeds","Immune -> Exocrine epithelial","ls_nmf","membrane",2
"TRAC",344.3,0.312,"pancreas_seeds","Immune -> Exocrine epithelial","ls_nmf","membrane",2
"CD163",658.1,0.97,"pancreas_seeds","Immune -> Exocrine epithelial","ls_nmf","membrane",2
"MRC1",344.2,0.909,"pancreas_seeds","Immune -> Exocrine epithelial","ls_nmf","membrane",2
"CCL5",354.7,0.093,"pancreas_seeds","Immune -> Exocrine epithelial","ls_nmf","membrane",2
"MS4A4A",543.9,0.97,"pancreas_seeds","Immune -> Exocrine epithelial","ls_nmf","membrane",2
"GZMK",72.9,0.328,"pancreas_seeds","Immune -> Exocrine epithelial","ls_nmf","membrane",2
"CD3E",215.2,0.156,"pancreas_seeds","Immune -> Exocrine epithelial","ls_nmf","membrane",2
"CD2",221.3,0.14,"pancreas_seeds","Immune -> Exocrine epithelial","ls_nmf","membrane",2
"IL2RA",83.4,0.892,"pancreas_seeds","Immune -> Exocrine epithelial","ls_nmf","membrane",2
"VSIG4",357.7,0.46,"pancreas_seeds","Immune -> Exocrine epithelial","ls_nmf","membrane",2
"KLRB1",218.1,0.179,"pancreas_seeds","Immune -> Exocrine epithelial","ls_nmf","membrane",2
"CSF2RA",292.1,0.93,"pancreas_seeds","Immune -> Exocrine epithelial","ls_nmf","membrane",2
"CD8A",331.5,0.019,"pancreas_seeds","Immune -> Exocrine epithelial","ls_nmf","membrane",2
"FCGR3A",579.3,0.433,"pancreas_seeds","Immune -> Exocrine epithelial","ls_nmf","membrane",2
"MS4A6A",917.1,0.526,"pancreas_seeds","Immune -> Exocrine epithelial","ls_nmf","membrane",2
"GZMA",79.9,0.206,"pancreas_seeds","Immune -> Exocrine epithelial","ls_nmf","membrane",2
"MS4A1",480.9,0.125,"pancreas_seeds","Immune -> Fibroblast / CAF","ls_nmf","membrane",2
"NKG7",323.9,0.022,"pancreas_seeds","Immune -> Fibroblast / CAF","ls_nmf","membrane",2
"CD8A",1978.4,0.005,"pancreas_seeds","Immune -> Fibroblast / CAF","ls_nmf","membrane",2
"CXCR4",4575.1,0.227,"pancreas_seeds","Immune -> Fibroblast / CAF","ls_nmf","membrane",2
"PTPRC",4323.9,0.244,"pancreas_seeds","Immune -> Fibroblast / CAF","ls_nmf","membrane",2
"MS4A6A",3003,0.488,"pancreas_seeds","Immune -> Fibroblast / CAF","ls_nmf","membrane",2
"GPR183",1093.3,0.352,"pancreas_seeds","Immune -> Fibroblast / CAF","ls_nmf","membrane",2
"MS4A4A",1736,0.428,"pancreas_seeds","Immune -> Fibroblast / CAF","ls_nmf","membrane",2
"CSF2RA",894.4,0.477,"pancreas_seeds","Immune -> Fibroblast / CAF","ls_nmf","membrane",2
"CD163",1716.5,0.772,"pancreas_seeds","Immune -> Fibroblast / CAF","ls_nmf","membrane",2
"TREM2",354.7,0.366,"pancreas_seeds","Immune -> Fibroblast / CAF","ls_nmf","membrane",2
"PLA2G7",897.4,0.608,"pancreas_seeds","Immune -> Fibroblast / CAF","ls_nmf","membrane",2
"FOXP3",458.9,0.011,"pancreas_seeds","Immune -> Fibroblast / CAF","ls_nmf","membrane",2
"CYTIP",2238.1,0.169,"pancreas_seeds","Immune -> Fibroblast / CAF","ls_nmf","membrane",2
"CD69",933.6,0.112,"pancreas_seeds","Immune -> Fibroblast / CAF","ls_nmf","membrane",2
"FCER1A",326.9,0.352,"pancreas_seeds","Immune -> Fibroblast / CAF","ls_nmf","membrane",2
"IL7R",4963.4,0.056,"pancreas_seeds","Immune -> Fibroblast / CAF","ls_nmf","membrane",2
"VSIG4",622.2,0.542,"pancreas_seeds","Immune -> Fibroblast / CAF","ls_nmf","membrane",2
"KLRB1",1447.4,0.053,"pancreas_seeds","Immune -> Fibroblast / CAF","ls_nmf","membrane",2
"LY86",468.7,0.403,"pancreas_seeds","Immune -> Fibroblast / CAF","ls_nmf","membrane",2
"CD3D",0,0,"pancreas_seeds","Immune -> Mural / pericyte","ls_nmf","membrane",2
"SLAMF7",0,0,"pancreas_seeds","Immune -> Mural / pericyte","ls_nmf","membrane",2
"MS4A1",0,0,"pancreas_seeds","Immune -> Mural / pericyte","ls_nmf","membrane",2
"KLRB1",46.8,0,"pancreas_seeds","Immune -> Mural / pericyte","ls_nmf","membrane",2
"CXCR4",151,0,"pancreas_seeds","Immune -> Mural / pericyte","ls_nmf","membrane",2
"VSIG4",41.7,0,"pancreas_seeds","Immune -> Mural / pericyte","ls_nmf","membrane",2
"CD8A",41.7,0,"pancreas_seeds","Immune -> Mural / pericyte","ls_nmf","membrane",2
"PLA2G7",51.7,0,"pancreas_seeds","Immune -> Mural / pericyte","ls_nmf","membrane",2
"FCN1",0,0,"pancreas_seeds","Immune -> Mural / pericyte","ls_nmf","membrane",2
"MRC1",74.5,0,"pancreas_seeds","Immune -> Mural / pericyte","ls_nmf","membrane",2
"IL7R",113,0,"pancreas_seeds","Immune -> Mural / pericyte","ls_nmf","membrane",2
"MS4A6A",118.5,0.008,"pancreas_seeds","Immune -> Mural / pericyte","ls_nmf","membrane",2
"CD3E",49.5,0,"pancreas_seeds","Immune -> Mural / pericyte","ls_nmf","membrane",2
"CCL5",65.3,0,"pancreas_seeds","Immune -> Mural / pericyte","ls_nmf","membrane",2
"CD163",49.7,0,"pancreas_seeds","Immune -> Mural / pericyte","ls_nmf","membrane",2
"CD86",29.7,0.034,"pancreas_seeds","Immune -> Mural / pericyte","ls_nmf","membrane",2
"CD79A",36.8,0.023,"pancreas_seeds","Immune -> Mural / pericyte","ls_nmf","membrane",2
"CSF2RA",56.3,0.018,"pancreas_seeds","Immune -> Mural / pericyte","ls_nmf","membrane",2
"MS4A4A",56.8,0,"pancreas_seeds","Immune -> Mural / pericyte","ls_nmf","membrane",2
"FCER1A",14.8,0,"pancreas_seeds","Immune -> Mural / pericyte","ls_nmf","membrane",2
"MYH11",58.9,0.205,"pancreas_seeds","Mural / pericyte -> Ductal/tumor epithelial","ls_nmf","membrane",2
"MEDAG",12.1,0.649,"pancreas_seeds","Mural / pericyte -> Ductal/tumor epithelial","ls_nmf","membrane",2
"ADAMTS1",98.2,0.432,"pancreas_seeds","Mural / pericyte -> Ductal/tumor epithelial","ls_nmf","membrane",2
"ACTA2",202.4,0.736,"pancreas_seeds","Mural / pericyte -> Ductal/tumor epithelial","ls_nmf","membrane",2
"PDGFRB",106.8,0.599,"pancreas_seeds","Mural / pericyte -> Ductal/tumor epithelial","ls_nmf","membrane",2
"CNN1",62.5,0.282,"pancreas_seeds","Mural / pericyte -> Ductal/tumor epithelial","ls_nmf","membrane",2
"CRISPLD2",56.6,0.681,"pancreas_seeds","Mural / pericyte -> Ductal/tumor epithelial","ls_nmf","membrane",2
"RERGL",0,1,"pancreas_seeds","Mural / pericyte -> Ductal/tumor epithelial","ls_nmf","membrane",2
"MYLK",284.7,0.309,"pancreas_seeds","Mural / pericyte -> Ductal/tumor epithelial","ls_nmf","membrane",2
"CCL19",0.4,-1.96,"pancreas_seeds","Mural / pericyte -> Ductal/tumor epithelial","ls_nmf","membrane",2
"DES",9.7,0.33,"pancreas_seeds","Mural / pericyte -> Ductal/tumor epithelial","ls_nmf","membrane",2
"TIMP4",0.7,-0.035,"pancreas_seeds","Mural / pericyte -> Ductal/tumor epithelial","ls_nmf","membrane",2
"OGN",3.9,0.833,"pancreas_seeds","Mural / pericyte -> Ductal/tumor epithelial","ls_nmf","membrane",2
"IL1RL1",15,0.021,"pancreas_seeds","Mural / pericyte -> Ductal/tumor epithelial","ls_nmf","membrane",2
"MAMDC2",12.7,0.566,"pancreas_seeds","Mural / pericyte -> Ductal/tumor epithelial","ls_nmf","membrane",2
"CAV1",31.9,0.222,"pancreas_seeds","Mural / pericyte -> Ductal/tumor epithelial","ls_nmf","membrane",2
"SNCG",2.9,0.147,"pancreas_seeds","Mural / pericyte -> Ductal/tumor epithelial","ls_nmf","membrane",2
"RETN",0,NA,"pancreas_seeds","Mural / pericyte -> Ductal/tumor epithelial","ls_nmf","membrane",2
"MEF2C",25.6,0.361,"pancreas_seeds","Mural / pericyte -> Ductal/tumor epithelial","ls_nmf","membrane",2
"PTN",18.8,0.119,"pancreas_seeds","Mural / pericyte -> Ductal/tumor epithelial","ls_nmf","membrane",2
"MYH11",543.6,0.007,"pancreas_seeds","Mural / pericyte -> Endothelial","ls_nmf","membrane",2
"TNC",178.9,0.004,"pancreas_seeds","Mural / pericyte -> Endothelial","ls_nmf","membrane",2
"CNN1",165.8,0.001,"pancreas_seeds","Mural / pericyte -> Endothelial","ls_nmf","membrane",2
"RERGL",58.1,0.042,"pancreas_seeds","Mural / pericyte -> Endothelial","ls_nmf","membrane",2
"MEDAG",198.2,0.004,"pancreas_seeds","Mural / pericyte -> Endothelial","ls_nmf","membrane",2
"DES",34.8,-0.051,"pancreas_seeds","Mural / pericyte -> Endothelial","ls_nmf","membrane",2
"ACTA2",715.8,-0.026,"pancreas_seeds","Mural / pericyte -> Endothelial","ls_nmf","membrane",2
"MYLK",538.2,-0.086,"pancreas_seeds","Mural / pericyte -> Endothelial","ls_nmf","membrane",2
"ACTG2",295.3,-0.07,"pancreas_seeds","Mural / pericyte -> Endothelial","ls_nmf","membrane",2
"CRISPLD2",167.3,-0.18,"pancreas_seeds","Mural / pericyte -> Endothelial","ls_nmf","membrane",2
"ADAMTS1",2045.6,-0.01,"pancreas_seeds","Mural / pericyte -> Endothelial","ls_nmf","membrane",2
"TIMP4",14.4,-0.663,"pancreas_seeds","Mural / pericyte -> Endothelial","ls_nmf","membrane",2
"OGN",8.1,-0.372,"pancreas_seeds","Mural / pericyte -> Endothelial","ls_nmf","membrane",2
"PLIN4",3.2,-0.118,"pancreas_seeds","Mural / pericyte -> Endothelial","ls_nmf","membrane",2
"CCDC78",0,0,"pancreas_seeds","Mural / pericyte -> Endothelial","ls_nmf","membrane",2
"ASCL1",2.9,-0.182,"pancreas_seeds","Mural / pericyte -> Endothelial","ls_nmf","membrane",2
"SLC4A1",4.4,-0.556,"pancreas_seeds","Mural / pericyte -> Endothelial","ls_nmf","membrane",2
"TBX3",13.8,-0.135,"pancreas_seeds","Mural / pericyte -> Endothelial","ls_nmf","membrane",2
"SNCG",4.7,-0.031,"pancreas_seeds","Mural / pericyte -> Endothelial","ls_nmf","membrane",2
"MAMDC2",19.2,-0.524,"pancreas_seeds","Mural / pericyte -> Endothelial","ls_nmf","membrane",2
"MYH11",19.9,0.984,"pancreas_seeds","Mural / pericyte -> Exocrine epithelial","ls_nmf","membrane",2
"MEDAG",1.2,1,"pancreas_seeds","Mural / pericyte -> Exocrine epithelial","ls_nmf","membrane",2
"TNC",29.9,0.967,"pancreas_seeds","Mural / pericyte -> Exocrine epithelial","ls_nmf","membrane",2
"ACTA2",50.1,0.759,"pancreas_seeds","Mural / pericyte -> Exocrine epithelial","ls_nmf","membrane",2
"CNN1",8.7,0.587,"pancreas_seeds","Mural / pericyte -> Exocrine epithelial","ls_nmf","membrane",2
"ADAMTS1",97.3,0.693,"pancreas_seeds","Mural / pericyte -> Exocrine epithelial","ls_nmf","membrane",2
"PDGFRB",40.8,0.455,"pancreas_seeds","Mural / pericyte -> Exocrine epithelial","ls_nmf","membrane",2
"MYLK",80.5,0.749,"pancreas_seeds","Mural / pericyte -> Exocrine epithelial","ls_nmf","membrane",2
"CRISPLD2",37.3,0.596,"pancreas_seeds","Mural / pericyte -> Exocrine epithelial","ls_nmf","membrane",2
"TBX3",7,0.377,"pancreas_seeds","Mural / pericyte -> Exocrine epithelial","ls_nmf","membrane",2
"SNCG",0,NA,"pancreas_seeds","Mural / pericyte -> Exocrine epithelial","ls_nmf","membrane",2
"RERGL",1.1,0.619,"pancreas_seeds","Mural / pericyte -> Exocrine epithelial","ls_nmf","membrane",2
"CCL19",0.4,1,"pancreas_seeds","Mural / pericyte -> Exocrine epithelial","ls_nmf","membrane",2
"TIMP4",13.4,0.021,"pancreas_seeds","Mural / pericyte -> Exocrine epithelial","ls_nmf","membrane",2
"CAVIN1",19.2,0.905,"pancreas_seeds","Mural / pericyte -> Exocrine epithelial","ls_nmf","membrane",2
"DES",2.2,0.671,"pancreas_seeds","Mural / pericyte -> Exocrine epithelial","ls_nmf","membrane",2
"CAV1",0,1,"pancreas_seeds","Mural / pericyte -> Exocrine epithelial","ls_nmf","membrane",2
"ACTG2",4.8,0.92,"pancreas_seeds","Mural / pericyte -> Exocrine epithelial","ls_nmf","membrane",2
"TMEM100",6.1,0.77,"pancreas_seeds","Mural / pericyte -> Exocrine epithelial","ls_nmf","membrane",2
"OGN",8.4,0.521,"pancreas_seeds","Mural / pericyte -> Exocrine epithelial","ls_nmf","membrane",2
"RERGL",40,0.04,"pancreas_seeds","Mural / pericyte -> Fibroblast / CAF","ls_nmf","membrane",2
"MYH11",564.3,0.043,"pancreas_seeds","Mural / pericyte -> Fibroblast / CAF","ls_nmf","membrane",2
"ADAMTS1",533.7,-0.007,"pancreas_seeds","Mural / pericyte -> Fibroblast / CAF","ls_nmf","membrane",2
"SNCG",9.5,0.061,"pancreas_seeds","Mural / pericyte -> Fibroblast / CAF","ls_nmf","membrane",2
"MEDAG",271.4,0.009,"pancreas_seeds","Mural / pericyte -> Fibroblast / CAF","ls_nmf","membrane",2
"CNN1",180,0.03,"pancreas_seeds","Mural / pericyte -> Fibroblast / CAF","ls_nmf","membrane",2
"TNC",467.6,0.039,"pancreas_seeds","Mural / pericyte -> Fibroblast / CAF","ls_nmf","membrane",2
"DES",107.3,-0.05,"pancreas_seeds","Mural / pericyte -> Fibroblast / CAF","ls_nmf","membrane",2
"LGI4",24.9,0.049,"pancreas_seeds","Mural / pericyte -> Fibroblast / CAF","ls_nmf","membrane",2
"CAV1",50.4,0.034,"pancreas_seeds","Mural / pericyte -> Fibroblast / CAF","ls_nmf","membrane",2
"HES4",5.1,-0.252,"pancreas_seeds","Mural / pericyte -> Fibroblast / CAF","ls_nmf","membrane",2
"ADH4",9,-0.305,"pancreas_seeds","Mural / pericyte -> Fibroblast / CAF","ls_nmf","membrane",2
"PLIN4",0,0.178,"pancreas_seeds","Mural / pericyte -> Fibroblast / CAF","ls_nmf","membrane",2
"RETN",3.7,-0.084,"pancreas_seeds","Mural / pericyte -> Fibroblast / CAF","ls_nmf","membrane",2
"CDH16",12.5,0.173,"pancreas_seeds","Mural / pericyte -> Fibroblast / CAF","ls_nmf","membrane",2
"SLC4A1",9.8,-0.099,"pancreas_seeds","Mural / pericyte -> Fibroblast / CAF","ls_nmf","membrane",2
"AHSP",0,-0.142,"pancreas_seeds","Mural / pericyte -> Fibroblast / CAF","ls_nmf","membrane",2
"LY6D",1.9,0.341,"pancreas_seeds","Mural / pericyte -> Fibroblast / CAF","ls_nmf","membrane",2
"TIMP4",0,-0.027,"pancreas_seeds","Mural / pericyte -> Fibroblast / CAF","ls_nmf","membrane",2
"DNAAF1",7.2,0.155,"pancreas_seeds","Mural / pericyte -> Fibroblast / CAF","ls_nmf","membrane",2
"MYH11",358.1,0.781,"pancreas_seeds","Mural / pericyte -> Immune","ls_nmf","membrane",2
"ADAMTS1",354.9,0.904,"pancreas_seeds","Mural / pericyte -> Immune","ls_nmf","membrane",2
"CNN1",99.2,0.567,"pancreas_seeds","Mural / pericyte -> Immune","ls_nmf","membrane",2
"RERGL",22.3,0.741,"pancreas_seeds","Mural / pericyte -> Immune","ls_nmf","membrane",2
"MEDAG",66.4,0.838,"pancreas_seeds","Mural / pericyte -> Immune","ls_nmf","membrane",2
"TNC",313.3,0.82,"pancreas_seeds","Mural / pericyte -> Immune","ls_nmf","membrane",2
"ACTA2",271.8,0.744,"pancreas_seeds","Mural / pericyte -> Immune","ls_nmf","membrane",2
"MYLK",261.5,0.649,"pancreas_seeds","Mural / pericyte -> Immune","ls_nmf","membrane",2
"DES",29.9,0.627,"pancreas_seeds","Mural / pericyte -> Immune","ls_nmf","membrane",2
"CAV1",43.9,0.778,"pancreas_seeds","Mural / pericyte -> Immune","ls_nmf","membrane",2
"SNCG",0,-0.249,"pancreas_seeds","Mural / pericyte -> Immune","ls_nmf","membrane",2
"PDGFRB",339.5,0.784,"pancreas_seeds","Mural / pericyte -> Immune","ls_nmf","membrane",2
"CRISPLD2",223.9,0.837,"pancreas_seeds","Mural / pericyte -> Immune","ls_nmf","membrane",2
"TBX3",54.5,0.717,"pancreas_seeds","Mural / pericyte -> Immune","ls_nmf","membrane",2
"HES4",0.1,-0.151,"pancreas_seeds","Mural / pericyte -> Immune","ls_nmf","membrane",2
"TIMP4",34.5,0.794,"pancreas_seeds","Mural / pericyte -> Immune","ls_nmf","membrane",2
"CAVIN1",175.1,0.745,"pancreas_seeds","Mural / pericyte -> Immune","ls_nmf","membrane",2
"ACTG2",6.7,-0.117,"pancreas_seeds","Mural / pericyte -> Immune","ls_nmf","membrane",2
"ADH4",3,0.8,"pancreas_seeds","Mural / pericyte -> Immune","ls_nmf","membrane",2
"LGI4",5.4,0.347,"pancreas_seeds","Mural / pericyte -> Immune","ls_nmf","membrane",2
"GPX2",75.7,0.312,"pancreas_seeds","Ductal/tumor epithelial -> Endothelial","invsqrt_kl","membrane",2
"TMC5",122.2,0.559,"pancreas_seeds","Ductal/tumor epithelial -> Endothelial","invsqrt_kl","membrane",2
"SERPINB3",9.6,0,"pancreas_seeds","Ductal/tumor epithelial -> Endothelial","invsqrt_kl","membrane",2
"COL17A1",0,NA,"pancreas_seeds","Ductal/tumor epithelial -> Endothelial","invsqrt_kl","membrane",2
"CAPN8",2.6,0,"pancreas_seeds","Ductal/tumor epithelial -> Endothelial","invsqrt_kl","membrane",2
"DMBT1",15.6,0,"pancreas_seeds","Ductal/tumor epithelial -> Endothelial","invsqrt_kl","membrane",2
"GPRC5A",0,0,"pancreas_seeds","Ductal/tumor epithelial -> Endothelial","invsqrt_kl","membrane",2
"EPCAM",539.4,0.91,"pancreas_seeds","Ductal/tumor epithelial -> Endothelial","invsqrt_kl","membrane",2
"EHF",253.7,0.947,"pancreas_seeds","Ductal/tumor epithelial -> Endothelial","invsqrt_kl","membrane",2
"CXCL6",491.2,1,"pancreas_seeds","Ductal/tumor epithelial -> Endothelial","invsqrt_kl","membrane",2
"KRT7",89.5,0.916,"pancreas_seeds","Ductal/tumor epithelial -> Endothelial","invsqrt_kl","membrane",2
"FOXJ1",0,1,"pancreas_seeds","Ductal/tumor epithelial -> Endothelial","invsqrt_kl","membrane",2
"LIF",27.8,0.034,"pancreas_seeds","Ductal/tumor epithelial -> Endothelial","invsqrt_kl","membrane",2
"SERPINB2",9.1,0,"pancreas_seeds","Ductal/tumor epithelial -> Endothelial","invsqrt_kl","membrane",2
"C15orf48",42.4,0.024,"pancreas_seeds","Ductal/tumor epithelial -> Endothelial","invsqrt_kl","membrane",2
"PPP1R1B",336.8,0.997,"pancreas_seeds","Ductal/tumor epithelial -> Endothelial","invsqrt_kl","membrane",2
"BAMBI",31.6,0.825,"pancreas_seeds","Ductal/tumor epithelial -> Endothelial","invsqrt_kl","membrane",2
"CFB",625.4,0.94,"pancreas_seeds","Ductal/tumor epithelial -> Endothelial","invsqrt_kl","membrane",2
"LGR5",1.5,0,"pancreas_seeds","Ductal/tumor epithelial -> Endothelial","invsqrt_kl","membrane",2
"FOXA1",0,0,"pancreas_seeds","Ductal/tumor epithelial -> Endothelial","invsqrt_kl","membrane",2
"SERPINB3",96.4,0.01,"pancreas_seeds","Ductal/tumor epithelial -> Exocrine epithelial","invsqrt_kl","membrane",2
"COL17A1",63,0,"pancreas_seeds","Ductal/tumor epithelial -> Exocrine epithelial","invsqrt_kl","membrane",2
"GPRC5A",29.8,0.018,"pancreas_seeds","Ductal/tumor epithelial -> Exocrine epithelial","invsqrt_kl","membrane",2
"CAPN8",125.4,0.016,"pancreas_seeds","Ductal/tumor epithelial -> Exocrine epithelial","invsqrt_kl","membrane",2
"DMBT1",255,0.004,"pancreas_seeds","Ductal/tumor epithelial -> Exocrine epithelial","invsqrt_kl","membrane",2
"MALL",154.8,0.085,"pancreas_seeds","Ductal/tumor epithelial -> Exocrine epithelial","invsqrt_kl","membrane",2
"TMC5",2078.2,0.834,"pancreas_seeds","Ductal/tumor epithelial -> Exocrine epithelial","invsqrt_kl","membrane",2
"GPX2",1424,0.75,"pancreas_seeds","Ductal/tumor epithelial -> Exocrine epithelial","invsqrt_kl","membrane",2
"LIF",144.9,0.027,"pancreas_seeds","Ductal/tumor epithelial -> Exocrine epithelial","invsqrt_kl","membrane",2
"MKI67",78.6,-0.073,"pancreas_seeds","Ductal/tumor epithelial -> Exocrine epithelial","invsqrt_kl","membrane",2
"FHL2",117.2,0.471,"pancreas_seeds","Ductal/tumor epithelial -> Exocrine epithelial","invsqrt_kl","membrane",2
"FOXJ1",0,NA,"pancreas_seeds","Ductal/tumor epithelial -> Exocrine epithelial","invsqrt_kl","membrane",2
"UBE2C",0,NA,"pancreas_seeds","Ductal/tumor epithelial -> Exocrine epithelial","invsqrt_kl","membrane",2
"CCNB2",51.3,0.058,"pancreas_seeds","Ductal/tumor epithelial -> Exocrine epithelial","invsqrt_kl","membrane",2
"SERPINB2",101.2,0.02,"pancreas_seeds","Ductal/tumor epithelial -> Exocrine epithelial","invsqrt_kl","membrane",2
"CENPF",99.6,0,"pancreas_seeds","Ductal/tumor epithelial -> Exocrine epithelial","invsqrt_kl","membrane",2
"FOXA1",0,NA,"pancreas_seeds","Ductal/tumor epithelial -> Exocrine epithelial","invsqrt_kl","membrane",2
"LGR5",8.3,0.147,"pancreas_seeds","Ductal/tumor epithelial -> Exocrine epithelial","invsqrt_kl","membrane",2
"CDK1",144.3,0.055,"pancreas_seeds","Ductal/tumor epithelial -> Exocrine epithelial","invsqrt_kl","membrane",2
"CXCL6",5252.3,0.999,"pancreas_seeds","Ductal/tumor epithelial -> Exocrine epithelial","invsqrt_kl","membrane",2
"GPX2",733,0.108,"pancreas_seeds","Ductal/tumor epithelial -> Fibroblast / CAF","invsqrt_kl","membrane",2
"TMC5",650.9,0.261,"pancreas_seeds","Ductal/tumor epithelial -> Fibroblast / CAF","invsqrt_kl","membrane",2
"COL17A1",178.6,0,"pancreas_seeds","Ductal/tumor epithelial -> Fibroblast / CAF","invsqrt_kl","membrane",2
"EPCAM",2659,0.312,"pancreas_seeds","Ductal/tumor epithelial -> Fibroblast / CAF","invsqrt_kl","membrane",2
"DMBT1",194.4,0,"pancreas_seeds","Ductal/tumor epithelial -> Fibroblast / CAF","invsqrt_kl","membrane",2
"CAPN8",167.2,0,"pancreas_seeds","Ductal/tumor epithelial -> Fibroblast / CAF","invsqrt_kl","membrane",2
"EHF",974.8,0.618,"pancreas_seeds","Ductal/tumor epithelial -> Fibroblast / CAF","invsqrt_kl","membrane",2
"SERPINB3",897.5,-0.001,"pancreas_seeds","Ductal/tumor epithelial -> Fibroblast / CAF","invsqrt_kl","membrane",2
"GPRC5A",2341.6,0,"pancreas_seeds","Ductal/tumor epithelial -> Fibroblast / CAF","invsqrt_kl","membrane",2
"MET",556.3,0.225,"pancreas_seeds","Ductal/tumor epithelial -> Fibroblast / CAF","invsqrt_kl","membrane",2
"ARFGEF3",201.9,0.255,"pancreas_seeds","Ductal/tumor epithelial -> Fibroblast / CAF","invsqrt_kl","membrane",2
"FOXJ1",62,0,"pancreas_seeds","Ductal/tumor epithelial -> Fibroblast / CAF","invsqrt_kl","membrane",2
"FOXA1",25.6,0,"pancreas_seeds","Ductal/tumor epithelial -> Fibroblast / CAF","invsqrt_kl","membrane",2
"PPP1R1B",693.6,0.987,"pancreas_seeds","Ductal/tumor epithelial -> Fibroblast / CAF","invsqrt_kl","membrane",2
"MALL",1229.9,-0.015,"pancreas_seeds","Ductal/tumor epithelial -> Fibroblast / CAF","invsqrt_kl","membrane",2
"CXCL6",1658.2,0.995,"pancreas_seeds","Ductal/tumor epithelial -> Fibroblast / CAF","invsqrt_kl","membrane",2
"SERPINB2",94.9,0,"pancreas_seeds","Ductal/tumor epithelial -> Fibroblast / CAF","invsqrt_kl","membrane",2
"UBE2C",223.1,-0.007,"pancreas_seeds","Ductal/tumor epithelial -> Fibroblast / CAF","invsqrt_kl","membrane",2
"KRT7",332.6,0.533,"pancreas_seeds","Ductal/tumor epithelial -> Fibroblast / CAF","invsqrt_kl","membrane",2
"BAMBI",434.4,0.185,"pancreas_seeds","Ductal/tumor epithelial -> Fibroblast / CAF","invsqrt_kl","membrane",2
"GPX2",474.6,0.219,"pancreas_seeds","Ductal/tumor epithelial -> Immune","invsqrt_kl","membrane",2
"COL17A1",82.9,0,"pancreas_seeds","Ductal/tumor epithelial -> Immune","invsqrt_kl","membrane",2
"EPCAM",1035.5,0.728,"pancreas_seeds","Ductal/tumor epithelial -> Immune","invsqrt_kl","membrane",2
"TMC5",406.1,0.343,"pancreas_seeds","Ductal/tumor epithelial -> Immune","invsqrt_kl","membrane",2
"GPRC5A",793.4,0,"pancreas_seeds","Ductal/tumor epithelial -> Immune","invsqrt_kl","membrane",2
"SERPINB3",248.3,0,"pancreas_seeds","Ductal/tumor epithelial -> Immune","invsqrt_kl","membrane",2
"DMBT1",135.4,0,"pancreas_seeds","Ductal/tumor epithelial -> Immune","invsqrt_kl","membrane",2
"CAPN8",79.9,0,"pancreas_seeds","Ductal/tumor epithelial -> Immune","invsqrt_kl","membrane",2
"FOXA1",8.3,0,"pancreas_seeds","Ductal/tumor epithelial -> Immune","invsqrt_kl","membrane",2
"MET",295.5,0.547,"pancreas_seeds","Ductal/tumor epithelial -> Immune","invsqrt_kl","membrane",2
"MALL",382.7,-0.024,"pancreas_seeds","Ductal/tumor epithelial -> Immune","invsqrt_kl","membrane",2
"FOXJ1",30.3,0,"pancreas_seeds","Ductal/tumor epithelial -> Immune","invsqrt_kl","membrane",2
"ARFGEF3",134.1,0.519,"pancreas_seeds","Ductal/tumor epithelial -> Immune","invsqrt_kl","membrane",2
"EHF",557.6,0.712,"pancreas_seeds","Ductal/tumor epithelial -> Immune","invsqrt_kl","membrane",2
"CXCL6",1333.9,0.999,"pancreas_seeds","Ductal/tumor epithelial -> Immune","invsqrt_kl","membrane",2
"PPP1R1B",532.8,0.97,"pancreas_seeds","Ductal/tumor epithelial -> Immune","invsqrt_kl","membrane",2
"KRT7",316.3,0.802,"pancreas_seeds","Ductal/tumor epithelial -> Immune","invsqrt_kl","membrane",2
"CFB",1381.7,0.803,"pancreas_seeds","Ductal/tumor epithelial -> Immune","invsqrt_kl","membrane",2
"BAMBI",139.5,0.24,"pancreas_seeds","Ductal/tumor epithelial -> Immune","invsqrt_kl","membrane",2
"ERBB2",108.3,0.986,"pancreas_seeds","Ductal/tumor epithelial -> Immune","invsqrt_kl","membrane",2
"GPX2",20.8,0.187,"pancreas_seeds","Ductal/tumor epithelial -> Mural / pericyte","invsqrt_kl","membrane",2
"EHF",20.3,0.919,"pancreas_seeds","Ductal/tumor epithelial -> Mural / pericyte","invsqrt_kl","membrane",2
"EPCAM",43.2,0.237,"pancreas_seeds","Ductal/tumor epithelial -> Mural / pericyte","invsqrt_kl","membrane",2
"COL17A1",7.4,0,"pancreas_seeds","Ductal/tumor epithelial -> Mural / pericyte","invsqrt_kl","membrane",2
"SERPINB3",19.5,0,"pancreas_seeds","Ductal/tumor epithelial -> Mural / pericyte","invsqrt_kl","membrane",2
"TMC5",21.4,0.15,"pancreas_seeds","Ductal/tumor epithelial -> Mural / pericyte","invsqrt_kl","membrane",2
"DMBT1",5.3,0,"pancreas_seeds","Ductal/tumor epithelial -> Mural / pericyte","invsqrt_kl","membrane",2
"CXCL6",71.4,1,"pancreas_seeds","Ductal/tumor epithelial -> Mural / pericyte","invsqrt_kl","membrane",2
"GPRC5A",52.8,0,"pancreas_seeds","Ductal/tumor epithelial -> Mural / pericyte","invsqrt_kl","membrane",2
"ARFGEF3",4.1,-0.145,"pancreas_seeds","Ductal/tumor epithelial -> Mural / pericyte","invsqrt_kl","membrane",2
"CAPN8",9,0,"pancreas_seeds","Ductal/tumor epithelial -> Mural / pericyte","invsqrt_kl","membrane",2
"KRT7",20.6,0.63,"pancreas_seeds","Ductal/tumor epithelial -> Mural / pericyte","invsqrt_kl","membrane",2
"MET",22.5,-0.077,"pancreas_seeds","Ductal/tumor epithelial -> Mural / pericyte","invsqrt_kl","membrane",2
"C15orf48",32.5,0,"pancreas_seeds","Ductal/tumor epithelial -> Mural / pericyte","invsqrt_kl","membrane",2
"MALL",27.1,0.105,"pancreas_seeds","Ductal/tumor epithelial -> Mural / pericyte","invsqrt_kl","membrane",2
"FOXJ1",1.1,0,"pancreas_seeds","Ductal/tumor epithelial -> Mural / pericyte","invsqrt_kl","membrane",2
"SERPINB2",5.9,0,"pancreas_seeds","Ductal/tumor epithelial -> Mural / pericyte","invsqrt_kl","membrane",2
"MKI67",12.5,0,"pancreas_seeds","Ductal/tumor epithelial -> Mural / pericyte","invsqrt_kl","membrane",2
"PPP1R1B",9,1,"pancreas_seeds","Ductal/tumor epithelial -> Mural / pericyte","invsqrt_kl","membrane",2
"UBE2C",6.9,0,"pancreas_seeds","Ductal/tumor epithelial -> Mural / pericyte","invsqrt_kl","membrane",2
"INS",540.8,0.996,"pancreas_seeds","Endocrine -> Ductal/tumor epithelial","invsqrt_kl","membrane",2
"SST",212.1,0.996,"pancreas_seeds","Endocrine -> Ductal/tumor epithelial","invsqrt_kl","membrane",2
"GCG",867.1,0.999,"pancreas_seeds","Endocrine -> Ductal/tumor epithelial","invsqrt_kl","membrane",2
"CHGA",49.7,1,"pancreas_seeds","Endocrine -> Ductal/tumor epithelial","invsqrt_kl","membrane",2
"PCSK2",42.2,0.978,"pancreas_seeds","Endocrine -> Ductal/tumor epithelial","invsqrt_kl","membrane",2
"SCGN",79.8,0.989,"pancreas_seeds","Endocrine -> Ductal/tumor epithelial","invsqrt_kl","membrane",2
"HEPACAM2",13.8,0.942,"pancreas_seeds","Endocrine -> Ductal/tumor epithelial","invsqrt_kl","membrane",2
"PPY",43,1,"pancreas_seeds","Endocrine -> Ductal/tumor epithelial","invsqrt_kl","membrane",2
"GHRL",32.2,1,"pancreas_seeds","Endocrine -> Ductal/tumor epithelial","invsqrt_kl","membrane",2
"PPP1R1A",12.8,1,"pancreas_seeds","Endocrine -> Ductal/tumor epithelial","invsqrt_kl","membrane",2
"PCP4",21.8,1,"pancreas_seeds","Endocrine -> Ductal/tumor epithelial","invsqrt_kl","membrane",2
"MMRN1",11.5,1,"pancreas_seeds","Endocrine -> Ductal/tumor epithelial","invsqrt_kl","membrane",2
"SLC18A2",4.8,1,"pancreas_seeds","Endocrine -> Ductal/tumor epithelial","invsqrt_kl","membrane",2
"PRG4",5.5,-0.003,"pancreas_seeds","Endocrine -> Ductal/tumor epithelial","invsqrt_kl","membrane",2
"SCGB2A1",28.1,1,"pancreas_seeds","Endocrine -> Ductal/tumor epithelial","invsqrt_kl","membrane",2
"TENT5C",9.6,1,"pancreas_seeds","Endocrine -> Ductal/tumor epithelial","invsqrt_kl","membrane",2
"KCNMA1",0,-3.761,"pancreas_seeds","Endocrine -> Ductal/tumor epithelial","invsqrt_kl","membrane",2
"PGR",2.7,1,"pancreas_seeds","Endocrine -> Ductal/tumor epithelial","invsqrt_kl","membrane",2
"TM4SF4",140.2,0.162,"pancreas_seeds","Endocrine -> Ductal/tumor epithelial","invsqrt_kl","membrane",2
"ESR1",0,NA,"pancreas_seeds","Endocrine -> Ductal/tumor epithelial","invsqrt_kl","membrane",2
"INS",1266.8,1,"pancreas_seeds","Endocrine -> Endothelial","invsqrt_kl","membrane",2
"GCG",1230,1,"pancreas_seeds","Endocrine -> Endothelial","invsqrt_kl","membrane",2
"SST",512,1,"pancreas_seeds","Endocrine -> Endothelial","invsqrt_kl","membrane",2
"CHGA",85.5,1,"pancreas_seeds","Endocrine -> Endothelial","invsqrt_kl","membrane",2
"PCSK2",63.2,0.984,"pancreas_seeds","Endocrine -> Endothelial","invsqrt_kl","membrane",2
"SCGN",209.5,1,"pancreas_seeds","Endocrine -> Endothelial","invsqrt_kl","membrane",2
"PPY",64.4,0.985,"pancreas_seeds","Endocrine -> Endothelial","invsqrt_kl","membrane",2
"HEPACAM2",29.7,1,"pancreas_seeds","Endocrine -> Endothelial","invsqrt_kl","membrane",2
"PPP1R1A",33.4,1,"pancreas_seeds","Endocrine -> Endothelial","invsqrt_kl","membrane",2
"PCP4",24.9,0.942,"pancreas_seeds","Endocrine -> Endothelial","invsqrt_kl","membrane",2
"GHRL",29.6,1,"pancreas_seeds","Endocrine -> Endothelial","invsqrt_kl","membrane",2
"SCGB2A1",20.4,0.659,"pancreas_seeds","Endocrine -> Endothelial","invsqrt_kl","membrane",2
"TM4SF4",44,1,"pancreas_seeds","Endocrine -> Endothelial","invsqrt_kl","membrane",2
"SLC18A2",2.8,0.883,"pancreas_seeds","Endocrine -> Endothelial","invsqrt_kl","membrane",2
"KCNMA1",20.3,1,"pancreas_seeds","Endocrine -> Endothelial","invsqrt_kl","membrane",2
"TENT5C",14.6,1,"pancreas_seeds","Endocrine -> Endothelial","invsqrt_kl","membrane",2
"PRG4",8.6,0,"pancreas_seeds","Endocrine -> Endothelial","invsqrt_kl","membrane",2
"PGR",3,1,"pancreas_seeds","Endocrine -> Endothelial","invsqrt_kl","membrane",2
"FXYD2",13.7,1,"pancreas_seeds","Endocrine -> Endothelial","invsqrt_kl","membrane",2
"HEMGN",1.5,1,"pancreas_seeds","Endocrine -> Endothelial","invsqrt_kl","membrane",2
"INS",1974,0.997,"pancreas_seeds","Endocrine -> Exocrine epithelial","invsqrt_kl","membrane",2
"GCG",1673.9,0.998,"pancreas_seeds","Endocrine -> Exocrine epithelial","invsqrt_kl","membrane",2
"CHGA",118.8,0.993,"pancreas_seeds","Endocrine -> Exocrine epithelial","invsqrt_kl","membrane",2
"PCSK2",75.8,0.975,"pancreas_seeds","Endocrine -> Exocrine epithelial","invsqrt_kl","membrane",2
"SST",689,0.994,"pancreas_seeds","Endocrine -> Exocrine epithelial","invsqrt_kl","membrane",2
"PPY",79.5,0.988,"pancreas_seeds","Endocrine -> Exocrine epithelial","invsqrt_kl","membrane",2
"SCGN",213.5,1,"pancreas_seeds","Endocrine -> Exocrine epithelial","invsqrt_kl","membrane",2
"MMRN1",29.4,0.971,"pancreas_seeds","Endocrine -> Exocrine epithelial","invsqrt_kl","membrane",2
"HEPACAM2",35.8,0.99,"pancreas_seeds","Endocrine -> Exocrine epithelial","invsqrt_kl","membrane",2
"GHRL",94.6,1,"pancreas_seeds","Endocrine -> Exocrine epithelial","invsqrt_kl","membrane",2
"PCP4",22.1,1,"pancreas_seeds","Endocrine -> Exocrine epithelial","invsqrt_kl","membrane",2
"PPP1R1A",58.2,0.97,"pancreas_seeds","Endocrine -> Exocrine epithelial","invsqrt_kl","membrane",2
"SCGB2A1",14,1,"pancreas_seeds","Endocrine -> Exocrine epithelial","invsqrt_kl","membrane",2
"PRG4",2.6,-0.007,"pancreas_seeds","Endocrine -> Exocrine epithelial","invsqrt_kl","membrane",2
"SLC18A2",0,1,"pancreas_seeds","Endocrine -> Exocrine epithelial","invsqrt_kl","membrane",2
"TM4SF4",53.2,0.973,"pancreas_seeds","Endocrine -> Exocrine epithelial","invsqrt_kl","membrane",2
"PGR",12.7,1,"pancreas_seeds","Endocrine -> Exocrine epithelial","invsqrt_kl","membrane",2
"KCNMA1",17.8,1,"pancreas_seeds","Endocrine -> Exocrine epithelial","invsqrt_kl","membrane",2
"SNCA",0,1,"pancreas_seeds","Endocrine -> Exocrine epithelial","invsqrt_kl","membrane",2
"ESR1",0,-1.693,"pancreas_seeds","Endocrine -> Exocrine epithelial","invsqrt_kl","membrane",2
"INS",479.7,1,"pancreas_seeds","Endocrine -> Fibroblast / CAF","invsqrt_kl","membrane",2
"SST",204.1,1,"pancreas_seeds","Endocrine -> Fibroblast / CAF","invsqrt_kl","membrane",2
"GCG",1154.5,0.999,"pancreas_seeds","Endocrine -> Fibroblast / CAF","invsqrt_kl","membrane",2
"CHGA",43.2,1,"pancreas_seeds","Endocrine -> Fibroblast / CAF","invsqrt_kl","membrane",2
"SCGN",142.5,0.993,"pancreas_seeds","Endocrine -> Fibroblast / CAF","invsqrt_kl","membrane",2
"PCSK2",64.4,1,"pancreas_seeds","Endocrine -> Fibroblast / CAF","invsqrt_kl","membrane",2
"PPY",45.7,1,"pancreas_seeds","Endocrine -> Fibroblast / CAF","invsqrt_kl","membrane",2
"PPP1R1A",17.3,0.951,"pancreas_seeds","Endocrine -> Fibroblast / CAF","invsqrt_kl","membrane",2
"HEPACAM2",17.2,0.946,"pancreas_seeds","Endocrine -> Fibroblast / CAF","invsqrt_kl","membrane",2
"SCGB2A1",25,1,"pancreas_seeds","Endocrine -> Fibroblast / CAF","invsqrt_kl","membrane",2
"TM4SF4",62.2,1,"pancreas_seeds","Endocrine -> Fibroblast / CAF","invsqrt_kl","membrane",2
"GHRL",25.5,1,"pancreas_seeds","Endocrine -> Fibroblast / CAF","invsqrt_kl","membrane",2
"PCP4",9.6,1,"pancreas_seeds","Endocrine -> Fibroblast / CAF","invsqrt_kl","membrane",2
"MMRN1",5.9,1,"pancreas_seeds","Endocrine -> Fibroblast / CAF","invsqrt_kl","membrane",2
"SLC18A2",4.4,1,"pancreas_seeds","Endocrine -> Fibroblast / CAF","invsqrt_kl","membrane",2
"FXYD2",32.5,1,"pancreas_seeds","Endocrine -> Fibroblast / CAF","invsqrt_kl","membrane",2
"TENT5C",14.8,1,"pancreas_seeds","Endocrine -> Fibroblast / CAF","invsqrt_kl","membrane",2
"KCNMA1",0,0.896,"pancreas_seeds","Endocrine -> Fibroblast / CAF","invsqrt_kl","membrane",2
"VWA5A",13.8,1,"pancreas_seeds","Endocrine -> Fibroblast / CAF","invsqrt_kl","membrane",2
"SNCA",0.6,1,"pancreas_seeds","Endocrine -> Fibroblast / CAF","invsqrt_kl","membrane",2
"INS",217.3,1,"pancreas_seeds","Endocrine -> Immune","invsqrt_kl","membrane",2
"GCG",402.5,1,"pancreas_seeds","Endocrine -> Immune","invsqrt_kl","membrane",2
"SST",134.2,1,"pancreas_seeds","Endocrine -> Immune","invsqrt_kl","membrane",2
"CHGA",23.6,1,"pancreas_seeds","Endocrine -> Immune","invsqrt_kl","membrane",2
"SCGN",64,1,"pancreas_seeds","Endocrine -> Immune","invsqrt_kl","membrane",2
"PCSK2",18.7,1,"pancreas_seeds","Endocrine -> Immune","invsqrt_kl","membrane",2
"PPY",14.6,1,"pancreas_seeds","Endocrine -> Immune","invsqrt_kl","membrane",2
"PPP1R1A",4.2,1,"pancreas_seeds","Endocrine -> Immune","invsqrt_kl","membrane",2
"HEPACAM2",6.9,1,"pancreas_seeds","Endocrine -> Immune","invsqrt_kl","membrane",2
"SCGB2A1",8,1,"pancreas_seeds","Endocrine -> Immune","invsqrt_kl","membrane",2
"TM4SF4",19.6,1,"pancreas_seeds","Endocrine -> Immune","invsqrt_kl","membrane",2
"GHRL",9.5,1,"pancreas_seeds","Endocrine -> Immune","invsqrt_kl","membrane",2
"PCP4",5.8,0.533,"pancreas_seeds","Endocrine -> Immune","invsqrt_kl","membrane",2
"MMRN1",0,NA,"pancreas_seeds","Endocrine -> Immune","invsqrt_kl","membrane",2
"SLC18A2",2.3,1,"pancreas_seeds","Endocrine -> Immune","invsqrt_kl","membrane",2
"PRG4",6.1,0,"pancreas_seeds","Endocrine -> Immune","invsqrt_kl","membrane",2
"FXYD2",20.8,1,"pancreas_seeds","Endocrine -> Immune","invsqrt_kl","membrane",2
"PGR",4.9,0.179,"pancreas_seeds","Endocrine -> Immune","invsqrt_kl","membrane",2
"TENT5C",0,NA,"pancreas_seeds","Endocrine -> Immune","invsqrt_kl","membrane",2
"VWA5A",0.6,0.721,"pancreas_seeds","Endocrine -> Immune","invsqrt_kl","membrane",2
"PECAM1",783.7,0.995,"pancreas_seeds","Endothelial -> Ductal/tumor epithelial","invsqrt_kl","membrane",2
"ADGRL4",248,0.999,"pancreas_seeds","Endothelial -> Ductal/tumor epithelial","invsqrt_kl","membrane",2
"CD93",626,0.995,"pancreas_seeds","Endothelial -> Ductal/tumor epithelial","invsqrt_kl","membrane",2
"CLEC14A",128.7,1,"pancreas_seeds","Endothelial -> Ductal/tumor epithelial","invsqrt_kl","membrane",2
"VWF",112.7,1,"pancreas_seeds","Endothelial -> Ductal/tumor epithelial","invsqrt_kl","membrane",2
"CD34",422,0.993,"pancreas_seeds","Endothelial -> Ductal/tumor epithelial","invsqrt_kl","membrane",2
"ECSCR",67.5,0.999,"pancreas_seeds","Endothelial -> Ductal/tumor epithelial","invsqrt_kl","membrane",2
"ACKR1",39.5,0.957,"pancreas_seeds","Endothelial -> Ductal/tumor epithelial","invsqrt_kl","membrane",2
"EDNRB",73,0.041,"pancreas_seeds","Endothelial -> Ductal/tumor epithelial","invsqrt_kl","membrane",2
"SOX17",67.5,0.99,"pancreas_seeds","Endothelial -> Ductal/tumor epithelial","invsqrt_kl","membrane",2
"STC1",357.7,1,"pancreas_seeds","Endothelial -> Ductal/tumor epithelial","invsqrt_kl","membrane",2
"APOLD1",146.7,1,"pancreas_seeds","Endothelial -> Ductal/tumor epithelial","invsqrt_kl","membrane",2
"RAMP2",12.5,0.037,"pancreas_seeds","Endothelial -> Ductal/tumor epithelial","invsqrt_kl","membrane",2
"TCF4",106.2,0.997,"pancreas_seeds","Endothelial -> Ductal/tumor epithelial","invsqrt_kl","membrane",2
"CAVIN2",101.2,0.976,"pancreas_seeds","Endothelial -> Ductal/tumor epithelial","invsqrt_kl","membrane",2
"IL3RA",0,1,"pancreas_seeds","Endothelial -> Ductal/tumor epithelial","invsqrt_kl","membrane",2
"SELE",5,1,"pancreas_seeds","Endothelial -> Ductal/tumor epithelial","invsqrt_kl","membrane",2
"GNG11",799,0.108,"pancreas_seeds","Endothelial -> Ductal/tumor epithelial","invsqrt_kl","membrane",2
"ANGPT2",0,0.951,"pancreas_seeds","Endothelial -> Ductal/tumor epithelial","invsqrt_kl","membrane",2
"ERG",23.2,0.987,"pancreas_seeds","Endothelial -> Ductal/tumor epithelial","invsqrt_kl","membrane",2
"PECAM1",88.2,1,"pancreas_seeds","Endothelial -> Endocrine","invsqrt_kl","membrane",2
"CLEC14A",10,1,"pancreas_seeds","Endothelial -> Endocrine","invsqrt_kl","membrane",2
"VWF",8.6,1,"pancreas_seeds","Endothelial -> Endocrine","invsqrt_kl","membrane",2
"ACKR1",0.6,0.568,"pancreas_seeds","Endothelial -> Endocrine","invsqrt_kl","membrane",2
"IL3RA",18.7,0.98,"pancreas_seeds","Endothelial -> Endocrine","invsqrt_kl","membrane",2
"CD93",44.8,0.933,"pancreas_seeds","Endothelial -> Endocrine","invsqrt_kl","membrane",2
"ADGRL4",37.3,0.963,"pancreas_seeds","Endothelial -> Endocrine","invsqrt_kl","membrane",2
"STC1",47.2,1,"pancreas_seeds","Endothelial -> Endocrine","invsqrt_kl","membrane",2
"ECSCR",17.6,1,"pancreas_seeds","Endothelial -> Endocrine","invsqrt_kl","membrane",2
"SOX17",19.3,1,"pancreas_seeds","Endothelial -> Endocrine","invsqrt_kl","membrane",2
"CD34",41.5,0.967,"pancreas_seeds","Endothelial -> Endocrine","invsqrt_kl","membrane",2
"RAPGEF3",6.4,1,"pancreas_seeds","Endothelial -> Endocrine","invsqrt_kl","membrane",2
"APOLD1",76,0.985,"pancreas_seeds","Endothelial -> Endocrine","invsqrt_kl","membrane",2
"SH2D3C",15.4,0,"pancreas_seeds","Endothelial -> Endocrine","invsqrt_kl","membrane",2
"GNG11",22.9,1,"pancreas_seeds","Endothelial -> Endocrine","invsqrt_kl","membrane",2
"RAMP2",1.7,0,"pancreas_seeds","Endothelial -> Endocrine","invsqrt_kl","membrane",2
"ERG",2.2,1,"pancreas_seeds","Endothelial -> Endocrine","invsqrt_kl","membrane",2
"MMRN2",28.4,0.891,"pancreas_seeds","Endothelial -> Endocrine","invsqrt_kl","membrane",2
"TCIM",27.8,0.886,"pancreas_seeds","Endothelial -> Endocrine","invsqrt_kl","membrane",2
"S100A12",20.6,0,"pancreas_seeds","Endothelial -> Endocrine","invsqrt_kl","membrane",2
"VWF",309.1,0.995,"pancreas_seeds","Endothelial -> Exocrine epithelial","invsqrt_kl","membrane",2
"CLEC14A",282.8,0.974,"pancreas_seeds","Endothelial -> Exocrine epithelial","invsqrt_kl","membrane",2
"ADGRL4",451.5,0.984,"pancreas_seeds","Endothelial -> Exocrine epithelial","invsqrt_kl","membrane",2
"PECAM1",1520.5,0.992,"pancreas_seeds","Endothelial -> Exocrine epithelial","invsqrt_kl","membrane",2
"ANGPT2",8.7,0.784,"pancreas_seeds","Endothelial -> Exocrine epithelial","invsqrt_kl","membrane",2
"ACKR1",107,0.957,"pancreas_seeds","Endothelial -> Exocrine epithelial","invsqrt_kl","membrane",2
"ECSCR",195.3,0.989,"pancreas_seeds","Endothelial -> Exocrine epithelial","invsqrt_kl","membrane",2
"CD34",550,0.996,"pancreas_seeds","Endothelial -> Exocrine epithelial","invsqrt_kl","membrane",2
"CD93",827.3,0.99,"pancreas_seeds","Endothelial -> Exocrine epithelial","invsqrt_kl","membrane",2
"STC1",484.6,0.981,"pancreas_seeds","Endothelial -> Exocrine epithelial","invsqrt_kl","membrane",2
"RAMP2",76.7,0.029,"pancreas_seeds","Endothelial -> Exocrine epithelial","invsqrt_kl","membrane",2
"SOX17",238.7,0.994,"pancreas_seeds","Endothelial -> Exocrine epithelial","invsqrt_kl","membrane",2
"EGFL7",19,1,"pancreas_seeds","Endothelial -> Exocrine epithelial","invsqrt_kl","membrane",2
"APOLD1",847.2,0.973,"pancreas_seeds","Endothelial -> Exocrine epithelial","invsqrt_kl","membrane",2
"IL3RA",91,0.992,"pancreas_seeds","Endothelial -> Exocrine epithelial","invsqrt_kl","membrane",2
"SH2D3C",60.5,0.002,"pancreas_seeds","Endothelial -> Exocrine epithelial","invsqrt_kl","membrane",2
"HIGD1B",48.7,0.905,"pancreas_seeds","Endothelial -> Exocrine epithelial","invsqrt_kl","membrane",2
"TCF4",163,0.978,"pancreas_seeds","Endothelial -> Exocrine epithelial","invsqrt_kl","membrane",2
"EDNRB",140.4,-0.005,"pancreas_seeds","Endothelial -> Exocrine epithelial","invsqrt_kl","membrane",2
"SOX18",12.3,0.508,"pancreas_seeds","Endothelial -> Exocrine epithelial","invsqrt_kl","membrane",2
"STC1",425.4,0.987,"pancreas_seeds","Endothelial -> Fibroblast / CAF","invsqrt_kl","membrane",2
"VWF",608.5,0.997,"pancreas_seeds","Endothelial -> Fibroblast / CAF","invsqrt_kl","membrane",2
"ACKR1",153,0.989,"pancreas_seeds","Endothelial -> Fibroblast / CAF","invsqrt_kl","membrane",2
"CLEC14A",314.9,0.98,"pancreas_seeds","Endothelial -> Fibroblast / CAF","invsqrt_kl","membrane",2
"SOX17",101.6,0.984,"pancreas_seeds","Endothelial -> Fibroblast / CAF","invsqrt_kl","membrane",2
"APOLD1",697.2,0.995,"pancreas_seeds","Endothelial -> Fibroblast / CAF","invsqrt_kl","membrane",2
"ECSCR",298.1,1,"pancreas_seeds","Endothelial -> Fibroblast / CAF","invsqrt_kl","membrane",2
"EGFL7",143.7,0.969,"pancreas_seeds","Endothelial -> Fibroblast / CAF","invsqrt_kl","membrane",2
"ADGRL4",561,1,"pancreas_seeds","Endothelial -> Fibroblast / CAF","invsqrt_kl","membrane",2
"RAMP2",119.4,0.051,"pancreas_seeds","Endothelial -> Fibroblast / CAF","invsqrt_kl","membrane",2
"CD93",929.9,0.991,"pancreas_seeds","Endothelial -> Fibroblast / CAF","invsqrt_kl","membrane",2
"PECAM1",1384.2,0.999,"pancreas_seeds","Endothelial -> Fibroblast / CAF","invsqrt_kl","membrane",2
"BTNL9",41,0,"pancreas_seeds","Endothelial -> Fibroblast / CAF","invsqrt_kl","membrane",2
"IL3RA",95.5,0.993,"pancreas_seeds","Endothelial -> Fibroblast / CAF","invsqrt_kl","membrane",2
"MMRN2",228.3,0.975,"pancreas_seeds","Endothelial -> Fibroblast / CAF","invsqrt_kl","membrane",2
"MCF2L",59.6,1,"pancreas_seeds","Endothelial -> Fibroblast / CAF","invsqrt_kl","membrane",2
"CD34",891.2,0.987,"pancreas_seeds","Endothelial -> Fibroblast / CAF","invsqrt_kl","membrane",2
"SELE",8.1,1,"pancreas_seeds","Endothelial -> Fibroblast / CAF","invsqrt_kl","membrane",2
"CAVIN2",109.1,0.989,"pancreas_seeds","Endothelial -> Fibroblast / CAF","invsqrt_kl","membrane",2
"BMX",16.8,0.934,"pancreas_seeds","Endothelial -> Fibroblast / CAF","invsqrt_kl","membrane",2
"CLEC14A",161.7,1,"pancreas_seeds","Endothelial -> Immune","invsqrt_kl","membrane",2
"VWF",312.4,0.995,"pancreas_seeds","Endothelial -> Immune","invsqrt_kl","membrane",2
"STC1",234.3,1,"pancreas_seeds","Endothelial -> Immune","invsqrt_kl","membrane",2
"ADGRL4",319.6,0.992,"pancreas_seeds","Endothelial -> Immune","invsqrt_kl","membrane",2
"RAMP2",61,0.115,"pancreas_seeds","Endothelial -> Immune","invsqrt_kl","membrane",2
"APOLD1",359.2,0.986,"pancreas_seeds","Endothelial -> Immune","invsqrt_kl","membrane",2
"SOX17",38.7,1,"pancreas_seeds","Endothelial -> Immune","invsqrt_kl","membrane",2
"ACKR1",99.7,1,"pancreas_seeds","Endothelial -> Immune","invsqrt_kl","membrane",2
"CD34",328,0.987,"pancreas_seeds","Endothelial -> Immune","invsqrt_kl","membrane",2
"ECSCR",145.1,0.996,"pancreas_seeds","Endothelial -> Immune","invsqrt_kl","membrane",2
"EGFL7",64,1,"pancreas_seeds","Endothelial -> Immune","invsqrt_kl","membrane",2
"MMRN2",105.6,1,"pancreas_seeds","Endothelial -> Immune","invsqrt_kl","membrane",2
"ANGPT2",60.9,0.238,"pancreas_seeds","Endothelial -> Immune","invsqrt_kl","membrane",2
"RAPGEF3",13,0.941,"pancreas_seeds","Endothelial -> Immune","invsqrt_kl","membrane",2
"CAVIN2",38.8,0,"pancreas_seeds","Endothelial -> Immune","invsqrt_kl","membrane",2
"NPDC1",15.2,0.884,"pancreas_seeds","Endothelial -> Immune","invsqrt_kl","membrane",2
"HIGD1B",25.9,1,"pancreas_seeds","Endothelial -> Immune","invsqrt_kl","membrane",2
"BTNL9",0,0,"pancreas_seeds","Endothelial -> Immune","invsqrt_kl","membrane",2
"TCIM",150.3,0.728,"pancreas_seeds","Endothelial -> Immune","invsqrt_kl","membrane",2
"MCF2L",16.8,1,"pancreas_seeds","Endothelial -> Immune","invsqrt_kl","membrane",2
"VWF",51.6,1,"pancreas_seeds","Endothelial -> Mural / pericyte","invsqrt_kl","membrane",2
"STC1",50.8,1,"pancreas_seeds","Endothelial -> Mural / pericyte","invsqrt_kl","membrane",2
"CLEC14A",54.5,0.982,"pancreas_seeds","Endothelial -> Mural / pericyte","invsqrt_kl","membrane",2
"EGFL7",17.4,0.976,"pancreas_seeds","Endothelial -> Mural / pericyte","invsqrt_kl","membrane",2
"PECAM1",163.7,0.988,"pancreas_seeds","Endothelial -> Mural / pericyte","invsqrt_kl","membrane",2
"ADGRL4",56.1,1,"pancreas_seeds","Endothelial -> Mural / pericyte","invsqrt_kl","membrane",2
"ACKR1",12.3,1,"pancreas_seeds","Endothelial -> Mural / pericyte","invsqrt_kl","membrane",2
"ECSCR",42.3,0.976,"pancreas_seeds","Endothelial -> Mural / pericyte","invsqrt_kl","membrane",2
"RAMP2",17.3,0.173,"pancreas_seeds","Endothelial -> Mural / pericyte","invsqrt_kl","membrane",2
"CD34",79.6,0.995,"pancreas_seeds","Endothelial -> Mural / pericyte","invsqrt_kl","membrane",2
"TM4SF18",8.2,0,"pancreas_seeds","Endothelial -> Mural / pericyte","invsqrt_kl","membrane",2
"CD93",121.9,0.998,"pancreas_seeds","Endothelial -> Mural / pericyte","invsqrt_kl","membrane",2
"SOX17",8.3,0.906,"pancreas_seeds","Endothelial -> Mural / pericyte","invsqrt_kl","membrane",2
"NPDC1",16.5,0.339,"pancreas_seeds","Endothelial -> Mural / pericyte","invsqrt_kl","membrane",2
"IL3RA",1.5,0.734,"pancreas_seeds","Endothelial -> Mural / pericyte","invsqrt_kl","membrane",2
"BTNL9",2.1,0,"pancreas_seeds","Endothelial -> Mural / pericyte","invsqrt_kl","membrane",2
"MMRN2",28.7,0.947,"pancreas_seeds","Endothelial -> Mural / pericyte","invsqrt_kl","membrane",2
"TCIM",52.2,0.154,"pancreas_seeds","Endothelial -> Mural / pericyte","invsqrt_kl","membrane",2
"SH2D3C",13.6,0,"pancreas_seeds","Endothelial -> Mural / pericyte","invsqrt_kl","membrane",2
"S100A12",4.4,0,"pancreas_seeds","Endothelial -> Mural / pericyte","invsqrt_kl","membrane",2
"AMY2A",148714.4,0.781,"pancreas_seeds","Exocrine epithelial -> Ductal/tumor epithelial","invsqrt_kl","membrane",2
"AQP8",11323.4,1,"pancreas_seeds","Exocrine epithelial -> Ductal/tumor epithelial","invsqrt_kl","membrane",2
"GATM",61550.5,0.993,"pancreas_seeds","Exocrine epithelial -> Ductal/tumor epithelial","invsqrt_kl","membrane",2
"ANPEP",9594,0.998,"pancreas_seeds","Exocrine epithelial -> Ductal/tumor epithelial","invsqrt_kl","membrane",2
"DPEP1",911.6,1,"pancreas_seeds","Exocrine epithelial -> Ductal/tumor epithelial","invsqrt_kl","membrane",2
"KCNK3",1575.5,0.999,"pancreas_seeds","Exocrine epithelial -> Ductal/tumor epithelial","invsqrt_kl","membrane",2
"KLK11",659.5,0.999,"pancreas_seeds","Exocrine epithelial -> Ductal/tumor epithelial","invsqrt_kl","membrane",2
"CPA3",743.1,1,"pancreas_seeds","Exocrine epithelial -> Ductal/tumor epithelial","invsqrt_kl","membrane",2
"GPC3",962.9,1,"pancreas_seeds","Exocrine epithelial -> Ductal/tumor epithelial","invsqrt_kl","membrane",2
"UMOD",247.7,0.077,"pancreas_seeds","Exocrine epithelial -> Ductal/tumor epithelial","invsqrt_kl","membrane",2
"PROX1",11709.7,0.305,"pancreas_seeds","Exocrine epithelial -> Ductal/tumor epithelial","invsqrt_kl","membrane",2
"PEBP4",65.9,0.061,"pancreas_seeds","Exocrine epithelial -> Ductal/tumor epithelial","invsqrt_kl","membrane",2
"DIRAS3",492.3,0.995,"pancreas_seeds","Exocrine epithelial -> Ductal/tumor epithelial","invsqrt_kl","membrane",2
"HAMP",474.1,0.036,"pancreas_seeds","Exocrine epithelial -> Ductal/tumor epithelial","invsqrt_kl","membrane",2
"CFTR",110866.7,0.236,"pancreas_seeds","Exocrine epithelial -> Ductal/tumor epithelial","invsqrt_kl","membrane",2
"CA4",1681,0.005,"pancreas_seeds","Exocrine epithelial -> Ductal/tumor epithelial","invsqrt_kl","membrane",2
"MLANA",14.9,0,"pancreas_seeds","Exocrine epithelial -> Ductal/tumor epithelial","invsqrt_kl","membrane",2
"FKBP11",477.9,1,"pancreas_seeds","Exocrine epithelial -> Ductal/tumor epithelial","invsqrt_kl","membrane",2
"GLYATL1",51.9,0.973,"pancreas_seeds","Exocrine epithelial -> Ductal/tumor epithelial","invsqrt_kl","membrane",2
"UPK3B",14.7,1,"pancreas_seeds","Exocrine epithelial -> Ductal/tumor epithelial","invsqrt_kl","membrane",2
"KLK11",12.3,1,"pancreas_seeds","Exocrine epithelial -> Endocrine","invsqrt_kl","membrane",2
"ANPEP",111.6,0.995,"pancreas_seeds","Exocrine epithelial -> Endocrine","invsqrt_kl","membrane",2
"AQP8",180.5,1,"pancreas_seeds","Exocrine epithelial -> Endocrine","invsqrt_kl","membrane",2
"GATM",1054.2,1,"pancreas_seeds","Exocrine epithelial -> Endocrine","invsqrt_kl","membrane",2
"MYC",18.8,1,"pancreas_seeds","Exocrine epithelial -> Endocrine","invsqrt_kl","membrane",2
"HAMP",6.4,1,"pancreas_seeds","Exocrine epithelial -> Endocrine","invsqrt_kl","membrane",2
"DPEP1",16.3,1,"pancreas_seeds","Exocrine epithelial -> Endocrine","invsqrt_kl","membrane",2
"UMOD",5.4,0,"pancreas_seeds","Exocrine epithelial -> Endocrine","invsqrt_kl","membrane",2
"AMY2A",3864.7,0.999,"pancreas_seeds","Exocrine epithelial -> Endocrine","invsqrt_kl","membrane",2
"CFTR",686.1,0.997,"pancreas_seeds","Exocrine epithelial -> Endocrine","invsqrt_kl","membrane",2
"COCH",5,0,"pancreas_seeds","Exocrine epithelial -> Endocrine","invsqrt_kl","membrane",2
"GLYATL1",2.1,0,"pancreas_seeds","Exocrine epithelial -> Endocrine","invsqrt_kl","membrane",2
"GPC3",41,1,"pancreas_seeds","Exocrine epithelial -> Endocrine","invsqrt_kl","membrane",2
"FKBP11",47.1,0.924,"pancreas_seeds","Exocrine epithelial -> Endocrine","invsqrt_kl","membrane",2
"CA4",10.1,1,"pancreas_seeds","Exocrine epithelial -> Endocrine","invsqrt_kl","membrane",2
"UPK3B",5.1,0,"pancreas_seeds","Exocrine epithelial -> Endocrine","invsqrt_kl","membrane",2
"RIDA",22.7,0.604,"pancreas_seeds","Exocrine epithelial -> Endocrine","invsqrt_kl","membrane",2
"MLANA",0.1,0,"pancreas_seeds","Exocrine epithelial -> Endocrine","invsqrt_kl","membrane",2
"CPA3",0,1,"pancreas_seeds","Exocrine epithelial -> Endocrine","invsqrt_kl","membrane",2
"SMYD2",4.8,1,"pancreas_seeds","Exocrine epithelial -> Endocrine","invsqrt_kl","membrane",2
"AQP8",1910.5,0.999,"pancreas_seeds","Exocrine epithelial -> Endothelial","invsqrt_kl","membrane",2
"GATM",10092.4,1,"pancreas_seeds","Exocrine epithelial -> Endothelial","invsqrt_kl","membrane",2
"AMY2A",27517.6,1,"pancreas_seeds","Exocrine epithelial -> Endothelial","invsqrt_kl","membrane",2
"KLK11",129.5,1,"pancreas_seeds","Exocrine epithelial -> Endothelial","invsqrt_kl","membrane",2
"ANPEP",1195.7,1,"pancreas_seeds","Exocrine epithelial -> Endothelial","invsqrt_kl","membrane",2
"CFTR",3501.1,1,"pancreas_seeds","Exocrine epithelial -> Endothelial","invsqrt_kl","membrane",2
"DPEP1",125.7,1,"pancreas_seeds","Exocrine epithelial -> Endothelial","invsqrt_kl","membrane",2
"KCNK3",203.5,1,"pancreas_seeds","Exocrine epithelial -> Endothelial","invsqrt_kl","membrane",2
"UMOD",18.9,0,"pancreas_seeds","Exocrine epithelial -> Endothelial","invsqrt_kl","membrane",2
"CA4",123.8,1,"pancreas_seeds","Exocrine epithelial -> Endothelial","invsqrt_kl","membrane",2
"DIRAS3",40.7,1,"pancreas_seeds","Exocrine epithelial -> Endothelial","invsqrt_kl","membrane",2
"PROX1",481.4,1,"pancreas_seeds","Exocrine epithelial -> Endothelial","invsqrt_kl","membrane",2
"FKBP11",361.8,0.994,"pancreas_seeds","Exocrine epithelial -> Endothelial","invsqrt_kl","membrane",2
"PEBP4",15.3,1,"pancreas_seeds","Exocrine epithelial -> Endothelial","invsqrt_kl","membrane",2
"AQP3",74.9,1,"pancreas_seeds","Exocrine epithelial -> Endothelial","invsqrt_kl","membrane",2
"HAMP",78.3,0,"pancreas_seeds","Exocrine epithelial -> Endothelial","invsqrt_kl","membrane",2
"GLYATL1",11.4,0.088,"pancreas_seeds","Exocrine epithelial -> Endothelial","invsqrt_kl","membrane",2
"RIDA",49.3,0.988,"pancreas_seeds","Exocrine epithelial -> Endothelial","invsqrt_kl","membrane",2
"COCH",33.3,0.081,"pancreas_seeds","Exocrine epithelial -> Endothelial","invsqrt_kl","membrane",2
"CPA3",83.3,0.976,"pancreas_seeds","Exocrine epithelial -> Endothelial","invsqrt_kl","membrane",2
"AQP8",1345.4,1,"pancreas_seeds","Exocrine epithelial -> Fibroblast / CAF","invsqrt_kl","membrane",2
"GATM",7976.2,1,"pancreas_seeds","Exocrine epithelial -> Fibroblast / CAF","invsqrt_kl","membrane",2
"AMY2A",21865.4,1,"pancreas_seeds","Exocrine epithelial -> Fibroblast / CAF","invsqrt_kl","membrane",2
"KLK11",76.9,1,"pancreas_seeds","Exocrine epithelial -> Fibroblast / CAF","invsqrt_kl","membrane",2
"CFTR",5032.3,1,"pancreas_seeds","Exocrine epithelial -> Fibroblast / CAF","invsqrt_kl","membrane",2
"ANPEP",859.7,0.999,"pancreas_seeds","Exocrine epithelial -> Fibroblast / CAF","invsqrt_kl","membrane",2
"PROX1",703.3,1,"pancreas_seeds","Exocrine epithelial -> Fibroblast / CAF","invsqrt_kl","membrane",2
"KCNK3",184.4,0.997,"pancreas_seeds","Exocrine epithelial -> Fibroblast / CAF","invsqrt_kl","membrane",2
"UMOD",15.1,0,"pancreas_seeds","Exocrine epithelial -> Fibroblast / CAF","invsqrt_kl","membrane",2
"DIRAS3",42,0.993,"pancreas_seeds","Exocrine epithelial -> Fibroblast / CAF","invsqrt_kl","membrane",2
"CA4",111.3,0.992,"pancreas_seeds","Exocrine epithelial -> Fibroblast / CAF","invsqrt_kl","membrane",2
"HAMP",78.8,0,"pancreas_seeds","Exocrine epithelial -> Fibroblast / CAF","invsqrt_kl","membrane",2
"AQP3",59.6,0.99,"pancreas_seeds","Exocrine epithelial -> Fibroblast / CAF","invsqrt_kl","membrane",2
"RIDA",90.2,1,"pancreas_seeds","Exocrine epithelial -> Fibroblast / CAF","invsqrt_kl","membrane",2
"DPEP1",70.1,0.991,"pancreas_seeds","Exocrine epithelial -> Fibroblast / CAF","invsqrt_kl","membrane",2
"GLYATL1",3,1,"pancreas_seeds","Exocrine epithelial -> Fibroblast / CAF","invsqrt_kl","membrane",2
"FKBP11",206.9,1,"pancreas_seeds","Exocrine epithelial -> Fibroblast / CAF","invsqrt_kl","membrane",2
"MYC",206.1,0.879,"pancreas_seeds","Exocrine epithelial -> Fibroblast / CAF","invsqrt_kl","membrane",2
"COCH",34.4,1,"pancreas_seeds","Exocrine epithelial -> Fibroblast / CAF","invsqrt_kl","membrane",2
"PEBP4",0.3,1,"pancreas_seeds","Exocrine epithelial -> Fibroblast / CAF","invsqrt_kl","membrane",2
"AQP8",1465.3,0.999,"pancreas_seeds","Exocrine epithelial -> Immune","invsqrt_kl","membrane",2
"GATM",9605.1,1,"pancreas_seeds","Exocrine epithelial -> Immune","invsqrt_kl","membrane",2
"AMY2A",27334.7,1,"pancreas_seeds","Exocrine epithelial -> Immune","invsqrt_kl","membrane",2
"CFTR",5611,1,"pancreas_seeds","Exocrine epithelial -> Immune","invsqrt_kl","membrane",2
"KLK11",114.3,1,"pancreas_seeds","Exocrine epithelial -> Immune","invsqrt_kl","membrane",2
"PROX1",709.9,1,"pancreas_seeds","Exocrine epithelial -> Immune","invsqrt_kl","membrane",2
"KCNK3",209.5,1,"pancreas_seeds","Exocrine epithelial -> Immune","invsqrt_kl","membrane",2
"ANPEP",1045.8,1,"pancreas_seeds","Exocrine epithelial -> Immune","invsqrt_kl","membrane",2
"DPEP1",98.6,1,"pancreas_seeds","Exocrine epithelial -> Immune","invsqrt_kl","membrane",2
"UMOD",22.3,0,"pancreas_seeds","Exocrine epithelial -> Immune","invsqrt_kl","membrane",2
"CA4",59.6,1,"pancreas_seeds","Exocrine epithelial -> Immune","invsqrt_kl","membrane",2
"DIRAS3",61.3,1,"pancreas_seeds","Exocrine epithelial -> Immune","invsqrt_kl","membrane",2
"MYC",9.3,1,"pancreas_seeds","Exocrine epithelial -> Immune","invsqrt_kl","membrane",2
"FKBP11",195.7,1,"pancreas_seeds","Exocrine epithelial -> Immune","invsqrt_kl","membrane",2
"GLYATL1",6.9,0,"pancreas_seeds","Exocrine epithelial -> Immune","invsqrt_kl","membrane",2
"RIDA",43.9,1,"pancreas_seeds","Exocrine epithelial -> Immune","invsqrt_kl","membrane",2
"AQP3",15.4,1,"pancreas_seeds","Exocrine epithelial -> Immune","invsqrt_kl","membrane",2
"PEBP4",0,NA,"pancreas_seeds","Exocrine epithelial -> Immune","invsqrt_kl","membrane",2
"COCH",20.4,0.088,"pancreas_seeds","Exocrine epithelial -> Immune","invsqrt_kl","membrane",2
"GPC3",178,0.747,"pancreas_seeds","Exocrine epithelial -> Immune","invsqrt_kl","membrane",2
"AQP8",9.2,1,"pancreas_seeds","Exocrine epithelial -> Mural / pericyte","invsqrt_kl","membrane",2
"GATM",78.3,1,"pancreas_seeds","Exocrine epithelial -> Mural / pericyte","invsqrt_kl","membrane",2
"AMY2A",443.6,1,"pancreas_seeds","Exocrine epithelial -> Mural / pericyte","invsqrt_kl","membrane",2
"CFTR",76.4,1,"pancreas_seeds","Exocrine epithelial -> Mural / pericyte","invsqrt_kl","membrane",2
"ANPEP",16.5,1,"pancreas_seeds","Exocrine epithelial -> Mural / pericyte","invsqrt_kl","membrane",2
"PROX1",7.3,1,"pancreas_seeds","Exocrine epithelial -> Mural / pericyte","invsqrt_kl","membrane",2
"KLK11",0,NA,"pancreas_seeds","Exocrine epithelial -> Mural / pericyte","invsqrt_kl","membrane",2
"DPEP1",2,1,"pancreas_seeds","Exocrine epithelial -> Mural / pericyte","invsqrt_kl","membrane",2
"CA4",2.9,1,"pancreas_seeds","Exocrine epithelial -> Mural / pericyte","invsqrt_kl","membrane",2
"FKBP11",7.3,0.763,"pancreas_seeds","Exocrine epithelial -> Mural / pericyte","invsqrt_kl","membrane",2
"HAMP",0.8,0,"pancreas_seeds","Exocrine epithelial -> Mural / pericyte","invsqrt_kl","membrane",2
"UMOD",0.1,0,"pancreas_seeds","Exocrine epithelial -> Mural / pericyte","invsqrt_kl","membrane",2
"GLYATL1",0,NA,"pancreas_seeds","Exocrine epithelial -> Mural / pericyte","invsqrt_kl","membrane",2
"DIRAS3",0,1,"pancreas_seeds","Exocrine epithelial -> Mural / pericyte","invsqrt_kl","membrane",2
"RIDA",3.7,1,"pancreas_seeds","Exocrine epithelial -> Mural / pericyte","invsqrt_kl","membrane",2
"AQP3",0,NA,"pancreas_seeds","Exocrine epithelial -> Mural / pericyte","invsqrt_kl","membrane",2
"SMYD2",4.3,0.99,"pancreas_seeds","Exocrine epithelial -> Mural / pericyte","invsqrt_kl","membrane",2
"COCH",0.8,1,"pancreas_seeds","Exocrine epithelial -> Mural / pericyte","invsqrt_kl","membrane",2
"UPK3B",1.7,1,"pancreas_seeds","Exocrine epithelial -> Mural / pericyte","invsqrt_kl","membrane",2
"PEBP4",0,NA,"pancreas_seeds","Exocrine epithelial -> Mural / pericyte","invsqrt_kl","membrane",2
"SFRP2",2578.9,0.998,"pancreas_seeds","Fibroblast / CAF -> Ductal/tumor epithelial","invsqrt_kl","membrane",2
"THBS2",2050.8,0.992,"pancreas_seeds","Fibroblast / CAF -> Ductal/tumor epithelial","invsqrt_kl","membrane",2
"COL5A2",2981.2,0.994,"pancreas_seeds","Fibroblast / CAF -> Ductal/tumor epithelial","invsqrt_kl","membrane",2
"SFRP4",1182,1,"pancreas_seeds","Fibroblast / CAF -> Ductal/tumor epithelial","invsqrt_kl","membrane",2
"FBN1",2730.7,0.999,"pancreas_seeds","Fibroblast / CAF -> Ductal/tumor epithelial","invsqrt_kl","membrane",2
"PDGFRA",432.6,0.991,"pancreas_seeds","Fibroblast / CAF -> Ductal/tumor epithelial","invsqrt_kl","membrane",2
"MFAP5",213.3,0.987,"pancreas_seeds","Fibroblast / CAF -> Ductal/tumor epithelial","invsqrt_kl","membrane",2
"ASPN",1313.5,0.992,"pancreas_seeds","Fibroblast / CAF -> Ductal/tumor epithelial","invsqrt_kl","membrane",2
"THY1",1071.3,0.998,"pancreas_seeds","Fibroblast / CAF -> Ductal/tumor epithelial","invsqrt_kl","membrane",2
"C7",285.9,0.996,"pancreas_seeds","Fibroblast / CAF -> Ductal/tumor epithelial","invsqrt_kl","membrane",2
"PTGDS",244.7,0.986,"pancreas_seeds","Fibroblast / CAF -> Ductal/tumor epithelial","invsqrt_kl","membrane",2
"LTBP2",3544,0.981,"pancreas_seeds","Fibroblast / CAF -> Ductal/tumor epithelial","invsqrt_kl","membrane",2
"INMT",448.1,1,"pancreas_seeds","Fibroblast / CAF -> Ductal/tumor epithelial","invsqrt_kl","membrane",2
"PCOLCE",305.9,0.98,"pancreas_seeds","Fibroblast / CAF -> Ductal/tumor epithelial","invsqrt_kl","membrane",2
"PDPN",1051.9,0.997,"pancreas_seeds","Fibroblast / CAF -> Ductal/tumor epithelial","invsqrt_kl","membrane",2
"FBLN1",659.2,1,"pancreas_seeds","Fibroblast / CAF -> Ductal/tumor epithelial","invsqrt_kl","membrane",2
"SRPX",354.6,0.977,"pancreas_seeds","Fibroblast / CAF -> Ductal/tumor epithelial","invsqrt_kl","membrane",2
"CTSK",2273.5,0.394,"pancreas_seeds","Fibroblast / CAF -> Ductal/tumor epithelial","invsqrt_kl","membrane",2
"IGF1",151,0.912,"pancreas_seeds","Fibroblast / CAF -> Ductal/tumor epithelial","invsqrt_kl","membrane",2
"RGS16",206.7,0.985,"pancreas_seeds","Fibroblast / CAF -> Ductal/tumor epithelial","invsqrt_kl","membrane",2
"MFAP5",7.5,0.867,"pancreas_seeds","Fibroblast / CAF -> Endocrine","invsqrt_kl","membrane",2
"THBS2",35.1,0.971,"pancreas_seeds","Fibroblast / CAF -> Endocrine","invsqrt_kl","membrane",2
"VCAN",141.7,0.995,"pancreas_seeds","Fibroblast / CAF -> Endocrine","invsqrt_kl","membrane",2
"COL5A2",81.6,1,"pancreas_seeds","Fibroblast / CAF -> Endocrine","invsqrt_kl","membrane",2
"BASP1",63.5,0.984,"pancreas_seeds","Fibroblast / CAF -> Endocrine","invsqrt_kl","membrane",2
"SEMA3C",58,0.987,"pancreas_seeds","Fibroblast / CAF -> Endocrine","invsqrt_kl","membrane",2
"FBN1",122.2,0.996,"pancreas_seeds","Fibroblast / CAF -> Endocrine","invsqrt_kl","membrane",2
"LTBP2",76.6,1,"pancreas_seeds","Fibroblast / CAF -> Endocrine","invsqrt_kl","membrane",2
"PDGFRA",72.5,0.986,"pancreas_seeds","Fibroblast / CAF -> Endocrine","invsqrt_kl","membrane",2
"SFRP2",171.8,0.991,"pancreas_seeds","Fibroblast / CAF -> Endocrine","invsqrt_kl","membrane",2
"SFRP4",134.6,0.986,"pancreas_seeds","Fibroblast / CAF -> Endocrine","invsqrt_kl","membrane",2
"CTSK",65.1,0.991,"pancreas_seeds","Fibroblast / CAF -> Endocrine","invsqrt_kl","membrane",2
"THY1",53.6,1,"pancreas_seeds","Fibroblast / CAF -> Endocrine","invsqrt_kl","membrane",2
"PTGDS",61.5,1,"pancreas_seeds","Fibroblast / CAF -> Endocrine","invsqrt_kl","membrane",2
"PMP22",45.1,0.978,"pancreas_seeds","Fibroblast / CAF -> Endocrine","invsqrt_kl","membrane",2
"PDPN",28.1,0.606,"pancreas_seeds","Fibroblast / CAF -> Endocrine","invsqrt_kl","membrane",2
"FBLN1",142.7,0.995,"pancreas_seeds","Fibroblast / CAF -> Endocrine","invsqrt_kl","membrane",2
"PCOLCE",17,1,"pancreas_seeds","Fibroblast / CAF -> Endocrine","invsqrt_kl","membrane",2
"ASPN",142.2,0.991,"pancreas_seeds","Fibroblast / CAF -> Endocrine","invsqrt_kl","membrane",2
"INMT",27.6,1,"pancreas_seeds","Fibroblast / CAF -> Endocrine","invsqrt_kl","membrane",2
"THBS2",586,1,"pancreas_seeds","Fibroblast / CAF -> Endothelial","invsqrt_kl","membrane",2
"VCAN",1709,0.966,"pancreas_seeds","Fibroblast / CAF -> Endothelial","invsqrt_kl","membrane",2
"SFRP2",1815.3,0.999,"pancreas_seeds","Fibroblast / CAF -> Endothelial","invsqrt_kl","membrane",2
"MFAP5",68.1,0.985,"pancreas_seeds","Fibroblast / CAF -> Endothelial","invsqrt_kl","membrane",2
"PDPN",460.9,1,"pancreas_seeds","Fibroblast / CAF -> Endothelial","invsqrt_kl","membrane",2
"SEMA3C",230.6,0.779,"pancreas_seeds","Fibroblast / CAF -> Endothelial","invsqrt_kl","membrane",2
"CTSK",942.3,0.993,"pancreas_seeds","Fibroblast / CAF -> Endothelial","invsqrt_kl","membrane",2
"LTBP2",701.8,0.999,"pancreas_seeds","Fibroblast / CAF -> Endothelial","invsqrt_kl","membrane",2
"COL5A2",1779.4,0.999,"pancreas_seeds","Fibroblast / CAF -> Endothelial","invsqrt_kl","membrane",2
"PDGFRA",327.6,0.997,"pancreas_seeds","Fibroblast / CAF -> Endothelial","invsqrt_kl","membrane",2
"SFRP4",589.4,0.992,"pancreas_seeds","Fibroblast / CAF -> Endothelial","invsqrt_kl","membrane",2
"BASP1",534.6,0.987,"pancreas_seeds","Fibroblast / CAF -> Endothelial","invsqrt_kl","membrane",2
"FBLN1",765.1,0.997,"pancreas_seeds","Fibroblast / CAF -> Endothelial","invsqrt_kl","membrane",2
"IGF1",163.8,0.969,"pancreas_seeds","Fibroblast / CAF -> Endothelial","invsqrt_kl","membrane",2
"PTGDS",258.6,1,"pancreas_seeds","Fibroblast / CAF -> Endothelial","invsqrt_kl","membrane",2
"GEM",446.9,1,"pancreas_seeds","Fibroblast / CAF -> Endothelial","invsqrt_kl","membrane",2
"THY1",1575.4,0.773,"pancreas_seeds","Fibroblast / CAF -> Endothelial","invsqrt_kl","membrane",2
"FBN1",2035.1,0.994,"pancreas_seeds","Fibroblast / CAF -> Endothelial","invsqrt_kl","membrane",2
"RGS16",181.3,0.983,"pancreas_seeds","Fibroblast / CAF -> Endothelial","invsqrt_kl","membrane",2
"PCOLCE",339.1,0.997,"pancreas_seeds","Fibroblast / CAF -> Endothelial","invsqrt_kl","membrane",2
"VCAN",1269.4,0.922,"pancreas_seeds","Fibroblast / CAF -> Exocrine epithelial","invsqrt_kl","membrane",2
"THBS2",444.9,1,"pancreas_seeds","Fibroblast / CAF -> Exocrine epithelial","invsqrt_kl","membrane",2
"COL5A2",563.1,0.994,"pancreas_seeds","Fibroblast / CAF -> Exocrine epithelial","invsqrt_kl","membrane",2
"SFRP2",1430,0.998,"pancreas_seeds","Fibroblast / CAF -> Exocrine epithelial","invsqrt_kl","membrane",2
"FBN1",949.3,0.993,"pancreas_seeds","Fibroblast / CAF -> Exocrine epithelial","invsqrt_kl","membrane",2
"MFAP5",72.9,1,"pancreas_seeds","Fibroblast / CAF -> Exocrine epithelial","invsqrt_kl","membrane",2
"CTSK",445.7,0.981,"pancreas_seeds","Fibroblast / CAF -> Exocrine epithelial","invsqrt_kl","membrane",2
"GEM",380.7,0.995,"pancreas_seeds","Fibroblast / CAF -> Exocrine epithelial","invsqrt_kl","membrane",2
"SEMA3C",239.1,0.68,"pancreas_seeds","Fibroblast / CAF -> Exocrine epithelial","invsqrt_kl","membrane",2
"LTBP2",904.2,0.991,"pancreas_seeds","Fibroblast / CAF -> Exocrine epithelial","invsqrt_kl","membrane",2
"BASP1",294.4,0.975,"pancreas_seeds","Fibroblast / CAF -> Exocrine epithelial","invsqrt_kl","membrane",2
"SFRP4",1255.7,0.994,"pancreas_seeds","Fibroblast / CAF -> Exocrine epithelial","invsqrt_kl","membrane",2
"THY1",447,0.987,"pancreas_seeds","Fibroblast / CAF -> Exocrine epithelial","invsqrt_kl","membrane",2
"PDGFRA",559,1,"pancreas_seeds","Fibroblast / CAF -> Exocrine epithelial","invsqrt_kl","membrane",2
"FBLN1",1002.5,0.993,"pancreas_seeds","Fibroblast / CAF -> Exocrine epithelial","invsqrt_kl","membrane",2
"ASPN",845.4,0.995,"pancreas_seeds","Fibroblast / CAF -> Exocrine epithelial","invsqrt_kl","membrane",2
"PDPN",332.1,0.99,"pancreas_seeds","Fibroblast / CAF -> Exocrine epithelial","invsqrt_kl","membrane",2
"PTGDS",207.4,0.989,"pancreas_seeds","Fibroblast / CAF -> Exocrine epithelial","invsqrt_kl","membrane",2
"PCOLCE",150.5,1,"pancreas_seeds","Fibroblast / CAF -> Exocrine epithelial","invsqrt_kl","membrane",2
"PMP22",543.3,0.988,"pancreas_seeds","Fibroblast / CAF -> Exocrine epithelial","invsqrt_kl","membrane",2
"SFRP2",3464.4,0,"pancreas_seeds","Fibroblast / CAF -> Immune","invsqrt_kl","membrane",2
"THBS2",2252.7,0,"pancreas_seeds","Fibroblast / CAF -> Immune","invsqrt_kl","membrane",2
"COL5A2",2679.1,0,"pancreas_seeds","Fibroblast / CAF -> Immune","invsqrt_kl","membrane",2
"FBN1",3329.1,0,"pancreas_seeds","Fibroblast / CAF -> Immune","invsqrt_kl","membrane",2
"VCAN",5767.5,0,"pancreas_seeds","Fibroblast / CAF -> Immune","invsqrt_kl","membrane",2
"CTSK",2718.2,0,"pancreas_seeds","Fibroblast / CAF -> Immune","invsqrt_kl","membrane",2
"PDGFRA",1127.5,0,"pancreas_seeds","Fibroblast / CAF -> Immune","invsqrt_kl","membrane",2
"FBLN1",2469.9,-0.002,"pancreas_seeds","Fibroblast / CAF -> Immune","invsqrt_kl","membrane",2
"SFRP4",3399.4,0,"pancreas_seeds","Fibroblast / CAF -> Immune","invsqrt_kl","membrane",2
"MFAP5",594.9,0,"pancreas_seeds","Fibroblast / CAF -> Immune","invsqrt_kl","membrane",2
"LTBP2",2176.2,0,"pancreas_seeds","Fibroblast / CAF -> Immune","invsqrt_kl","membrane",2
"THY1",1569.4,-0.002,"pancreas_seeds","Fibroblast / CAF -> Immune","invsqrt_kl","membrane",2
"GEM",1207,0,"pancreas_seeds","Fibroblast / CAF -> Immune","invsqrt_kl","membrane",2
"PCOLCE",441.8,0,"pancreas_seeds","Fibroblast / CAF -> Immune","invsqrt_kl","membrane",2
"ASPN",2098.9,-0.002,"pancreas_seeds","Fibroblast / CAF -> Immune","invsqrt_kl","membrane",2
"SEMA3C",906.8,0,"pancreas_seeds","Fibroblast / CAF -> Immune","invsqrt_kl","membrane",2
"PTGDS",962.6,0,"pancreas_seeds","Fibroblast / CAF -> Immune","invsqrt_kl","membrane",2
"INMT",614.1,0,"pancreas_seeds","Fibroblast / CAF -> Immune","invsqrt_kl","membrane",2
"APCDD1",384.4,-0.415,"pancreas_seeds","Fibroblast / CAF -> Immune","invsqrt_kl","membrane",2
"SRPX",471.9,0,"pancreas_seeds","Fibroblast / CAF -> Immune","invsqrt_kl","membrane",2
"SFRP2",101.7,0,"pancreas_seeds","Fibroblast / CAF -> Mural / pericyte","invsqrt_kl","membrane",2
"MFAP5",53.5,0,"pancreas_seeds","Fibroblast / CAF -> Mural / pericyte","invsqrt_kl","membrane",2
"VCAN",110.6,0,"pancreas_seeds","Fibroblast / CAF -> Mural / pericyte","invsqrt_kl","membrane",2
"FBLN1",269,0,"pancreas_seeds","Fibroblast / CAF -> Mural / pericyte","invsqrt_kl","membrane",2
"SFRP4",216.4,0.047,"pancreas_seeds","Fibroblast / CAF -> Mural / pericyte","invsqrt_kl","membrane",2
"THY1",275.2,0.011,"pancreas_seeds","Fibroblast / CAF -> Mural / pericyte","invsqrt_kl","membrane",2
"CTSK",142.1,0.007,"pancreas_seeds","Fibroblast / CAF -> Mural / pericyte","invsqrt_kl","membrane",2
"BASP1",151.2,0.044,"pancreas_seeds","Fibroblast / CAF -> Mural / pericyte","invsqrt_kl","membrane",2
"PTGDS",59.5,0,"pancreas_seeds","Fibroblast / CAF -> Mural / pericyte","invsqrt_kl","membrane",2
"PDPN",109.4,0.031,"pancreas_seeds","Fibroblast / CAF -> Mural / pericyte","invsqrt_kl","membrane",2
"MEST",56.7,-0.097,"pancreas_seeds","Fibroblast / CAF -> Mural / pericyte","invsqrt_kl","membrane",2
"ALDH1A3",33.7,0,"pancreas_seeds","Fibroblast / CAF -> Mural / pericyte","invsqrt_kl","membrane",2
"LTBP2",192.5,0,"pancreas_seeds","Fibroblast / CAF -> Mural / pericyte","invsqrt_kl","membrane",2
"PDGFRA",46.7,0,"pancreas_seeds","Fibroblast / CAF -> Mural / pericyte","invsqrt_kl","membrane",2
"THBS2",134,0,"pancreas_seeds","Fibroblast / CAF -> Mural / pericyte","invsqrt_kl","membrane",2
"COL5A2",351.4,0,"pancreas_seeds","Fibroblast / CAF -> Mural / pericyte","invsqrt_kl","membrane",2
"SEMA3C",22.1,0,"pancreas_seeds","Fibroblast / CAF -> Mural / pericyte","invsqrt_kl","membrane",2
"IGF1",29.9,0.055,"pancreas_seeds","Fibroblast / CAF -> Mural / pericyte","invsqrt_kl","membrane",2
"DPT",17.5,0,"pancreas_seeds","Fibroblast / CAF -> Mural / pericyte","invsqrt_kl","membrane",2
"C7",72.8,0,"pancreas_seeds","Fibroblast / CAF -> Mural / pericyte","invsqrt_kl","membrane",2
"IL7R",262,1,"pancreas_seeds","Immune -> Ductal/tumor epithelial","invsqrt_kl","membrane",2
"CD163",440.6,0.989,"pancreas_seeds","Immune -> Ductal/tumor epithelial","invsqrt_kl","membrane",2
"PTPRC",631.8,0.995,"pancreas_seeds","Immune -> Ductal/tumor epithelial","invsqrt_kl","membrane",2
"MRC1",251.6,0.999,"pancreas_seeds","Immune -> Ductal/tumor epithelial","invsqrt_kl","membrane",2
"CD8A",129.8,0.978,"pancreas_seeds","Immune -> Ductal/tumor epithelial","invsqrt_kl","membrane",2
"MS4A4A",353,0.999,"pancreas_seeds","Immune -> Ductal/tumor epithelial","invsqrt_kl","membrane",2
"CCL5",240,0.997,"pancreas_seeds","Immune -> Ductal/tumor epithelial","invsqrt_kl","membrane",2
"VSIG4",311.7,0.998,"pancreas_seeds","Immune -> Ductal/tumor epithelial","invsqrt_kl","membrane",2
"MS4A6A",739.1,1,"pancreas_seeds","Immune -> Ductal/tumor epithelial","invsqrt_kl","membrane",2
"GZMK",46.8,0.956,"pancreas_seeds","Immune -> Ductal/tumor epithelial","invsqrt_kl","membrane",2
"CD2",78.3,0.999,"pancreas_seeds","Immune -> Ductal/tumor epithelial","invsqrt_kl","membrane",2
"GZMA",79.4,1,"pancreas_seeds","Immune -> Ductal/tumor epithelial","invsqrt_kl","membrane",2
"FCGR3A",570.9,1,"pancreas_seeds","Immune -> Ductal/tumor epithelial","invsqrt_kl","membrane",2
"LILRB4",89.2,0.996,"pancreas_seeds","Immune -> Ductal/tumor epithelial","invsqrt_kl","membrane",2
"GPR183",301.3,1,"pancreas_seeds","Immune -> Ductal/tumor epithelial","invsqrt_kl","membrane",2
"CYTIP",306.8,1,"pancreas_seeds","Immune -> Ductal/tumor epithelial","invsqrt_kl","membrane",2
"FGL2",380.1,0.999,"pancreas_seeds","Immune -> Ductal/tumor epithelial","invsqrt_kl","membrane",2
"KLRB1",143.5,1,"pancreas_seeds","Immune -> Ductal/tumor epithelial","invsqrt_kl","membrane",2
"IGSF6",345.7,1,"pancreas_seeds","Immune -> Ductal/tumor epithelial","invsqrt_kl","membrane",2
"TRAC",207.7,1,"pancreas_seeds","Immune -> Ductal/tumor epithelial","invsqrt_kl","membrane",2
"IL7R",13.5,0.296,"pancreas_seeds","Immune -> Endocrine","invsqrt_kl","membrane",2
"PLA2G7",8.1,1,"pancreas_seeds","Immune -> Endocrine","invsqrt_kl","membrane",2
"CD163",18,1,"pancreas_seeds","Immune -> Endocrine","invsqrt_kl","membrane",2
"CSF2RA",19.7,0.949,"pancreas_seeds","Immune -> Endocrine","invsqrt_kl","membrane",2
"CXCR4",34.3,0.798,"pancreas_seeds","Immune -> Endocrine","invsqrt_kl","membrane",2
"TRAC",20.2,0.35,"pancreas_seeds","Immune -> Endocrine","invsqrt_kl","membrane",2
"MS4A6A",31.2,1,"pancreas_seeds","Immune -> Endocrine","invsqrt_kl","membrane",2
"CD2",7.7,0,"pancreas_seeds","Immune -> Endocrine","invsqrt_kl","membrane",2
"CD3E",9,0,"pancreas_seeds","Immune -> Endocrine","invsqrt_kl","membrane",2
"VSIG4",12.3,0.919,"pancreas_seeds","Immune -> Endocrine","invsqrt_kl","membrane",2
"MS4A1",0.6,0.663,"pancreas_seeds","Immune -> Endocrine","invsqrt_kl","membrane",2
"MS4A4A",21,0.917,"pancreas_seeds","Immune -> Endocrine","invsqrt_kl","membrane",2
"CCL5",16.1,0,"pancreas_seeds","Immune -> Endocrine","invsqrt_kl","membrane",2
"TREM2",8.8,1,"pancreas_seeds","Immune -> Endocrine","invsqrt_kl","membrane",2
"PTPRC",38.6,0.697,"pancreas_seeds","Immune -> Endocrine","invsqrt_kl","membrane",2
"FCGR3A",14.9,1,"pancreas_seeds","Immune -> Endocrine","invsqrt_kl","membrane",2
"GZMK",7.8,0,"pancreas_seeds","Immune -> Endocrine","invsqrt_kl","membrane",2
"LILRB4",1.6,0,"pancreas_seeds","Immune -> Endocrine","invsqrt_kl","membrane",2
"CLEC4E",10.7,0.42,"pancreas_seeds","Immune -> Endocrine","invsqrt_kl","membrane",2
"GPR183",11.4,0.934,"pancreas_seeds","Immune -> Endocrine","invsqrt_kl","membrane",2
"IL7R",283.6,0.191,"pancreas_seeds","Immune -> Endothelial","invsqrt_kl","membrane",2
"LILRB4",36.1,0,"pancreas_seeds","Immune -> Endothelial","invsqrt_kl","membrane",2
"GZMK",44.1,0,"pancreas_seeds","Immune -> Endothelial","invsqrt_kl","membrane",2
"PLA2G7",145.3,0.986,"pancreas_seeds","Immune -> Endothelial","invsqrt_kl","membrane",2
"CD163",188.7,0.995,"pancreas_seeds","Immune -> Endothelial","invsqrt_kl","membrane",2
"TREM2",89.2,0.966,"pancreas_seeds","Immune -> Endothelial","invsqrt_kl","membrane",2
"PTPRC",350.2,0.74,"pancreas_seeds","Immune -> Endothelial","invsqrt_kl","membrane",2
"CD2",83.3,-0.036,"pancreas_seeds","Immune -> Endothelial","invsqrt_kl","membrane",2
"VSIG4",90.4,1,"pancreas_seeds","Immune -> Endothelial","invsqrt_kl","membrane",2
"CSF2RA",104.4,0.99,"pancreas_seeds","Immune -> Endothelial","invsqrt_kl","membrane",2
"CD8A",130.4,0.008,"pancreas_seeds","Immune -> Endothelial","invsqrt_kl","membrane",2
"MS4A6A",416.4,0.998,"pancreas_seeds","Immune -> Endothelial","invsqrt_kl","membrane",2
"TRAC",258.6,0.632,"pancreas_seeds","Immune -> Endothelial","invsqrt_kl","membrane",2
"HAVCR2",117.4,1,"pancreas_seeds","Immune -> Endothelial","invsqrt_kl","membrane",2
"FOXP3",38.1,1,"pancreas_seeds","Immune -> Endothelial","invsqrt_kl","membrane",2
"KLRB1",142.4,0.042,"pancreas_seeds","Immune -> Endothelial","invsqrt_kl","membrane",2
"CTLA4",58.2,0.966,"pancreas_seeds","Immune -> Endothelial","invsqrt_kl","membrane",2
"CYTIP",183.7,0.813,"pancreas_seeds","Immune -> Endothelial","invsqrt_kl","membrane",2
"CCL5",196.6,0.005,"pancreas_seeds","Immune -> Endothelial","invsqrt_kl","membrane",2
"MS4A1",43.1,0.464,"pancreas_seeds","Immune -> Endothelial","invsqrt_kl","membrane",2
"IL7R",409.6,0.997,"pancreas_seeds","Immune -> Exocrine epithelial","invsqrt_kl","membrane",2
"CXCR4",921,0.963,"pancreas_seeds","Immune -> Exocrine epithelial","invsqrt_kl","membrane",2
"PLA2G7",237.9,0.974,"pancreas_seeds","Immune -> Exocrine epithelial","invsqrt_kl","membrane",2
"PTPRC",661.5,1,"pancreas_seeds","Immune -> Exocrine epithelial","invsqrt_kl","membrane",2
"TRAC",344.3,0.997,"pancreas_seeds","Immune -> Exocrine epithelial","invsqrt_kl","membrane",2
"CD163",658.1,0.993,"pancreas_seeds","Immune -> Exocrine epithelial","invsqrt_kl","membrane",2
"MRC1",344.2,0.997,"pancreas_seeds","Immune -> Exocrine epithelial","invsqrt_kl","membrane",2
"CCL5",354.7,0.969,"pancreas_seeds","Immune -> Exocrine epithelial","invsqrt_kl","membrane",2
"MS4A4A",543.9,0.994,"pancreas_seeds","Immune -> Exocrine epithelial","invsqrt_kl","membrane",2
"GZMK",72.9,1,"pancreas_seeds","Immune -> Exocrine epithelial","invsqrt_kl","membrane",2
"CD3E",215.2,1,"pancreas_seeds","Immune -> Exocrine epithelial","invsqrt_kl","membrane",2
"CD2",221.3,1,"pancreas_seeds","Immune -> Exocrine epithelial","invsqrt_kl","membrane",2
"IL2RA",83.4,0.94,"pancreas_seeds","Immune -> Exocrine epithelial","invsqrt_kl","membrane",2
"VSIG4",357.7,0.991,"pancreas_seeds","Immune -> Exocrine epithelial","invsqrt_kl","membrane",2
"KLRB1",218.1,1,"pancreas_seeds","Immune -> Exocrine epithelial","invsqrt_kl","membrane",2
"CSF2RA",292.1,0.993,"pancreas_seeds","Immune -> Exocrine epithelial","invsqrt_kl","membrane",2
"CD8A",331.5,0.994,"pancreas_seeds","Immune -> Exocrine epithelial","invsqrt_kl","membrane",2
"FCGR3A",579.3,0.998,"pancreas_seeds","Immune -> Exocrine epithelial","invsqrt_kl","membrane",2
"MS4A6A",917.1,0.992,"pancreas_seeds","Immune -> Exocrine epithelial","invsqrt_kl","membrane",2
"GZMA",79.9,0.969,"pancreas_seeds","Immune -> Exocrine epithelial","invsqrt_kl","membrane",2
"MS4A1",480.9,0.979,"pancreas_seeds","Immune -> Fibroblast / CAF","invsqrt_kl","membrane",2
"NKG7",323.9,0.991,"pancreas_seeds","Immune -> Fibroblast / CAF","invsqrt_kl","membrane",2
"CD8A",1978.4,0.998,"pancreas_seeds","Immune -> Fibroblast / CAF","invsqrt_kl","membrane",2
"CXCR4",4575.1,0.995,"pancreas_seeds","Immune -> Fibroblast / CAF","invsqrt_kl","membrane",2
"PTPRC",4323.9,0.999,"pancreas_seeds","Immune -> Fibroblast / CAF","invsqrt_kl","membrane",2
"MS4A6A",3003,1,"pancreas_seeds","Immune -> Fibroblast / CAF","invsqrt_kl","membrane",2
"GPR183",1093.3,0.998,"pancreas_seeds","Immune -> Fibroblast / CAF","invsqrt_kl","membrane",2
"MS4A4A",1736,0.994,"pancreas_seeds","Immune -> Fibroblast / CAF","invsqrt_kl","membrane",2
"CSF2RA",894.4,0.988,"pancreas_seeds","Immune -> Fibroblast / CAF","invsqrt_kl","membrane",2
"CD163",1716.5,1,"pancreas_seeds","Immune -> Fibroblast / CAF","invsqrt_kl","membrane",2
"TREM2",354.7,0.975,"pancreas_seeds","Immune -> Fibroblast / CAF","invsqrt_kl","membrane",2
"PLA2G7",897.4,0.989,"pancreas_seeds","Immune -> Fibroblast / CAF","invsqrt_kl","membrane",2
"FOXP3",458.9,1,"pancreas_seeds","Immune -> Fibroblast / CAF","invsqrt_kl","membrane",2
"CYTIP",2238.1,1,"pancreas_seeds","Immune -> Fibroblast / CAF","invsqrt_kl","membrane",2
"CD69",933.6,0.997,"pancreas_seeds","Immune -> Fibroblast / CAF","invsqrt_kl","membrane",2
"FCER1A",326.9,0.995,"pancreas_seeds","Immune -> Fibroblast / CAF","invsqrt_kl","membrane",2
"IL7R",4963.4,1,"pancreas_seeds","Immune -> Fibroblast / CAF","invsqrt_kl","membrane",2
"VSIG4",622.2,0.986,"pancreas_seeds","Immune -> Fibroblast / CAF","invsqrt_kl","membrane",2
"KLRB1",1447.4,1,"pancreas_seeds","Immune -> Fibroblast / CAF","invsqrt_kl","membrane",2
"LY86",468.7,0.996,"pancreas_seeds","Immune -> Fibroblast / CAF","invsqrt_kl","membrane",2
"CD3D",0,0.978,"pancreas_seeds","Immune -> Mural / pericyte","invsqrt_kl","membrane",2
"SLAMF7",0,1,"pancreas_seeds","Immune -> Mural / pericyte","invsqrt_kl","membrane",2
"MS4A1",0,1,"pancreas_seeds","Immune -> Mural / pericyte","invsqrt_kl","membrane",2
"KLRB1",46.8,1,"pancreas_seeds","Immune -> Mural / pericyte","invsqrt_kl","membrane",2
"CXCR4",151,0.967,"pancreas_seeds","Immune -> Mural / pericyte","invsqrt_kl","membrane",2
"VSIG4",41.7,1,"pancreas_seeds","Immune -> Mural / pericyte","invsqrt_kl","membrane",2
"CD8A",41.7,1,"pancreas_seeds","Immune -> Mural / pericyte","invsqrt_kl","membrane",2
"PLA2G7",51.7,1,"pancreas_seeds","Immune -> Mural / pericyte","invsqrt_kl","membrane",2
"FCN1",0,1,"pancreas_seeds","Immune -> Mural / pericyte","invsqrt_kl","membrane",2
"MRC1",74.5,0.96,"pancreas_seeds","Immune -> Mural / pericyte","invsqrt_kl","membrane",2
"IL7R",113,1,"pancreas_seeds","Immune -> Mural / pericyte","invsqrt_kl","membrane",2
"MS4A6A",118.5,0.983,"pancreas_seeds","Immune -> Mural / pericyte","invsqrt_kl","membrane",2
"CD3E",49.5,0.98,"pancreas_seeds","Immune -> Mural / pericyte","invsqrt_kl","membrane",2
"CCL5",65.3,1,"pancreas_seeds","Immune -> Mural / pericyte","invsqrt_kl","membrane",2
"CD163",49.7,1,"pancreas_seeds","Immune -> Mural / pericyte","invsqrt_kl","membrane",2
"CD86",29.7,1,"pancreas_seeds","Immune -> Mural / pericyte","invsqrt_kl","membrane",2
"CD79A",36.8,1,"pancreas_seeds","Immune -> Mural / pericyte","invsqrt_kl","membrane",2
"CSF2RA",56.3,1,"pancreas_seeds","Immune -> Mural / pericyte","invsqrt_kl","membrane",2
"MS4A4A",56.8,1,"pancreas_seeds","Immune -> Mural / pericyte","invsqrt_kl","membrane",2
"FCER1A",14.8,1,"pancreas_seeds","Immune -> Mural / pericyte","invsqrt_kl","membrane",2
"MYH11",58.9,0.985,"pancreas_seeds","Mural / pericyte -> Ductal/tumor epithelial","invsqrt_kl","membrane",2
"MEDAG",12.1,1,"pancreas_seeds","Mural / pericyte -> Ductal/tumor epithelial","invsqrt_kl","membrane",2
"ADAMTS1",98.2,0.941,"pancreas_seeds","Mural / pericyte -> Ductal/tumor epithelial","invsqrt_kl","membrane",2
"ACTA2",202.4,0.996,"pancreas_seeds","Mural / pericyte -> Ductal/tumor epithelial","invsqrt_kl","membrane",2
"PDGFRB",106.8,0.992,"pancreas_seeds","Mural / pericyte -> Ductal/tumor epithelial","invsqrt_kl","membrane",2
"CNN1",62.5,0.992,"pancreas_seeds","Mural / pericyte -> Ductal/tumor epithelial","invsqrt_kl","membrane",2
"CRISPLD2",56.6,0.99,"pancreas_seeds","Mural / pericyte -> Ductal/tumor epithelial","invsqrt_kl","membrane",2
"RERGL",0,0.822,"pancreas_seeds","Mural / pericyte -> Ductal/tumor epithelial","invsqrt_kl","membrane",2
"MYLK",284.7,0.813,"pancreas_seeds","Mural / pericyte -> Ductal/tumor epithelial","invsqrt_kl","membrane",2
"CCL19",0.4,1,"pancreas_seeds","Mural / pericyte -> Ductal/tumor epithelial","invsqrt_kl","membrane",2
"DES",9.7,1,"pancreas_seeds","Mural / pericyte -> Ductal/tumor epithelial","invsqrt_kl","membrane",2
"TIMP4",0.7,0.77,"pancreas_seeds","Mural / pericyte -> Ductal/tumor epithelial","invsqrt_kl","membrane",2
"OGN",3.9,-0.073,"pancreas_seeds","Mural / pericyte -> Ductal/tumor epithelial","invsqrt_kl","membrane",2
"IL1RL1",15,0.057,"pancreas_seeds","Mural / pericyte -> Ductal/tumor epithelial","invsqrt_kl","membrane",2
"MAMDC2",12.7,0.869,"pancreas_seeds","Mural / pericyte -> Ductal/tumor epithelial","invsqrt_kl","membrane",2
"CAV1",31.9,0.022,"pancreas_seeds","Mural / pericyte -> Ductal/tumor epithelial","invsqrt_kl","membrane",2
"SNCG",2.9,-0.02,"pancreas_seeds","Mural / pericyte -> Ductal/tumor epithelial","invsqrt_kl","membrane",2
"RETN",0,NA,"pancreas_seeds","Mural / pericyte -> Ductal/tumor epithelial","invsqrt_kl","membrane",2
"MEF2C",25.6,0.988,"pancreas_seeds","Mural / pericyte -> Ductal/tumor epithelial","invsqrt_kl","membrane",2
"PTN",18.8,0.974,"pancreas_seeds","Mural / pericyte -> Ductal/tumor epithelial","invsqrt_kl","membrane",2
"MYH11",543.6,0.998,"pancreas_seeds","Mural / pericyte -> Endothelial","invsqrt_kl","membrane",2
"TNC",178.9,0.975,"pancreas_seeds","Mural / pericyte -> Endothelial","invsqrt_kl","membrane",2
"CNN1",165.8,0.988,"pancreas_seeds","Mural / pericyte -> Endothelial","invsqrt_kl","membrane",2
"RERGL",58.1,0.983,"pancreas_seeds","Mural / pericyte -> Endothelial","invsqrt_kl","membrane",2
"MEDAG",198.2,0.981,"pancreas_seeds","Mural / pericyte -> Endothelial","invsqrt_kl","membrane",2
"DES",34.8,-0.003,"pancreas_seeds","Mural / pericyte -> Endothelial","invsqrt_kl","membrane",2
"ACTA2",715.8,0.997,"pancreas_seeds","Mural / pericyte -> Endothelial","invsqrt_kl","membrane",2
"MYLK",538.2,0.61,"pancreas_seeds","Mural / pericyte -> Endothelial","invsqrt_kl","membrane",2
"ACTG2",295.3,0.512,"pancreas_seeds","Mural / pericyte -> Endothelial","invsqrt_kl","membrane",2
"CRISPLD2",167.3,1,"pancreas_seeds","Mural / pericyte -> Endothelial","invsqrt_kl","membrane",2
"ADAMTS1",2045.6,0.131,"pancreas_seeds","Mural / pericyte -> Endothelial","invsqrt_kl","membrane",2
"TIMP4",14.4,1,"pancreas_seeds","Mural / pericyte -> Endothelial","invsqrt_kl","membrane",2
"OGN",8.1,-0.006,"pancreas_seeds","Mural / pericyte -> Endothelial","invsqrt_kl","membrane",2
"PLIN4",3.2,-0.022,"pancreas_seeds","Mural / pericyte -> Endothelial","invsqrt_kl","membrane",2
"CCDC78",0,0,"pancreas_seeds","Mural / pericyte -> Endothelial","invsqrt_kl","membrane",2
"ASCL1",2.9,1,"pancreas_seeds","Mural / pericyte -> Endothelial","invsqrt_kl","membrane",2
"SLC4A1",4.4,1,"pancreas_seeds","Mural / pericyte -> Endothelial","invsqrt_kl","membrane",2
"TBX3",13.8,0.858,"pancreas_seeds","Mural / pericyte -> Endothelial","invsqrt_kl","membrane",2
"SNCG",4.7,0.825,"pancreas_seeds","Mural / pericyte -> Endothelial","invsqrt_kl","membrane",2
"MAMDC2",19.2,0.678,"pancreas_seeds","Mural / pericyte -> Endothelial","invsqrt_kl","membrane",2
"MYH11",19.9,1,"pancreas_seeds","Mural / pericyte -> Exocrine epithelial","invsqrt_kl","membrane",2
"MEDAG",1.2,0.537,"pancreas_seeds","Mural / pericyte -> Exocrine epithelial","invsqrt_kl","membrane",2
"TNC",29.9,1,"pancreas_seeds","Mural / pericyte -> Exocrine epithelial","invsqrt_kl","membrane",2
"ACTA2",50.1,0.998,"pancreas_seeds","Mural / pericyte -> Exocrine epithelial","invsqrt_kl","membrane",2
"CNN1",8.7,0.949,"pancreas_seeds","Mural / pericyte -> Exocrine epithelial","invsqrt_kl","membrane",2
"ADAMTS1",97.3,0.981,"pancreas_seeds","Mural / pericyte -> Exocrine epithelial","invsqrt_kl","membrane",2
"PDGFRB",40.8,1,"pancreas_seeds","Mural / pericyte -> Exocrine epithelial","invsqrt_kl","membrane",2
"MYLK",80.5,0.961,"pancreas_seeds","Mural / pericyte -> Exocrine epithelial","invsqrt_kl","membrane",2
"CRISPLD2",37.3,1,"pancreas_seeds","Mural / pericyte -> Exocrine epithelial","invsqrt_kl","membrane",2
"TBX3",7,0.907,"pancreas_seeds","Mural / pericyte -> Exocrine epithelial","invsqrt_kl","membrane",2
"SNCG",0,NA,"pancreas_seeds","Mural / pericyte -> Exocrine epithelial","invsqrt_kl","membrane",2
"RERGL",1.1,1,"pancreas_seeds","Mural / pericyte -> Exocrine epithelial","invsqrt_kl","membrane",2
"CCL19",0.4,1,"pancreas_seeds","Mural / pericyte -> Exocrine epithelial","invsqrt_kl","membrane",2
"TIMP4",13.4,1,"pancreas_seeds","Mural / pericyte -> Exocrine epithelial","invsqrt_kl","membrane",2
"CAVIN1",19.2,0.912,"pancreas_seeds","Mural / pericyte -> Exocrine epithelial","invsqrt_kl","membrane",2
"DES",2.2,1,"pancreas_seeds","Mural / pericyte -> Exocrine epithelial","invsqrt_kl","membrane",2
"CAV1",0,-0.015,"pancreas_seeds","Mural / pericyte -> Exocrine epithelial","invsqrt_kl","membrane",2
"ACTG2",4.8,0.611,"pancreas_seeds","Mural / pericyte -> Exocrine epithelial","invsqrt_kl","membrane",2
"TMEM100",6.1,1,"pancreas_seeds","Mural / pericyte -> Exocrine epithelial","invsqrt_kl","membrane",2
"OGN",8.4,-0.003,"pancreas_seeds","Mural / pericyte -> Exocrine epithelial","invsqrt_kl","membrane",2
"RERGL",40,0.984,"pancreas_seeds","Mural / pericyte -> Fibroblast / CAF","invsqrt_kl","membrane",2
"MYH11",564.3,0,"pancreas_seeds","Mural / pericyte -> Fibroblast / CAF","invsqrt_kl","membrane",2
"ADAMTS1",533.7,0.03,"pancreas_seeds","Mural / pericyte -> Fibroblast / CAF","invsqrt_kl","membrane",2
"SNCG",9.5,0.949,"pancreas_seeds","Mural / pericyte -> Fibroblast / CAF","invsqrt_kl","membrane",2
"MEDAG",271.4,0,"pancreas_seeds","Mural / pericyte -> Fibroblast / CAF","invsqrt_kl","membrane",2
"CNN1",180,-0.003,"pancreas_seeds","Mural / pericyte -> Fibroblast / CAF","invsqrt_kl","membrane",2
"TNC",467.6,0,"pancreas_seeds","Mural / pericyte -> Fibroblast / CAF","invsqrt_kl","membrane",2
"DES",107.3,0.968,"pancreas_seeds","Mural / pericyte -> Fibroblast / CAF","invsqrt_kl","membrane",2
"LGI4",24.9,0.927,"pancreas_seeds","Mural / pericyte -> Fibroblast / CAF","invsqrt_kl","membrane",2
"CAV1",50.4,-0.005,"pancreas_seeds","Mural / pericyte -> Fibroblast / CAF","invsqrt_kl","membrane",2
"HES4",5.1,0.247,"pancreas_seeds","Mural / pericyte -> Fibroblast / CAF","invsqrt_kl","membrane",2
"ADH4",9,0.709,"pancreas_seeds","Mural / pericyte -> Fibroblast / CAF","invsqrt_kl","membrane",2
"PLIN4",0,-0.018,"pancreas_seeds","Mural / pericyte -> Fibroblast / CAF","invsqrt_kl","membrane",2
"RETN",3.7,1,"pancreas_seeds","Mural / pericyte -> Fibroblast / CAF","invsqrt_kl","membrane",2
"CDH16",12.5,0.795,"pancreas_seeds","Mural / pericyte -> Fibroblast / CAF","invsqrt_kl","membrane",2
"SLC4A1",9.8,0.897,"pancreas_seeds","Mural / pericyte -> Fibroblast / CAF","invsqrt_kl","membrane",2
"AHSP",0,1,"pancreas_seeds","Mural / pericyte -> Fibroblast / CAF","invsqrt_kl","membrane",2
"LY6D",1.9,1,"pancreas_seeds","Mural / pericyte -> Fibroblast / CAF","invsqrt_kl","membrane",2
"TIMP4",0,-0.001,"pancreas_seeds","Mural / pericyte -> Fibroblast / CAF","invsqrt_kl","membrane",2
"DNAAF1",7.2,0.944,"pancreas_seeds","Mural / pericyte -> Fibroblast / CAF","invsqrt_kl","membrane",2
"MYH11",358.1,0,"pancreas_seeds","Mural / pericyte -> Immune","invsqrt_kl","membrane",2
"ADAMTS1",354.9,0.137,"pancreas_seeds","Mural / pericyte -> Immune","invsqrt_kl","membrane",2
"CNN1",99.2,0,"pancreas_seeds","Mural / pericyte -> Immune","invsqrt_kl","membrane",2
"RERGL",22.3,1,"pancreas_seeds","Mural / pericyte -> Immune","invsqrt_kl","membrane",2
"MEDAG",66.4,0,"pancreas_seeds","Mural / pericyte -> Immune","invsqrt_kl","membrane",2
"TNC",313.3,-0.001,"pancreas_seeds","Mural / pericyte -> Immune","invsqrt_kl","membrane",2
"ACTA2",271.8,0,"pancreas_seeds","Mural / pericyte -> Immune","invsqrt_kl","membrane",2
"MYLK",261.5,0.024,"pancreas_seeds","Mural / pericyte -> Immune","invsqrt_kl","membrane",2
"DES",29.9,0,"pancreas_seeds","Mural / pericyte -> Immune","invsqrt_kl","membrane",2
"CAV1",43.9,-0.005,"pancreas_seeds","Mural / pericyte -> Immune","invsqrt_kl","membrane",2
"SNCG",0,1,"pancreas_seeds","Mural / pericyte -> Immune","invsqrt_kl","membrane",2
"PDGFRB",339.5,0,"pancreas_seeds","Mural / pericyte -> Immune","invsqrt_kl","membrane",2
"CRISPLD2",223.9,0,"pancreas_seeds","Mural / pericyte -> Immune","invsqrt_kl","membrane",2
"TBX3",54.5,0,"pancreas_seeds","Mural / pericyte -> Immune","invsqrt_kl","membrane",2
"HES4",0.1,0,"pancreas_seeds","Mural / pericyte -> Immune","invsqrt_kl","membrane",2
"TIMP4",34.5,0,"pancreas_seeds","Mural / pericyte -> Immune","invsqrt_kl","membrane",2
"CAVIN1",175.1,-0.013,"pancreas_seeds","Mural / pericyte -> Immune","invsqrt_kl","membrane",2
"ACTG2",6.7,-3.442,"pancreas_seeds","Mural / pericyte -> Immune","invsqrt_kl","membrane",2
"ADH4",3,-0.018,"pancreas_seeds","Mural / pericyte -> Immune","invsqrt_kl","membrane",2
"LGI4",5.4,0.844,"pancreas_seeds","Mural / pericyte -> Immune","invsqrt_kl","membrane",2
"GPX2",75.7,1,"pancreas_seeds","Ductal/tumor epithelial -> Endothelial","ls_nmf","membrane",3
"TMC5",122.2,0.974,"pancreas_seeds","Ductal/tumor epithelial -> Endothelial","ls_nmf","membrane",3
"SERPINB3",9.6,0.877,"pancreas_seeds","Ductal/tumor epithelial -> Endothelial","ls_nmf","membrane",3
"COL17A1",0,NA,"pancreas_seeds","Ductal/tumor epithelial -> Endothelial","ls_nmf","membrane",3
"CAPN8",2.6,1,"pancreas_seeds","Ductal/tumor epithelial -> Endothelial","ls_nmf","membrane",3
"DMBT1",15.6,1,"pancreas_seeds","Ductal/tumor epithelial -> Endothelial","ls_nmf","membrane",3
"GPRC5A",0,1,"pancreas_seeds","Ductal/tumor epithelial -> Endothelial","ls_nmf","membrane",3
"EPCAM",539.4,0.992,"pancreas_seeds","Ductal/tumor epithelial -> Endothelial","ls_nmf","membrane",3
"EHF",253.7,0.985,"pancreas_seeds","Ductal/tumor epithelial -> Endothelial","ls_nmf","membrane",3
"CXCL6",491.2,0.596,"pancreas_seeds","Ductal/tumor epithelial -> Endothelial","ls_nmf","membrane",3
"KRT7",89.5,0.978,"pancreas_seeds","Ductal/tumor epithelial -> Endothelial","ls_nmf","membrane",3
"FOXJ1",0,1,"pancreas_seeds","Ductal/tumor epithelial -> Endothelial","ls_nmf","membrane",3
"LIF",27.8,0.931,"pancreas_seeds","Ductal/tumor epithelial -> Endothelial","ls_nmf","membrane",3
"SERPINB2",9.1,0.617,"pancreas_seeds","Ductal/tumor epithelial -> Endothelial","ls_nmf","membrane",3
"C15orf48",42.4,1,"pancreas_seeds","Ductal/tumor epithelial -> Endothelial","ls_nmf","membrane",3
"PPP1R1B",336.8,0.99,"pancreas_seeds","Ductal/tumor epithelial -> Endothelial","ls_nmf","membrane",3
"BAMBI",31.6,0.871,"pancreas_seeds","Ductal/tumor epithelial -> Endothelial","ls_nmf","membrane",3
"CFB",625.4,0.847,"pancreas_seeds","Ductal/tumor epithelial -> Endothelial","ls_nmf","membrane",3
"LGR5",1.5,-0.203,"pancreas_seeds","Ductal/tumor epithelial -> Endothelial","ls_nmf","membrane",3
"FOXA1",0,1,"pancreas_seeds","Ductal/tumor epithelial -> Endothelial","ls_nmf","membrane",3
"SERPINB3",96.4,0.974,"pancreas_seeds","Ductal/tumor epithelial -> Exocrine epithelial","ls_nmf","membrane",3
"COL17A1",63,0.823,"pancreas_seeds","Ductal/tumor epithelial -> Exocrine epithelial","ls_nmf","membrane",3
"GPRC5A",29.8,1,"pancreas_seeds","Ductal/tumor epithelial -> Exocrine epithelial","ls_nmf","membrane",3
"CAPN8",125.4,0.881,"pancreas_seeds","Ductal/tumor epithelial -> Exocrine epithelial","ls_nmf","membrane",3
"DMBT1",255,0.399,"pancreas_seeds","Ductal/tumor epithelial -> Exocrine epithelial","ls_nmf","membrane",3
"MALL",154.8,0.953,"pancreas_seeds","Ductal/tumor epithelial -> Exocrine epithelial","ls_nmf","membrane",3
"TMC5",2078.2,0.2,"pancreas_seeds","Ductal/tumor epithelial -> Exocrine epithelial","ls_nmf","membrane",3
"GPX2",1424,0.255,"pancreas_seeds","Ductal/tumor epithelial -> Exocrine epithelial","ls_nmf","membrane",3
"LIF",144.9,-0.293,"pancreas_seeds","Ductal/tumor epithelial -> Exocrine epithelial","ls_nmf","membrane",3
"MKI67",78.6,0.66,"pancreas_seeds","Ductal/tumor epithelial -> Exocrine epithelial","ls_nmf","membrane",3
"FHL2",117.2,0.877,"pancreas_seeds","Ductal/tumor epithelial -> Exocrine epithelial","ls_nmf","membrane",3
"FOXJ1",0,NA,"pancreas_seeds","Ductal/tumor epithelial -> Exocrine epithelial","ls_nmf","membrane",3
"UBE2C",0,NA,"pancreas_seeds","Ductal/tumor epithelial -> Exocrine epithelial","ls_nmf","membrane",3
"CCNB2",51.3,0.848,"pancreas_seeds","Ductal/tumor epithelial -> Exocrine epithelial","ls_nmf","membrane",3
"SERPINB2",101.2,0.099,"pancreas_seeds","Ductal/tumor epithelial -> Exocrine epithelial","ls_nmf","membrane",3
"CENPF",99.6,0.739,"pancreas_seeds","Ductal/tumor epithelial -> Exocrine epithelial","ls_nmf","membrane",3
"FOXA1",0,NA,"pancreas_seeds","Ductal/tumor epithelial -> Exocrine epithelial","ls_nmf","membrane",3
"LGR5",8.3,0.147,"pancreas_seeds","Ductal/tumor epithelial -> Exocrine epithelial","ls_nmf","membrane",3
"CDK1",144.3,0.528,"pancreas_seeds","Ductal/tumor epithelial -> Exocrine epithelial","ls_nmf","membrane",3
"CXCL6",5252.3,0.012,"pancreas_seeds","Ductal/tumor epithelial -> Exocrine epithelial","ls_nmf","membrane",3
"GPX2",733,0.988,"pancreas_seeds","Ductal/tumor epithelial -> Fibroblast / CAF","ls_nmf","membrane",3
"TMC5",650.9,0.977,"pancreas_seeds","Ductal/tumor epithelial -> Fibroblast / CAF","ls_nmf","membrane",3
"COL17A1",178.6,0.997,"pancreas_seeds","Ductal/tumor epithelial -> Fibroblast / CAF","ls_nmf","membrane",3
"EPCAM",2659,0.992,"pancreas_seeds","Ductal/tumor epithelial -> Fibroblast / CAF","ls_nmf","membrane",3
"DMBT1",194.4,1,"pancreas_seeds","Ductal/tumor epithelial -> Fibroblast / CAF","ls_nmf","membrane",3
"CAPN8",167.2,0.993,"pancreas_seeds","Ductal/tumor epithelial -> Fibroblast / CAF","ls_nmf","membrane",3
"EHF",974.8,0.987,"pancreas_seeds","Ductal/tumor epithelial -> Fibroblast / CAF","ls_nmf","membrane",3
"SERPINB3",897.5,0.989,"pancreas_seeds","Ductal/tumor epithelial -> Fibroblast / CAF","ls_nmf","membrane",3
"GPRC5A",2341.6,0.992,"pancreas_seeds","Ductal/tumor epithelial -> Fibroblast / CAF","ls_nmf","membrane",3
"MET",556.3,0.909,"pancreas_seeds","Ductal/tumor epithelial -> Fibroblast / CAF","ls_nmf","membrane",3
"ARFGEF3",201.9,0.656,"pancreas_seeds","Ductal/tumor epithelial -> Fibroblast / CAF","ls_nmf","membrane",3
"FOXJ1",62,0.965,"pancreas_seeds","Ductal/tumor epithelial -> Fibroblast / CAF","ls_nmf","membrane",3
"FOXA1",25.6,0.982,"pancreas_seeds","Ductal/tumor epithelial -> Fibroblast / CAF","ls_nmf","membrane",3
"PPP1R1B",693.6,0.98,"pancreas_seeds","Ductal/tumor epithelial -> Fibroblast / CAF","ls_nmf","membrane",3
"MALL",1229.9,0.944,"pancreas_seeds","Ductal/tumor epithelial -> Fibroblast / CAF","ls_nmf","membrane",3
"CXCL6",1658.2,0.301,"pancreas_seeds","Ductal/tumor epithelial -> Fibroblast / CAF","ls_nmf","membrane",3
"SERPINB2",94.9,0.29,"pancreas_seeds","Ductal/tumor epithelial -> Fibroblast / CAF","ls_nmf","membrane",3
"UBE2C",223.1,0.949,"pancreas_seeds","Ductal/tumor epithelial -> Fibroblast / CAF","ls_nmf","membrane",3
"KRT7",332.6,0.336,"pancreas_seeds","Ductal/tumor epithelial -> Fibroblast / CAF","ls_nmf","membrane",3
"BAMBI",434.4,0.323,"pancreas_seeds","Ductal/tumor epithelial -> Fibroblast / CAF","ls_nmf","membrane",3
"GPX2",474.6,0.993,"pancreas_seeds","Ductal/tumor epithelial -> Immune","ls_nmf","membrane",3
"COL17A1",82.9,0.997,"pancreas_seeds","Ductal/tumor epithelial -> Immune","ls_nmf","membrane",3
"EPCAM",1035.5,0.991,"pancreas_seeds","Ductal/tumor epithelial -> Immune","ls_nmf","membrane",3
"TMC5",406.1,0.991,"pancreas_seeds","Ductal/tumor epithelial -> Immune","ls_nmf","membrane",3
"GPRC5A",793.4,0.998,"pancreas_seeds","Ductal/tumor epithelial -> Immune","ls_nmf","membrane",3
"SERPINB3",248.3,0.994,"pancreas_seeds","Ductal/tumor epithelial -> Immune","ls_nmf","membrane",3
"DMBT1",135.4,0.998,"pancreas_seeds","Ductal/tumor epithelial -> Immune","ls_nmf","membrane",3
"CAPN8",79.9,0.815,"pancreas_seeds","Ductal/tumor epithelial -> Immune","ls_nmf","membrane",3
"FOXA1",8.3,0.909,"pancreas_seeds","Ductal/tumor epithelial -> Immune","ls_nmf","membrane",3
"MET",295.5,0.819,"pancreas_seeds","Ductal/tumor epithelial -> Immune","ls_nmf","membrane",3
"MALL",382.7,1,"pancreas_seeds","Ductal/tumor epithelial -> Immune","ls_nmf","membrane",3
"FOXJ1",30.3,0.992,"pancreas_seeds","Ductal/tumor epithelial -> Immune","ls_nmf","membrane",3
"ARFGEF3",134.1,0.971,"pancreas_seeds","Ductal/tumor epithelial -> Immune","ls_nmf","membrane",3
"EHF",557.6,0.997,"pancreas_seeds","Ductal/tumor epithelial -> Immune","ls_nmf","membrane",3
"CXCL6",1333.9,0.602,"pancreas_seeds","Ductal/tumor epithelial -> Immune","ls_nmf","membrane",3
"PPP1R1B",532.8,0.964,"pancreas_seeds","Ductal/tumor epithelial -> Immune","ls_nmf","membrane",3
"KRT7",316.3,0.55,"pancreas_seeds","Ductal/tumor epithelial -> Immune","ls_nmf","membrane",3
"CFB",1381.7,0.65,"pancreas_seeds","Ductal/tumor epithelial -> Immune","ls_nmf","membrane",3
"BAMBI",139.5,0.96,"pancreas_seeds","Ductal/tumor epithelial -> Immune","ls_nmf","membrane",3
"ERBB2",108.3,0.935,"pancreas_seeds","Ductal/tumor epithelial -> Immune","ls_nmf","membrane",3
"GPX2",20.8,0,"pancreas_seeds","Ductal/tumor epithelial -> Mural / pericyte","ls_nmf","membrane",3
"EHF",20.3,0.077,"pancreas_seeds","Ductal/tumor epithelial -> Mural / pericyte","ls_nmf","membrane",3
"EPCAM",43.2,0.069,"pancreas_seeds","Ductal/tumor epithelial -> Mural / pericyte","ls_nmf","membrane",3
"COL17A1",7.4,0,"pancreas_seeds","Ductal/tumor epithelial -> Mural / pericyte","ls_nmf","membrane",3
"SERPINB3",19.5,0,"pancreas_seeds","Ductal/tumor epithelial -> Mural / pericyte","ls_nmf","membrane",3
"TMC5",21.4,0,"pancreas_seeds","Ductal/tumor epithelial -> Mural / pericyte","ls_nmf","membrane",3
"DMBT1",5.3,0,"pancreas_seeds","Ductal/tumor epithelial -> Mural / pericyte","ls_nmf","membrane",3
"CXCL6",71.4,0,"pancreas_seeds","Ductal/tumor epithelial -> Mural / pericyte","ls_nmf","membrane",3
"GPRC5A",52.8,0,"pancreas_seeds","Ductal/tumor epithelial -> Mural / pericyte","ls_nmf","membrane",3
"ARFGEF3",4.1,-0.048,"pancreas_seeds","Ductal/tumor epithelial -> Mural / pericyte","ls_nmf","membrane",3
"CAPN8",9,0,"pancreas_seeds","Ductal/tumor epithelial -> Mural / pericyte","ls_nmf","membrane",3
"KRT7",20.6,0,"pancreas_seeds","Ductal/tumor epithelial -> Mural / pericyte","ls_nmf","membrane",3
"MET",22.5,0.089,"pancreas_seeds","Ductal/tumor epithelial -> Mural / pericyte","ls_nmf","membrane",3
"C15orf48",32.5,0,"pancreas_seeds","Ductal/tumor epithelial -> Mural / pericyte","ls_nmf","membrane",3
"MALL",27.1,0,"pancreas_seeds","Ductal/tumor epithelial -> Mural / pericyte","ls_nmf","membrane",3
"FOXJ1",1.1,0,"pancreas_seeds","Ductal/tumor epithelial -> Mural / pericyte","ls_nmf","membrane",3
"SERPINB2",5.9,0,"pancreas_seeds","Ductal/tumor epithelial -> Mural / pericyte","ls_nmf","membrane",3
"MKI67",12.5,0,"pancreas_seeds","Ductal/tumor epithelial -> Mural / pericyte","ls_nmf","membrane",3
"PPP1R1B",9,0.197,"pancreas_seeds","Ductal/tumor epithelial -> Mural / pericyte","ls_nmf","membrane",3
"UBE2C",6.9,0,"pancreas_seeds","Ductal/tumor epithelial -> Mural / pericyte","ls_nmf","membrane",3
"INS",540.8,0.989,"pancreas_seeds","Endocrine -> Ductal/tumor epithelial","ls_nmf","membrane",3
"SST",212.1,0.979,"pancreas_seeds","Endocrine -> Ductal/tumor epithelial","ls_nmf","membrane",3
"GCG",867.1,0.985,"pancreas_seeds","Endocrine -> Ductal/tumor epithelial","ls_nmf","membrane",3
"CHGA",49.7,0.971,"pancreas_seeds","Endocrine -> Ductal/tumor epithelial","ls_nmf","membrane",3
"PCSK2",42.2,0.414,"pancreas_seeds","Endocrine -> Ductal/tumor epithelial","ls_nmf","membrane",3
"SCGN",79.8,0.236,"pancreas_seeds","Endocrine -> Ductal/tumor epithelial","ls_nmf","membrane",3
"HEPACAM2",13.8,0.052,"pancreas_seeds","Endocrine -> Ductal/tumor epithelial","ls_nmf","membrane",3
"PPY",43,0.154,"pancreas_seeds","Endocrine -> Ductal/tumor epithelial","ls_nmf","membrane",3
"GHRL",32.2,0.056,"pancreas_seeds","Endocrine -> Ductal/tumor epithelial","ls_nmf","membrane",3
"PPP1R1A",12.8,0.056,"pancreas_seeds","Endocrine -> Ductal/tumor epithelial","ls_nmf","membrane",3
"PCP4",21.8,0.14,"pancreas_seeds","Endocrine -> Ductal/tumor epithelial","ls_nmf","membrane",3
"MMRN1",11.5,0.648,"pancreas_seeds","Endocrine -> Ductal/tumor epithelial","ls_nmf","membrane",3
"SLC18A2",4.8,0.156,"pancreas_seeds","Endocrine -> Ductal/tumor epithelial","ls_nmf","membrane",3
"PRG4",5.5,0.399,"pancreas_seeds","Endocrine -> Ductal/tumor epithelial","ls_nmf","membrane",3
"SCGB2A1",28.1,0.063,"pancreas_seeds","Endocrine -> Ductal/tumor epithelial","ls_nmf","membrane",3
"TENT5C",9.6,0.187,"pancreas_seeds","Endocrine -> Ductal/tumor epithelial","ls_nmf","membrane",3
"KCNMA1",0,1,"pancreas_seeds","Endocrine -> Ductal/tumor epithelial","ls_nmf","membrane",3
"PGR",2.7,0.184,"pancreas_seeds","Endocrine -> Ductal/tumor epithelial","ls_nmf","membrane",3
"TM4SF4",140.2,0.135,"pancreas_seeds","Endocrine -> Ductal/tumor epithelial","ls_nmf","membrane",3
"ESR1",0,NA,"pancreas_seeds","Endocrine -> Ductal/tumor epithelial","ls_nmf","membrane",3
"INS",1266.8,0.998,"pancreas_seeds","Endocrine -> Endothelial","ls_nmf","membrane",3
"GCG",1230,0.786,"pancreas_seeds","Endocrine -> Endothelial","ls_nmf","membrane",3
"SST",512,0.996,"pancreas_seeds","Endocrine -> Endothelial","ls_nmf","membrane",3
"CHGA",85.5,0.966,"pancreas_seeds","Endocrine -> Endothelial","ls_nmf","membrane",3
"PCSK2",63.2,0.97,"pancreas_seeds","Endocrine -> Endothelial","ls_nmf","membrane",3
"SCGN",209.5,1,"pancreas_seeds","Endocrine -> Endothelial","ls_nmf","membrane",3
"PPY",64.4,0.986,"pancreas_seeds","Endocrine -> Endothelial","ls_nmf","membrane",3
"HEPACAM2",29.7,0.94,"pancreas_seeds","Endocrine -> Endothelial","ls_nmf","membrane",3
"PPP1R1A",33.4,0.853,"pancreas_seeds","Endocrine -> Endothelial","ls_nmf","membrane",3
"PCP4",24.9,0.683,"pancreas_seeds","Endocrine -> Endothelial","ls_nmf","membrane",3
"GHRL",29.6,0.933,"pancreas_seeds","Endocrine -> Endothelial","ls_nmf","membrane",3
"SCGB2A1",20.4,0.56,"pancreas_seeds","Endocrine -> Endothelial","ls_nmf","membrane",3
"TM4SF4",44,0.757,"pancreas_seeds","Endocrine -> Endothelial","ls_nmf","membrane",3
"SLC18A2",2.8,0.762,"pancreas_seeds","Endocrine -> Endothelial","ls_nmf","membrane",3
"KCNMA1",20.3,0.673,"pancreas_seeds","Endocrine -> Endothelial","ls_nmf","membrane",3
"TENT5C",14.6,0.565,"pancreas_seeds","Endocrine -> Endothelial","ls_nmf","membrane",3
"PRG4",8.6,0.737,"pancreas_seeds","Endocrine -> Endothelial","ls_nmf","membrane",3
"PGR",3,0.867,"pancreas_seeds","Endocrine -> Endothelial","ls_nmf","membrane",3
"FXYD2",13.7,1,"pancreas_seeds","Endocrine -> Endothelial","ls_nmf","membrane",3
"HEMGN",1.5,0.859,"pancreas_seeds","Endocrine -> Endothelial","ls_nmf","membrane",3
"INS",1974,0.982,"pancreas_seeds","Endocrine -> Exocrine epithelial","ls_nmf","membrane",3
"GCG",1673.9,0.983,"pancreas_seeds","Endocrine -> Exocrine epithelial","ls_nmf","membrane",3
"CHGA",118.8,0.934,"pancreas_seeds","Endocrine -> Exocrine epithelial","ls_nmf","membrane",3
"PCSK2",75.8,0.686,"pancreas_seeds","Endocrine -> Exocrine epithelial","ls_nmf","membrane",3
"SST",689,0.976,"pancreas_seeds","Endocrine -> Exocrine epithelial","ls_nmf","membrane",3
"PPY",79.5,0.522,"pancreas_seeds","Endocrine -> Exocrine epithelial","ls_nmf","membrane",3
"SCGN",213.5,0.135,"pancreas_seeds","Endocrine -> Exocrine epithelial","ls_nmf","membrane",3
"MMRN1",29.4,0.728,"pancreas_seeds","Endocrine -> Exocrine epithelial","ls_nmf","membrane",3
"HEPACAM2",35.8,0.149,"pancreas_seeds","Endocrine -> Exocrine epithelial","ls_nmf","membrane",3
"GHRL",94.6,0.069,"pancreas_seeds","Endocrine -> Exocrine epithelial","ls_nmf","membrane",3
"PCP4",22.1,0.129,"pancreas_seeds","Endocrine -> Exocrine epithelial","ls_nmf","membrane",3
"PPP1R1A",58.2,0.064,"pancreas_seeds","Endocrine -> Exocrine epithelial","ls_nmf","membrane",3
"SCGB2A1",14,0.056,"pancreas_seeds","Endocrine -> Exocrine epithelial","ls_nmf","membrane",3
"PRG4",2.6,-0.066,"pancreas_seeds","Endocrine -> Exocrine epithelial","ls_nmf","membrane",3
"SLC18A2",0,0.216,"pancreas_seeds","Endocrine -> Exocrine epithelial","ls_nmf","membrane",3
"TM4SF4",53.2,0.669,"pancreas_seeds","Endocrine -> Exocrine epithelial","ls_nmf","membrane",3
"PGR",12.7,-0.023,"pancreas_seeds","Endocrine -> Exocrine epithelial","ls_nmf","membrane",3
"KCNMA1",17.8,0.53,"pancreas_seeds","Endocrine -> Exocrine epithelial","ls_nmf","membrane",3
"SNCA",0,-0.1,"pancreas_seeds","Endocrine -> Exocrine epithelial","ls_nmf","membrane",3
"ESR1",0,-0.291,"pancreas_seeds","Endocrine -> Exocrine epithelial","ls_nmf","membrane",3
"INS",479.7,0.996,"pancreas_seeds","Endocrine -> Fibroblast / CAF","ls_nmf","membrane",3
"SST",204.1,1,"pancreas_seeds","Endocrine -> Fibroblast / CAF","ls_nmf","membrane",3
"GCG",1154.5,0.944,"pancreas_seeds","Endocrine -> Fibroblast / CAF","ls_nmf","membrane",3
"CHGA",43.2,1,"pancreas_seeds","Endocrine -> Fibroblast / CAF","ls_nmf","membrane",3
"SCGN",142.5,0.768,"pancreas_seeds","Endocrine -> Fibroblast / CAF","ls_nmf","membrane",3
"PCSK2",64.4,0.948,"pancreas_seeds","Endocrine -> Fibroblast / CAF","ls_nmf","membrane",3
"PPY",45.7,1,"pancreas_seeds","Endocrine -> Fibroblast / CAF","ls_nmf","membrane",3
"PPP1R1A",17.3,0.06,"pancreas_seeds","Endocrine -> Fibroblast / CAF","ls_nmf","membrane",3
"HEPACAM2",17.2,0.376,"pancreas_seeds","Endocrine -> Fibroblast / CAF","ls_nmf","membrane",3
"SCGB2A1",25,0.908,"pancreas_seeds","Endocrine -> Fibroblast / CAF","ls_nmf","membrane",3
"TM4SF4",62.2,0.988,"pancreas_seeds","Endocrine -> Fibroblast / CAF","ls_nmf","membrane",3
"GHRL",25.5,0.604,"pancreas_seeds","Endocrine -> Fibroblast / CAF","ls_nmf","membrane",3
"PCP4",9.6,0.037,"pancreas_seeds","Endocrine -> Fibroblast / CAF","ls_nmf","membrane",3
"MMRN1",5.9,1,"pancreas_seeds","Endocrine -> Fibroblast / CAF","ls_nmf","membrane",3
"SLC18A2",4.4,0.269,"pancreas_seeds","Endocrine -> Fibroblast / CAF","ls_nmf","membrane",3
"FXYD2",32.5,0.944,"pancreas_seeds","Endocrine -> Fibroblast / CAF","ls_nmf","membrane",3
"TENT5C",14.8,0.572,"pancreas_seeds","Endocrine -> Fibroblast / CAF","ls_nmf","membrane",3
"KCNMA1",0,0.778,"pancreas_seeds","Endocrine -> Fibroblast / CAF","ls_nmf","membrane",3
"VWA5A",13.8,0.48,"pancreas_seeds","Endocrine -> Fibroblast / CAF","ls_nmf","membrane",3
"SNCA",0.6,1,"pancreas_seeds","Endocrine -> Fibroblast / CAF","ls_nmf","membrane",3
"INS",217.3,0.114,"pancreas_seeds","Endocrine -> Immune","ls_nmf","membrane",3
"GCG",402.5,0.993,"pancreas_seeds","Endocrine -> Immune","ls_nmf","membrane",3
"SST",134.2,0.985,"pancreas_seeds","Endocrine -> Immune","ls_nmf","membrane",3
"CHGA",23.6,0.791,"pancreas_seeds","Endocrine -> Immune","ls_nmf","membrane",3
"SCGN",64,0.622,"pancreas_seeds","Endocrine -> Immune","ls_nmf","membrane",3
"PCSK2",18.7,0.494,"pancreas_seeds","Endocrine -> Immune","ls_nmf","membrane",3
"PPY",14.6,0.762,"pancreas_seeds","Endocrine -> Immune","ls_nmf","membrane",3
"PPP1R1A",4.2,0.4,"pancreas_seeds","Endocrine -> Immune","ls_nmf","membrane",3
"HEPACAM2",6.9,0.43,"pancreas_seeds","Endocrine -> Immune","ls_nmf","membrane",3
"SCGB2A1",8,0.731,"pancreas_seeds","Endocrine -> Immune","ls_nmf","membrane",3
"TM4SF4",19.6,0.679,"pancreas_seeds","Endocrine -> Immune","ls_nmf","membrane",3
"GHRL",9.5,-0.093,"pancreas_seeds","Endocrine -> Immune","ls_nmf","membrane",3
"PCP4",5.8,0.161,"pancreas_seeds","Endocrine -> Immune","ls_nmf","membrane",3
"MMRN1",0,NA,"pancreas_seeds","Endocrine -> Immune","ls_nmf","membrane",3
"SLC18A2",2.3,1,"pancreas_seeds","Endocrine -> Immune","ls_nmf","membrane",3
"PRG4",6.1,0.904,"pancreas_seeds","Endocrine -> Immune","ls_nmf","membrane",3
"FXYD2",20.8,1,"pancreas_seeds","Endocrine -> Immune","ls_nmf","membrane",3
"PGR",4.9,0.643,"pancreas_seeds","Endocrine -> Immune","ls_nmf","membrane",3
"TENT5C",0,NA,"pancreas_seeds","Endocrine -> Immune","ls_nmf","membrane",3
"VWA5A",0.6,0.569,"pancreas_seeds","Endocrine -> Immune","ls_nmf","membrane",3
"PECAM1",783.7,0.901,"pancreas_seeds","Endothelial -> Ductal/tumor epithelial","ls_nmf","membrane",3
"ADGRL4",248,0.933,"pancreas_seeds","Endothelial -> Ductal/tumor epithelial","ls_nmf","membrane",3
"CD93",626,0.343,"pancreas_seeds","Endothelial -> Ductal/tumor epithelial","ls_nmf","membrane",3
"CLEC14A",128.7,0.994,"pancreas_seeds","Endothelial -> Ductal/tumor epithelial","ls_nmf","membrane",3
"VWF",112.7,0.999,"pancreas_seeds","Endothelial -> Ductal/tumor epithelial","ls_nmf","membrane",3
"CD34",422,0.38,"pancreas_seeds","Endothelial -> Ductal/tumor epithelial","ls_nmf","membrane",3
"ECSCR",67.5,0.895,"pancreas_seeds","Endothelial -> Ductal/tumor epithelial","ls_nmf","membrane",3
"ACKR1",39.5,0.475,"pancreas_seeds","Endothelial -> Ductal/tumor epithelial","ls_nmf","membrane",3
"EDNRB",73,0.175,"pancreas_seeds","Endothelial -> Ductal/tumor epithelial","ls_nmf","membrane",3
"SOX17",67.5,0.248,"pancreas_seeds","Endothelial -> Ductal/tumor epithelial","ls_nmf","membrane",3
"STC1",357.7,-0.168,"pancreas_seeds","Endothelial -> Ductal/tumor epithelial","ls_nmf","membrane",3
"APOLD1",146.7,0.32,"pancreas_seeds","Endothelial -> Ductal/tumor epithelial","ls_nmf","membrane",3
"RAMP2",12.5,1,"pancreas_seeds","Endothelial -> Ductal/tumor epithelial","ls_nmf","membrane",3
"TCF4",106.2,-0.266,"pancreas_seeds","Endothelial -> Ductal/tumor epithelial","ls_nmf","membrane",3
"CAVIN2",101.2,0.047,"pancreas_seeds","Endothelial -> Ductal/tumor epithelial","ls_nmf","membrane",3
"IL3RA",0,0.851,"pancreas_seeds","Endothelial -> Ductal/tumor epithelial","ls_nmf","membrane",3
"SELE",5,0.816,"pancreas_seeds","Endothelial -> Ductal/tumor epithelial","ls_nmf","membrane",3
"GNG11",799,-0.003,"pancreas_seeds","Endothelial -> Ductal/tumor epithelial","ls_nmf","membrane",3
"ANGPT2",0,1,"pancreas_seeds","Endothelial -> Ductal/tumor epithelial","ls_nmf","membrane",3
"ERG",23.2,0.688,"pancreas_seeds","Endothelial -> Ductal/tumor epithelial","ls_nmf","membrane",3
"PECAM1",88.2,0.694,"pancreas_seeds","Endothelial -> Endocrine","ls_nmf","membrane",3
"CLEC14A",10,0.701,"pancreas_seeds","Endothelial -> Endocrine","ls_nmf","membrane",3
"VWF",8.6,0.896,"pancreas_seeds","Endothelial -> Endocrine","ls_nmf","membrane",3
"ACKR1",0.6,0.837,"pancreas_seeds","Endothelial -> Endocrine","ls_nmf","membrane",3
"IL3RA",18.7,0.978,"pancreas_seeds","Endothelial -> Endocrine","ls_nmf","membrane",3
"CD93",44.8,0.797,"pancreas_seeds","Endothelial -> Endocrine","ls_nmf","membrane",3
"ADGRL4",37.3,0.841,"pancreas_seeds","Endothelial -> Endocrine","ls_nmf","membrane",3
"STC1",47.2,0.342,"pancreas_seeds","Endothelial -> Endocrine","ls_nmf","membrane",3
"ECSCR",17.6,0.963,"pancreas_seeds","Endothelial -> Endocrine","ls_nmf","membrane",3
"SOX17",19.3,0.489,"pancreas_seeds","Endothelial -> Endocrine","ls_nmf","membrane",3
"CD34",41.5,0.661,"pancreas_seeds","Endothelial -> Endocrine","ls_nmf","membrane",3
"RAPGEF3",6.4,0.66,"pancreas_seeds","Endothelial -> Endocrine","ls_nmf","membrane",3
"APOLD1",76,0.413,"pancreas_seeds","Endothelial -> Endocrine","ls_nmf","membrane",3
"SH2D3C",15.4,0.126,"pancreas_seeds","Endothelial -> Endocrine","ls_nmf","membrane",3
"GNG11",22.9,1,"pancreas_seeds","Endothelial -> Endocrine","ls_nmf","membrane",3
"RAMP2",1.7,0.216,"pancreas_seeds","Endothelial -> Endocrine","ls_nmf","membrane",3
"ERG",2.2,0.86,"pancreas_seeds","Endothelial -> Endocrine","ls_nmf","membrane",3
"MMRN2",28.4,0.217,"pancreas_seeds","Endothelial -> Endocrine","ls_nmf","membrane",3
"TCIM",27.8,0.406,"pancreas_seeds","Endothelial -> Endocrine","ls_nmf","membrane",3
"S100A12",20.6,0.712,"pancreas_seeds","Endothelial -> Endocrine","ls_nmf","membrane",3
"VWF",309.1,0.959,"pancreas_seeds","Endothelial -> Exocrine epithelial","ls_nmf","membrane",3
"CLEC14A",282.8,0.94,"pancreas_seeds","Endothelial -> Exocrine epithelial","ls_nmf","membrane",3
"ADGRL4",451.5,0.937,"pancreas_seeds","Endothelial -> Exocrine epithelial","ls_nmf","membrane",3
"PECAM1",1520.5,0.799,"pancreas_seeds","Endothelial -> Exocrine epithelial","ls_nmf","membrane",3
"ANGPT2",8.7,1,"pancreas_seeds","Endothelial -> Exocrine epithelial","ls_nmf","membrane",3
"ACKR1",107,0.663,"pancreas_seeds","Endothelial -> Exocrine epithelial","ls_nmf","membrane",3
"ECSCR",195.3,0.339,"pancreas_seeds","Endothelial -> Exocrine epithelial","ls_nmf","membrane",3
"CD34",550,0.248,"pancreas_seeds","Endothelial -> Exocrine epithelial","ls_nmf","membrane",3
"CD93",827.3,0.144,"pancreas_seeds","Endothelial -> Exocrine epithelial","ls_nmf","membrane",3
"STC1",484.6,0.257,"pancreas_seeds","Endothelial -> Exocrine epithelial","ls_nmf","membrane",3
"RAMP2",76.7,0.319,"pancreas_seeds","Endothelial -> Exocrine epithelial","ls_nmf","membrane",3
"SOX17",238.7,0.142,"pancreas_seeds","Endothelial -> Exocrine epithelial","ls_nmf","membrane",3
"EGFL7",19,0.477,"pancreas_seeds","Endothelial -> Exocrine epithelial","ls_nmf","membrane",3
"APOLD1",847.2,0.096,"pancreas_seeds","Endothelial -> Exocrine epithelial","ls_nmf","membrane",3
"IL3RA",91,0.042,"pancreas_seeds","Endothelial -> Exocrine epithelial","ls_nmf","membrane",3
"SH2D3C",60.5,0.152,"pancreas_seeds","Endothelial -> Exocrine epithelial","ls_nmf","membrane",3
"HIGD1B",48.7,0.154,"pancreas_seeds","Endothelial -> Exocrine epithelial","ls_nmf","membrane",3
"TCF4",163,0.02,"pancreas_seeds","Endothelial -> Exocrine epithelial","ls_nmf","membrane",3
"EDNRB",140.4,0.19,"pancreas_seeds","Endothelial -> Exocrine epithelial","ls_nmf","membrane",3
"SOX18",12.3,-0.16,"pancreas_seeds","Endothelial -> Exocrine epithelial","ls_nmf","membrane",3
"STC1",425.4,0.974,"pancreas_seeds","Endothelial -> Fibroblast / CAF","ls_nmf","membrane",3
"VWF",608.5,0.992,"pancreas_seeds","Endothelial -> Fibroblast / CAF","ls_nmf","membrane",3
"ACKR1",153,0.919,"pancreas_seeds","Endothelial -> Fibroblast / CAF","ls_nmf","membrane",3
"CLEC14A",314.9,0.98,"pancreas_seeds","Endothelial -> Fibroblast / CAF","ls_nmf","membrane",3
"SOX17",101.6,0.978,"pancreas_seeds","Endothelial -> Fibroblast / CAF","ls_nmf","membrane",3
"APOLD1",697.2,0.475,"pancreas_seeds","Endothelial -> Fibroblast / CAF","ls_nmf","membrane",3
"ECSCR",298.1,0.981,"pancreas_seeds","Endothelial -> Fibroblast / CAF","ls_nmf","membrane",3
"EGFL7",143.7,0.942,"pancreas_seeds","Endothelial -> Fibroblast / CAF","ls_nmf","membrane",3
"ADGRL4",561,0.992,"pancreas_seeds","Endothelial -> Fibroblast / CAF","ls_nmf","membrane",3
"RAMP2",119.4,0.922,"pancreas_seeds","Endothelial -> Fibroblast / CAF","ls_nmf","membrane",3
"CD93",929.9,0.984,"pancreas_seeds","Endothelial -> Fibroblast / CAF","ls_nmf","membrane",3
"PECAM1",1384.2,0.99,"pancreas_seeds","Endothelial -> Fibroblast / CAF","ls_nmf","membrane",3
"BTNL9",41,0.973,"pancreas_seeds","Endothelial -> Fibroblast / CAF","ls_nmf","membrane",3
"IL3RA",95.5,0.929,"pancreas_seeds","Endothelial -> Fibroblast / CAF","ls_nmf","membrane",3
"MMRN2",228.3,0.966,"pancreas_seeds","Endothelial -> Fibroblast / CAF","ls_nmf","membrane",3
"MCF2L",59.6,1,"pancreas_seeds","Endothelial -> Fibroblast / CAF","ls_nmf","membrane",3
"CD34",891.2,0.283,"pancreas_seeds","Endothelial -> Fibroblast / CAF","ls_nmf","membrane",3
"SELE",8.1,0.517,"pancreas_seeds","Endothelial -> Fibroblast / CAF","ls_nmf","membrane",3
"CAVIN2",109.1,0.994,"pancreas_seeds","Endothelial -> Fibroblast / CAF","ls_nmf","membrane",3
"BMX",16.8,0.737,"pancreas_seeds","Endothelial -> Fibroblast / CAF","ls_nmf","membrane",3
"CLEC14A",161.7,0.96,"pancreas_seeds","Endothelial -> Immune","ls_nmf","membrane",3
"VWF",312.4,0.985,"pancreas_seeds","Endothelial -> Immune","ls_nmf","membrane",3
"STC1",234.3,0.992,"pancreas_seeds","Endothelial -> Immune","ls_nmf","membrane",3
"ADGRL4",319.6,0.965,"pancreas_seeds","Endothelial -> Immune","ls_nmf","membrane",3
"RAMP2",61,0.739,"pancreas_seeds","Endothelial -> Immune","ls_nmf","membrane",3
"APOLD1",359.2,0.543,"pancreas_seeds","Endothelial -> Immune","ls_nmf","membrane",3
"SOX17",38.7,0.587,"pancreas_seeds","Endothelial -> Immune","ls_nmf","membrane",3
"ACKR1",99.7,0.692,"pancreas_seeds","Endothelial -> Immune","ls_nmf","membrane",3
"CD34",328,0.476,"pancreas_seeds","Endothelial -> Immune","ls_nmf","membrane",3
"ECSCR",145.1,0.645,"pancreas_seeds","Endothelial -> Immune","ls_nmf","membrane",3
"EGFL7",64,0.683,"pancreas_seeds","Endothelial -> Immune","ls_nmf","membrane",3
"MMRN2",105.6,0.59,"pancreas_seeds","Endothelial -> Immune","ls_nmf","membrane",3
"ANGPT2",60.9,0.809,"pancreas_seeds","Endothelial -> Immune","ls_nmf","membrane",3
"RAPGEF3",13,0.45,"pancreas_seeds","Endothelial -> Immune","ls_nmf","membrane",3
"CAVIN2",38.8,0.257,"pancreas_seeds","Endothelial -> Immune","ls_nmf","membrane",3
"NPDC1",15.2,0.424,"pancreas_seeds","Endothelial -> Immune","ls_nmf","membrane",3
"HIGD1B",25.9,0.596,"pancreas_seeds","Endothelial -> Immune","ls_nmf","membrane",3
"BTNL9",0,-1.553,"pancreas_seeds","Endothelial -> Immune","ls_nmf","membrane",3
"TCIM",150.3,0.359,"pancreas_seeds","Endothelial -> Immune","ls_nmf","membrane",3
"MCF2L",16.8,0.259,"pancreas_seeds","Endothelial -> Immune","ls_nmf","membrane",3
"VWF",51.6,0,"pancreas_seeds","Endothelial -> Mural / pericyte","ls_nmf","membrane",3
"STC1",50.8,0,"pancreas_seeds","Endothelial -> Mural / pericyte","ls_nmf","membrane",3
"CLEC14A",54.5,0,"pancreas_seeds","Endothelial -> Mural / pericyte","ls_nmf","membrane",3
"EGFL7",17.4,0,"pancreas_seeds","Endothelial -> Mural / pericyte","ls_nmf","membrane",3
"PECAM1",163.7,0,"pancreas_seeds","Endothelial -> Mural / pericyte","ls_nmf","membrane",3
"ADGRL4",56.1,0,"pancreas_seeds","Endothelial -> Mural / pericyte","ls_nmf","membrane",3
"ACKR1",12.3,0,"pancreas_seeds","Endothelial -> Mural / pericyte","ls_nmf","membrane",3
"ECSCR",42.3,0,"pancreas_seeds","Endothelial -> Mural / pericyte","ls_nmf","membrane",3
"RAMP2",17.3,0,"pancreas_seeds","Endothelial -> Mural / pericyte","ls_nmf","membrane",3
"CD34",79.6,-0.028,"pancreas_seeds","Endothelial -> Mural / pericyte","ls_nmf","membrane",3
"TM4SF18",8.2,0.11,"pancreas_seeds","Endothelial -> Mural / pericyte","ls_nmf","membrane",3
"CD93",121.9,0,"pancreas_seeds","Endothelial -> Mural / pericyte","ls_nmf","membrane",3
"SOX17",8.3,0,"pancreas_seeds","Endothelial -> Mural / pericyte","ls_nmf","membrane",3
"NPDC1",16.5,0.058,"pancreas_seeds","Endothelial -> Mural / pericyte","ls_nmf","membrane",3
"IL3RA",1.5,0,"pancreas_seeds","Endothelial -> Mural / pericyte","ls_nmf","membrane",3
"BTNL9",2.1,0.241,"pancreas_seeds","Endothelial -> Mural / pericyte","ls_nmf","membrane",3
"MMRN2",28.7,-0.027,"pancreas_seeds","Endothelial -> Mural / pericyte","ls_nmf","membrane",3
"TCIM",52.2,0.096,"pancreas_seeds","Endothelial -> Mural / pericyte","ls_nmf","membrane",3
"SH2D3C",13.6,0.147,"pancreas_seeds","Endothelial -> Mural / pericyte","ls_nmf","membrane",3
"S100A12",4.4,0,"pancreas_seeds","Endothelial -> Mural / pericyte","ls_nmf","membrane",3
"AMY2A",148714.4,0.001,"pancreas_seeds","Exocrine epithelial -> Ductal/tumor epithelial","ls_nmf","membrane",3
"AQP8",11323.4,0,"pancreas_seeds","Exocrine epithelial -> Ductal/tumor epithelial","ls_nmf","membrane",3
"GATM",61550.5,0,"pancreas_seeds","Exocrine epithelial -> Ductal/tumor epithelial","ls_nmf","membrane",3
"ANPEP",9594,0.001,"pancreas_seeds","Exocrine epithelial -> Ductal/tumor epithelial","ls_nmf","membrane",3
"DPEP1",911.6,0.004,"pancreas_seeds","Exocrine epithelial -> Ductal/tumor epithelial","ls_nmf","membrane",3
"KCNK3",1575.5,0.011,"pancreas_seeds","Exocrine epithelial -> Ductal/tumor epithelial","ls_nmf","membrane",3
"KLK11",659.5,0,"pancreas_seeds","Exocrine epithelial -> Ductal/tumor epithelial","ls_nmf","membrane",3
"CPA3",743.1,0.008,"pancreas_seeds","Exocrine epithelial -> Ductal/tumor epithelial","ls_nmf","membrane",3
"GPC3",962.9,0.004,"pancreas_seeds","Exocrine epithelial -> Ductal/tumor epithelial","ls_nmf","membrane",3
"UMOD",247.7,-0.002,"pancreas_seeds","Exocrine epithelial -> Ductal/tumor epithelial","ls_nmf","membrane",3
"PROX1",11709.7,0,"pancreas_seeds","Exocrine epithelial -> Ductal/tumor epithelial","ls_nmf","membrane",3
"PEBP4",65.9,-0.038,"pancreas_seeds","Exocrine epithelial -> Ductal/tumor epithelial","ls_nmf","membrane",3
"DIRAS3",492.3,0.008,"pancreas_seeds","Exocrine epithelial -> Ductal/tumor epithelial","ls_nmf","membrane",3
"HAMP",474.1,0.002,"pancreas_seeds","Exocrine epithelial -> Ductal/tumor epithelial","ls_nmf","membrane",3
"CFTR",110866.7,0,"pancreas_seeds","Exocrine epithelial -> Ductal/tumor epithelial","ls_nmf","membrane",3
"CA4",1681,-0.001,"pancreas_seeds","Exocrine epithelial -> Ductal/tumor epithelial","ls_nmf","membrane",3
"MLANA",14.9,-0.036,"pancreas_seeds","Exocrine epithelial -> Ductal/tumor epithelial","ls_nmf","membrane",3
"FKBP11",477.9,-0.035,"pancreas_seeds","Exocrine epithelial -> Ductal/tumor epithelial","ls_nmf","membrane",3
"GLYATL1",51.9,-0.029,"pancreas_seeds","Exocrine epithelial -> Ductal/tumor epithelial","ls_nmf","membrane",3
"UPK3B",14.7,-0.211,"pancreas_seeds","Exocrine epithelial -> Ductal/tumor epithelial","ls_nmf","membrane",3
"KLK11",12.3,0.956,"pancreas_seeds","Exocrine epithelial -> Endocrine","ls_nmf","membrane",3
"ANPEP",111.6,0.961,"pancreas_seeds","Exocrine epithelial -> Endocrine","ls_nmf","membrane",3
"AQP8",180.5,0.987,"pancreas_seeds","Exocrine epithelial -> Endocrine","ls_nmf","membrane",3
"GATM",1054.2,0.911,"pancreas_seeds","Exocrine epithelial -> Endocrine","ls_nmf","membrane",3
"MYC",18.8,0.985,"pancreas_seeds","Exocrine epithelial -> Endocrine","ls_nmf","membrane",3
"HAMP",6.4,0.843,"pancreas_seeds","Exocrine epithelial -> Endocrine","ls_nmf","membrane",3
"DPEP1",16.3,1,"pancreas_seeds","Exocrine epithelial -> Endocrine","ls_nmf","membrane",3
"UMOD",5.4,0.551,"pancreas_seeds","Exocrine epithelial -> Endocrine","ls_nmf","membrane",3
"AMY2A",3864.7,0.628,"pancreas_seeds","Exocrine epithelial -> Endocrine","ls_nmf","membrane",3
"CFTR",686.1,0.87,"pancreas_seeds","Exocrine epithelial -> Endocrine","ls_nmf","membrane",3
"COCH",5,1,"pancreas_seeds","Exocrine epithelial -> Endocrine","ls_nmf","membrane",3
"GLYATL1",2.1,1,"pancreas_seeds","Exocrine epithelial -> Endocrine","ls_nmf","membrane",3
"GPC3",41,0.89,"pancreas_seeds","Exocrine epithelial -> Endocrine","ls_nmf","membrane",3
"FKBP11",47.1,0.957,"pancreas_seeds","Exocrine epithelial -> Endocrine","ls_nmf","membrane",3
"CA4",10.1,0.78,"pancreas_seeds","Exocrine epithelial -> Endocrine","ls_nmf","membrane",3
"UPK3B",5.1,1,"pancreas_seeds","Exocrine epithelial -> Endocrine","ls_nmf","membrane",3
"RIDA",22.7,0.619,"pancreas_seeds","Exocrine epithelial -> Endocrine","ls_nmf","membrane",3
"MLANA",0.1,1,"pancreas_seeds","Exocrine epithelial -> Endocrine","ls_nmf","membrane",3
"CPA3",0,0.175,"pancreas_seeds","Exocrine epithelial -> Endocrine","ls_nmf","membrane",3
"SMYD2",4.8,1,"pancreas_seeds","Exocrine epithelial -> Endocrine","ls_nmf","membrane",3
"AQP8",1910.5,0.997,"pancreas_seeds","Exocrine epithelial -> Endothelial","ls_nmf","membrane",3
"GATM",10092.4,0.915,"pancreas_seeds","Exocrine epithelial -> Endothelial","ls_nmf","membrane",3
"AMY2A",27517.6,0.795,"pancreas_seeds","Exocrine epithelial -> Endothelial","ls_nmf","membrane",3
"KLK11",129.5,0.985,"pancreas_seeds","Exocrine epithelial -> Endothelial","ls_nmf","membrane",3
"ANPEP",1195.7,0.995,"pancreas_seeds","Exocrine epithelial -> Endothelial","ls_nmf","membrane",3
"CFTR",3501.1,0.997,"pancreas_seeds","Exocrine epithelial -> Endothelial","ls_nmf","membrane",3
"DPEP1",125.7,0.999,"pancreas_seeds","Exocrine epithelial -> Endothelial","ls_nmf","membrane",3
"KCNK3",203.5,0.84,"pancreas_seeds","Exocrine epithelial -> Endothelial","ls_nmf","membrane",3
"UMOD",18.9,0.974,"pancreas_seeds","Exocrine epithelial -> Endothelial","ls_nmf","membrane",3
"CA4",123.8,0.999,"pancreas_seeds","Exocrine epithelial -> Endothelial","ls_nmf","membrane",3
"DIRAS3",40.7,0.984,"pancreas_seeds","Exocrine epithelial -> Endothelial","ls_nmf","membrane",3
"PROX1",481.4,0.998,"pancreas_seeds","Exocrine epithelial -> Endothelial","ls_nmf","membrane",3
"FKBP11",361.8,1,"pancreas_seeds","Exocrine epithelial -> Endothelial","ls_nmf","membrane",3
"PEBP4",15.3,0.819,"pancreas_seeds","Exocrine epithelial -> Endothelial","ls_nmf","membrane",3
"AQP3",74.9,0.858,"pancreas_seeds","Exocrine epithelial -> Endothelial","ls_nmf","membrane",3
"HAMP",78.3,0.961,"pancreas_seeds","Exocrine epithelial -> Endothelial","ls_nmf","membrane",3
"GLYATL1",11.4,0.764,"pancreas_seeds","Exocrine epithelial -> Endothelial","ls_nmf","membrane",3
"RIDA",49.3,0.988,"pancreas_seeds","Exocrine epithelial -> Endothelial","ls_nmf","membrane",3
"COCH",33.3,0.989,"pancreas_seeds","Exocrine epithelial -> Endothelial","ls_nmf","membrane",3
"CPA3",83.3,0.986,"pancreas_seeds","Exocrine epithelial -> Endothelial","ls_nmf","membrane",3
"AQP8",1345.4,1,"pancreas_seeds","Exocrine epithelial -> Fibroblast / CAF","ls_nmf","membrane",3
"GATM",7976.2,0.997,"pancreas_seeds","Exocrine epithelial -> Fibroblast / CAF","ls_nmf","membrane",3
"AMY2A",21865.4,0.994,"pancreas_seeds","Exocrine epithelial -> Fibroblast / CAF","ls_nmf","membrane",3
"KLK11",76.9,1,"pancreas_seeds","Exocrine epithelial -> Fibroblast / CAF","ls_nmf","membrane",3
"CFTR",5032.3,0.999,"pancreas_seeds","Exocrine epithelial -> Fibroblast / CAF","ls_nmf","membrane",3
"ANPEP",859.7,0.966,"pancreas_seeds","Exocrine epithelial -> Fibroblast / CAF","ls_nmf","membrane",3
"PROX1",703.3,0.997,"pancreas_seeds","Exocrine epithelial -> Fibroblast / CAF","ls_nmf","membrane",3
"KCNK3",184.4,0.817,"pancreas_seeds","Exocrine epithelial -> Fibroblast / CAF","ls_nmf","membrane",3
"UMOD",15.1,1,"pancreas_seeds","Exocrine epithelial -> Fibroblast / CAF","ls_nmf","membrane",3
"DIRAS3",42,0.744,"pancreas_seeds","Exocrine epithelial -> Fibroblast / CAF","ls_nmf","membrane",3
"CA4",111.3,0.986,"pancreas_seeds","Exocrine epithelial -> Fibroblast / CAF","ls_nmf","membrane",3
"HAMP",78.8,0.979,"pancreas_seeds","Exocrine epithelial -> Fibroblast / CAF","ls_nmf","membrane",3
"AQP3",59.6,0.844,"pancreas_seeds","Exocrine epithelial -> Fibroblast / CAF","ls_nmf","membrane",3
"RIDA",90.2,0.985,"pancreas_seeds","Exocrine epithelial -> Fibroblast / CAF","ls_nmf","membrane",3
"DPEP1",70.1,0.788,"pancreas_seeds","Exocrine epithelial -> Fibroblast / CAF","ls_nmf","membrane",3
"GLYATL1",3,1,"pancreas_seeds","Exocrine epithelial -> Fibroblast / CAF","ls_nmf","membrane",3
"FKBP11",206.9,0.998,"pancreas_seeds","Exocrine epithelial -> Fibroblast / CAF","ls_nmf","membrane",3
"MYC",206.1,0.861,"pancreas_seeds","Exocrine epithelial -> Fibroblast / CAF","ls_nmf","membrane",3
"COCH",34.4,0.639,"pancreas_seeds","Exocrine epithelial -> Fibroblast / CAF","ls_nmf","membrane",3
"PEBP4",0.3,1,"pancreas_seeds","Exocrine epithelial -> Fibroblast / CAF","ls_nmf","membrane",3
"AQP8",1465.3,0.998,"pancreas_seeds","Exocrine epithelial -> Immune","ls_nmf","membrane",3
"GATM",9605.1,0.994,"pancreas_seeds","Exocrine epithelial -> Immune","ls_nmf","membrane",3
"AMY2A",27334.7,0.925,"pancreas_seeds","Exocrine epithelial -> Immune","ls_nmf","membrane",3
"CFTR",5611,0.999,"pancreas_seeds","Exocrine epithelial -> Immune","ls_nmf","membrane",3
"KLK11",114.3,0.932,"pancreas_seeds","Exocrine epithelial -> Immune","ls_nmf","membrane",3
"PROX1",709.9,0.997,"pancreas_seeds","Exocrine epithelial -> Immune","ls_nmf","membrane",3
"KCNK3",209.5,0.955,"pancreas_seeds","Exocrine epithelial -> Immune","ls_nmf","membrane",3
"ANPEP",1045.8,0.95,"pancreas_seeds","Exocrine epithelial -> Immune","ls_nmf","membrane",3
"DPEP1",98.6,0.996,"pancreas_seeds","Exocrine epithelial -> Immune","ls_nmf","membrane",3
"UMOD",22.3,0.898,"pancreas_seeds","Exocrine epithelial -> Immune","ls_nmf","membrane",3
"CA4",59.6,1,"pancreas_seeds","Exocrine epithelial -> Immune","ls_nmf","membrane",3
"DIRAS3",61.3,0.941,"pancreas_seeds","Exocrine epithelial -> Immune","ls_nmf","membrane",3
"MYC",9.3,1,"pancreas_seeds","Exocrine epithelial -> Immune","ls_nmf","membrane",3
"FKBP11",195.7,0.966,"pancreas_seeds","Exocrine epithelial -> Immune","ls_nmf","membrane",3
"GLYATL1",6.9,0.81,"pancreas_seeds","Exocrine epithelial -> Immune","ls_nmf","membrane",3
"RIDA",43.9,1,"pancreas_seeds","Exocrine epithelial -> Immune","ls_nmf","membrane",3
"AQP3",15.4,1,"pancreas_seeds","Exocrine epithelial -> Immune","ls_nmf","membrane",3
"PEBP4",0,NA,"pancreas_seeds","Exocrine epithelial -> Immune","ls_nmf","membrane",3
"COCH",20.4,0.898,"pancreas_seeds","Exocrine epithelial -> Immune","ls_nmf","membrane",3
"GPC3",178,0.844,"pancreas_seeds","Exocrine epithelial -> Immune","ls_nmf","membrane",3
"AQP8",9.2,1,"pancreas_seeds","Exocrine epithelial -> Mural / pericyte","ls_nmf","membrane",3
"GATM",78.3,0.967,"pancreas_seeds","Exocrine epithelial -> Mural / pericyte","ls_nmf","membrane",3
"AMY2A",443.6,0.874,"pancreas_seeds","Exocrine epithelial -> Mural / pericyte","ls_nmf","membrane",3
"CFTR",76.4,0.214,"pancreas_seeds","Exocrine epithelial -> Mural / pericyte","ls_nmf","membrane",3
"ANPEP",16.5,0.423,"pancreas_seeds","Exocrine epithelial -> Mural / pericyte","ls_nmf","membrane",3
"PROX1",7.3,0.664,"pancreas_seeds","Exocrine epithelial -> Mural / pericyte","ls_nmf","membrane",3
"KLK11",0,NA,"pancreas_seeds","Exocrine epithelial -> Mural / pericyte","ls_nmf","membrane",3
"DPEP1",2,0.805,"pancreas_seeds","Exocrine epithelial -> Mural / pericyte","ls_nmf","membrane",3
"CA4",2.9,0.327,"pancreas_seeds","Exocrine epithelial -> Mural / pericyte","ls_nmf","membrane",3
"FKBP11",7.3,0.273,"pancreas_seeds","Exocrine epithelial -> Mural / pericyte","ls_nmf","membrane",3
"HAMP",0.8,0.649,"pancreas_seeds","Exocrine epithelial -> Mural / pericyte","ls_nmf","membrane",3
"UMOD",0.1,-0.17,"pancreas_seeds","Exocrine epithelial -> Mural / pericyte","ls_nmf","membrane",3
"GLYATL1",0,NA,"pancreas_seeds","Exocrine epithelial -> Mural / pericyte","ls_nmf","membrane",3
"DIRAS3",0,-0.298,"pancreas_seeds","Exocrine epithelial -> Mural / pericyte","ls_nmf","membrane",3
"RIDA",3.7,0.378,"pancreas_seeds","Exocrine epithelial -> Mural / pericyte","ls_nmf","membrane",3
"AQP3",0,NA,"pancreas_seeds","Exocrine epithelial -> Mural / pericyte","ls_nmf","membrane",3
"SMYD2",4.3,0.457,"pancreas_seeds","Exocrine epithelial -> Mural / pericyte","ls_nmf","membrane",3
"COCH",0.8,0,"pancreas_seeds","Exocrine epithelial -> Mural / pericyte","ls_nmf","membrane",3
"UPK3B",1.7,-0.042,"pancreas_seeds","Exocrine epithelial -> Mural / pericyte","ls_nmf","membrane",3
"PEBP4",0,NA,"pancreas_seeds","Exocrine epithelial -> Mural / pericyte","ls_nmf","membrane",3
"SFRP2",2578.9,0.979,"pancreas_seeds","Fibroblast / CAF -> Ductal/tumor epithelial","ls_nmf","membrane",3
"THBS2",2050.8,0.974,"pancreas_seeds","Fibroblast / CAF -> Ductal/tumor epithelial","ls_nmf","membrane",3
"COL5A2",2981.2,0.975,"pancreas_seeds","Fibroblast / CAF -> Ductal/tumor epithelial","ls_nmf","membrane",3
"SFRP4",1182,0.335,"pancreas_seeds","Fibroblast / CAF -> Ductal/tumor epithelial","ls_nmf","membrane",3
"FBN1",2730.7,0.979,"pancreas_seeds","Fibroblast / CAF -> Ductal/tumor epithelial","ls_nmf","membrane",3
"PDGFRA",432.6,0.533,"pancreas_seeds","Fibroblast / CAF -> Ductal/tumor epithelial","ls_nmf","membrane",3
"MFAP5",213.3,0.687,"pancreas_seeds","Fibroblast / CAF -> Ductal/tumor epithelial","ls_nmf","membrane",3
"ASPN",1313.5,0.585,"pancreas_seeds","Fibroblast / CAF -> Ductal/tumor epithelial","ls_nmf","membrane",3
"THY1",1071.3,0.473,"pancreas_seeds","Fibroblast / CAF -> Ductal/tumor epithelial","ls_nmf","membrane",3
"C7",285.9,0.659,"pancreas_seeds","Fibroblast / CAF -> Ductal/tumor epithelial","ls_nmf","membrane",3
"PTGDS",244.7,0.492,"pancreas_seeds","Fibroblast / CAF -> Ductal/tumor epithelial","ls_nmf","membrane",3
"LTBP2",3544,0.176,"pancreas_seeds","Fibroblast / CAF -> Ductal/tumor epithelial","ls_nmf","membrane",3
"INMT",448.1,0.629,"pancreas_seeds","Fibroblast / CAF -> Ductal/tumor epithelial","ls_nmf","membrane",3
"PCOLCE",305.9,0.482,"pancreas_seeds","Fibroblast / CAF -> Ductal/tumor epithelial","ls_nmf","membrane",3
"PDPN",1051.9,0.283,"pancreas_seeds","Fibroblast / CAF -> Ductal/tumor epithelial","ls_nmf","membrane",3
"FBLN1",659.2,0.343,"pancreas_seeds","Fibroblast / CAF -> Ductal/tumor epithelial","ls_nmf","membrane",3
"SRPX",354.6,0.257,"pancreas_seeds","Fibroblast / CAF -> Ductal/tumor epithelial","ls_nmf","membrane",3
"CTSK",2273.5,0.298,"pancreas_seeds","Fibroblast / CAF -> Ductal/tumor epithelial","ls_nmf","membrane",3
"IGF1",151,0.315,"pancreas_seeds","Fibroblast / CAF -> Ductal/tumor epithelial","ls_nmf","membrane",3
"RGS16",206.7,0.352,"pancreas_seeds","Fibroblast / CAF -> Ductal/tumor epithelial","ls_nmf","membrane",3
"MFAP5",7.5,0.867,"pancreas_seeds","Fibroblast / CAF -> Endocrine","ls_nmf","membrane",3
"THBS2",35.1,0.971,"pancreas_seeds","Fibroblast / CAF -> Endocrine","ls_nmf","membrane",3
"VCAN",141.7,0.954,"pancreas_seeds","Fibroblast / CAF -> Endocrine","ls_nmf","membrane",3
"COL5A2",81.6,0.96,"pancreas_seeds","Fibroblast / CAF -> Endocrine","ls_nmf","membrane",3
"BASP1",63.5,0.929,"pancreas_seeds","Fibroblast / CAF -> Endocrine","ls_nmf","membrane",3
"SEMA3C",58,0.388,"pancreas_seeds","Fibroblast / CAF -> Endocrine","ls_nmf","membrane",3
"FBN1",122.2,0.988,"pancreas_seeds","Fibroblast / CAF -> Endocrine","ls_nmf","membrane",3
"LTBP2",76.6,0.965,"pancreas_seeds","Fibroblast / CAF -> Endocrine","ls_nmf","membrane",3
"PDGFRA",72.5,0.558,"pancreas_seeds","Fibroblast / CAF -> Endocrine","ls_nmf","membrane",3
"SFRP2",171.8,0.516,"pancreas_seeds","Fibroblast / CAF -> Endocrine","ls_nmf","membrane",3
"SFRP4",134.6,0.926,"pancreas_seeds","Fibroblast / CAF -> Endocrine","ls_nmf","membrane",3
"CTSK",65.1,0.484,"pancreas_seeds","Fibroblast / CAF -> Endocrine","ls_nmf","membrane",3
"THY1",53.6,0.598,"pancreas_seeds","Fibroblast / CAF -> Endocrine","ls_nmf","membrane",3
"PTGDS",61.5,0.463,"pancreas_seeds","Fibroblast / CAF -> Endocrine","ls_nmf","membrane",3
"PMP22",45.1,0.577,"pancreas_seeds","Fibroblast / CAF -> Endocrine","ls_nmf","membrane",3
"PDPN",28.1,0.832,"pancreas_seeds","Fibroblast / CAF -> Endocrine","ls_nmf","membrane",3
"FBLN1",142.7,0.397,"pancreas_seeds","Fibroblast / CAF -> Endocrine","ls_nmf","membrane",3
"PCOLCE",17,0.95,"pancreas_seeds","Fibroblast / CAF -> Endocrine","ls_nmf","membrane",3
"ASPN",142.2,0.475,"pancreas_seeds","Fibroblast / CAF -> Endocrine","ls_nmf","membrane",3
"INMT",27.6,0.974,"pancreas_seeds","Fibroblast / CAF -> Endocrine","ls_nmf","membrane",3
"THBS2",586,0.983,"pancreas_seeds","Fibroblast / CAF -> Endothelial","ls_nmf","membrane",3
"VCAN",1709,0.99,"pancreas_seeds","Fibroblast / CAF -> Endothelial","ls_nmf","membrane",3
"SFRP2",1815.3,0.986,"pancreas_seeds","Fibroblast / CAF -> Endothelial","ls_nmf","membrane",3
"MFAP5",68.1,0.998,"pancreas_seeds","Fibroblast / CAF -> Endothelial","ls_nmf","membrane",3
"PDPN",460.9,0.545,"pancreas_seeds","Fibroblast / CAF -> Endothelial","ls_nmf","membrane",3
"SEMA3C",230.6,0.619,"pancreas_seeds","Fibroblast / CAF -> Endothelial","ls_nmf","membrane",3
"CTSK",942.3,0.504,"pancreas_seeds","Fibroblast / CAF -> Endothelial","ls_nmf","membrane",3
"LTBP2",701.8,0.487,"pancreas_seeds","Fibroblast / CAF -> Endothelial","ls_nmf","membrane",3
"COL5A2",1779.4,0.626,"pancreas_seeds","Fibroblast / CAF -> Endothelial","ls_nmf","membrane",3
"PDGFRA",327.6,0.448,"pancreas_seeds","Fibroblast / CAF -> Endothelial","ls_nmf","membrane",3
"SFRP4",589.4,0.468,"pancreas_seeds","Fibroblast / CAF -> Endothelial","ls_nmf","membrane",3
"BASP1",534.6,0.431,"pancreas_seeds","Fibroblast / CAF -> Endothelial","ls_nmf","membrane",3
"FBLN1",765.1,0.444,"pancreas_seeds","Fibroblast / CAF -> Endothelial","ls_nmf","membrane",3
"IGF1",163.8,0.445,"pancreas_seeds","Fibroblast / CAF -> Endothelial","ls_nmf","membrane",3
"PTGDS",258.6,0.479,"pancreas_seeds","Fibroblast / CAF -> Endothelial","ls_nmf","membrane",3
"GEM",446.9,0.476,"pancreas_seeds","Fibroblast / CAF -> Endothelial","ls_nmf","membrane",3
"THY1",1575.4,0.462,"pancreas_seeds","Fibroblast / CAF -> Endothelial","ls_nmf","membrane",3
"FBN1",2035.1,0.391,"pancreas_seeds","Fibroblast / CAF -> Endothelial","ls_nmf","membrane",3
"RGS16",181.3,0.506,"pancreas_seeds","Fibroblast / CAF -> Endothelial","ls_nmf","membrane",3
"PCOLCE",339.1,0.516,"pancreas_seeds","Fibroblast / CAF -> Endothelial","ls_nmf","membrane",3
"VCAN",1269.4,0.978,"pancreas_seeds","Fibroblast / CAF -> Exocrine epithelial","ls_nmf","membrane",3
"THBS2",444.9,0.993,"pancreas_seeds","Fibroblast / CAF -> Exocrine epithelial","ls_nmf","membrane",3
"COL5A2",563.1,0.974,"pancreas_seeds","Fibroblast / CAF -> Exocrine epithelial","ls_nmf","membrane",3
"SFRP2",1430,0.977,"pancreas_seeds","Fibroblast / CAF -> Exocrine epithelial","ls_nmf","membrane",3
"FBN1",949.3,0.976,"pancreas_seeds","Fibroblast / CAF -> Exocrine epithelial","ls_nmf","membrane",3
"MFAP5",72.9,0.953,"pancreas_seeds","Fibroblast / CAF -> Exocrine epithelial","ls_nmf","membrane",3
"CTSK",445.7,0.793,"pancreas_seeds","Fibroblast / CAF -> Exocrine epithelial","ls_nmf","membrane",3
"GEM",380.7,0.953,"pancreas_seeds","Fibroblast / CAF -> Exocrine epithelial","ls_nmf","membrane",3
"SEMA3C",239.1,0.958,"pancreas_seeds","Fibroblast / CAF -> Exocrine epithelial","ls_nmf","membrane",3
"LTBP2",904.2,0.247,"pancreas_seeds","Fibroblast / CAF -> Exocrine epithelial","ls_nmf","membrane",3
"BASP1",294.4,0.962,"pancreas_seeds","Fibroblast / CAF -> Exocrine epithelial","ls_nmf","membrane",3
"SFRP4",1255.7,0.161,"pancreas_seeds","Fibroblast / CAF -> Exocrine epithelial","ls_nmf","membrane",3
"THY1",447,0.24,"pancreas_seeds","Fibroblast / CAF -> Exocrine epithelial","ls_nmf","membrane",3
"PDGFRA",559,0.175,"pancreas_seeds","Fibroblast / CAF -> Exocrine epithelial","ls_nmf","membrane",3
"FBLN1",1002.5,0.162,"pancreas_seeds","Fibroblast / CAF -> Exocrine epithelial","ls_nmf","membrane",3
"ASPN",845.4,0.271,"pancreas_seeds","Fibroblast / CAF -> Exocrine epithelial","ls_nmf","membrane",3
"PDPN",332.1,0.168,"pancreas_seeds","Fibroblast / CAF -> Exocrine epithelial","ls_nmf","membrane",3
"PTGDS",207.4,0.713,"pancreas_seeds","Fibroblast / CAF -> Exocrine epithelial","ls_nmf","membrane",3
"PCOLCE",150.5,0.133,"pancreas_seeds","Fibroblast / CAF -> Exocrine epithelial","ls_nmf","membrane",3
"PMP22",543.3,0.18,"pancreas_seeds","Fibroblast / CAF -> Exocrine epithelial","ls_nmf","membrane",3
"SFRP2",3464.4,0.506,"pancreas_seeds","Fibroblast / CAF -> Immune","ls_nmf","membrane",3
"THBS2",2252.7,0.911,"pancreas_seeds","Fibroblast / CAF -> Immune","ls_nmf","membrane",3
"COL5A2",2679.1,0.638,"pancreas_seeds","Fibroblast / CAF -> Immune","ls_nmf","membrane",3
"FBN1",3329.1,0.532,"pancreas_seeds","Fibroblast / CAF -> Immune","ls_nmf","membrane",3
"VCAN",5767.5,0.613,"pancreas_seeds","Fibroblast / CAF -> Immune","ls_nmf","membrane",3
"CTSK",2718.2,0.412,"pancreas_seeds","Fibroblast / CAF -> Immune","ls_nmf","membrane",3
"PDGFRA",1127.5,0.601,"pancreas_seeds","Fibroblast / CAF -> Immune","ls_nmf","membrane",3
"FBLN1",2469.9,0.499,"pancreas_seeds","Fibroblast / CAF -> Immune","ls_nmf","membrane",3
"SFRP4",3399.4,0.432,"pancreas_seeds","Fibroblast / CAF -> Immune","ls_nmf","membrane",3
"MFAP5",594.9,0.443,"pancreas_seeds","Fibroblast / CAF -> Immune","ls_nmf","membrane",3
"LTBP2",2176.2,0.586,"pancreas_seeds","Fibroblast / CAF -> Immune","ls_nmf","membrane",3
"THY1",1569.4,0.519,"pancreas_seeds","Fibroblast / CAF -> Immune","ls_nmf","membrane",3
"GEM",1207,0.482,"pancreas_seeds","Fibroblast / CAF -> Immune","ls_nmf","membrane",3
"PCOLCE",441.8,0.515,"pancreas_seeds","Fibroblast / CAF -> Immune","ls_nmf","membrane",3
"ASPN",2098.9,0.486,"pancreas_seeds","Fibroblast / CAF -> Immune","ls_nmf","membrane",3
"SEMA3C",906.8,0.286,"pancreas_seeds","Fibroblast / CAF -> Immune","ls_nmf","membrane",3
"PTGDS",962.6,0.481,"pancreas_seeds","Fibroblast / CAF -> Immune","ls_nmf","membrane",3
"INMT",614.1,0.386,"pancreas_seeds","Fibroblast / CAF -> Immune","ls_nmf","membrane",3
"APCDD1",384.4,0.56,"pancreas_seeds","Fibroblast / CAF -> Immune","ls_nmf","membrane",3
"SRPX",471.9,0.516,"pancreas_seeds","Fibroblast / CAF -> Immune","ls_nmf","membrane",3
"SFRP2",101.7,0,"pancreas_seeds","Fibroblast / CAF -> Mural / pericyte","ls_nmf","membrane",3
"MFAP5",53.5,0,"pancreas_seeds","Fibroblast / CAF -> Mural / pericyte","ls_nmf","membrane",3
"VCAN",110.6,0,"pancreas_seeds","Fibroblast / CAF -> Mural / pericyte","ls_nmf","membrane",3
"FBLN1",269,0.004,"pancreas_seeds","Fibroblast / CAF -> Mural / pericyte","ls_nmf","membrane",3
"SFRP4",216.4,0.005,"pancreas_seeds","Fibroblast / CAF -> Mural / pericyte","ls_nmf","membrane",3
"THY1",275.2,0.004,"pancreas_seeds","Fibroblast / CAF -> Mural / pericyte","ls_nmf","membrane",3
"CTSK",142.1,0,"pancreas_seeds","Fibroblast / CAF -> Mural / pericyte","ls_nmf","membrane",3
"BASP1",151.2,0,"pancreas_seeds","Fibroblast / CAF -> Mural / pericyte","ls_nmf","membrane",3
"PTGDS",59.5,0,"pancreas_seeds","Fibroblast / CAF -> Mural / pericyte","ls_nmf","membrane",3
"PDPN",109.4,0.009,"pancreas_seeds","Fibroblast / CAF -> Mural / pericyte","ls_nmf","membrane",3
"MEST",56.7,0,"pancreas_seeds","Fibroblast / CAF -> Mural / pericyte","ls_nmf","membrane",3
"ALDH1A3",33.7,0.03,"pancreas_seeds","Fibroblast / CAF -> Mural / pericyte","ls_nmf","membrane",3
"LTBP2",192.5,-0.015,"pancreas_seeds","Fibroblast / CAF -> Mural / pericyte","ls_nmf","membrane",3
"PDGFRA",46.7,0.021,"pancreas_seeds","Fibroblast / CAF -> Mural / pericyte","ls_nmf","membrane",3
"THBS2",134,0,"pancreas_seeds","Fibroblast / CAF -> Mural / pericyte","ls_nmf","membrane",3
"COL5A2",351.4,0,"pancreas_seeds","Fibroblast / CAF -> Mural / pericyte","ls_nmf","membrane",3
"SEMA3C",22.1,0,"pancreas_seeds","Fibroblast / CAF -> Mural / pericyte","ls_nmf","membrane",3
"IGF1",29.9,0.066,"pancreas_seeds","Fibroblast / CAF -> Mural / pericyte","ls_nmf","membrane",3
"DPT",17.5,0,"pancreas_seeds","Fibroblast / CAF -> Mural / pericyte","ls_nmf","membrane",3
"C7",72.8,0.014,"pancreas_seeds","Fibroblast / CAF -> Mural / pericyte","ls_nmf","membrane",3
"IL7R",262,0.988,"pancreas_seeds","Immune -> Ductal/tumor epithelial","ls_nmf","membrane",3
"CD163",440.6,0.958,"pancreas_seeds","Immune -> Ductal/tumor epithelial","ls_nmf","membrane",3
"PTPRC",631.8,0.976,"pancreas_seeds","Immune -> Ductal/tumor epithelial","ls_nmf","membrane",3
"MRC1",251.6,0.978,"pancreas_seeds","Immune -> Ductal/tumor epithelial","ls_nmf","membrane",3
"CD8A",129.8,0.98,"pancreas_seeds","Immune -> Ductal/tumor epithelial","ls_nmf","membrane",3
"MS4A4A",353,0.965,"pancreas_seeds","Immune -> Ductal/tumor epithelial","ls_nmf","membrane",3
"CCL5",240,0.899,"pancreas_seeds","Immune -> Ductal/tumor epithelial","ls_nmf","membrane",3
"VSIG4",311.7,0.895,"pancreas_seeds","Immune -> Ductal/tumor epithelial","ls_nmf","membrane",3
"MS4A6A",739.1,0.85,"pancreas_seeds","Immune -> Ductal/tumor epithelial","ls_nmf","membrane",3
"GZMK",46.8,0.974,"pancreas_seeds","Immune -> Ductal/tumor epithelial","ls_nmf","membrane",3
"CD2",78.3,0.952,"pancreas_seeds","Immune -> Ductal/tumor epithelial","ls_nmf","membrane",3
"GZMA",79.4,0.365,"pancreas_seeds","Immune -> Ductal/tumor epithelial","ls_nmf","membrane",3
"FCGR3A",570.9,0.9,"pancreas_seeds","Immune -> Ductal/tumor epithelial","ls_nmf","membrane",3
"LILRB4",89.2,0.364,"pancreas_seeds","Immune -> Ductal/tumor epithelial","ls_nmf","membrane",3
"GPR183",301.3,0.375,"pancreas_seeds","Immune -> Ductal/tumor epithelial","ls_nmf","membrane",3
"CYTIP",306.8,0.604,"pancreas_seeds","Immune -> Ductal/tumor epithelial","ls_nmf","membrane",3
"FGL2",380.1,0.235,"pancreas_seeds","Immune -> Ductal/tumor epithelial","ls_nmf","membrane",3
"KLRB1",143.5,0.278,"pancreas_seeds","Immune -> Ductal/tumor epithelial","ls_nmf","membrane",3
"IGSF6",345.7,0.174,"pancreas_seeds","Immune -> Ductal/tumor epithelial","ls_nmf","membrane",3
"TRAC",207.7,0.971,"pancreas_seeds","Immune -> Ductal/tumor epithelial","ls_nmf","membrane",3
"IL7R",13.5,1,"pancreas_seeds","Immune -> Endocrine","ls_nmf","membrane",3
"PLA2G7",8.1,1,"pancreas_seeds","Immune -> Endocrine","ls_nmf","membrane",3
"CD163",18,1,"pancreas_seeds","Immune -> Endocrine","ls_nmf","membrane",3
"CSF2RA",19.7,0.366,"pancreas_seeds","Immune -> Endocrine","ls_nmf","membrane",3
"CXCR4",34.3,0.982,"pancreas_seeds","Immune -> Endocrine","ls_nmf","membrane",3
"TRAC",20.2,1,"pancreas_seeds","Immune -> Endocrine","ls_nmf","membrane",3
"MS4A6A",31.2,0.76,"pancreas_seeds","Immune -> Endocrine","ls_nmf","membrane",3
"CD2",7.7,1,"pancreas_seeds","Immune -> Endocrine","ls_nmf","membrane",3
"CD3E",9,0.917,"pancreas_seeds","Immune -> Endocrine","ls_nmf","membrane",3
"VSIG4",12.3,1,"pancreas_seeds","Immune -> Endocrine","ls_nmf","membrane",3
"MS4A1",0.6,1,"pancreas_seeds","Immune -> Endocrine","ls_nmf","membrane",3
"MS4A4A",21,0.869,"pancreas_seeds","Immune -> Endocrine","ls_nmf","membrane",3
"CCL5",16.1,0.874,"pancreas_seeds","Immune -> Endocrine","ls_nmf","membrane",3
"TREM2",8.8,0.886,"pancreas_seeds","Immune -> Endocrine","ls_nmf","membrane",3
"PTPRC",38.6,0.771,"pancreas_seeds","Immune -> Endocrine","ls_nmf","membrane",3
"FCGR3A",14.9,1,"pancreas_seeds","Immune -> Endocrine","ls_nmf","membrane",3
"GZMK",7.8,0.689,"pancreas_seeds","Immune -> Endocrine","ls_nmf","membrane",3
"LILRB4",1.6,1,"pancreas_seeds","Immune -> Endocrine","ls_nmf","membrane",3
"CLEC4E",10.7,0.484,"pancreas_seeds","Immune -> Endocrine","ls_nmf","membrane",3
"GPR183",11.4,0.838,"pancreas_seeds","Immune -> Endocrine","ls_nmf","membrane",3
"IL7R",283.6,0.975,"pancreas_seeds","Immune -> Endothelial","ls_nmf","membrane",3
"LILRB4",36.1,0.889,"pancreas_seeds","Immune -> Endothelial","ls_nmf","membrane",3
"GZMK",44.1,0.814,"pancreas_seeds","Immune -> Endothelial","ls_nmf","membrane",3
"PLA2G7",145.3,0.986,"pancreas_seeds","Immune -> Endothelial","ls_nmf","membrane",3
"CD163",188.7,0.99,"pancreas_seeds","Immune -> Endothelial","ls_nmf","membrane",3
"TREM2",89.2,0.764,"pancreas_seeds","Immune -> Endothelial","ls_nmf","membrane",3
"PTPRC",350.2,0.968,"pancreas_seeds","Immune -> Endothelial","ls_nmf","membrane",3
"CD2",83.3,0.977,"pancreas_seeds","Immune -> Endothelial","ls_nmf","membrane",3
"VSIG4",90.4,0.984,"pancreas_seeds","Immune -> Endothelial","ls_nmf","membrane",3
"CSF2RA",104.4,0.936,"pancreas_seeds","Immune -> Endothelial","ls_nmf","membrane",3
"CD8A",130.4,0.962,"pancreas_seeds","Immune -> Endothelial","ls_nmf","membrane",3
"MS4A6A",416.4,0.981,"pancreas_seeds","Immune -> Endothelial","ls_nmf","membrane",3
"TRAC",258.6,0.395,"pancreas_seeds","Immune -> Endothelial","ls_nmf","membrane",3
"HAVCR2",117.4,0.997,"pancreas_seeds","Immune -> Endothelial","ls_nmf","membrane",3
"FOXP3",38.1,0.868,"pancreas_seeds","Immune -> Endothelial","ls_nmf","membrane",3
"KLRB1",142.4,0.233,"pancreas_seeds","Immune -> Endothelial","ls_nmf","membrane",3
"CTLA4",58.2,0.863,"pancreas_seeds","Immune -> Endothelial","ls_nmf","membrane",3
"CYTIP",183.7,0.335,"pancreas_seeds","Immune -> Endothelial","ls_nmf","membrane",3
"CCL5",196.6,0.505,"pancreas_seeds","Immune -> Endothelial","ls_nmf","membrane",3
"MS4A1",43.1,0.34,"pancreas_seeds","Immune -> Endothelial","ls_nmf","membrane",3
"IL7R",409.6,0.986,"pancreas_seeds","Immune -> Exocrine epithelial","ls_nmf","membrane",3
"CXCR4",921,0.965,"pancreas_seeds","Immune -> Exocrine epithelial","ls_nmf","membrane",3
"PLA2G7",237.9,0.938,"pancreas_seeds","Immune -> Exocrine epithelial","ls_nmf","membrane",3
"PTPRC",661.5,0.991,"pancreas_seeds","Immune -> Exocrine epithelial","ls_nmf","membrane",3
"TRAC",344.3,0.983,"pancreas_seeds","Immune -> Exocrine epithelial","ls_nmf","membrane",3
"CD163",658.1,0.975,"pancreas_seeds","Immune -> Exocrine epithelial","ls_nmf","membrane",3
"MRC1",344.2,0.973,"pancreas_seeds","Immune -> Exocrine epithelial","ls_nmf","membrane",3
"CCL5",354.7,0.844,"pancreas_seeds","Immune -> Exocrine epithelial","ls_nmf","membrane",3
"MS4A4A",543.9,0.953,"pancreas_seeds","Immune -> Exocrine epithelial","ls_nmf","membrane",3
"GZMK",72.9,0.978,"pancreas_seeds","Immune -> Exocrine epithelial","ls_nmf","membrane",3
"CD3E",215.2,0.985,"pancreas_seeds","Immune -> Exocrine epithelial","ls_nmf","membrane",3
"CD2",221.3,0.947,"pancreas_seeds","Immune -> Exocrine epithelial","ls_nmf","membrane",3
"IL2RA",83.4,0.868,"pancreas_seeds","Immune -> Exocrine epithelial","ls_nmf","membrane",3
"VSIG4",357.7,0.925,"pancreas_seeds","Immune -> Exocrine epithelial","ls_nmf","membrane",3
"KLRB1",218.1,0.859,"pancreas_seeds","Immune -> Exocrine epithelial","ls_nmf","membrane",3
"CSF2RA",292.1,0.94,"pancreas_seeds","Immune -> Exocrine epithelial","ls_nmf","membrane",3
"CD8A",331.5,0.915,"pancreas_seeds","Immune -> Exocrine epithelial","ls_nmf","membrane",3
"FCGR3A",579.3,0.586,"pancreas_seeds","Immune -> Exocrine epithelial","ls_nmf","membrane",3
"MS4A6A",917.1,0.466,"pancreas_seeds","Immune -> Exocrine epithelial","ls_nmf","membrane",3
"GZMA",79.9,0.09,"pancreas_seeds","Immune -> Exocrine epithelial","ls_nmf","membrane",3
"MS4A1",480.9,0.563,"pancreas_seeds","Immune -> Fibroblast / CAF","ls_nmf","membrane",3
"NKG7",323.9,0.627,"pancreas_seeds","Immune -> Fibroblast / CAF","ls_nmf","membrane",3
"CD8A",1978.4,0.99,"pancreas_seeds","Immune -> Fibroblast / CAF","ls_nmf","membrane",3
"CXCR4",4575.1,0.767,"pancreas_seeds","Immune -> Fibroblast / CAF","ls_nmf","membrane",3
"PTPRC",4323.9,0.992,"pancreas_seeds","Immune -> Fibroblast / CAF","ls_nmf","membrane",3
"MS4A6A",3003,0.997,"pancreas_seeds","Immune -> Fibroblast / CAF","ls_nmf","membrane",3
"GPR183",1093.3,0.972,"pancreas_seeds","Immune -> Fibroblast / CAF","ls_nmf","membrane",3
"MS4A4A",1736,0.978,"pancreas_seeds","Immune -> Fibroblast / CAF","ls_nmf","membrane",3
"CSF2RA",894.4,0.648,"pancreas_seeds","Immune -> Fibroblast / CAF","ls_nmf","membrane",3
"CD163",1716.5,0.98,"pancreas_seeds","Immune -> Fibroblast / CAF","ls_nmf","membrane",3
"TREM2",354.7,0.91,"pancreas_seeds","Immune -> Fibroblast / CAF","ls_nmf","membrane",3
"PLA2G7",897.4,0.684,"pancreas_seeds","Immune -> Fibroblast / CAF","ls_nmf","membrane",3
"FOXP3",458.9,0.652,"pancreas_seeds","Immune -> Fibroblast / CAF","ls_nmf","membrane",3
"CYTIP",2238.1,0.658,"pancreas_seeds","Immune -> Fibroblast / CAF","ls_nmf","membrane",3
"CD69",933.6,0.976,"pancreas_seeds","Immune -> Fibroblast / CAF","ls_nmf","membrane",3
"FCER1A",326.9,0.969,"pancreas_seeds","Immune -> Fibroblast / CAF","ls_nmf","membrane",3
"IL7R",4963.4,0.991,"pancreas_seeds","Immune -> Fibroblast / CAF","ls_nmf","membrane",3
"VSIG4",622.2,0.945,"pancreas_seeds","Immune -> Fibroblast / CAF","ls_nmf","membrane",3
"KLRB1",1447.4,0.609,"pancreas_seeds","Immune -> Fibroblast / CAF","ls_nmf","membrane",3
"LY86",468.7,0.986,"pancreas_seeds","Immune -> Fibroblast / CAF","ls_nmf","membrane",3
"CD3D",0,0,"pancreas_seeds","Immune -> Mural / pericyte","ls_nmf","membrane",3
"SLAMF7",0,0,"pancreas_seeds","Immune -> Mural / pericyte","ls_nmf","membrane",3
"MS4A1",0,0,"pancreas_seeds","Immune -> Mural / pericyte","ls_nmf","membrane",3
"KLRB1",46.8,0,"pancreas_seeds","Immune -> Mural / pericyte","ls_nmf","membrane",3
"CXCR4",151,0,"pancreas_seeds","Immune -> Mural / pericyte","ls_nmf","membrane",3
"VSIG4",41.7,0,"pancreas_seeds","Immune -> Mural / pericyte","ls_nmf","membrane",3
"CD8A",41.7,0,"pancreas_seeds","Immune -> Mural / pericyte","ls_nmf","membrane",3
"PLA2G7",51.7,0,"pancreas_seeds","Immune -> Mural / pericyte","ls_nmf","membrane",3
"FCN1",0,0,"pancreas_seeds","Immune -> Mural / pericyte","ls_nmf","membrane",3
"MRC1",74.5,0,"pancreas_seeds","Immune -> Mural / pericyte","ls_nmf","membrane",3
"IL7R",113,0,"pancreas_seeds","Immune -> Mural / pericyte","ls_nmf","membrane",3
"MS4A6A",118.5,0,"pancreas_seeds","Immune -> Mural / pericyte","ls_nmf","membrane",3
"CD3E",49.5,0,"pancreas_seeds","Immune -> Mural / pericyte","ls_nmf","membrane",3
"CCL5",65.3,0,"pancreas_seeds","Immune -> Mural / pericyte","ls_nmf","membrane",3
"CD163",49.7,0,"pancreas_seeds","Immune -> Mural / pericyte","ls_nmf","membrane",3
"CD86",29.7,0.067,"pancreas_seeds","Immune -> Mural / pericyte","ls_nmf","membrane",3
"CD79A",36.8,0.023,"pancreas_seeds","Immune -> Mural / pericyte","ls_nmf","membrane",3
"CSF2RA",56.3,0,"pancreas_seeds","Immune -> Mural / pericyte","ls_nmf","membrane",3
"MS4A4A",56.8,0,"pancreas_seeds","Immune -> Mural / pericyte","ls_nmf","membrane",3
"FCER1A",14.8,0,"pancreas_seeds","Immune -> Mural / pericyte","ls_nmf","membrane",3
"MYH11",58.9,0.237,"pancreas_seeds","Mural / pericyte -> Ductal/tumor epithelial","ls_nmf","membrane",3
"MEDAG",12.1,0.924,"pancreas_seeds","Mural / pericyte -> Ductal/tumor epithelial","ls_nmf","membrane",3
"ADAMTS1",98.2,0.294,"pancreas_seeds","Mural / pericyte -> Ductal/tumor epithelial","ls_nmf","membrane",3
"ACTA2",202.4,0.654,"pancreas_seeds","Mural / pericyte -> Ductal/tumor epithelial","ls_nmf","membrane",3
"PDGFRB",106.8,0.947,"pancreas_seeds","Mural / pericyte -> Ductal/tumor epithelial","ls_nmf","membrane",3
"CNN1",62.5,0.297,"pancreas_seeds","Mural / pericyte -> Ductal/tumor epithelial","ls_nmf","membrane",3
"CRISPLD2",56.6,0.869,"pancreas_seeds","Mural / pericyte -> Ductal/tumor epithelial","ls_nmf","membrane",3
"RERGL",0,1,"pancreas_seeds","Mural / pericyte -> Ductal/tumor epithelial","ls_nmf","membrane",3
"MYLK",284.7,0.263,"pancreas_seeds","Mural / pericyte -> Ductal/tumor epithelial","ls_nmf","membrane",3
"CCL19",0.4,-0.945,"pancreas_seeds","Mural / pericyte -> Ductal/tumor epithelial","ls_nmf","membrane",3
"DES",9.7,0.324,"pancreas_seeds","Mural / pericyte -> Ductal/tumor epithelial","ls_nmf","membrane",3
"TIMP4",0.7,-0.047,"pancreas_seeds","Mural / pericyte -> Ductal/tumor epithelial","ls_nmf","membrane",3
"OGN",3.9,0.76,"pancreas_seeds","Mural / pericyte -> Ductal/tumor epithelial","ls_nmf","membrane",3
"IL1RL1",15,0.005,"pancreas_seeds","Mural / pericyte -> Ductal/tumor epithelial","ls_nmf","membrane",3
"MAMDC2",12.7,0.511,"pancreas_seeds","Mural / pericyte -> Ductal/tumor epithelial","ls_nmf","membrane",3
"CAV1",31.9,0.287,"pancreas_seeds","Mural / pericyte -> Ductal/tumor epithelial","ls_nmf","membrane",3
"SNCG",2.9,-0.119,"pancreas_seeds","Mural / pericyte -> Ductal/tumor epithelial","ls_nmf","membrane",3
"RETN",0,NA,"pancreas_seeds","Mural / pericyte -> Ductal/tumor epithelial","ls_nmf","membrane",3
"MEF2C",25.6,0.284,"pancreas_seeds","Mural / pericyte -> Ductal/tumor epithelial","ls_nmf","membrane",3
"PTN",18.8,0.175,"pancreas_seeds","Mural / pericyte -> Ductal/tumor epithelial","ls_nmf","membrane",3
"MYH11",543.6,0.432,"pancreas_seeds","Mural / pericyte -> Endothelial","ls_nmf","membrane",3
"TNC",178.9,0.524,"pancreas_seeds","Mural / pericyte -> Endothelial","ls_nmf","membrane",3
"CNN1",165.8,0.533,"pancreas_seeds","Mural / pericyte -> Endothelial","ls_nmf","membrane",3
"RERGL",58.1,0.286,"pancreas_seeds","Mural / pericyte -> Endothelial","ls_nmf","membrane",3
"MEDAG",198.2,0.131,"pancreas_seeds","Mural / pericyte -> Endothelial","ls_nmf","membrane",3
"DES",34.8,0.512,"pancreas_seeds","Mural / pericyte -> Endothelial","ls_nmf","membrane",3
"ACTA2",715.8,0.545,"pancreas_seeds","Mural / pericyte -> Endothelial","ls_nmf","membrane",3
"MYLK",538.2,0.517,"pancreas_seeds","Mural / pericyte -> Endothelial","ls_nmf","membrane",3
"ACTG2",295.3,0.422,"pancreas_seeds","Mural / pericyte -> Endothelial","ls_nmf","membrane",3
"CRISPLD2",167.3,0.459,"pancreas_seeds","Mural / pericyte -> Endothelial","ls_nmf","membrane",3
"ADAMTS1",2045.6,0.086,"pancreas_seeds","Mural / pericyte -> Endothelial","ls_nmf","membrane",3
"TIMP4",14.4,-0.164,"pancreas_seeds","Mural / pericyte -> Endothelial","ls_nmf","membrane",3
"OGN",8.1,0.221,"pancreas_seeds","Mural / pericyte -> Endothelial","ls_nmf","membrane",3
"PLIN4",3.2,-0.058,"pancreas_seeds","Mural / pericyte -> Endothelial","ls_nmf","membrane",3
"CCDC78",0,0.054,"pancreas_seeds","Mural / pericyte -> Endothelial","ls_nmf","membrane",3
"ASCL1",2.9,0.232,"pancreas_seeds","Mural / pericyte -> Endothelial","ls_nmf","membrane",3
"SLC4A1",4.4,0.211,"pancreas_seeds","Mural / pericyte -> Endothelial","ls_nmf","membrane",3
"TBX3",13.8,0.232,"pancreas_seeds","Mural / pericyte -> Endothelial","ls_nmf","membrane",3
"SNCG",4.7,0.189,"pancreas_seeds","Mural / pericyte -> Endothelial","ls_nmf","membrane",3
"MAMDC2",19.2,0.285,"pancreas_seeds","Mural / pericyte -> Endothelial","ls_nmf","membrane",3
"MYH11",19.9,0.973,"pancreas_seeds","Mural / pericyte -> Exocrine epithelial","ls_nmf","membrane",3
"MEDAG",1.2,0.331,"pancreas_seeds","Mural / pericyte -> Exocrine epithelial","ls_nmf","membrane",3
"TNC",29.9,0.947,"pancreas_seeds","Mural / pericyte -> Exocrine epithelial","ls_nmf","membrane",3
"ACTA2",50.1,0.983,"pancreas_seeds","Mural / pericyte -> Exocrine epithelial","ls_nmf","membrane",3
"CNN1",8.7,0.174,"pancreas_seeds","Mural / pericyte -> Exocrine epithelial","ls_nmf","membrane",3
"ADAMTS1",97.3,0.537,"pancreas_seeds","Mural / pericyte -> Exocrine epithelial","ls_nmf","membrane",3
"PDGFRB",40.8,1,"pancreas_seeds","Mural / pericyte -> Exocrine epithelial","ls_nmf","membrane",3
"MYLK",80.5,0.455,"pancreas_seeds","Mural / pericyte -> Exocrine epithelial","ls_nmf","membrane",3
"CRISPLD2",37.3,0.28,"pancreas_seeds","Mural / pericyte -> Exocrine epithelial","ls_nmf","membrane",3
"TBX3",7,0.231,"pancreas_seeds","Mural / pericyte -> Exocrine epithelial","ls_nmf","membrane",3
"SNCG",0,NA,"pancreas_seeds","Mural / pericyte -> Exocrine epithelial","ls_nmf","membrane",3
"RERGL",1.1,0.659,"pancreas_seeds","Mural / pericyte -> Exocrine epithelial","ls_nmf","membrane",3
"CCL19",0.4,0.457,"pancreas_seeds","Mural / pericyte -> Exocrine epithelial","ls_nmf","membrane",3
"TIMP4",13.4,0.151,"pancreas_seeds","Mural / pericyte -> Exocrine epithelial","ls_nmf","membrane",3
"CAVIN1",19.2,0.366,"pancreas_seeds","Mural / pericyte -> Exocrine epithelial","ls_nmf","membrane",3
"DES",2.2,0.318,"pancreas_seeds","Mural / pericyte -> Exocrine epithelial","ls_nmf","membrane",3
"CAV1",0,0.136,"pancreas_seeds","Mural / pericyte -> Exocrine epithelial","ls_nmf","membrane",3
"ACTG2",4.8,0.218,"pancreas_seeds","Mural / pericyte -> Exocrine epithelial","ls_nmf","membrane",3
"TMEM100",6.1,0.509,"pancreas_seeds","Mural / pericyte -> Exocrine epithelial","ls_nmf","membrane",3
"OGN",8.4,0.029,"pancreas_seeds","Mural / pericyte -> Exocrine epithelial","ls_nmf","membrane",3
"RERGL",40,0.038,"pancreas_seeds","Mural / pericyte -> Fibroblast / CAF","ls_nmf","membrane",3
"MYH11",564.3,0.043,"pancreas_seeds","Mural / pericyte -> Fibroblast / CAF","ls_nmf","membrane",3
"ADAMTS1",533.7,-0.001,"pancreas_seeds","Mural / pericyte -> Fibroblast / CAF","ls_nmf","membrane",3
"SNCG",9.5,0.176,"pancreas_seeds","Mural / pericyte -> Fibroblast / CAF","ls_nmf","membrane",3
"MEDAG",271.4,0.026,"pancreas_seeds","Mural / pericyte -> Fibroblast / CAF","ls_nmf","membrane",3
"CNN1",180,0.046,"pancreas_seeds","Mural / pericyte -> Fibroblast / CAF","ls_nmf","membrane",3
"TNC",467.6,0.066,"pancreas_seeds","Mural / pericyte -> Fibroblast / CAF","ls_nmf","membrane",3
"DES",107.3,-0.017,"pancreas_seeds","Mural / pericyte -> Fibroblast / CAF","ls_nmf","membrane",3
"LGI4",24.9,0.017,"pancreas_seeds","Mural / pericyte -> Fibroblast / CAF","ls_nmf","membrane",3
"CAV1",50.4,-0.013,"pancreas_seeds","Mural / pericyte -> Fibroblast / CAF","ls_nmf","membrane",3
"HES4",5.1,-0.002,"pancreas_seeds","Mural / pericyte -> Fibroblast / CAF","ls_nmf","membrane",3
"ADH4",9,0.73,"pancreas_seeds","Mural / pericyte -> Fibroblast / CAF","ls_nmf","membrane",3
"PLIN4",0,-0.091,"pancreas_seeds","Mural / pericyte -> Fibroblast / CAF","ls_nmf","membrane",3
"RETN",3.7,-0.168,"pancreas_seeds","Mural / pericyte -> Fibroblast / CAF","ls_nmf","membrane",3
"CDH16",12.5,0.01,"pancreas_seeds","Mural / pericyte -> Fibroblast / CAF","ls_nmf","membrane",3
"SLC4A1",9.8,0.111,"pancreas_seeds","Mural / pericyte -> Fibroblast / CAF","ls_nmf","membrane",3
"AHSP",0,0.009,"pancreas_seeds","Mural / pericyte -> Fibroblast / CAF","ls_nmf","membrane",3
"LY6D",1.9,-0.037,"pancreas_seeds","Mural / pericyte -> Fibroblast / CAF","ls_nmf","membrane",3
"TIMP4",0,-0.027,"pancreas_seeds","Mural / pericyte -> Fibroblast / CAF","ls_nmf","membrane",3
"DNAAF1",7.2,0.172,"pancreas_seeds","Mural / pericyte -> Fibroblast / CAF","ls_nmf","membrane",3
"MYH11",358.1,0.778,"pancreas_seeds","Mural / pericyte -> Immune","ls_nmf","membrane",3
"ADAMTS1",354.9,0.985,"pancreas_seeds","Mural / pericyte -> Immune","ls_nmf","membrane",3
"CNN1",99.2,0.584,"pancreas_seeds","Mural / pericyte -> Immune","ls_nmf","membrane",3
"RERGL",22.3,0.662,"pancreas_seeds","Mural / pericyte -> Immune","ls_nmf","membrane",3
"MEDAG",66.4,0.826,"pancreas_seeds","Mural / pericyte -> Immune","ls_nmf","membrane",3
"TNC",313.3,0.86,"pancreas_seeds","Mural / pericyte -> Immune","ls_nmf","membrane",3
"ACTA2",271.8,0.77,"pancreas_seeds","Mural / pericyte -> Immune","ls_nmf","membrane",3
"MYLK",261.5,0.66,"pancreas_seeds","Mural / pericyte -> Immune","ls_nmf","membrane",3
"DES",29.9,0.564,"pancreas_seeds","Mural / pericyte -> Immune","ls_nmf","membrane",3
"CAV1",43.9,0.765,"pancreas_seeds","Mural / pericyte -> Immune","ls_nmf","membrane",3
"SNCG",0,-0.699,"pancreas_seeds","Mural / pericyte -> Immune","ls_nmf","membrane",3
"PDGFRB",339.5,0.826,"pancreas_seeds","Mural / pericyte -> Immune","ls_nmf","membrane",3
"CRISPLD2",223.9,0.822,"pancreas_seeds","Mural / pericyte -> Immune","ls_nmf","membrane",3
"TBX3",54.5,0.682,"pancreas_seeds","Mural / pericyte -> Immune","ls_nmf","membrane",3
"HES4",0.1,0.67,"pancreas_seeds","Mural / pericyte -> Immune","ls_nmf","membrane",3
"TIMP4",34.5,0.688,"pancreas_seeds","Mural / pericyte -> Immune","ls_nmf","membrane",3
"CAVIN1",175.1,0.739,"pancreas_seeds","Mural / pericyte -> Immune","ls_nmf","membrane",3
"ACTG2",6.7,0.126,"pancreas_seeds","Mural / pericyte -> Immune","ls_nmf","membrane",3
"ADH4",3,0.946,"pancreas_seeds","Mural / pericyte -> Immune","ls_nmf","membrane",3
"LGI4",5.4,0.273,"pancreas_seeds","Mural / pericyte -> Immune","ls_nmf","membrane",3
"GPX2",75.7,1,"pancreas_seeds","Ductal/tumor epithelial -> Endothelial","invsqrt_kl","membrane",3
"TMC5",122.2,1,"pancreas_seeds","Ductal/tumor epithelial -> Endothelial","invsqrt_kl","membrane",3
"SERPINB3",9.6,0.938,"pancreas_seeds","Ductal/tumor epithelial -> Endothelial","invsqrt_kl","membrane",3
"COL17A1",0,NA,"pancreas_seeds","Ductal/tumor epithelial -> Endothelial","invsqrt_kl","membrane",3
"CAPN8",2.6,1,"pancreas_seeds","Ductal/tumor epithelial -> Endothelial","invsqrt_kl","membrane",3
"DMBT1",15.6,1,"pancreas_seeds","Ductal/tumor epithelial -> Endothelial","invsqrt_kl","membrane",3
"GPRC5A",0,1,"pancreas_seeds","Ductal/tumor epithelial -> Endothelial","invsqrt_kl","membrane",3
"EPCAM",539.4,0.998,"pancreas_seeds","Ductal/tumor epithelial -> Endothelial","invsqrt_kl","membrane",3
"EHF",253.7,0.991,"pancreas_seeds","Ductal/tumor epithelial -> Endothelial","invsqrt_kl","membrane",3
"CXCL6",491.2,1,"pancreas_seeds","Ductal/tumor epithelial -> Endothelial","invsqrt_kl","membrane",3
"KRT7",89.5,1,"pancreas_seeds","Ductal/tumor epithelial -> Endothelial","invsqrt_kl","membrane",3
"FOXJ1",0,1,"pancreas_seeds","Ductal/tumor epithelial -> Endothelial","invsqrt_kl","membrane",3
"LIF",27.8,0.966,"pancreas_seeds","Ductal/tumor epithelial -> Endothelial","invsqrt_kl","membrane",3
"SERPINB2",9.1,1,"pancreas_seeds","Ductal/tumor epithelial -> Endothelial","invsqrt_kl","membrane",3
"C15orf48",42.4,0.984,"pancreas_seeds","Ductal/tumor epithelial -> Endothelial","invsqrt_kl","membrane",3
"PPP1R1B",336.8,0.997,"pancreas_seeds","Ductal/tumor epithelial -> Endothelial","invsqrt_kl","membrane",3
"BAMBI",31.6,1,"pancreas_seeds","Ductal/tumor epithelial -> Endothelial","invsqrt_kl","membrane",3
"CFB",625.4,0.998,"pancreas_seeds","Ductal/tumor epithelial -> Endothelial","invsqrt_kl","membrane",3
"LGR5",1.5,1,"pancreas_seeds","Ductal/tumor epithelial -> Endothelial","invsqrt_kl","membrane",3
"FOXA1",0,1,"pancreas_seeds","Ductal/tumor epithelial -> Endothelial","invsqrt_kl","membrane",3
"SERPINB3",96.4,0.041,"pancreas_seeds","Ductal/tumor epithelial -> Exocrine epithelial","invsqrt_kl","membrane",3
"COL17A1",63,0.032,"pancreas_seeds","Ductal/tumor epithelial -> Exocrine epithelial","invsqrt_kl","membrane",3
"GPRC5A",29.8,0.129,"pancreas_seeds","Ductal/tumor epithelial -> Exocrine epithelial","invsqrt_kl","membrane",3
"CAPN8",125.4,0.024,"pancreas_seeds","Ductal/tumor epithelial -> Exocrine epithelial","invsqrt_kl","membrane",3
"DMBT1",255,0.008,"pancreas_seeds","Ductal/tumor epithelial -> Exocrine epithelial","invsqrt_kl","membrane",3
"MALL",154.8,0.112,"pancreas_seeds","Ductal/tumor epithelial -> Exocrine epithelial","invsqrt_kl","membrane",3
"TMC5",2078.2,0.85,"pancreas_seeds","Ductal/tumor epithelial -> Exocrine epithelial","invsqrt_kl","membrane",3
"GPX2",1424,0.875,"pancreas_seeds","Ductal/tumor epithelial -> Exocrine epithelial","invsqrt_kl","membrane",3
"LIF",144.9,0.08,"pancreas_seeds","Ductal/tumor epithelial -> Exocrine epithelial","invsqrt_kl","membrane",3
"MKI67",78.6,-0.047,"pancreas_seeds","Ductal/tumor epithelial -> Exocrine epithelial","invsqrt_kl","membrane",3
"FHL2",117.2,0.276,"pancreas_seeds","Ductal/tumor epithelial -> Exocrine epithelial","invsqrt_kl","membrane",3
"FOXJ1",0,NA,"pancreas_seeds","Ductal/tumor epithelial -> Exocrine epithelial","invsqrt_kl","membrane",3
"UBE2C",0,NA,"pancreas_seeds","Ductal/tumor epithelial -> Exocrine epithelial","invsqrt_kl","membrane",3
"CCNB2",51.3,0.078,"pancreas_seeds","Ductal/tumor epithelial -> Exocrine epithelial","invsqrt_kl","membrane",3
"SERPINB2",101.2,0.03,"pancreas_seeds","Ductal/tumor epithelial -> Exocrine epithelial","invsqrt_kl","membrane",3
"CENPF",99.6,0.01,"pancreas_seeds","Ductal/tumor epithelial -> Exocrine epithelial","invsqrt_kl","membrane",3
"FOXA1",0,NA,"pancreas_seeds","Ductal/tumor epithelial -> Exocrine epithelial","invsqrt_kl","membrane",3
"LGR5",8.3,0.441,"pancreas_seeds","Ductal/tumor epithelial -> Exocrine epithelial","invsqrt_kl","membrane",3
"CDK1",144.3,0.097,"pancreas_seeds","Ductal/tumor epithelial -> Exocrine epithelial","invsqrt_kl","membrane",3
"CXCL6",5252.3,0.998,"pancreas_seeds","Ductal/tumor epithelial -> Exocrine epithelial","invsqrt_kl","membrane",3
"GPX2",733,0.99,"pancreas_seeds","Ductal/tumor epithelial -> Fibroblast / CAF","invsqrt_kl","membrane",3
"TMC5",650.9,0.995,"pancreas_seeds","Ductal/tumor epithelial -> Fibroblast / CAF","invsqrt_kl","membrane",3
"COL17A1",178.6,0.992,"pancreas_seeds","Ductal/tumor epithelial -> Fibroblast / CAF","invsqrt_kl","membrane",3
"EPCAM",2659,0.993,"pancreas_seeds","Ductal/tumor epithelial -> Fibroblast / CAF","invsqrt_kl","membrane",3
"DMBT1",194.4,0.997,"pancreas_seeds","Ductal/tumor epithelial -> Fibroblast / CAF","invsqrt_kl","membrane",3
"CAPN8",167.2,0.988,"pancreas_seeds","Ductal/tumor epithelial -> Fibroblast / CAF","invsqrt_kl","membrane",3
"EHF",974.8,0.995,"pancreas_seeds","Ductal/tumor epithelial -> Fibroblast / CAF","invsqrt_kl","membrane",3
"SERPINB3",897.5,1,"pancreas_seeds","Ductal/tumor epithelial -> Fibroblast / CAF","invsqrt_kl","membrane",3
"GPRC5A",2341.6,0.999,"pancreas_seeds","Ductal/tumor epithelial -> Fibroblast / CAF","invsqrt_kl","membrane",3
"MET",556.3,0.992,"pancreas_seeds","Ductal/tumor epithelial -> Fibroblast / CAF","invsqrt_kl","membrane",3
"ARFGEF3",201.9,0.99,"pancreas_seeds","Ductal/tumor epithelial -> Fibroblast / CAF","invsqrt_kl","membrane",3
"FOXJ1",62,0.952,"pancreas_seeds","Ductal/tumor epithelial -> Fibroblast / CAF","invsqrt_kl","membrane",3
"FOXA1",25.6,1,"pancreas_seeds","Ductal/tumor epithelial -> Fibroblast / CAF","invsqrt_kl","membrane",3
"PPP1R1B",693.6,0.994,"pancreas_seeds","Ductal/tumor epithelial -> Fibroblast / CAF","invsqrt_kl","membrane",3
"MALL",1229.9,0.993,"pancreas_seeds","Ductal/tumor epithelial -> Fibroblast / CAF","invsqrt_kl","membrane",3
"CXCL6",1658.2,0.995,"pancreas_seeds","Ductal/tumor epithelial -> Fibroblast / CAF","invsqrt_kl","membrane",3
"SERPINB2",94.9,0.993,"pancreas_seeds","Ductal/tumor epithelial -> Fibroblast / CAF","invsqrt_kl","membrane",3
"UBE2C",223.1,0.985,"pancreas_seeds","Ductal/tumor epithelial -> Fibroblast / CAF","invsqrt_kl","membrane",3
"KRT7",332.6,0.999,"pancreas_seeds","Ductal/tumor epithelial -> Fibroblast / CAF","invsqrt_kl","membrane",3
"BAMBI",434.4,0.998,"pancreas_seeds","Ductal/tumor epithelial -> Fibroblast / CAF","invsqrt_kl","membrane",3
"GPX2",474.6,1,"pancreas_seeds","Ductal/tumor epithelial -> Immune","invsqrt_kl","membrane",3
"COL17A1",82.9,0.991,"pancreas_seeds","Ductal/tumor epithelial -> Immune","invsqrt_kl","membrane",3
"EPCAM",1035.5,0.595,"pancreas_seeds","Ductal/tumor epithelial -> Immune","invsqrt_kl","membrane",3
"TMC5",406.1,0.998,"pancreas_seeds","Ductal/tumor epithelial -> Immune","invsqrt_kl","membrane",3
"GPRC5A",793.4,1,"pancreas_seeds","Ductal/tumor epithelial -> Immune","invsqrt_kl","membrane",3
"SERPINB3",248.3,1,"pancreas_seeds","Ductal/tumor epithelial -> Immune","invsqrt_kl","membrane",3
"DMBT1",135.4,1,"pancreas_seeds","Ductal/tumor epithelial -> Immune","invsqrt_kl","membrane",3
"CAPN8",79.9,1,"pancreas_seeds","Ductal/tumor epithelial -> Immune","invsqrt_kl","membrane",3
"FOXA1",8.3,0,"pancreas_seeds","Ductal/tumor epithelial -> Immune","invsqrt_kl","membrane",3
"MET",295.5,0.714,"pancreas_seeds","Ductal/tumor epithelial -> Immune","invsqrt_kl","membrane",3
"MALL",382.7,1,"pancreas_seeds","Ductal/tumor epithelial -> Immune","invsqrt_kl","membrane",3
"FOXJ1",30.3,1,"pancreas_seeds","Ductal/tumor epithelial -> Immune","invsqrt_kl","membrane",3
"ARFGEF3",134.1,0.585,"pancreas_seeds","Ductal/tumor epithelial -> Immune","invsqrt_kl","membrane",3
"EHF",557.6,0.678,"pancreas_seeds","Ductal/tumor epithelial -> Immune","invsqrt_kl","membrane",3
"CXCL6",1333.9,0.999,"pancreas_seeds","Ductal/tumor epithelial -> Immune","invsqrt_kl","membrane",3
"PPP1R1B",532.8,0.994,"pancreas_seeds","Ductal/tumor epithelial -> Immune","invsqrt_kl","membrane",3
"KRT7",316.3,1,"pancreas_seeds","Ductal/tumor epithelial -> Immune","invsqrt_kl","membrane",3
"CFB",1381.7,0.999,"pancreas_seeds","Ductal/tumor epithelial -> Immune","invsqrt_kl","membrane",3
"BAMBI",139.5,1,"pancreas_seeds","Ductal/tumor epithelial -> Immune","invsqrt_kl","membrane",3
"ERBB2",108.3,0.979,"pancreas_seeds","Ductal/tumor epithelial -> Immune","invsqrt_kl","membrane",3
"GPX2",20.8,0.866,"pancreas_seeds","Ductal/tumor epithelial -> Mural / pericyte","invsqrt_kl","membrane",3
"EHF",20.3,0.239,"pancreas_seeds","Ductal/tumor epithelial -> Mural / pericyte","invsqrt_kl","membrane",3
"EPCAM",43.2,0.853,"pancreas_seeds","Ductal/tumor epithelial -> Mural / pericyte","invsqrt_kl","membrane",3
"COL17A1",7.4,1,"pancreas_seeds","Ductal/tumor epithelial -> Mural / pericyte","invsqrt_kl","membrane",3
"SERPINB3",19.5,1,"pancreas_seeds","Ductal/tumor epithelial -> Mural / pericyte","invsqrt_kl","membrane",3
"TMC5",21.4,0.8,"pancreas_seeds","Ductal/tumor epithelial -> Mural / pericyte","invsqrt_kl","membrane",3
"DMBT1",5.3,1,"pancreas_seeds","Ductal/tumor epithelial -> Mural / pericyte","invsqrt_kl","membrane",3
"CXCL6",71.4,0,"pancreas_seeds","Ductal/tumor epithelial -> Mural / pericyte","invsqrt_kl","membrane",3
"GPRC5A",52.8,1,"pancreas_seeds","Ductal/tumor epithelial -> Mural / pericyte","invsqrt_kl","membrane",3
"ARFGEF3",4.1,0.777,"pancreas_seeds","Ductal/tumor epithelial -> Mural / pericyte","invsqrt_kl","membrane",3
"CAPN8",9,1,"pancreas_seeds","Ductal/tumor epithelial -> Mural / pericyte","invsqrt_kl","membrane",3
"KRT7",20.6,1,"pancreas_seeds","Ductal/tumor epithelial -> Mural / pericyte","invsqrt_kl","membrane",3
"MET",22.5,1,"pancreas_seeds","Ductal/tumor epithelial -> Mural / pericyte","invsqrt_kl","membrane",3
"C15orf48",32.5,1,"pancreas_seeds","Ductal/tumor epithelial -> Mural / pericyte","invsqrt_kl","membrane",3
"MALL",27.1,0.783,"pancreas_seeds","Ductal/tumor epithelial -> Mural / pericyte","invsqrt_kl","membrane",3
"FOXJ1",1.1,1,"pancreas_seeds","Ductal/tumor epithelial -> Mural / pericyte","invsqrt_kl","membrane",3
"SERPINB2",5.9,1,"pancreas_seeds","Ductal/tumor epithelial -> Mural / pericyte","invsqrt_kl","membrane",3
"MKI67",12.5,1,"pancreas_seeds","Ductal/tumor epithelial -> Mural / pericyte","invsqrt_kl","membrane",3
"PPP1R1B",9,0,"pancreas_seeds","Ductal/tumor epithelial -> Mural / pericyte","invsqrt_kl","membrane",3
"UBE2C",6.9,1,"pancreas_seeds","Ductal/tumor epithelial -> Mural / pericyte","invsqrt_kl","membrane",3
"INS",540.8,0.995,"pancreas_seeds","Endocrine -> Ductal/tumor epithelial","invsqrt_kl","membrane",3
"SST",212.1,0.991,"pancreas_seeds","Endocrine -> Ductal/tumor epithelial","invsqrt_kl","membrane",3
"GCG",867.1,0.998,"pancreas_seeds","Endocrine -> Ductal/tumor epithelial","invsqrt_kl","membrane",3
"CHGA",49.7,1,"pancreas_seeds","Endocrine -> Ductal/tumor epithelial","invsqrt_kl","membrane",3
"PCSK2",42.2,0.955,"pancreas_seeds","Endocrine -> Ductal/tumor epithelial","invsqrt_kl","membrane",3
"SCGN",79.8,0.992,"pancreas_seeds","Endocrine -> Ductal/tumor epithelial","invsqrt_kl","membrane",3
"HEPACAM2",13.8,0.872,"pancreas_seeds","Endocrine -> Ductal/tumor epithelial","invsqrt_kl","membrane",3
"PPY",43,1,"pancreas_seeds","Endocrine -> Ductal/tumor epithelial","invsqrt_kl","membrane",3
"GHRL",32.2,0,"pancreas_seeds","Endocrine -> Ductal/tumor epithelial","invsqrt_kl","membrane",3
"PPP1R1A",12.8,1,"pancreas_seeds","Endocrine -> Ductal/tumor epithelial","invsqrt_kl","membrane",3
"PCP4",21.8,1,"pancreas_seeds","Endocrine -> Ductal/tumor epithelial","invsqrt_kl","membrane",3
"MMRN1",11.5,1,"pancreas_seeds","Endocrine -> Ductal/tumor epithelial","invsqrt_kl","membrane",3
"SLC18A2",4.8,0.109,"pancreas_seeds","Endocrine -> Ductal/tumor epithelial","invsqrt_kl","membrane",3
"PRG4",5.5,1,"pancreas_seeds","Endocrine -> Ductal/tumor epithelial","invsqrt_kl","membrane",3
"SCGB2A1",28.1,0.146,"pancreas_seeds","Endocrine -> Ductal/tumor epithelial","invsqrt_kl","membrane",3
"TENT5C",9.6,0.109,"pancreas_seeds","Endocrine -> Ductal/tumor epithelial","invsqrt_kl","membrane",3
"KCNMA1",0,1,"pancreas_seeds","Endocrine -> Ductal/tumor epithelial","invsqrt_kl","membrane",3
"PGR",2.7,1,"pancreas_seeds","Endocrine -> Ductal/tumor epithelial","invsqrt_kl","membrane",3
"TM4SF4",140.2,0.992,"pancreas_seeds","Endocrine -> Ductal/tumor epithelial","invsqrt_kl","membrane",3
"ESR1",0,NA,"pancreas_seeds","Endocrine -> Ductal/tumor epithelial","invsqrt_kl","membrane",3
"INS",1266.8,1,"pancreas_seeds","Endocrine -> Endothelial","invsqrt_kl","membrane",3
"GCG",1230,0.999,"pancreas_seeds","Endocrine -> Endothelial","invsqrt_kl","membrane",3
"SST",512,1,"pancreas_seeds","Endocrine -> Endothelial","invsqrt_kl","membrane",3
"CHGA",85.5,1,"pancreas_seeds","Endocrine -> Endothelial","invsqrt_kl","membrane",3
"PCSK2",63.2,0.984,"pancreas_seeds","Endocrine -> Endothelial","invsqrt_kl","membrane",3
"SCGN",209.5,1,"pancreas_seeds","Endocrine -> Endothelial","invsqrt_kl","membrane",3
"PPY",64.4,0.985,"pancreas_seeds","Endocrine -> Endothelial","invsqrt_kl","membrane",3
"HEPACAM2",29.7,1,"pancreas_seeds","Endocrine -> Endothelial","invsqrt_kl","membrane",3
"PPP1R1A",33.4,1,"pancreas_seeds","Endocrine -> Endothelial","invsqrt_kl","membrane",3
"PCP4",24.9,1,"pancreas_seeds","Endocrine -> Endothelial","invsqrt_kl","membrane",3
"GHRL",29.6,1,"pancreas_seeds","Endocrine -> Endothelial","invsqrt_kl","membrane",3
"SCGB2A1",20.4,1,"pancreas_seeds","Endocrine -> Endothelial","invsqrt_kl","membrane",3
"TM4SF4",44,1,"pancreas_seeds","Endocrine -> Endothelial","invsqrt_kl","membrane",3
"SLC18A2",2.8,1,"pancreas_seeds","Endocrine -> Endothelial","invsqrt_kl","membrane",3
"KCNMA1",20.3,1,"pancreas_seeds","Endocrine -> Endothelial","invsqrt_kl","membrane",3
"TENT5C",14.6,1,"pancreas_seeds","Endocrine -> Endothelial","invsqrt_kl","membrane",3
"PRG4",8.6,1,"pancreas_seeds","Endocrine -> Endothelial","invsqrt_kl","membrane",3
"PGR",3,1,"pancreas_seeds","Endocrine -> Endothelial","invsqrt_kl","membrane",3
"FXYD2",13.7,1,"pancreas_seeds","Endocrine -> Endothelial","invsqrt_kl","membrane",3
"HEMGN",1.5,1,"pancreas_seeds","Endocrine -> Endothelial","invsqrt_kl","membrane",3
"INS",1974,0.997,"pancreas_seeds","Endocrine -> Exocrine epithelial","invsqrt_kl","membrane",3
"GCG",1673.9,0.998,"pancreas_seeds","Endocrine -> Exocrine epithelial","invsqrt_kl","membrane",3
"CHGA",118.8,1,"pancreas_seeds","Endocrine -> Exocrine epithelial","invsqrt_kl","membrane",3
"PCSK2",75.8,0.988,"pancreas_seeds","Endocrine -> Exocrine epithelial","invsqrt_kl","membrane",3
"SST",689,0.998,"pancreas_seeds","Endocrine -> Exocrine epithelial","invsqrt_kl","membrane",3
"PPY",79.5,0.976,"pancreas_seeds","Endocrine -> Exocrine epithelial","invsqrt_kl","membrane",3
"SCGN",213.5,1,"pancreas_seeds","Endocrine -> Exocrine epithelial","invsqrt_kl","membrane",3
"MMRN1",29.4,0.97,"pancreas_seeds","Endocrine -> Exocrine epithelial","invsqrt_kl","membrane",3
"HEPACAM2",35.8,0.983,"pancreas_seeds","Endocrine -> Exocrine epithelial","invsqrt_kl","membrane",3
"GHRL",94.6,1,"pancreas_seeds","Endocrine -> Exocrine epithelial","invsqrt_kl","membrane",3
"PCP4",22.1,1,"pancreas_seeds","Endocrine -> Exocrine epithelial","invsqrt_kl","membrane",3
"PPP1R1A",58.2,0.975,"pancreas_seeds","Endocrine -> Exocrine epithelial","invsqrt_kl","membrane",3
"SCGB2A1",14,1,"pancreas_seeds","Endocrine -> Exocrine epithelial","invsqrt_kl","membrane",3
"PRG4",2.6,1,"pancreas_seeds","Endocrine -> Exocrine epithelial","invsqrt_kl","membrane",3
"SLC18A2",0,1,"pancreas_seeds","Endocrine -> Exocrine epithelial","invsqrt_kl","membrane",3
"TM4SF4",53.2,0.971,"pancreas_seeds","Endocrine -> Exocrine epithelial","invsqrt_kl","membrane",3
"PGR",12.7,0.552,"pancreas_seeds","Endocrine -> Exocrine epithelial","invsqrt_kl","membrane",3
"KCNMA1",17.8,0.683,"pancreas_seeds","Endocrine -> Exocrine epithelial","invsqrt_kl","membrane",3
"SNCA",0,1,"pancreas_seeds","Endocrine -> Exocrine epithelial","invsqrt_kl","membrane",3
"ESR1",0,-1.402,"pancreas_seeds","Endocrine -> Exocrine epithelial","invsqrt_kl","membrane",3
"INS",479.7,1,"pancreas_seeds","Endocrine -> Fibroblast / CAF","invsqrt_kl","membrane",3
"SST",204.1,1,"pancreas_seeds","Endocrine -> Fibroblast / CAF","invsqrt_kl","membrane",3
"GCG",1154.5,0.999,"pancreas_seeds","Endocrine -> Fibroblast / CAF","invsqrt_kl","membrane",3
"CHGA",43.2,1,"pancreas_seeds","Endocrine -> Fibroblast / CAF","invsqrt_kl","membrane",3
"SCGN",142.5,1,"pancreas_seeds","Endocrine -> Fibroblast / CAF","invsqrt_kl","membrane",3
"PCSK2",64.4,1,"pancreas_seeds","Endocrine -> Fibroblast / CAF","invsqrt_kl","membrane",3
"PPY",45.7,1,"pancreas_seeds","Endocrine -> Fibroblast / CAF","invsqrt_kl","membrane",3
"PPP1R1A",17.3,0.894,"pancreas_seeds","Endocrine -> Fibroblast / CAF","invsqrt_kl","membrane",3
"HEPACAM2",17.2,0.945,"pancreas_seeds","Endocrine -> Fibroblast / CAF","invsqrt_kl","membrane",3
"SCGB2A1",25,1,"pancreas_seeds","Endocrine -> Fibroblast / CAF","invsqrt_kl","membrane",3
"TM4SF4",62.2,1,"pancreas_seeds","Endocrine -> Fibroblast / CAF","invsqrt_kl","membrane",3
"GHRL",25.5,1,"pancreas_seeds","Endocrine -> Fibroblast / CAF","invsqrt_kl","membrane",3
"PCP4",9.6,1,"pancreas_seeds","Endocrine -> Fibroblast / CAF","invsqrt_kl","membrane",3
"MMRN1",5.9,1,"pancreas_seeds","Endocrine -> Fibroblast / CAF","invsqrt_kl","membrane",3
"SLC18A2",4.4,1,"pancreas_seeds","Endocrine -> Fibroblast / CAF","invsqrt_kl","membrane",3
"FXYD2",32.5,0.97,"pancreas_seeds","Endocrine -> Fibroblast / CAF","invsqrt_kl","membrane",3
"TENT5C",14.8,1,"pancreas_seeds","Endocrine -> Fibroblast / CAF","invsqrt_kl","membrane",3
"KCNMA1",0,0.665,"pancreas_seeds","Endocrine -> Fibroblast / CAF","invsqrt_kl","membrane",3
"VWA5A",13.8,1,"pancreas_seeds","Endocrine -> Fibroblast / CAF","invsqrt_kl","membrane",3
"SNCA",0.6,1,"pancreas_seeds","Endocrine -> Fibroblast / CAF","invsqrt_kl","membrane",3
"INS",217.3,1,"pancreas_seeds","Endocrine -> Immune","invsqrt_kl","membrane",3
"GCG",402.5,1,"pancreas_seeds","Endocrine -> Immune","invsqrt_kl","membrane",3
"SST",134.2,1,"pancreas_seeds","Endocrine -> Immune","invsqrt_kl","membrane",3
"CHGA",23.6,1,"pancreas_seeds","Endocrine -> Immune","invsqrt_kl","membrane",3
"SCGN",64,1,"pancreas_seeds","Endocrine -> Immune","invsqrt_kl","membrane",3
"PCSK2",18.7,1,"pancreas_seeds","Endocrine -> Immune","invsqrt_kl","membrane",3
"PPY",14.6,1,"pancreas_seeds","Endocrine -> Immune","invsqrt_kl","membrane",3
"PPP1R1A",4.2,1,"pancreas_seeds","Endocrine -> Immune","invsqrt_kl","membrane",3
"HEPACAM2",6.9,1,"pancreas_seeds","Endocrine -> Immune","invsqrt_kl","membrane",3
"SCGB2A1",8,1,"pancreas_seeds","Endocrine -> Immune","invsqrt_kl","membrane",3
"TM4SF4",19.6,1,"pancreas_seeds","Endocrine -> Immune","invsqrt_kl","membrane",3
"GHRL",9.5,0.902,"pancreas_seeds","Endocrine -> Immune","invsqrt_kl","membrane",3
"PCP4",5.8,1,"pancreas_seeds","Endocrine -> Immune","invsqrt_kl","membrane",3
"MMRN1",0,NA,"pancreas_seeds","Endocrine -> Immune","invsqrt_kl","membrane",3
"SLC18A2",2.3,1,"pancreas_seeds","Endocrine -> Immune","invsqrt_kl","membrane",3
"PRG4",6.1,0,"pancreas_seeds","Endocrine -> Immune","invsqrt_kl","membrane",3
"FXYD2",20.8,1,"pancreas_seeds","Endocrine -> Immune","invsqrt_kl","membrane",3
"PGR",4.9,1,"pancreas_seeds","Endocrine -> Immune","invsqrt_kl","membrane",3
"TENT5C",0,NA,"pancreas_seeds","Endocrine -> Immune","invsqrt_kl","membrane",3
"VWA5A",0.6,0.187,"pancreas_seeds","Endocrine -> Immune","invsqrt_kl","membrane",3
"PECAM1",783.7,0.997,"pancreas_seeds","Endothelial -> Ductal/tumor epithelial","invsqrt_kl","membrane",3
"ADGRL4",248,0.985,"pancreas_seeds","Endothelial -> Ductal/tumor epithelial","invsqrt_kl","membrane",3
"CD93",626,0.99,"pancreas_seeds","Endothelial -> Ductal/tumor epithelial","invsqrt_kl","membrane",3
"CLEC14A",128.7,0.992,"pancreas_seeds","Endothelial -> Ductal/tumor epithelial","invsqrt_kl","membrane",3
"VWF",112.7,0.994,"pancreas_seeds","Endothelial -> Ductal/tumor epithelial","invsqrt_kl","membrane",3
"CD34",422,0.989,"pancreas_seeds","Endothelial -> Ductal/tumor epithelial","invsqrt_kl","membrane",3
"ECSCR",67.5,1,"pancreas_seeds","Endothelial -> Ductal/tumor epithelial","invsqrt_kl","membrane",3
"ACKR1",39.5,0.867,"pancreas_seeds","Endothelial -> Ductal/tumor epithelial","invsqrt_kl","membrane",3
"EDNRB",73,0.978,"pancreas_seeds","Endothelial -> Ductal/tumor epithelial","invsqrt_kl","membrane",3
"SOX17",67.5,0.973,"pancreas_seeds","Endothelial -> Ductal/tumor epithelial","invsqrt_kl","membrane",3
"STC1",357.7,0.998,"pancreas_seeds","Endothelial -> Ductal/tumor epithelial","invsqrt_kl","membrane",3
"APOLD1",146.7,1,"pancreas_seeds","Endothelial -> Ductal/tumor epithelial","invsqrt_kl","membrane",3
"RAMP2",12.5,0.663,"pancreas_seeds","Endothelial -> Ductal/tumor epithelial","invsqrt_kl","membrane",3
"TCF4",106.2,0.985,"pancreas_seeds","Endothelial -> Ductal/tumor epithelial","invsqrt_kl","membrane",3
"CAVIN2",101.2,0.97,"pancreas_seeds","Endothelial -> Ductal/tumor epithelial","invsqrt_kl","membrane",3
"IL3RA",0,1,"pancreas_seeds","Endothelial -> Ductal/tumor epithelial","invsqrt_kl","membrane",3
"SELE",5,0.988,"pancreas_seeds","Endothelial -> Ductal/tumor epithelial","invsqrt_kl","membrane",3
"GNG11",799,0.072,"pancreas_seeds","Endothelial -> Ductal/tumor epithelial","invsqrt_kl","membrane",3
"ANGPT2",0,0.976,"pancreas_seeds","Endothelial -> Ductal/tumor epithelial","invsqrt_kl","membrane",3
"ERG",23.2,0.978,"pancreas_seeds","Endothelial -> Ductal/tumor epithelial","invsqrt_kl","membrane",3
"PECAM1",88.2,1,"pancreas_seeds","Endothelial -> Endocrine","invsqrt_kl","membrane",3
"CLEC14A",10,1,"pancreas_seeds","Endothelial -> Endocrine","invsqrt_kl","membrane",3
"VWF",8.6,0.896,"pancreas_seeds","Endothelial -> Endocrine","invsqrt_kl","membrane",3
"ACKR1",0.6,0.568,"pancreas_seeds","Endothelial -> Endocrine","invsqrt_kl","membrane",3
"IL3RA",18.7,0.98,"pancreas_seeds","Endothelial -> Endocrine","invsqrt_kl","membrane",3
"CD93",44.8,0.955,"pancreas_seeds","Endothelial -> Endocrine","invsqrt_kl","membrane",3
"ADGRL4",37.3,0.963,"pancreas_seeds","Endothelial -> Endocrine","invsqrt_kl","membrane",3
"STC1",47.2,1,"pancreas_seeds","Endothelial -> Endocrine","invsqrt_kl","membrane",3
"ECSCR",17.6,1,"pancreas_seeds","Endothelial -> Endocrine","invsqrt_kl","membrane",3
"SOX17",19.3,1,"pancreas_seeds","Endothelial -> Endocrine","invsqrt_kl","membrane",3
"CD34",41.5,0.967,"pancreas_seeds","Endothelial -> Endocrine","invsqrt_kl","membrane",3
"RAPGEF3",6.4,1,"pancreas_seeds","Endothelial -> Endocrine","invsqrt_kl","membrane",3
"APOLD1",76,0.972,"pancreas_seeds","Endothelial -> Endocrine","invsqrt_kl","membrane",3
"SH2D3C",15.4,0,"pancreas_seeds","Endothelial -> Endocrine","invsqrt_kl","membrane",3
"GNG11",22.9,1,"pancreas_seeds","Endothelial -> Endocrine","invsqrt_kl","membrane",3
"RAMP2",1.7,1,"pancreas_seeds","Endothelial -> Endocrine","invsqrt_kl","membrane",3
"ERG",2.2,0.739,"pancreas_seeds","Endothelial -> Endocrine","invsqrt_kl","membrane",3
"MMRN2",28.4,0.26,"pancreas_seeds","Endothelial -> Endocrine","invsqrt_kl","membrane",3
"TCIM",27.8,-0.05,"pancreas_seeds","Endothelial -> Endocrine","invsqrt_kl","membrane",3
"S100A12",20.6,1,"pancreas_seeds","Endothelial -> Endocrine","invsqrt_kl","membrane",3
"VWF",309.1,0.998,"pancreas_seeds","Endothelial -> Exocrine epithelial","invsqrt_kl","membrane",3
"CLEC14A",282.8,0.984,"pancreas_seeds","Endothelial -> Exocrine epithelial","invsqrt_kl","membrane",3
"ADGRL4",451.5,0.985,"pancreas_seeds","Endothelial -> Exocrine epithelial","invsqrt_kl","membrane",3
"PECAM1",1520.5,0.991,"pancreas_seeds","Endothelial -> Exocrine epithelial","invsqrt_kl","membrane",3
"ANGPT2",8.7,0.692,"pancreas_seeds","Endothelial -> Exocrine epithelial","invsqrt_kl","membrane",3
"ACKR1",107,0.985,"pancreas_seeds","Endothelial -> Exocrine epithelial","invsqrt_kl","membrane",3
"ECSCR",195.3,0.971,"pancreas_seeds","Endothelial -> Exocrine epithelial","invsqrt_kl","membrane",3
"CD34",550,0.996,"pancreas_seeds","Endothelial -> Exocrine epithelial","invsqrt_kl","membrane",3
"CD93",827.3,0.994,"pancreas_seeds","Endothelial -> Exocrine epithelial","invsqrt_kl","membrane",3
"STC1",484.6,0.974,"pancreas_seeds","Endothelial -> Exocrine epithelial","invsqrt_kl","membrane",3
"RAMP2",76.7,0.969,"pancreas_seeds","Endothelial -> Exocrine epithelial","invsqrt_kl","membrane",3
"SOX17",238.7,0.993,"pancreas_seeds","Endothelial -> Exocrine epithelial","invsqrt_kl","membrane",3
"EGFL7",19,1,"pancreas_seeds","Endothelial -> Exocrine epithelial","invsqrt_kl","membrane",3
"APOLD1",847.2,0.989,"pancreas_seeds","Endothelial -> Exocrine epithelial","invsqrt_kl","membrane",3
"IL3RA",91,1,"pancreas_seeds","Endothelial -> Exocrine epithelial","invsqrt_kl","membrane",3
"SH2D3C",60.5,0.968,"pancreas_seeds","Endothelial -> Exocrine epithelial","invsqrt_kl","membrane",3
"HIGD1B",48.7,0.98,"pancreas_seeds","Endothelial -> Exocrine epithelial","invsqrt_kl","membrane",3
"TCF4",163,0.994,"pancreas_seeds","Endothelial -> Exocrine epithelial","invsqrt_kl","membrane",3
"EDNRB",140.4,0.982,"pancreas_seeds","Endothelial -> Exocrine epithelial","invsqrt_kl","membrane",3
"SOX18",12.3,0.919,"pancreas_seeds","Endothelial -> Exocrine epithelial","invsqrt_kl","membrane",3
"STC1",425.4,0.989,"pancreas_seeds","Endothelial -> Fibroblast / CAF","invsqrt_kl","membrane",3
"VWF",608.5,0.999,"pancreas_seeds","Endothelial -> Fibroblast / CAF","invsqrt_kl","membrane",3
"ACKR1",153,0.989,"pancreas_seeds","Endothelial -> Fibroblast / CAF","invsqrt_kl","membrane",3
"CLEC14A",314.9,0.987,"pancreas_seeds","Endothelial -> Fibroblast / CAF","invsqrt_kl","membrane",3
"SOX17",101.6,0.984,"pancreas_seeds","Endothelial -> Fibroblast / CAF","invsqrt_kl","membrane",3
"APOLD1",697.2,0.99,"pancreas_seeds","Endothelial -> Fibroblast / CAF","invsqrt_kl","membrane",3
"ECSCR",298.1,1,"pancreas_seeds","Endothelial -> Fibroblast / CAF","invsqrt_kl","membrane",3
"EGFL7",143.7,0.974,"pancreas_seeds","Endothelial -> Fibroblast / CAF","invsqrt_kl","membrane",3
"ADGRL4",561,1,"pancreas_seeds","Endothelial -> Fibroblast / CAF","invsqrt_kl","membrane",3
"RAMP2",119.4,1,"pancreas_seeds","Endothelial -> Fibroblast / CAF","invsqrt_kl","membrane",3
"CD93",929.9,0.988,"pancreas_seeds","Endothelial -> Fibroblast / CAF","invsqrt_kl","membrane",3
"PECAM1",1384.2,0.999,"pancreas_seeds","Endothelial -> Fibroblast / CAF","invsqrt_kl","membrane",3
"BTNL9",41,1,"pancreas_seeds","Endothelial -> Fibroblast / CAF","invsqrt_kl","membrane",3
"IL3RA",95.5,0.989,"pancreas_seeds","Endothelial -> Fibroblast / CAF","invsqrt_kl","membrane",3
"MMRN2",228.3,0.997,"pancreas_seeds","Endothelial -> Fibroblast / CAF","invsqrt_kl","membrane",3
"MCF2L",59.6,0.963,"pancreas_seeds","Endothelial -> Fibroblast / CAF","invsqrt_kl","membrane",3
"CD34",891.2,0.994,"pancreas_seeds","Endothelial -> Fibroblast / CAF","invsqrt_kl","membrane",3
"SELE",8.1,1,"pancreas_seeds","Endothelial -> Fibroblast / CAF","invsqrt_kl","membrane",3
"CAVIN2",109.1,0.98,"pancreas_seeds","Endothelial -> Fibroblast / CAF","invsqrt_kl","membrane",3
"BMX",16.8,0.875,"pancreas_seeds","Endothelial -> Fibroblast / CAF","invsqrt_kl","membrane",3
"CLEC14A",161.7,0.994,"pancreas_seeds","Endothelial -> Immune","invsqrt_kl","membrane",3
"VWF",312.4,0.997,"pancreas_seeds","Endothelial -> Immune","invsqrt_kl","membrane",3
"STC1",234.3,1,"pancreas_seeds","Endothelial -> Immune","invsqrt_kl","membrane",3
"ADGRL4",319.6,0.995,"pancreas_seeds","Endothelial -> Immune","invsqrt_kl","membrane",3
"RAMP2",61,1,"pancreas_seeds","Endothelial -> Immune","invsqrt_kl","membrane",3
"APOLD1",359.2,0.994,"pancreas_seeds","Endothelial -> Immune","invsqrt_kl","membrane",3
"SOX17",38.7,0.974,"pancreas_seeds","Endothelial -> Immune","invsqrt_kl","membrane",3
"ACKR1",99.7,1,"pancreas_seeds","Endothelial -> Immune","invsqrt_kl","membrane",3
"CD34",328,0.999,"pancreas_seeds","Endothelial -> Immune","invsqrt_kl","membrane",3
"ECSCR",145.1,0.994,"pancreas_seeds","Endothelial -> Immune","invsqrt_kl","membrane",3
"EGFL7",64,0.969,"pancreas_seeds","Endothelial -> Immune","invsqrt_kl","membrane",3
"MMRN2",105.6,0.579,"pancreas_seeds","Endothelial -> Immune","invsqrt_kl","membrane",3
"ANGPT2",60.9,0.984,"pancreas_seeds","Endothelial -> Immune","invsqrt_kl","membrane",3
"RAPGEF3",13,0.955,"pancreas_seeds","Endothelial -> Immune","invsqrt_kl","membrane",3
"CAVIN2",38.8,1,"pancreas_seeds","Endothelial -> Immune","invsqrt_kl","membrane",3
"NPDC1",15.2,0.717,"pancreas_seeds","Endothelial -> Immune","invsqrt_kl","membrane",3
"HIGD1B",25.9,0.039,"pancreas_seeds","Endothelial -> Immune","invsqrt_kl","membrane",3
"BTNL9",0,0.652,"pancreas_seeds","Endothelial -> Immune","invsqrt_kl","membrane",3
"TCIM",150.3,-0.235,"pancreas_seeds","Endothelial -> Immune","invsqrt_kl","membrane",3
"MCF2L",16.8,0.881,"pancreas_seeds","Endothelial -> Immune","invsqrt_kl","membrane",3
"VWF",51.6,0,"pancreas_seeds","Endothelial -> Mural / pericyte","invsqrt_kl","membrane",3
"STC1",50.8,0,"pancreas_seeds","Endothelial -> Mural / pericyte","invsqrt_kl","membrane",3
"CLEC14A",54.5,0,"pancreas_seeds","Endothelial -> Mural / pericyte","invsqrt_kl","membrane",3
"EGFL7",17.4,0,"pancreas_seeds","Endothelial -> Mural / pericyte","invsqrt_kl","membrane",3
"PECAM1",163.7,0.035,"pancreas_seeds","Endothelial -> Mural / pericyte","invsqrt_kl","membrane",3
"ADGRL4",56.1,0,"pancreas_seeds","Endothelial -> Mural / pericyte","invsqrt_kl","membrane",3
"ACKR1",12.3,0,"pancreas_seeds","Endothelial -> Mural / pericyte","invsqrt_kl","membrane",3
"ECSCR",42.3,0,"pancreas_seeds","Endothelial -> Mural / pericyte","invsqrt_kl","membrane",3
"RAMP2",17.3,0,"pancreas_seeds","Endothelial -> Mural / pericyte","invsqrt_kl","membrane",3
"CD34",79.6,0,"pancreas_seeds","Endothelial -> Mural / pericyte","invsqrt_kl","membrane",3
"TM4SF18",8.2,0,"pancreas_seeds","Endothelial -> Mural / pericyte","invsqrt_kl","membrane",3
"CD93",121.9,0.061,"pancreas_seeds","Endothelial -> Mural / pericyte","invsqrt_kl","membrane",3
"SOX17",8.3,0,"pancreas_seeds","Endothelial -> Mural / pericyte","invsqrt_kl","membrane",3
"NPDC1",16.5,0.024,"pancreas_seeds","Endothelial -> Mural / pericyte","invsqrt_kl","membrane",3
"IL3RA",1.5,0,"pancreas_seeds","Endothelial -> Mural / pericyte","invsqrt_kl","membrane",3
"BTNL9",2.1,0,"pancreas_seeds","Endothelial -> Mural / pericyte","invsqrt_kl","membrane",3
"MMRN2",28.7,0,"pancreas_seeds","Endothelial -> Mural / pericyte","invsqrt_kl","membrane",3
"TCIM",52.2,-0.144,"pancreas_seeds","Endothelial -> Mural / pericyte","invsqrt_kl","membrane",3
"SH2D3C",13.6,0,"pancreas_seeds","Endothelial -> Mural / pericyte","invsqrt_kl","membrane",3
"S100A12",4.4,0,"pancreas_seeds","Endothelial -> Mural / pericyte","invsqrt_kl","membrane",3
"AMY2A",148714.4,0,"pancreas_seeds","Exocrine epithelial -> Ductal/tumor epithelial","invsqrt_kl","membrane",3
"AQP8",11323.4,0,"pancreas_seeds","Exocrine epithelial -> Ductal/tumor epithelial","invsqrt_kl","membrane",3
"GATM",61550.5,0,"pancreas_seeds","Exocrine epithelial -> Ductal/tumor epithelial","invsqrt_kl","membrane",3
"ANPEP",9594,0,"pancreas_seeds","Exocrine epithelial -> Ductal/tumor epithelial","invsqrt_kl","membrane",3
"DPEP1",911.6,0,"pancreas_seeds","Exocrine epithelial -> Ductal/tumor epithelial","invsqrt_kl","membrane",3
"KCNK3",1575.5,0,"pancreas_seeds","Exocrine epithelial -> Ductal/tumor epithelial","invsqrt_kl","membrane",3
"KLK11",659.5,0.945,"pancreas_seeds","Exocrine epithelial -> Ductal/tumor epithelial","invsqrt_kl","membrane",3
"CPA3",743.1,0,"pancreas_seeds","Exocrine epithelial -> Ductal/tumor epithelial","invsqrt_kl","membrane",3
"GPC3",962.9,0.044,"pancreas_seeds","Exocrine epithelial -> Ductal/tumor epithelial","invsqrt_kl","membrane",3
"UMOD",247.7,0.94,"pancreas_seeds","Exocrine epithelial -> Ductal/tumor epithelial","invsqrt_kl","membrane",3
"PROX1",11709.7,0,"pancreas_seeds","Exocrine epithelial -> Ductal/tumor epithelial","invsqrt_kl","membrane",3
"PEBP4",65.9,0,"pancreas_seeds","Exocrine epithelial -> Ductal/tumor epithelial","invsqrt_kl","membrane",3
"DIRAS3",492.3,0,"pancreas_seeds","Exocrine epithelial -> Ductal/tumor epithelial","invsqrt_kl","membrane",3
"HAMP",474.1,0.979,"pancreas_seeds","Exocrine epithelial -> Ductal/tumor epithelial","invsqrt_kl","membrane",3
"CFTR",110866.7,0,"pancreas_seeds","Exocrine epithelial -> Ductal/tumor epithelial","invsqrt_kl","membrane",3
"CA4",1681,0,"pancreas_seeds","Exocrine epithelial -> Ductal/tumor epithelial","invsqrt_kl","membrane",3
"MLANA",14.9,0.782,"pancreas_seeds","Exocrine epithelial -> Ductal/tumor epithelial","invsqrt_kl","membrane",3
"FKBP11",477.9,0.02,"pancreas_seeds","Exocrine epithelial -> Ductal/tumor epithelial","invsqrt_kl","membrane",3
"GLYATL1",51.9,0,"pancreas_seeds","Exocrine epithelial -> Ductal/tumor epithelial","invsqrt_kl","membrane",3
"UPK3B",14.7,1,"pancreas_seeds","Exocrine epithelial -> Ductal/tumor epithelial","invsqrt_kl","membrane",3
"KLK11",12.3,0,"pancreas_seeds","Exocrine epithelial -> Endocrine","invsqrt_kl","membrane",3
"ANPEP",111.6,0.995,"pancreas_seeds","Exocrine epithelial -> Endocrine","invsqrt_kl","membrane",3
"AQP8",180.5,1,"pancreas_seeds","Exocrine epithelial -> Endocrine","invsqrt_kl","membrane",3
"GATM",1054.2,0.999,"pancreas_seeds","Exocrine epithelial -> Endocrine","invsqrt_kl","membrane",3
"MYC",18.8,0,"pancreas_seeds","Exocrine epithelial -> Endocrine","invsqrt_kl","membrane",3
"HAMP",6.4,1,"pancreas_seeds","Exocrine epithelial -> Endocrine","invsqrt_kl","membrane",3
"DPEP1",16.3,1,"pancreas_seeds","Exocrine epithelial -> Endocrine","invsqrt_kl","membrane",3
"UMOD",5.4,0.837,"pancreas_seeds","Exocrine epithelial -> Endocrine","invsqrt_kl","membrane",3
"AMY2A",3864.7,1,"pancreas_seeds","Exocrine epithelial -> Endocrine","invsqrt_kl","membrane",3
"CFTR",686.1,0.998,"pancreas_seeds","Exocrine epithelial -> Endocrine","invsqrt_kl","membrane",3
"COCH",5,0,"pancreas_seeds","Exocrine epithelial -> Endocrine","invsqrt_kl","membrane",3
"GLYATL1",2.1,1,"pancreas_seeds","Exocrine epithelial -> Endocrine","invsqrt_kl","membrane",3
"GPC3",41,1,"pancreas_seeds","Exocrine epithelial -> Endocrine","invsqrt_kl","membrane",3
"FKBP11",47.1,0.979,"pancreas_seeds","Exocrine epithelial -> Endocrine","invsqrt_kl","membrane",3
"CA4",10.1,1,"pancreas_seeds","Exocrine epithelial -> Endocrine","invsqrt_kl","membrane",3
"UPK3B",5.1,0,"pancreas_seeds","Exocrine epithelial -> Endocrine","invsqrt_kl","membrane",3
"RIDA",22.7,0,"pancreas_seeds","Exocrine epithelial -> Endocrine","invsqrt_kl","membrane",3
"MLANA",0.1,1,"pancreas_seeds","Exocrine epithelial -> Endocrine","invsqrt_kl","membrane",3
"CPA3",0,1,"pancreas_seeds","Exocrine epithelial -> Endocrine","invsqrt_kl","membrane",3
"SMYD2",4.8,1,"pancreas_seeds","Exocrine epithelial -> Endocrine","invsqrt_kl","membrane",3
"AQP8",1910.5,1,"pancreas_seeds","Exocrine epithelial -> Endothelial","invsqrt_kl","membrane",3
"GATM",10092.4,1,"pancreas_seeds","Exocrine epithelial -> Endothelial","invsqrt_kl","membrane",3
"AMY2A",27517.6,1,"pancreas_seeds","Exocrine epithelial -> Endothelial","invsqrt_kl","membrane",3
"KLK11",129.5,1,"pancreas_seeds","Exocrine epithelial -> Endothelial","invsqrt_kl","membrane",3
"ANPEP",1195.7,1,"pancreas_seeds","Exocrine epithelial -> Endothelial","invsqrt_kl","membrane",3
"CFTR",3501.1,1,"pancreas_seeds","Exocrine epithelial -> Endothelial","invsqrt_kl","membrane",3
"DPEP1",125.7,1,"pancreas_seeds","Exocrine epithelial -> Endothelial","invsqrt_kl","membrane",3
"KCNK3",203.5,1,"pancreas_seeds","Exocrine epithelial -> Endothelial","invsqrt_kl","membrane",3
"UMOD",18.9,1,"pancreas_seeds","Exocrine epithelial -> Endothelial","invsqrt_kl","membrane",3
"CA4",123.8,1,"pancreas_seeds","Exocrine epithelial -> Endothelial","invsqrt_kl","membrane",3
"DIRAS3",40.7,1,"pancreas_seeds","Exocrine epithelial -> Endothelial","invsqrt_kl","membrane",3
"PROX1",481.4,1,"pancreas_seeds","Exocrine epithelial -> Endothelial","invsqrt_kl","membrane",3
"FKBP11",361.8,1,"pancreas_seeds","Exocrine epithelial -> Endothelial","invsqrt_kl","membrane",3
"PEBP4",15.3,1,"pancreas_seeds","Exocrine epithelial -> Endothelial","invsqrt_kl","membrane",3
"AQP3",74.9,1,"pancreas_seeds","Exocrine epithelial -> Endothelial","invsqrt_kl","membrane",3
"HAMP",78.3,1,"pancreas_seeds","Exocrine epithelial -> Endothelial","invsqrt_kl","membrane",3
"GLYATL1",11.4,1,"pancreas_seeds","Exocrine epithelial -> Endothelial","invsqrt_kl","membrane",3
"RIDA",49.3,1,"pancreas_seeds","Exocrine epithelial -> Endothelial","invsqrt_kl","membrane",3
"COCH",33.3,1,"pancreas_seeds","Exocrine epithelial -> Endothelial","invsqrt_kl","membrane",3
"CPA3",83.3,1,"pancreas_seeds","Exocrine epithelial -> Endothelial","invsqrt_kl","membrane",3
"AQP8",1345.4,1,"pancreas_seeds","Exocrine epithelial -> Fibroblast / CAF","invsqrt_kl","membrane",3
"GATM",7976.2,1,"pancreas_seeds","Exocrine epithelial -> Fibroblast / CAF","invsqrt_kl","membrane",3
"AMY2A",21865.4,1,"pancreas_seeds","Exocrine epithelial -> Fibroblast / CAF","invsqrt_kl","membrane",3
"KLK11",76.9,1,"pancreas_seeds","Exocrine epithelial -> Fibroblast / CAF","invsqrt_kl","membrane",3
"CFTR",5032.3,0.999,"pancreas_seeds","Exocrine epithelial -> Fibroblast / CAF","invsqrt_kl","membrane",3
"ANPEP",859.7,0.999,"pancreas_seeds","Exocrine epithelial -> Fibroblast / CAF","invsqrt_kl","membrane",3
"PROX1",703.3,1,"pancreas_seeds","Exocrine epithelial -> Fibroblast / CAF","invsqrt_kl","membrane",3
"KCNK3",184.4,0.992,"pancreas_seeds","Exocrine epithelial -> Fibroblast / CAF","invsqrt_kl","membrane",3
"UMOD",15.1,1,"pancreas_seeds","Exocrine epithelial -> Fibroblast / CAF","invsqrt_kl","membrane",3
"DIRAS3",42,1,"pancreas_seeds","Exocrine epithelial -> Fibroblast / CAF","invsqrt_kl","membrane",3
"CA4",111.3,0.992,"pancreas_seeds","Exocrine epithelial -> Fibroblast / CAF","invsqrt_kl","membrane",3
"HAMP",78.8,1,"pancreas_seeds","Exocrine epithelial -> Fibroblast / CAF","invsqrt_kl","membrane",3
"AQP3",59.6,1,"pancreas_seeds","Exocrine epithelial -> Fibroblast / CAF","invsqrt_kl","membrane",3
"RIDA",90.2,1,"pancreas_seeds","Exocrine epithelial -> Fibroblast / CAF","invsqrt_kl","membrane",3
"DPEP1",70.1,1,"pancreas_seeds","Exocrine epithelial -> Fibroblast / CAF","invsqrt_kl","membrane",3
"GLYATL1",3,1,"pancreas_seeds","Exocrine epithelial -> Fibroblast / CAF","invsqrt_kl","membrane",3
"FKBP11",206.9,1,"pancreas_seeds","Exocrine epithelial -> Fibroblast / CAF","invsqrt_kl","membrane",3
"MYC",206.1,1,"pancreas_seeds","Exocrine epithelial -> Fibroblast / CAF","invsqrt_kl","membrane",3
"COCH",34.4,0.991,"pancreas_seeds","Exocrine epithelial -> Fibroblast / CAF","invsqrt_kl","membrane",3
"PEBP4",0.3,1,"pancreas_seeds","Exocrine epithelial -> Fibroblast / CAF","invsqrt_kl","membrane",3
"AQP8",1465.3,0,"pancreas_seeds","Exocrine epithelial -> Immune","invsqrt_kl","membrane",3
"GATM",9605.1,0.047,"pancreas_seeds","Exocrine epithelial -> Immune","invsqrt_kl","membrane",3
"AMY2A",27334.7,0.056,"pancreas_seeds","Exocrine epithelial -> Immune","invsqrt_kl","membrane",3
"CFTR",5611,0.59,"pancreas_seeds","Exocrine epithelial -> Immune","invsqrt_kl","membrane",3
"KLK11",114.3,0,"pancreas_seeds","Exocrine epithelial -> Immune","invsqrt_kl","membrane",3
"PROX1",709.9,0.425,"pancreas_seeds","Exocrine epithelial -> Immune","invsqrt_kl","membrane",3
"KCNK3",209.5,0,"pancreas_seeds","Exocrine epithelial -> Immune","invsqrt_kl","membrane",3
"ANPEP",1045.8,0,"pancreas_seeds","Exocrine epithelial -> Immune","invsqrt_kl","membrane",3
"DPEP1",98.6,0,"pancreas_seeds","Exocrine epithelial -> Immune","invsqrt_kl","membrane",3
"UMOD",22.3,0,"pancreas_seeds","Exocrine epithelial -> Immune","invsqrt_kl","membrane",3
"CA4",59.6,1,"pancreas_seeds","Exocrine epithelial -> Immune","invsqrt_kl","membrane",3
"DIRAS3",61.3,0.016,"pancreas_seeds","Exocrine epithelial -> Immune","invsqrt_kl","membrane",3
"MYC",9.3,0.032,"pancreas_seeds","Exocrine epithelial -> Immune","invsqrt_kl","membrane",3
"FKBP11",195.7,-0.239,"pancreas_seeds","Exocrine epithelial -> Immune","invsqrt_kl","membrane",3
"GLYATL1",6.9,1,"pancreas_seeds","Exocrine epithelial -> Immune","invsqrt_kl","membrane",3
"RIDA",43.9,-0.009,"pancreas_seeds","Exocrine epithelial -> Immune","invsqrt_kl","membrane",3
"AQP3",15.4,0,"pancreas_seeds","Exocrine epithelial -> Immune","invsqrt_kl","membrane",3
"PEBP4",0,NA,"pancreas_seeds","Exocrine epithelial -> Immune","invsqrt_kl","membrane",3
"COCH",20.4,0,"pancreas_seeds","Exocrine epithelial -> Immune","invsqrt_kl","membrane",3
"GPC3",178,0,"pancreas_seeds","Exocrine epithelial -> Immune","invsqrt_kl","membrane",3
"AQP8",9.2,1,"pancreas_seeds","Exocrine epithelial -> Mural / pericyte","invsqrt_kl","membrane",3
"GATM",78.3,0.914,"pancreas_seeds","Exocrine epithelial -> Mural / pericyte","invsqrt_kl","membrane",3
"AMY2A",443.6,0.956,"pancreas_seeds","Exocrine epithelial -> Mural / pericyte","invsqrt_kl","membrane",3
"CFTR",76.4,0.195,"pancreas_seeds","Exocrine epithelial -> Mural / pericyte","invsqrt_kl","membrane",3
"ANPEP",16.5,1,"pancreas_seeds","Exocrine epithelial -> Mural / pericyte","invsqrt_kl","membrane",3
"PROX1",7.3,0.641,"pancreas_seeds","Exocrine epithelial -> Mural / pericyte","invsqrt_kl","membrane",3
"KLK11",0,NA,"pancreas_seeds","Exocrine epithelial -> Mural / pericyte","invsqrt_kl","membrane",3
"DPEP1",2,1,"pancreas_seeds","Exocrine epithelial -> Mural / pericyte","invsqrt_kl","membrane",3
"CA4",2.9,0,"pancreas_seeds","Exocrine epithelial -> Mural / pericyte","invsqrt_kl","membrane",3
"FKBP11",7.3,0.763,"pancreas_seeds","Exocrine epithelial -> Mural / pericyte","invsqrt_kl","membrane",3
"HAMP",0.8,1,"pancreas_seeds","Exocrine epithelial -> Mural / pericyte","invsqrt_kl","membrane",3
"UMOD",0.1,1,"pancreas_seeds","Exocrine epithelial -> Mural / pericyte","invsqrt_kl","membrane",3
"GLYATL1",0,NA,"pancreas_seeds","Exocrine epithelial -> Mural / pericyte","invsqrt_kl","membrane",3
"DIRAS3",0,1,"pancreas_seeds","Exocrine epithelial -> Mural / pericyte","invsqrt_kl","membrane",3
"RIDA",3.7,0,"pancreas_seeds","Exocrine epithelial -> Mural / pericyte","invsqrt_kl","membrane",3
"AQP3",0,NA,"pancreas_seeds","Exocrine epithelial -> Mural / pericyte","invsqrt_kl","membrane",3
"SMYD2",4.3,0.508,"pancreas_seeds","Exocrine epithelial -> Mural / pericyte","invsqrt_kl","membrane",3
"COCH",0.8,0,"pancreas_seeds","Exocrine epithelial -> Mural / pericyte","invsqrt_kl","membrane",3
"UPK3B",1.7,0,"pancreas_seeds","Exocrine epithelial -> Mural / pericyte","invsqrt_kl","membrane",3
"PEBP4",0,NA,"pancreas_seeds","Exocrine epithelial -> Mural / pericyte","invsqrt_kl","membrane",3
"SFRP2",2578.9,0.997,"pancreas_seeds","Fibroblast / CAF -> Ductal/tumor epithelial","invsqrt_kl","membrane",3
"THBS2",2050.8,0.992,"pancreas_seeds","Fibroblast / CAF -> Ductal/tumor epithelial","invsqrt_kl","membrane",3
"COL5A2",2981.2,0.997,"pancreas_seeds","Fibroblast / CAF -> Ductal/tumor epithelial","invsqrt_kl","membrane",3
"SFRP4",1182,0.999,"pancreas_seeds","Fibroblast / CAF -> Ductal/tumor epithelial","invsqrt_kl","membrane",3
"FBN1",2730.7,0.995,"pancreas_seeds","Fibroblast / CAF -> Ductal/tumor epithelial","invsqrt_kl","membrane",3
"PDGFRA",432.6,0.982,"pancreas_seeds","Fibroblast / CAF -> Ductal/tumor epithelial","invsqrt_kl","membrane",3
"MFAP5",213.3,0.979,"pancreas_seeds","Fibroblast / CAF -> Ductal/tumor epithelial","invsqrt_kl","membrane",3
"ASPN",1313.5,0.991,"pancreas_seeds","Fibroblast / CAF -> Ductal/tumor epithelial","invsqrt_kl","membrane",3
"THY1",1071.3,0.992,"pancreas_seeds","Fibroblast / CAF -> Ductal/tumor epithelial","invsqrt_kl","membrane",3
"C7",285.9,1,"pancreas_seeds","Fibroblast / CAF -> Ductal/tumor epithelial","invsqrt_kl","membrane",3
"PTGDS",244.7,0.977,"pancreas_seeds","Fibroblast / CAF -> Ductal/tumor epithelial","invsqrt_kl","membrane",3
"LTBP2",3544,0.99,"pancreas_seeds","Fibroblast / CAF -> Ductal/tumor epithelial","invsqrt_kl","membrane",3
"INMT",448.1,1,"pancreas_seeds","Fibroblast / CAF -> Ductal/tumor epithelial","invsqrt_kl","membrane",3
"PCOLCE",305.9,0.971,"pancreas_seeds","Fibroblast / CAF -> Ductal/tumor epithelial","invsqrt_kl","membrane",3
"PDPN",1051.9,0.997,"pancreas_seeds","Fibroblast / CAF -> Ductal/tumor epithelial","invsqrt_kl","membrane",3
"FBLN1",659.2,1,"pancreas_seeds","Fibroblast / CAF -> Ductal/tumor epithelial","invsqrt_kl","membrane",3
"SRPX",354.6,0.981,"pancreas_seeds","Fibroblast / CAF -> Ductal/tumor epithelial","invsqrt_kl","membrane",3
"CTSK",2273.5,0.997,"pancreas_seeds","Fibroblast / CAF -> Ductal/tumor epithelial","invsqrt_kl","membrane",3
"IGF1",151,0.912,"pancreas_seeds","Fibroblast / CAF -> Ductal/tumor epithelial","invsqrt_kl","membrane",3
"RGS16",206.7,1,"pancreas_seeds","Fibroblast / CAF -> Ductal/tumor epithelial","invsqrt_kl","membrane",3
"MFAP5",7.5,0.867,"pancreas_seeds","Fibroblast / CAF -> Endocrine","invsqrt_kl","membrane",3
"THBS2",35.1,0.971,"pancreas_seeds","Fibroblast / CAF -> Endocrine","invsqrt_kl","membrane",3
"VCAN",141.7,0.912,"pancreas_seeds","Fibroblast / CAF -> Endocrine","invsqrt_kl","membrane",3
"COL5A2",81.6,1,"pancreas_seeds","Fibroblast / CAF -> Endocrine","invsqrt_kl","membrane",3
"BASP1",63.5,0.969,"pancreas_seeds","Fibroblast / CAF -> Endocrine","invsqrt_kl","membrane",3
"SEMA3C",58,0.595,"pancreas_seeds","Fibroblast / CAF -> Endocrine","invsqrt_kl","membrane",3
"FBN1",122.2,0.996,"pancreas_seeds","Fibroblast / CAF -> Endocrine","invsqrt_kl","membrane",3
"LTBP2",76.6,1,"pancreas_seeds","Fibroblast / CAF -> Endocrine","invsqrt_kl","membrane",3
"PDGFRA",72.5,0.986,"pancreas_seeds","Fibroblast / CAF -> Endocrine","invsqrt_kl","membrane",3
"SFRP2",171.8,0.991,"pancreas_seeds","Fibroblast / CAF -> Endocrine","invsqrt_kl","membrane",3
"SFRP4",134.6,0.997,"pancreas_seeds","Fibroblast / CAF -> Endocrine","invsqrt_kl","membrane",3
"CTSK",65.1,0.992,"pancreas_seeds","Fibroblast / CAF -> Endocrine","invsqrt_kl","membrane",3
"THY1",53.6,1,"pancreas_seeds","Fibroblast / CAF -> Endocrine","invsqrt_kl","membrane",3
"PTGDS",61.5,1,"pancreas_seeds","Fibroblast / CAF -> Endocrine","invsqrt_kl","membrane",3
"PMP22",45.1,0.443,"pancreas_seeds","Fibroblast / CAF -> Endocrine","invsqrt_kl","membrane",3
"PDPN",28.1,1,"pancreas_seeds","Fibroblast / CAF -> Endocrine","invsqrt_kl","membrane",3
"FBLN1",142.7,0.995,"pancreas_seeds","Fibroblast / CAF -> Endocrine","invsqrt_kl","membrane",3
"PCOLCE",17,1,"pancreas_seeds","Fibroblast / CAF -> Endocrine","invsqrt_kl","membrane",3
"ASPN",142.2,0.991,"pancreas_seeds","Fibroblast / CAF -> Endocrine","invsqrt_kl","membrane",3
"INMT",27.6,1,"pancreas_seeds","Fibroblast / CAF -> Endocrine","invsqrt_kl","membrane",3
"THBS2",586,0.998,"pancreas_seeds","Fibroblast / CAF -> Endothelial","invsqrt_kl","membrane",3
"VCAN",1709,0.998,"pancreas_seeds","Fibroblast / CAF -> Endothelial","invsqrt_kl","membrane",3
"SFRP2",1815.3,0.999,"pancreas_seeds","Fibroblast / CAF -> Endothelial","invsqrt_kl","membrane",3
"MFAP5",68.1,0.985,"pancreas_seeds","Fibroblast / CAF -> Endothelial","invsqrt_kl","membrane",3
"PDPN",460.9,0.996,"pancreas_seeds","Fibroblast / CAF -> Endothelial","invsqrt_kl","membrane",3
"SEMA3C",230.6,0.991,"pancreas_seeds","Fibroblast / CAF -> Endothelial","invsqrt_kl","membrane",3
"CTSK",942.3,0.996,"pancreas_seeds","Fibroblast / CAF -> Endothelial","invsqrt_kl","membrane",3
"LTBP2",701.8,0.996,"pancreas_seeds","Fibroblast / CAF -> Endothelial","invsqrt_kl","membrane",3
"COL5A2",1779.4,0.999,"pancreas_seeds","Fibroblast / CAF -> Endothelial","invsqrt_kl","membrane",3
"PDGFRA",327.6,0.997,"pancreas_seeds","Fibroblast / CAF -> Endothelial","invsqrt_kl","membrane",3
"SFRP4",589.4,0.997,"pancreas_seeds","Fibroblast / CAF -> Endothelial","invsqrt_kl","membrane",3
"BASP1",534.6,0.995,"pancreas_seeds","Fibroblast / CAF -> Endothelial","invsqrt_kl","membrane",3
"FBLN1",765.1,0.997,"pancreas_seeds","Fibroblast / CAF -> Endothelial","invsqrt_kl","membrane",3
"IGF1",163.8,0.994,"pancreas_seeds","Fibroblast / CAF -> Endothelial","invsqrt_kl","membrane",3
"PTGDS",258.6,1,"pancreas_seeds","Fibroblast / CAF -> Endothelial","invsqrt_kl","membrane",3
"GEM",446.9,1,"pancreas_seeds","Fibroblast / CAF -> Endothelial","invsqrt_kl","membrane",3
"THY1",1575.4,0.851,"pancreas_seeds","Fibroblast / CAF -> Endothelial","invsqrt_kl","membrane",3
"FBN1",2035.1,0.522,"pancreas_seeds","Fibroblast / CAF -> Endothelial","invsqrt_kl","membrane",3
"RGS16",181.3,0.983,"pancreas_seeds","Fibroblast / CAF -> Endothelial","invsqrt_kl","membrane",3
"PCOLCE",339.1,0.994,"pancreas_seeds","Fibroblast / CAF -> Endothelial","invsqrt_kl","membrane",3
"VCAN",1269.4,0.923,"pancreas_seeds","Fibroblast / CAF -> Exocrine epithelial","invsqrt_kl","membrane",3
"THBS2",444.9,1,"pancreas_seeds","Fibroblast / CAF -> Exocrine epithelial","invsqrt_kl","membrane",3
"COL5A2",563.1,1,"pancreas_seeds","Fibroblast / CAF -> Exocrine epithelial","invsqrt_kl","membrane",3
"SFRP2",1430,0.997,"pancreas_seeds","Fibroblast / CAF -> Exocrine epithelial","invsqrt_kl","membrane",3
"FBN1",949.3,0.997,"pancreas_seeds","Fibroblast / CAF -> Exocrine epithelial","invsqrt_kl","membrane",3
"MFAP5",72.9,0.999,"pancreas_seeds","Fibroblast / CAF -> Exocrine epithelial","invsqrt_kl","membrane",3
"CTSK",445.7,1,"pancreas_seeds","Fibroblast / CAF -> Exocrine epithelial","invsqrt_kl","membrane",3
"GEM",380.7,0.965,"pancreas_seeds","Fibroblast / CAF -> Exocrine epithelial","invsqrt_kl","membrane",3
"SEMA3C",239.1,0.697,"pancreas_seeds","Fibroblast / CAF -> Exocrine epithelial","invsqrt_kl","membrane",3
"LTBP2",904.2,0.996,"pancreas_seeds","Fibroblast / CAF -> Exocrine epithelial","invsqrt_kl","membrane",3
"BASP1",294.4,0.965,"pancreas_seeds","Fibroblast / CAF -> Exocrine epithelial","invsqrt_kl","membrane",3
"SFRP4",1255.7,0.998,"pancreas_seeds","Fibroblast / CAF -> Exocrine epithelial","invsqrt_kl","membrane",3
"THY1",447,0.992,"pancreas_seeds","Fibroblast / CAF -> Exocrine epithelial","invsqrt_kl","membrane",3
"PDGFRA",559,0.997,"pancreas_seeds","Fibroblast / CAF -> Exocrine epithelial","invsqrt_kl","membrane",3
"FBLN1",1002.5,0.992,"pancreas_seeds","Fibroblast / CAF -> Exocrine epithelial","invsqrt_kl","membrane",3
"ASPN",845.4,0.993,"pancreas_seeds","Fibroblast / CAF -> Exocrine epithelial","invsqrt_kl","membrane",3
"PDPN",332.1,0.992,"pancreas_seeds","Fibroblast / CAF -> Exocrine epithelial","invsqrt_kl","membrane",3
"PTGDS",207.4,0.989,"pancreas_seeds","Fibroblast / CAF -> Exocrine epithelial","invsqrt_kl","membrane",3
"PCOLCE",150.5,1,"pancreas_seeds","Fibroblast / CAF -> Exocrine epithelial","invsqrt_kl","membrane",3
"PMP22",543.3,0.99,"pancreas_seeds","Fibroblast / CAF -> Exocrine epithelial","invsqrt_kl","membrane",3
"SFRP2",3464.4,0,"pancreas_seeds","Fibroblast / CAF -> Immune","invsqrt_kl","membrane",3
"THBS2",2252.7,0,"pancreas_seeds","Fibroblast / CAF -> Immune","invsqrt_kl","membrane",3
"COL5A2",2679.1,0,"pancreas_seeds","Fibroblast / CAF -> Immune","invsqrt_kl","membrane",3
"FBN1",3329.1,0.004,"pancreas_seeds","Fibroblast / CAF -> Immune","invsqrt_kl","membrane",3
"VCAN",5767.5,-0.001,"pancreas_seeds","Fibroblast / CAF -> Immune","invsqrt_kl","membrane",3
"CTSK",2718.2,0,"pancreas_seeds","Fibroblast / CAF -> Immune","invsqrt_kl","membrane",3
"PDGFRA",1127.5,0,"pancreas_seeds","Fibroblast / CAF -> Immune","invsqrt_kl","membrane",3
"FBLN1",2469.9,0,"pancreas_seeds","Fibroblast / CAF -> Immune","invsqrt_kl","membrane",3
"SFRP4",3399.4,0,"pancreas_seeds","Fibroblast / CAF -> Immune","invsqrt_kl","membrane",3
"MFAP5",594.9,-0.007,"pancreas_seeds","Fibroblast / CAF -> Immune","invsqrt_kl","membrane",3
"LTBP2",2176.2,0,"pancreas_seeds","Fibroblast / CAF -> Immune","invsqrt_kl","membrane",3
"THY1",1569.4,0,"pancreas_seeds","Fibroblast / CAF -> Immune","invsqrt_kl","membrane",3
"GEM",1207,-0.037,"pancreas_seeds","Fibroblast / CAF -> Immune","invsqrt_kl","membrane",3
"PCOLCE",441.8,0,"pancreas_seeds","Fibroblast / CAF -> Immune","invsqrt_kl","membrane",3
"ASPN",2098.9,0.008,"pancreas_seeds","Fibroblast / CAF -> Immune","invsqrt_kl","membrane",3
"SEMA3C",906.8,-0.016,"pancreas_seeds","Fibroblast / CAF -> Immune","invsqrt_kl","membrane",3
"PTGDS",962.6,0,"pancreas_seeds","Fibroblast / CAF -> Immune","invsqrt_kl","membrane",3
"INMT",614.1,-0.017,"pancreas_seeds","Fibroblast / CAF -> Immune","invsqrt_kl","membrane",3
"APCDD1",384.4,-0.302,"pancreas_seeds","Fibroblast / CAF -> Immune","invsqrt_kl","membrane",3
"SRPX",471.9,0.004,"pancreas_seeds","Fibroblast / CAF -> Immune","invsqrt_kl","membrane",3
"SFRP2",101.7,0,"pancreas_seeds","Fibroblast / CAF -> Mural / pericyte","invsqrt_kl","membrane",3
"MFAP5",53.5,0,"pancreas_seeds","Fibroblast / CAF -> Mural / pericyte","invsqrt_kl","membrane",3
"VCAN",110.6,0.009,"pancreas_seeds","Fibroblast / CAF -> Mural / pericyte","invsqrt_kl","membrane",3
"FBLN1",269,0,"pancreas_seeds","Fibroblast / CAF -> Mural / pericyte","invsqrt_kl","membrane",3
"SFRP4",216.4,0.005,"pancreas_seeds","Fibroblast / CAF -> Mural / pericyte","invsqrt_kl","membrane",3
"THY1",275.2,0,"pancreas_seeds","Fibroblast / CAF -> Mural / pericyte","invsqrt_kl","membrane",3
"CTSK",142.1,0,"pancreas_seeds","Fibroblast / CAF -> Mural / pericyte","invsqrt_kl","membrane",3
"BASP1",151.2,0.019,"pancreas_seeds","Fibroblast / CAF -> Mural / pericyte","invsqrt_kl","membrane",3
"PTGDS",59.5,0,"pancreas_seeds","Fibroblast / CAF -> Mural / pericyte","invsqrt_kl","membrane",3
"PDPN",109.4,0.021,"pancreas_seeds","Fibroblast / CAF -> Mural / pericyte","invsqrt_kl","membrane",3
"MEST",56.7,-0.076,"pancreas_seeds","Fibroblast / CAF -> Mural / pericyte","invsqrt_kl","membrane",3
"ALDH1A3",33.7,-0.054,"pancreas_seeds","Fibroblast / CAF -> Mural / pericyte","invsqrt_kl","membrane",3
"LTBP2",192.5,0,"pancreas_seeds","Fibroblast / CAF -> Mural / pericyte","invsqrt_kl","membrane",3
"PDGFRA",46.7,0,"pancreas_seeds","Fibroblast / CAF -> Mural / pericyte","invsqrt_kl","membrane",3
"THBS2",134,0,"pancreas_seeds","Fibroblast / CAF -> Mural / pericyte","invsqrt_kl","membrane",3
"COL5A2",351.4,0,"pancreas_seeds","Fibroblast / CAF -> Mural / pericyte","invsqrt_kl","membrane",3
"SEMA3C",22.1,-0.173,"pancreas_seeds","Fibroblast / CAF -> Mural / pericyte","invsqrt_kl","membrane",3
"IGF1",29.9,0,"pancreas_seeds","Fibroblast / CAF -> Mural / pericyte","invsqrt_kl","membrane",3
"DPT",17.5,0.057,"pancreas_seeds","Fibroblast / CAF -> Mural / pericyte","invsqrt_kl","membrane",3
"C7",72.8,0,"pancreas_seeds","Fibroblast / CAF -> Mural / pericyte","invsqrt_kl","membrane",3
"IL7R",262,0.995,"pancreas_seeds","Immune -> Ductal/tumor epithelial","invsqrt_kl","membrane",3
"CD163",440.6,0.986,"pancreas_seeds","Immune -> Ductal/tumor epithelial","invsqrt_kl","membrane",3
"PTPRC",631.8,0.998,"pancreas_seeds","Immune -> Ductal/tumor epithelial","invsqrt_kl","membrane",3
"MRC1",251.6,0.992,"pancreas_seeds","Immune -> Ductal/tumor epithelial","invsqrt_kl","membrane",3
"CD8A",129.8,0.986,"pancreas_seeds","Immune -> Ductal/tumor epithelial","invsqrt_kl","membrane",3
"MS4A4A",353,1,"pancreas_seeds","Immune -> Ductal/tumor epithelial","invsqrt_kl","membrane",3
"CCL5",240,0.991,"pancreas_seeds","Immune -> Ductal/tumor epithelial","invsqrt_kl","membrane",3
"VSIG4",311.7,1,"pancreas_seeds","Immune -> Ductal/tumor epithelial","invsqrt_kl","membrane",3
"MS4A6A",739.1,1,"pancreas_seeds","Immune -> Ductal/tumor epithelial","invsqrt_kl","membrane",3
"GZMK",46.8,0.983,"pancreas_seeds","Immune -> Ductal/tumor epithelial","invsqrt_kl","membrane",3
"CD2",78.3,0.94,"pancreas_seeds","Immune -> Ductal/tumor epithelial","invsqrt_kl","membrane",3
"GZMA",79.4,0.998,"pancreas_seeds","Immune -> Ductal/tumor epithelial","invsqrt_kl","membrane",3
"FCGR3A",570.9,0.997,"pancreas_seeds","Immune -> Ductal/tumor epithelial","invsqrt_kl","membrane",3
"LILRB4",89.2,0.97,"pancreas_seeds","Immune -> Ductal/tumor epithelial","invsqrt_kl","membrane",3
"GPR183",301.3,1,"pancreas_seeds","Immune -> Ductal/tumor epithelial","invsqrt_kl","membrane",3
"CYTIP",306.8,0.998,"pancreas_seeds","Immune -> Ductal/tumor epithelial","invsqrt_kl","membrane",3
"FGL2",380.1,0.987,"pancreas_seeds","Immune -> Ductal/tumor epithelial","invsqrt_kl","membrane",3
"KLRB1",143.5,1,"pancreas_seeds","Immune -> Ductal/tumor epithelial","invsqrt_kl","membrane",3
"IGSF6",345.7,0.996,"pancreas_seeds","Immune -> Ductal/tumor epithelial","invsqrt_kl","membrane",3
"TRAC",207.7,1,"pancreas_seeds","Immune -> Ductal/tumor epithelial","invsqrt_kl","membrane",3
"IL7R",13.5,0.944,"pancreas_seeds","Immune -> Endocrine","invsqrt_kl","membrane",3
"PLA2G7",8.1,1,"pancreas_seeds","Immune -> Endocrine","invsqrt_kl","membrane",3
"CD163",18,1,"pancreas_seeds","Immune -> Endocrine","invsqrt_kl","membrane",3
"CSF2RA",19.7,0.899,"pancreas_seeds","Immune -> Endocrine","invsqrt_kl","membrane",3
"CXCR4",34.3,1,"pancreas_seeds","Immune -> Endocrine","invsqrt_kl","membrane",3
"TRAC",20.2,1,"pancreas_seeds","Immune -> Endocrine","invsqrt_kl","membrane",3
"MS4A6A",31.2,1,"pancreas_seeds","Immune -> Endocrine","invsqrt_kl","membrane",3
"CD2",7.7,1,"pancreas_seeds","Immune -> Endocrine","invsqrt_kl","membrane",3
"CD3E",9,0.778,"pancreas_seeds","Immune -> Endocrine","invsqrt_kl","membrane",3
"VSIG4",12.3,0.919,"pancreas_seeds","Immune -> Endocrine","invsqrt_kl","membrane",3
"MS4A1",0.6,1,"pancreas_seeds","Immune -> Endocrine","invsqrt_kl","membrane",3
"MS4A4A",21,0.964,"pancreas_seeds","Immune -> Endocrine","invsqrt_kl","membrane",3
"CCL5",16.1,1,"pancreas_seeds","Immune -> Endocrine","invsqrt_kl","membrane",3
"TREM2",8.8,1,"pancreas_seeds","Immune -> Endocrine","invsqrt_kl","membrane",3
"PTPRC",38.6,0.968,"pancreas_seeds","Immune -> Endocrine","invsqrt_kl","membrane",3
"FCGR3A",14.9,1,"pancreas_seeds","Immune -> Endocrine","invsqrt_kl","membrane",3
"GZMK",7.8,1,"pancreas_seeds","Immune -> Endocrine","invsqrt_kl","membrane",3
"LILRB4",1.6,0,"pancreas_seeds","Immune -> Endocrine","invsqrt_kl","membrane",3
"CLEC4E",10.7,1,"pancreas_seeds","Immune -> Endocrine","invsqrt_kl","membrane",3
"GPR183",11.4,0.912,"pancreas_seeds","Immune -> Endocrine","invsqrt_kl","membrane",3
"IL7R",283.6,0.993,"pancreas_seeds","Immune -> Endothelial","invsqrt_kl","membrane",3
"LILRB4",36.1,0.972,"pancreas_seeds","Immune -> Endothelial","invsqrt_kl","membrane",3
"GZMK",44.1,1,"pancreas_seeds","Immune -> Endothelial","invsqrt_kl","membrane",3
"PLA2G7",145.3,0.986,"pancreas_seeds","Immune -> Endothelial","invsqrt_kl","membrane",3
"CD163",188.7,1,"pancreas_seeds","Immune -> Endothelial","invsqrt_kl","membrane",3
"TREM2",89.2,0.955,"pancreas_seeds","Immune -> Endothelial","invsqrt_kl","membrane",3
"PTPRC",350.2,0.994,"pancreas_seeds","Immune -> Endothelial","invsqrt_kl","membrane",3
"CD2",83.3,1,"pancreas_seeds","Immune -> Endothelial","invsqrt_kl","membrane",3
"VSIG4",90.4,0.999,"pancreas_seeds","Immune -> Endothelial","invsqrt_kl","membrane",3
"CSF2RA",104.4,0.99,"pancreas_seeds","Immune -> Endothelial","invsqrt_kl","membrane",3
"CD8A",130.4,0.998,"pancreas_seeds","Immune -> Endothelial","invsqrt_kl","membrane",3
"MS4A6A",416.4,0.995,"pancreas_seeds","Immune -> Endothelial","invsqrt_kl","membrane",3
"TRAC",258.6,0.981,"pancreas_seeds","Immune -> Endothelial","invsqrt_kl","membrane",3
"HAVCR2",117.4,1,"pancreas_seeds","Immune -> Endothelial","invsqrt_kl","membrane",3
"FOXP3",38.1,1,"pancreas_seeds","Immune -> Endothelial","invsqrt_kl","membrane",3
"KLRB1",142.4,1,"pancreas_seeds","Immune -> Endothelial","invsqrt_kl","membrane",3
"CTLA4",58.2,0.966,"pancreas_seeds","Immune -> Endothelial","invsqrt_kl","membrane",3
"CYTIP",183.7,0.989,"pancreas_seeds","Immune -> Endothelial","invsqrt_kl","membrane",3
"CCL5",196.6,0.99,"pancreas_seeds","Immune -> Endothelial","invsqrt_kl","membrane",3
"MS4A1",43.1,1,"pancreas_seeds","Immune -> Endothelial","invsqrt_kl","membrane",3
"IL7R",409.6,0.994,"pancreas_seeds","Immune -> Exocrine epithelial","invsqrt_kl","membrane",3
"CXCR4",921,0.973,"pancreas_seeds","Immune -> Exocrine epithelial","invsqrt_kl","membrane",3
"PLA2G7",237.9,0.982,"pancreas_seeds","Immune -> Exocrine epithelial","invsqrt_kl","membrane",3
"PTPRC",661.5,1,"pancreas_seeds","Immune -> Exocrine epithelial","invsqrt_kl","membrane",3
"TRAC",344.3,0.996,"pancreas_seeds","Immune -> Exocrine epithelial","invsqrt_kl","membrane",3
"CD163",658.1,1,"pancreas_seeds","Immune -> Exocrine epithelial","invsqrt_kl","membrane",3
"MRC1",344.2,1,"pancreas_seeds","Immune -> Exocrine epithelial","invsqrt_kl","membrane",3
"CCL5",354.7,0.983,"pancreas_seeds","Immune -> Exocrine epithelial","invsqrt_kl","membrane",3
"MS4A4A",543.9,0.998,"pancreas_seeds","Immune -> Exocrine epithelial","invsqrt_kl","membrane",3
"GZMK",72.9,1,"pancreas_seeds","Immune -> Exocrine epithelial","invsqrt_kl","membrane",3
"CD3E",215.2,0.998,"pancreas_seeds","Immune -> Exocrine epithelial","invsqrt_kl","membrane",3
"CD2",221.3,0.998,"pancreas_seeds","Immune -> Exocrine epithelial","invsqrt_kl","membrane",3
"IL2RA",83.4,0.955,"pancreas_seeds","Immune -> Exocrine epithelial","invsqrt_kl","membrane",3
"VSIG4",357.7,0.988,"pancreas_seeds","Immune -> Exocrine epithelial","invsqrt_kl","membrane",3
"KLRB1",218.1,1,"pancreas_seeds","Immune -> Exocrine epithelial","invsqrt_kl","membrane",3
"CSF2RA",292.1,0.985,"pancreas_seeds","Immune -> Exocrine epithelial","invsqrt_kl","membrane",3
"CD8A",331.5,0.991,"pancreas_seeds","Immune -> Exocrine epithelial","invsqrt_kl","membrane",3
"FCGR3A",579.3,1,"pancreas_seeds","Immune -> Exocrine epithelial","invsqrt_kl","membrane",3
"MS4A6A",917.1,0.991,"pancreas_seeds","Immune -> Exocrine epithelial","invsqrt_kl","membrane",3
"GZMA",79.9,0.963,"pancreas_seeds","Immune -> Exocrine epithelial","invsqrt_kl","membrane",3
"MS4A1",480.9,0.985,"pancreas_seeds","Immune -> Fibroblast / CAF","invsqrt_kl","membrane",3
"NKG7",323.9,0.994,"pancreas_seeds","Immune -> Fibroblast / CAF","invsqrt_kl","membrane",3
"CD8A",1978.4,0.998,"pancreas_seeds","Immune -> Fibroblast / CAF","invsqrt_kl","membrane",3
"CXCR4",4575.1,0.997,"pancreas_seeds","Immune -> Fibroblast / CAF","invsqrt_kl","membrane",3
"PTPRC",4323.9,0.998,"pancreas_seeds","Immune -> Fibroblast / CAF","invsqrt_kl","membrane",3
"MS4A6A",3003,1,"pancreas_seeds","Immune -> Fibroblast / CAF","invsqrt_kl","membrane",3
"GPR183",1093.3,1,"pancreas_seeds","Immune -> Fibroblast / CAF","invsqrt_kl","membrane",3
"MS4A4A",1736,0.995,"pancreas_seeds","Immune -> Fibroblast / CAF","invsqrt_kl","membrane",3
"CSF2RA",894.4,0.992,"pancreas_seeds","Immune -> Fibroblast / CAF","invsqrt_kl","membrane",3
"CD163",1716.5,1,"pancreas_seeds","Immune -> Fibroblast / CAF","invsqrt_kl","membrane",3
"TREM2",354.7,0.972,"pancreas_seeds","Immune -> Fibroblast / CAF","invsqrt_kl","membrane",3
"PLA2G7",897.4,0.989,"pancreas_seeds","Immune -> Fibroblast / CAF","invsqrt_kl","membrane",3
"FOXP3",458.9,0.994,"pancreas_seeds","Immune -> Fibroblast / CAF","invsqrt_kl","membrane",3
"CYTIP",2238.1,1,"pancreas_seeds","Immune -> Fibroblast / CAF","invsqrt_kl","membrane",3
"CD69",933.6,0.998,"pancreas_seeds","Immune -> Fibroblast / CAF","invsqrt_kl","membrane",3
"FCER1A",326.9,0.988,"pancreas_seeds","Immune -> Fibroblast / CAF","invsqrt_kl","membrane",3
"IL7R",4963.4,1,"pancreas_seeds","Immune -> Fibroblast / CAF","invsqrt_kl","membrane",3
"VSIG4",622.2,0.989,"pancreas_seeds","Immune -> Fibroblast / CAF","invsqrt_kl","membrane",3
"KLRB1",1447.4,0.998,"pancreas_seeds","Immune -> Fibroblast / CAF","invsqrt_kl","membrane",3
"LY86",468.7,0.996,"pancreas_seeds","Immune -> Fibroblast / CAF","invsqrt_kl","membrane",3
"CD3D",0,0,"pancreas_seeds","Immune -> Mural / pericyte","invsqrt_kl","membrane",3
"SLAMF7",0,0,"pancreas_seeds","Immune -> Mural / pericyte","invsqrt_kl","membrane",3
"MS4A1",0,0.793,"pancreas_seeds","Immune -> Mural / pericyte","invsqrt_kl","membrane",3
"KLRB1",46.8,0,"pancreas_seeds","Immune -> Mural / pericyte","invsqrt_kl","membrane",3
"CXCR4",151,0.762,"pancreas_seeds","Immune -> Mural / pericyte","invsqrt_kl","membrane",3
"VSIG4",41.7,1,"pancreas_seeds","Immune -> Mural / pericyte","invsqrt_kl","membrane",3
"CD8A",41.7,0,"pancreas_seeds","Immune -> Mural / pericyte","invsqrt_kl","membrane",3
"PLA2G7",51.7,1,"pancreas_seeds","Immune -> Mural / pericyte","invsqrt_kl","membrane",3
"FCN1",0,1,"pancreas_seeds","Immune -> Mural / pericyte","invsqrt_kl","membrane",3
"MRC1",74.5,0.96,"pancreas_seeds","Immune -> Mural / pericyte","invsqrt_kl","membrane",3
"IL7R",113,0,"pancreas_seeds","Immune -> Mural / pericyte","invsqrt_kl","membrane",3
"MS4A6A",118.5,0.932,"pancreas_seeds","Immune -> Mural / pericyte","invsqrt_kl","membrane",3
"CD3E",49.5,0,"pancreas_seeds","Immune -> Mural / pericyte","invsqrt_kl","membrane",3
"CCL5",65.3,0,"pancreas_seeds","Immune -> Mural / pericyte","invsqrt_kl","membrane",3
"CD163",49.7,1,"pancreas_seeds","Immune -> Mural / pericyte","invsqrt_kl","membrane",3
"CD86",29.7,0.966,"pancreas_seeds","Immune -> Mural / pericyte","invsqrt_kl","membrane",3
"CD79A",36.8,0,"pancreas_seeds","Immune -> Mural / pericyte","invsqrt_kl","membrane",3
"CSF2RA",56.3,1,"pancreas_seeds","Immune -> Mural / pericyte","invsqrt_kl","membrane",3
"MS4A4A",56.8,0.965,"pancreas_seeds","Immune -> Mural / pericyte","invsqrt_kl","membrane",3
"FCER1A",14.8,0,"pancreas_seeds","Immune -> Mural / pericyte","invsqrt_kl","membrane",3
"MYH11",58.9,0.956,"pancreas_seeds","Mural / pericyte -> Ductal/tumor epithelial","invsqrt_kl","membrane",3
"MEDAG",12.1,1,"pancreas_seeds","Mural / pericyte -> Ductal/tumor epithelial","invsqrt_kl","membrane",3
"ADAMTS1",98.2,0.993,"pancreas_seeds","Mural / pericyte -> Ductal/tumor epithelial","invsqrt_kl","membrane",3
"ACTA2",202.4,0.992,"pancreas_seeds","Mural / pericyte -> Ductal/tumor epithelial","invsqrt_kl","membrane",3
"PDGFRB",106.8,0.991,"pancreas_seeds","Mural / pericyte -> Ductal/tumor epithelial","invsqrt_kl","membrane",3
"CNN1",62.5,1,"pancreas_seeds","Mural / pericyte -> Ductal/tumor epithelial","invsqrt_kl","membrane",3
"CRISPLD2",56.6,1,"pancreas_seeds","Mural / pericyte -> Ductal/tumor epithelial","invsqrt_kl","membrane",3
"RERGL",0,1,"pancreas_seeds","Mural / pericyte -> Ductal/tumor epithelial","invsqrt_kl","membrane",3
"MYLK",284.7,0.286,"pancreas_seeds","Mural / pericyte -> Ductal/tumor epithelial","invsqrt_kl","membrane",3
"CCL19",0.4,1,"pancreas_seeds","Mural / pericyte -> Ductal/tumor epithelial","invsqrt_kl","membrane",3
"DES",9.7,-0.012,"pancreas_seeds","Mural / pericyte -> Ductal/tumor epithelial","invsqrt_kl","membrane",3
"TIMP4",0.7,0.91,"pancreas_seeds","Mural / pericyte -> Ductal/tumor epithelial","invsqrt_kl","membrane",3
"OGN",3.9,0.802,"pancreas_seeds","Mural / pericyte -> Ductal/tumor epithelial","invsqrt_kl","membrane",3
"IL1RL1",15,0.99,"pancreas_seeds","Mural / pericyte -> Ductal/tumor epithelial","invsqrt_kl","membrane",3
"MAMDC2",12.7,0.952,"pancreas_seeds","Mural / pericyte -> Ductal/tumor epithelial","invsqrt_kl","membrane",3
"CAV1",31.9,0.939,"pancreas_seeds","Mural / pericyte -> Ductal/tumor epithelial","invsqrt_kl","membrane",3
"SNCG",2.9,0.858,"pancreas_seeds","Mural / pericyte -> Ductal/tumor epithelial","invsqrt_kl","membrane",3
"RETN",0,NA,"pancreas_seeds","Mural / pericyte -> Ductal/tumor epithelial","invsqrt_kl","membrane",3
"MEF2C",25.6,0.941,"pancreas_seeds","Mural / pericyte -> Ductal/tumor epithelial","invsqrt_kl","membrane",3
"PTN",18.8,0.986,"pancreas_seeds","Mural / pericyte -> Ductal/tumor epithelial","invsqrt_kl","membrane",3
"MYH11",543.6,0.469,"pancreas_seeds","Mural / pericyte -> Endothelial","invsqrt_kl","membrane",3
"TNC",178.9,0.996,"pancreas_seeds","Mural / pericyte -> Endothelial","invsqrt_kl","membrane",3
"CNN1",165.8,0.988,"pancreas_seeds","Mural / pericyte -> Endothelial","invsqrt_kl","membrane",3
"RERGL",58.1,0,"pancreas_seeds","Mural / pericyte -> Endothelial","invsqrt_kl","membrane",3
"MEDAG",198.2,0.962,"pancreas_seeds","Mural / pericyte -> Endothelial","invsqrt_kl","membrane",3
"DES",34.8,1,"pancreas_seeds","Mural / pericyte -> Endothelial","invsqrt_kl","membrane",3
"ACTA2",715.8,0.997,"pancreas_seeds","Mural / pericyte -> Endothelial","invsqrt_kl","membrane",3
"MYLK",538.2,0.561,"pancreas_seeds","Mural / pericyte -> Endothelial","invsqrt_kl","membrane",3
"ACTG2",295.3,0.514,"pancreas_seeds","Mural / pericyte -> Endothelial","invsqrt_kl","membrane",3
"CRISPLD2",167.3,0.99,"pancreas_seeds","Mural / pericyte -> Endothelial","invsqrt_kl","membrane",3
"ADAMTS1",2045.6,0.11,"pancreas_seeds","Mural / pericyte -> Endothelial","invsqrt_kl","membrane",3
"TIMP4",14.4,1,"pancreas_seeds","Mural / pericyte -> Endothelial","invsqrt_kl","membrane",3
"OGN",8.1,1,"pancreas_seeds","Mural / pericyte -> Endothelial","invsqrt_kl","membrane",3
"PLIN4",3.2,0.657,"pancreas_seeds","Mural / pericyte -> Endothelial","invsqrt_kl","membrane",3
"CCDC78",0,1,"pancreas_seeds","Mural / pericyte -> Endothelial","invsqrt_kl","membrane",3
"ASCL1",2.9,1,"pancreas_seeds","Mural / pericyte -> Endothelial","invsqrt_kl","membrane",3
"SLC4A1",4.4,1,"pancreas_seeds","Mural / pericyte -> Endothelial","invsqrt_kl","membrane",3
"TBX3",13.8,1,"pancreas_seeds","Mural / pericyte -> Endothelial","invsqrt_kl","membrane",3
"SNCG",4.7,0,"pancreas_seeds","Mural / pericyte -> Endothelial","invsqrt_kl","membrane",3
"MAMDC2",19.2,1,"pancreas_seeds","Mural / pericyte -> Endothelial","invsqrt_kl","membrane",3
"MYH11",19.9,0.99,"pancreas_seeds","Mural / pericyte -> Exocrine epithelial","invsqrt_kl","membrane",3
"MEDAG",1.2,1,"pancreas_seeds","Mural / pericyte -> Exocrine epithelial","invsqrt_kl","membrane",3
"TNC",29.9,0.812,"pancreas_seeds","Mural / pericyte -> Exocrine epithelial","invsqrt_kl","membrane",3
"ACTA2",50.1,1,"pancreas_seeds","Mural / pericyte -> Exocrine epithelial","invsqrt_kl","membrane",3
"CNN1",8.7,0.933,"pancreas_seeds","Mural / pericyte -> Exocrine epithelial","invsqrt_kl","membrane",3
"ADAMTS1",97.3,1,"pancreas_seeds","Mural / pericyte -> Exocrine epithelial","invsqrt_kl","membrane",3
"PDGFRB",40.8,1,"pancreas_seeds","Mural / pericyte -> Exocrine epithelial","invsqrt_kl","membrane",3
"MYLK",80.5,0.936,"pancreas_seeds","Mural / pericyte -> Exocrine epithelial","invsqrt_kl","membrane",3
"CRISPLD2",37.3,1,"pancreas_seeds","Mural / pericyte -> Exocrine epithelial","invsqrt_kl","membrane",3
"TBX3",7,0.89,"pancreas_seeds","Mural / pericyte -> Exocrine epithelial","invsqrt_kl","membrane",3
"SNCG",0,NA,"pancreas_seeds","Mural / pericyte -> Exocrine epithelial","invsqrt_kl","membrane",3
"RERGL",1.1,1,"pancreas_seeds","Mural / pericyte -> Exocrine epithelial","invsqrt_kl","membrane",3
"CCL19",0.4,1,"pancreas_seeds","Mural / pericyte -> Exocrine epithelial","invsqrt_kl","membrane",3
"TIMP4",13.4,1,"pancreas_seeds","Mural / pericyte -> Exocrine epithelial","invsqrt_kl","membrane",3
"CAVIN1",19.2,0.946,"pancreas_seeds","Mural / pericyte -> Exocrine epithelial","invsqrt_kl","membrane",3
"DES",2.2,-0.001,"pancreas_seeds","Mural / pericyte -> Exocrine epithelial","invsqrt_kl","membrane",3
"CAV1",0,1,"pancreas_seeds","Mural / pericyte -> Exocrine epithelial","invsqrt_kl","membrane",3
"ACTG2",4.8,0.645,"pancreas_seeds","Mural / pericyte -> Exocrine epithelial","invsqrt_kl","membrane",3
"TMEM100",6.1,1,"pancreas_seeds","Mural / pericyte -> Exocrine epithelial","invsqrt_kl","membrane",3
"OGN",8.4,0.923,"pancreas_seeds","Mural / pericyte -> Exocrine epithelial","invsqrt_kl","membrane",3
"RERGL",40,0.95,"pancreas_seeds","Mural / pericyte -> Fibroblast / CAF","invsqrt_kl","membrane",3
"MYH11",564.3,0.007,"pancreas_seeds","Mural / pericyte -> Fibroblast / CAF","invsqrt_kl","membrane",3
"ADAMTS1",533.7,0.037,"pancreas_seeds","Mural / pericyte -> Fibroblast / CAF","invsqrt_kl","membrane",3
"SNCG",9.5,0.931,"pancreas_seeds","Mural / pericyte -> Fibroblast / CAF","invsqrt_kl","membrane",3
"MEDAG",271.4,0,"pancreas_seeds","Mural / pericyte -> Fibroblast / CAF","invsqrt_kl","membrane",3
"CNN1",180,0,"pancreas_seeds","Mural / pericyte -> Fibroblast / CAF","invsqrt_kl","membrane",3
"TNC",467.6,0.06,"pancreas_seeds","Mural / pericyte -> Fibroblast / CAF","invsqrt_kl","membrane",3
"DES",107.3,0.971,"pancreas_seeds","Mural / pericyte -> Fibroblast / CAF","invsqrt_kl","membrane",3
"LGI4",24.9,0.903,"pancreas_seeds","Mural / pericyte -> Fibroblast / CAF","invsqrt_kl","membrane",3
"CAV1",50.4,0.967,"pancreas_seeds","Mural / pericyte -> Fibroblast / CAF","invsqrt_kl","membrane",3
"HES4",5.1,0.247,"pancreas_seeds","Mural / pericyte -> Fibroblast / CAF","invsqrt_kl","membrane",3
"ADH4",9,0.731,"pancreas_seeds","Mural / pericyte -> Fibroblast / CAF","invsqrt_kl","membrane",3
"PLIN4",0,0.319,"pancreas_seeds","Mural / pericyte -> Fibroblast / CAF","invsqrt_kl","membrane",3
"RETN",3.7,1,"pancreas_seeds","Mural / pericyte -> Fibroblast / CAF","invsqrt_kl","membrane",3
"CDH16",12.5,0.795,"pancreas_seeds","Mural / pericyte -> Fibroblast / CAF","invsqrt_kl","membrane",3
"SLC4A1",9.8,0.876,"pancreas_seeds","Mural / pericyte -> Fibroblast / CAF","invsqrt_kl","membrane",3
"AHSP",0,1,"pancreas_seeds","Mural / pericyte -> Fibroblast / CAF","invsqrt_kl","membrane",3
"LY6D",1.9,1,"pancreas_seeds","Mural / pericyte -> Fibroblast / CAF","invsqrt_kl","membrane",3
"TIMP4",0,0.82,"pancreas_seeds","Mural / pericyte -> Fibroblast / CAF","invsqrt_kl","membrane",3
"DNAAF1",7.2,1,"pancreas_seeds","Mural / pericyte -> Fibroblast / CAF","invsqrt_kl","membrane",3
"MYH11",358.1,0.082,"pancreas_seeds","Mural / pericyte -> Immune","invsqrt_kl","membrane",3
"ADAMTS1",354.9,0.274,"pancreas_seeds","Mural / pericyte -> Immune","invsqrt_kl","membrane",3
"CNN1",99.2,0,"pancreas_seeds","Mural / pericyte -> Immune","invsqrt_kl","membrane",3
"RERGL",22.3,0.955,"pancreas_seeds","Mural / pericyte -> Immune","invsqrt_kl","membrane",3
"MEDAG",66.4,0,"pancreas_seeds","Mural / pericyte -> Immune","invsqrt_kl","membrane",3
"TNC",313.3,0.21,"pancreas_seeds","Mural / pericyte -> Immune","invsqrt_kl","membrane",3
"ACTA2",271.8,0,"pancreas_seeds","Mural / pericyte -> Immune","invsqrt_kl","membrane",3
"MYLK",261.5,0.032,"pancreas_seeds","Mural / pericyte -> Immune","invsqrt_kl","membrane",3
"DES",29.9,1,"pancreas_seeds","Mural / pericyte -> Immune","invsqrt_kl","membrane",3
"CAV1",43.9,1,"pancreas_seeds","Mural / pericyte -> Immune","invsqrt_kl","membrane",3
"SNCG",0,1,"pancreas_seeds","Mural / pericyte -> Immune","invsqrt_kl","membrane",3
"PDGFRB",339.5,0.005,"pancreas_seeds","Mural / pericyte -> Immune","invsqrt_kl","membrane",3
"CRISPLD2",223.9,0,"pancreas_seeds","Mural / pericyte -> Immune","invsqrt_kl","membrane",3
"TBX3",54.5,-0.018,"pancreas_seeds","Mural / pericyte -> Immune","invsqrt_kl","membrane",3
"HES4",0.1,0,"pancreas_seeds","Mural / pericyte -> Immune","invsqrt_kl","membrane",3
"TIMP4",34.5,1,"pancreas_seeds","Mural / pericyte -> Immune","invsqrt_kl","membrane",3
"CAVIN1",175.1,0.051,"pancreas_seeds","Mural / pericyte -> Immune","invsqrt_kl","membrane",3
"ACTG2",6.7,-1.064,"pancreas_seeds","Mural / pericyte -> Immune","invsqrt_kl","membrane",3
"ADH4",3,1,"pancreas_seeds","Mural / pericyte -> Immune","invsqrt_kl","membrane",3
"LGI4",5.4,0,"pancreas_seeds","Mural / pericyte -> Immune","invsqrt_kl","membrane",3
