"gene","excess_before","power","dataset","pair","variant","method","seed"
"GPX2",75.7,1,"pancreas","Ductal/tumor epithelial -> Endothelial","ls_nmf","membrane",NA
"TMC5",122.2,0.874,"pancreas","Ductal/tumor epithelial -> Endothelial","ls_nmf","membrane",NA
"SERPINB3",9.6,0.815,"pancreas","Ductal/tumor epithelial -> Endothelial","ls_nmf","membrane",NA
"COL17A1",0,NA,"pancreas","Ductal/tumor epithelial -> Endothelial","ls_nmf","membrane",NA
"CAPN8",2.6,1,"pancreas","Ductal/tumor epithelial -> Endothelial","ls_nmf","membrane",NA
"DMBT1",15.6,0.908,"pancreas","Ductal/tumor epithelial -> Endothelial","ls_nmf","membrane",NA
"GPRC5A",0,0.847,"pancreas","Ductal/tumor epithelial -> Endothelial","ls_nmf","membrane",NA
"EPCAM",539.4,0.975,"pancreas","Ductal/tumor epithelial -> Endothelial","ls_nmf","membrane",NA
"EHF",253.7,0.714,"pancreas","Ductal/tumor epithelial -> Endothelial","ls_nmf","membrane",NA
"CXCL6",491.2,0.982,"pancreas","Ductal/tumor epithelial -> Endothelial","ls_nmf","membrane",NA
"KRT7",89.5,0.46,"pancreas","Ductal/tumor epithelial -> Endothelial","ls_nmf","membrane",NA
"FOXJ1",0,0.497,"pancreas","Ductal/tumor epithelial -> Endothelial","ls_nmf","membrane",NA
"LIF",27.8,0.935,"pancreas","Ductal/tumor epithelial -> Endothelial","ls_nmf","membrane",NA
"SERPINB2",9.1,1,"pancreas","Ductal/tumor epithelial -> Endothelial","ls_nmf","membrane",NA
"C15orf48",42.4,1,"pancreas","Ductal/tumor epithelial -> Endothelial","ls_nmf","membrane",NA
"PPP1R1B",336.8,0.677,"pancreas","Ductal/tumor epithelial -> Endothelial","ls_nmf","membrane",NA
"BAMBI",31.6,0.388,"pancreas","Ductal/tumor epithelial -> Endothelial","ls_nmf","membrane",NA
"CFB",625.4,0.576,"pancreas","Ductal/tumor epithelial -> Endothelial","ls_nmf","membrane",NA
"LGR5",1.5,0.27,"pancreas","Ductal/tumor epithelial -> Endothelial","ls_nmf","membrane",NA
"FOXA1",0,1,"pancreas","Ductal/tumor epithelial -> Endothelial","ls_nmf","membrane",NA
"SERPINB3",96.4,0.104,"pancreas","Ductal/tumor epithelial -> Exocrine epithelial","ls_nmf","membrane",NA
"COL17A1",63,0.111,"pancreas","Ductal/tumor epithelial -> Exocrine epithelial","ls_nmf","membrane",NA
"GPRC5A",29.8,0.314,"pancreas","Ductal/tumor epithelial -> Exocrine epithelial","ls_nmf","membrane",NA
"CAPN8",125.4,0.709,"pancreas","Ductal/tumor epithelial -> Exocrine epithelial","ls_nmf","membrane",NA
"DMBT1",255,0.571,"pancreas","Ductal/tumor epithelial -> Exocrine epithelial","ls_nmf","membrane",NA
"MALL",154.8,0.441,"pancreas","Ductal/tumor epithelial -> Exocrine epithelial","ls_nmf","membrane",NA
"TMC5",2078.2,0.78,"pancreas","Ductal/tumor epithelial -> Exocrine epithelial","ls_nmf","membrane",NA
"GPX2",1424,0.743,"pancreas","Ductal/tumor epithelial -> Exocrine epithelial","ls_nmf","membrane",NA
"LIF",144.9,0.629,"pancreas","Ductal/tumor epithelial -> Exocrine epithelial","ls_nmf","membrane",NA
"MKI67",78.6,0.064,"pancreas","Ductal/tumor epithelial -> Exocrine epithelial","ls_nmf","membrane",NA
"FHL2",117.2,0.316,"pancreas","Ductal/tumor epithelial -> Exocrine epithelial","ls_nmf","membrane",NA
"FOXJ1",0,NA,"pancreas","Ductal/tumor epithelial -> Exocrine epithelial","ls_nmf","membrane",NA
"UBE2C",0,NA,"pancreas","Ductal/tumor epithelial -> Exocrine epithelial","ls_nmf","membrane",NA
"CCNB2",51.3,0.259,"pancreas","Ductal/tumor epithelial -> Exocrine epithelial","ls_nmf","membrane",NA
"SERPINB2",101.2,0.332,"pancreas","Ductal/tumor epithelial -> Exocrine epithelial","ls_nmf","membrane",NA
"CENPF",99.6,0.079,"pancreas","Ductal/tumor epithelial -> Exocrine epithelial","ls_nmf","membrane",NA
"FOXA1",0,NA,"pancreas","Ductal/tumor epithelial -> Exocrine epithelial","ls_nmf","membrane",NA
"LGR5",8.3,0.561,"pancreas","Ductal/tumor epithelial -> Exocrine epithelial","ls_nmf","membrane",NA
"CDK1",144.3,0.117,"pancreas","Ductal/tumor epithelial -> Exocrine epithelial","ls_nmf","membrane",NA
"CXCL6",5252.3,0.993,"pancreas","Ductal/tumor epithelial -> Exocrine epithelial","ls_nmf","membrane",NA
"GPX2",733,0.984,"pancreas","Ductal/tumor epithelial -> Fibroblast / CAF","ls_nmf","membrane",NA
"TMC5",650.9,0.963,"pancreas","Ductal/tumor epithelial -> Fibroblast / CAF","ls_nmf","membrane",NA
"COL17A1",178.6,0.98,"pancreas","Ductal/tumor epithelial -> Fibroblast / CAF","ls_nmf","membrane",NA
"EPCAM",2659,0.862,"pancreas","Ductal/tumor epithelial -> Fibroblast / CAF","ls_nmf","membrane",NA
"DMBT1",194.4,0.978,"pancreas","Ductal/tumor epithelial -> Fibroblast / CAF","ls_nmf","membrane",NA
"CAPN8",167.2,0.962,"pancreas","Ductal/tumor epithelial -> Fibroblast / CAF","ls_nmf","membrane",NA
"EHF",974.8,0.771,"pancreas","Ductal/tumor epithelial -> Fibroblast / CAF","ls_nmf","membrane",NA
"SERPINB3",897.5,0.235,"pancreas","Ductal/tumor epithelial -> Fibroblast / CAF","ls_nmf","membrane",NA
"GPRC5A",2341.6,0.836,"pancreas","Ductal/tumor epithelial -> Fibroblast / CAF","ls_nmf","membrane",NA
"MET",556.3,0.329,"pancreas","Ductal/tumor epithelial -> Fibroblast / CAF","ls_nmf","membrane",NA
"ARFGEF3",201.9,0.978,"pancreas","Ductal/tumor epithelial -> Fibroblast / CAF","ls_nmf","membrane",NA
"FOXJ1",62,0.916,"pancreas","Ductal/tumor epithelial -> Fibroblast / CAF","ls_nmf","membrane",NA
"FOXA1",25.6,0.925,"pancreas","Ductal/tumor epithelial -> Fibroblast / CAF","ls_nmf","membrane",NA
"PPP1R1B",693.6,0.97,"pancreas","Ductal/tumor epithelial -> Fibroblast / CAF","ls_nmf","membrane",NA
"MALL",1229.9,0.295,"pancreas","Ductal/tumor epithelial -> Fibroblast / CAF","ls_nmf","membrane",NA
"CXCL6",1658.2,0.275,"pancreas","Ductal/tumor epithelial -> Fibroblast / CAF","ls_nmf","membrane",NA
"SERPINB2",94.9,0.32,"pancreas","Ductal/tumor epithelial -> Fibroblast / CAF","ls_nmf","membrane",NA
"UBE2C",223.1,0.831,"pancreas","Ductal/tumor epithelial -> Fibroblast / CAF","ls_nmf","membrane",NA
"KRT7",332.6,0.255,"pancreas","Ductal/tumor epithelial -> Fibroblast / CAF","ls_nmf","membrane",NA
"BAMBI",434.4,0.277,"pancreas","Ductal/tumor epithelial -> Fibroblast / CAF","ls_nmf","membrane",NA
"GPX2",474.6,0.184,"pancreas","Ductal/tumor epithelial -> Immune","ls_nmf","membrane",NA
"COL17A1",82.9,-0.012,"pancreas","Ductal/tumor epithelial -> Immune","ls_nmf","membrane",NA
"EPCAM",1035.5,0.634,"pancreas","Ductal/tumor epithelial -> Immune","ls_nmf","membrane",NA
"TMC5",406.1,0.274,"pancreas","Ductal/tumor epithelial -> Immune","ls_nmf","membrane",NA
"GPRC5A",793.4,0,"pancreas","Ductal/tumor epithelial -> Immune","ls_nmf","membrane",NA
"SERPINB3",248.3,0.004,"pancreas","Ductal/tumor epithelial -> Immune","ls_nmf","membrane",NA
"DMBT1",135.4,0.076,"pancreas","Ductal/tumor epithelial -> Immune","ls_nmf","membrane",NA
"CAPN8",79.9,0.036,"pancreas","Ductal/tumor epithelial -> Immune","ls_nmf","membrane",NA
"FOXA1",8.3,0,"pancreas","Ductal/tumor epithelial -> Immune","ls_nmf","membrane",NA
"MET",295.5,0.443,"pancreas","Ductal/tumor epithelial -> Immune","ls_nmf","membrane",NA
"MALL",382.7,0.008,"pancreas","Ductal/tumor epithelial -> Immune","ls_nmf","membrane",NA
"FOXJ1",30.3,0.03,"pancreas","Ductal/tumor epithelial -> Immune","ls_nmf","membrane",NA
"ARFGEF3",134.1,0.546,"pancreas","Ductal/tumor epithelial -> Immune","ls_nmf","membrane",NA
"EHF",557.6,0.526,"pancreas","Ductal/tumor epithelial -> Immune","ls_nmf","membrane",NA
"CXCL6",1333.9,0.829,"pancreas","Ductal/tumor epithelial -> Immune","ls_nmf","membrane",NA
"PPP1R1B",532.8,0.663,"pancreas","Ductal/tumor epithelial -> Immune","ls_nmf","membrane",NA
"KRT7",316.3,0.374,"pancreas","Ductal/tumor epithelial -> Immune","ls_nmf","membrane",NA
"CFB",1381.7,0.511,"pancreas","Ductal/tumor epithelial -> Immune","ls_nmf","membrane",NA
"BAMBI",139.5,0.346,"pancreas","Ductal/tumor epithelial -> Immune","ls_nmf","membrane",NA
"ERBB2",108.3,0.77,"pancreas","Ductal/tumor epithelial -> Immune","ls_nmf","membrane",NA
"GPX2",20.8,0,"pancreas","Ductal/tumor epithelial -> Mural / pericyte","ls_nmf","membrane",NA
"EHF",20.3,0.077,"pancreas","Ductal/tumor epithelial -> Mural / pericyte","ls_nmf","membrane",NA
"EPCAM",43.2,0.069,"pancreas","Ductal/tumor epithelial -> Mural / pericyte","ls_nmf","membrane",NA
"COL17A1",7.4,0,"pancreas","Ductal/tumor epithelial -> Mural / pericyte","ls_nmf","membrane",NA
"SERPINB3",19.5,0,"pancreas","Ductal/tumor epithelial -> Mural / pericyte","ls_nmf","membrane",NA
"TMC5",21.4,0,"pancreas","Ductal/tumor epithelial -> Mural / pericyte","ls_nmf","membrane",NA
"DMBT1",5.3,0,"pancreas","Ductal/tumor epithelial -> Mural / pericyte","ls_nmf","membrane",NA
"CXCL6",71.4,0,"pancreas","Ductal/tumor epithelial -> Mural / pericyte","ls_nmf","membrane",NA
"GPRC5A",52.8,0,"pancreas","Ductal/tumor epithelial -> Mural / pericyte","ls_nmf","membrane",NA
"ARFGEF3",4.1,-0.097,"pancreas","Ductal/tumor epithelial -> Mural / pericyte","ls_nmf","membrane",NA
"CAPN8",9,0,"pancreas","Ductal/tumor epithelial -> Mural / pericyte","ls_nmf","membrane",NA
"KRT7",20.6,0,"pancreas","Ductal/tumor epithelial -> Mural / pericyte","ls_nmf","membrane",NA
"MET",22.5,0,"pancreas","Ductal/tumor epithelial -> Mural / pericyte","ls_nmf","membrane",NA
"C15orf48",32.5,0,"pancreas","Ductal/tumor epithelial -> Mural / pericyte","ls_nmf","membrane",NA
"MALL",27.1,0,"pancreas","Ductal/tumor epithelial -> Mural / pericyte","ls_nmf","membrane",NA
"FOXJ1",1.1,0,"pancreas","Ductal/tumor epithelial -> Mural / pericyte","ls_nmf","membrane",NA
"SERPINB2",5.9,0,"pancreas","Ductal/tumor epithelial -> Mural / pericyte","ls_nmf","membrane",NA
"MKI67",12.5,0,"pancreas","Ductal/tumor epithelial -> Mural / pericyte","ls_nmf","membrane",NA
"PPP1R1B",9,0.111,"pancreas","Ductal/tumor epithelial -> Mural / pericyte","ls_nmf","membrane",NA
"UBE2C",6.9,0,"pancreas","Ductal/tumor epithelial -> Mural / pericyte","ls_nmf","membrane",NA
"INS",540.8,0.987,"pancreas","Endocrine -> Ductal/tumor epithelial","ls_nmf","membrane",NA
"SST",212.1,0.819,"pancreas","Endocrine -> Ductal/tumor epithelial","ls_nmf","membrane",NA
"GCG",867.1,0.95,"pancreas","Endocrine -> Ductal/tumor epithelial","ls_nmf","membrane",NA
"CHGA",49.7,0.971,"pancreas","Endocrine -> Ductal/tumor epithelial","ls_nmf","membrane",NA
"PCSK2",42.2,0.839,"pancreas","Endocrine -> Ductal/tumor epithelial","ls_nmf","membrane",NA
"SCGN",79.8,0.332,"pancreas","Endocrine -> Ductal/tumor epithelial","ls_nmf","membrane",NA
"HEPACAM2",13.8,0.042,"pancreas","Endocrine -> Ductal/tumor epithelial","ls_nmf","membrane",NA
"PPY",43,0.221,"pancreas","Endocrine -> Ductal/tumor epithelial","ls_nmf","membrane",NA
"GHRL",32.2,0.087,"pancreas","Endocrine -> Ductal/tumor epithelial","ls_nmf","membrane",NA
"PPP1R1A",12.8,0.126,"pancreas","Endocrine -> Ductal/tumor epithelial","ls_nmf","membrane",NA
"PCP4",21.8,0.172,"pancreas","Endocrine -> Ductal/tumor epithelial","ls_nmf","membrane",NA
"MMRN1",11.5,0.554,"pancreas","Endocrine -> Ductal/tumor epithelial","ls_nmf","membrane",NA
"SLC18A2",4.8,0.156,"pancreas","Endocrine -> Ductal/tumor epithelial","ls_nmf","membrane",NA
"PRG4",5.5,0.742,"pancreas","Endocrine -> Ductal/tumor epithelial","ls_nmf","membrane",NA
"SCGB2A1",28.1,0.091,"pancreas","Endocrine -> Ductal/tumor epithelial","ls_nmf","membrane",NA
"TENT5C",9.6,0.123,"pancreas","Endocrine -> Ductal/tumor epithelial","ls_nmf","membrane",NA
"KCNMA1",0,-1.73,"pancreas","Endocrine -> Ductal/tumor epithelial","ls_nmf","membrane",NA
"PGR",2.7,0.179,"pancreas","Endocrine -> Ductal/tumor epithelial","ls_nmf","membrane",NA
"TM4SF4",140.2,0.161,"pancreas","Endocrine -> Ductal/tumor epithelial","ls_nmf","membrane",NA
"ESR1",0,NA,"pancreas","Endocrine -> Ductal/tumor epithelial","ls_nmf","membrane",NA
"INS",1266.8,0.997,"pancreas","Endocrine -> Endothelial","ls_nmf","membrane",NA
"GCG",1230,0.822,"pancreas","Endocrine -> Endothelial","ls_nmf","membrane",NA
"SST",512,0.994,"pancreas","Endocrine -> Endothelial","ls_nmf","membrane",NA
"CHGA",85.5,0.966,"pancreas","Endocrine -> Endothelial","ls_nmf","membrane",NA
"PCSK2",63.2,0.717,"pancreas","Endocrine -> Endothelial","ls_nmf","membrane",NA
"SCGN",209.5,0.777,"pancreas","Endocrine -> Endothelial","ls_nmf","membrane",NA
"PPY",64.4,0.535,"pancreas","Endocrine -> Endothelial","ls_nmf","membrane",NA
"HEPACAM2",29.7,0.968,"pancreas","Endocrine -> Endothelial","ls_nmf","membrane",NA
"PPP1R1A",33.4,0.886,"pancreas","Endocrine -> Endothelial","ls_nmf","membrane",NA
"PCP4",24.9,0.581,"pancreas","Endocrine -> Endothelial","ls_nmf","membrane",NA
"GHRL",29.6,0.59,"pancreas","Endocrine -> Endothelial","ls_nmf","membrane",NA
"SCGB2A1",20.4,0.644,"pancreas","Endocrine -> Endothelial","ls_nmf","membrane",NA
"TM4SF4",44,0.82,"pancreas","Endocrine -> Endothelial","ls_nmf","membrane",NA
"SLC18A2",2.8,0.864,"pancreas","Endocrine -> Endothelial","ls_nmf","membrane",NA
"KCNMA1",20.3,0.644,"pancreas","Endocrine -> Endothelial","ls_nmf","membrane",NA
"TENT5C",14.6,0.751,"pancreas","Endocrine -> Endothelial","ls_nmf","membrane",NA
"PRG4",8.6,0.682,"pancreas","Endocrine -> Endothelial","ls_nmf","membrane",NA
"PGR",3,0.836,"pancreas","Endocrine -> Endothelial","ls_nmf","membrane",NA
"FXYD2",13.7,0.767,"pancreas","Endocrine -> Endothelial","ls_nmf","membrane",NA
"HEMGN",1.5,0.881,"pancreas","Endocrine -> Endothelial","ls_nmf","membrane",NA
"INS",1974,0.986,"pancreas","Endocrine -> Exocrine epithelial","ls_nmf","membrane",NA
"GCG",1673.9,0.963,"pancreas","Endocrine -> Exocrine epithelial","ls_nmf","membrane",NA
"CHGA",118.8,0.933,"pancreas","Endocrine -> Exocrine epithelial","ls_nmf","membrane",NA
"PCSK2",75.8,0.928,"pancreas","Endocrine -> Exocrine epithelial","ls_nmf","membrane",NA
"SST",689,0.244,"pancreas","Endocrine -> Exocrine epithelial","ls_nmf","membrane",NA
"PPY",79.5,0.961,"pancreas","Endocrine -> Exocrine epithelial","ls_nmf","membrane",NA
"SCGN",213.5,0.228,"pancreas","Endocrine -> Exocrine epithelial","ls_nmf","membrane",NA
"MMRN1",29.4,0.99,"pancreas","Endocrine -> Exocrine epithelial","ls_nmf","membrane",NA
"HEPACAM2",35.8,0.254,"pancreas","Endocrine -> Exocrine epithelial","ls_nmf","membrane",NA
"GHRL",94.6,0.128,"pancreas","Endocrine -> Exocrine epithelial","ls_nmf","membrane",NA
"PCP4",22.1,0.66,"pancreas","Endocrine -> Exocrine epithelial","ls_nmf","membrane",NA
"PPP1R1A",58.2,0.248,"pancreas","Endocrine -> Exocrine epithelial","ls_nmf","membrane",NA
"SCGB2A1",14,0.393,"pancreas","Endocrine -> Exocrine epithelial","ls_nmf","membrane",NA
"PRG4",2.6,-0.126,"pancreas","Endocrine -> Exocrine epithelial","ls_nmf","membrane",NA
"SLC18A2",0,1,"pancreas","Endocrine -> Exocrine epithelial","ls_nmf","membrane",NA
"TM4SF4",53.2,0.994,"pancreas","Endocrine -> Exocrine epithelial","ls_nmf","membrane",NA
"PGR",12.7,0.197,"pancreas","Endocrine -> Exocrine epithelial","ls_nmf","membrane",NA
"KCNMA1",17.8,0.475,"pancreas","Endocrine -> Exocrine epithelial","ls_nmf","membrane",NA
"SNCA",0,0.95,"pancreas","Endocrine -> Exocrine epithelial","ls_nmf","membrane",NA
"ESR1",0,-4.077,"pancreas","Endocrine -> Exocrine epithelial","ls_nmf","membrane",NA
"INS",479.7,0.994,"pancreas","Endocrine -> Fibroblast / CAF","ls_nmf","membrane",NA
"SST",204.1,1,"pancreas","Endocrine -> Fibroblast / CAF","ls_nmf","membrane",NA
"GCG",1154.5,0.772,"pancreas","Endocrine -> Fibroblast / CAF","ls_nmf","membrane",NA
"CHGA",43.2,0.923,"pancreas","Endocrine -> Fibroblast / CAF","ls_nmf","membrane",NA
"SCGN",142.5,0.757,"pancreas","Endocrine -> Fibroblast / CAF","ls_nmf","membrane",NA
"PCSK2",64.4,0.354,"pancreas","Endocrine -> Fibroblast / CAF","ls_nmf","membrane",NA
"PPY",45.7,0.361,"pancreas","Endocrine -> Fibroblast / CAF","ls_nmf","membrane",NA
"PPP1R1A",17.3,0.088,"pancreas","Endocrine -> Fibroblast / CAF","ls_nmf","membrane",NA
"HEPACAM2",17.2,0.502,"pancreas","Endocrine -> Fibroblast / CAF","ls_nmf","membrane",NA
"SCGB2A1",25,0.26,"pancreas","Endocrine -> Fibroblast / CAF","ls_nmf","membrane",NA
"TM4SF4",62.2,0.925,"pancreas","Endocrine -> Fibroblast / CAF","ls_nmf","membrane",NA
"GHRL",25.5,0.38,"pancreas","Endocrine -> Fibroblast / CAF","ls_nmf","membrane",NA
"PCP4",9.6,-0.02,"pancreas","Endocrine -> Fibroblast / CAF","ls_nmf","membrane",NA
"MMRN1",5.9,0.444,"pancreas","Endocrine -> Fibroblast / CAF","ls_nmf","membrane",NA
"SLC18A2",4.4,0.166,"pancreas","Endocrine -> Fibroblast / CAF","ls_nmf","membrane",NA
"FXYD2",32.5,0.954,"pancreas","Endocrine -> Fibroblast / CAF","ls_nmf","membrane",NA
"TENT5C",14.8,0.267,"pancreas","Endocrine -> Fibroblast / CAF","ls_nmf","membrane",NA
"KCNMA1",0,0.722,"pancreas","Endocrine -> Fibroblast / CAF","ls_nmf","membrane",NA
"VWA5A",13.8,0.262,"pancreas","Endocrine -> Fibroblast / CAF","ls_nmf","membrane",NA
"SNCA",0.6,0.212,"pancreas","Endocrine -> Fibroblast / CAF","ls_nmf","membrane",NA
"INS",217.3,0.183,"pancreas","Endocrine -> Immune","ls_nmf","membrane",NA
"GCG",402.5,0.941,"pancreas","Endocrine -> Immune","ls_nmf","membrane",NA
"SST",134.2,1,"pancreas","Endocrine -> Immune","ls_nmf","membrane",NA
"CHGA",23.6,0.455,"pancreas","Endocrine -> Immune","ls_nmf","membrane",NA
"SCGN",64,0.364,"pancreas","Endocrine -> Immune","ls_nmf","membrane",NA
"PCSK2",18.7,0.051,"pancreas","Endocrine -> Immune","ls_nmf","membrane",NA
"PPY",14.6,-0.005,"pancreas","Endocrine -> Immune","ls_nmf","membrane",NA
"PPP1R1A",4.2,0.316,"pancreas","Endocrine -> Immune","ls_nmf","membrane",NA
"HEPACAM2",6.9,0.341,"pancreas","Endocrine -> Immune","ls_nmf","membrane",NA
"SCGB2A1",8,0.483,"pancreas","Endocrine -> Immune","ls_nmf","membrane",NA
"TM4SF4",19.6,0.723,"pancreas","Endocrine -> Immune","ls_nmf","membrane",NA
"GHRL",9.5,-0.022,"pancreas","Endocrine -> Immune","ls_nmf","membrane",NA
"PCP4",5.8,-0.048,"pancreas","Endocrine -> Immune","ls_nmf","membrane",NA
"MMRN1",0,NA,"pancreas","Endocrine -> Immune","ls_nmf","membrane",NA
"SLC18A2",2.3,0.533,"pancreas","Endocrine -> Immune","ls_nmf","membrane",NA
"PRG4",6.1,0.655,"pancreas","Endocrine -> Immune","ls_nmf","membrane",NA
"FXYD2",20.8,0.929,"pancreas","Endocrine -> Immune","ls_nmf","membrane",NA
"PGR",4.9,-0.047,"pancreas","Endocrine -> Immune","ls_nmf","membrane",NA
"TENT5C",0,NA,"pancreas","Endocrine -> Immune","ls_nmf","membrane",NA
"VWA5A",0.6,0.374,"pancreas","Endocrine -> Immune","ls_nmf","membrane",NA
"PECAM1",783.7,0.944,"pancreas","Endothelial -> Ductal/tumor epithelial","ls_nmf","membrane",NA
"ADGRL4",248,0.886,"pancreas","Endothelial -> Ductal/tumor epithelial","ls_nmf","membrane",NA
"CD93",626,0.286,"pancreas","Endothelial -> Ductal/tumor epithelial","ls_nmf","membrane",NA
"CLEC14A",128.7,0.992,"pancreas","Endothelial -> Ductal/tumor epithelial","ls_nmf","membrane",NA
"VWF",112.7,0.988,"pancreas","Endothelial -> Ductal/tumor epithelial","ls_nmf","membrane",NA
"CD34",422,0.389,"pancreas","Endothelial -> Ductal/tumor epithelial","ls_nmf","membrane",NA
"ECSCR",67.5,0.986,"pancreas","Endothelial -> Ductal/tumor epithelial","ls_nmf","membrane",NA
"ACKR1",39.5,0.775,"pancreas","Endothelial -> Ductal/tumor epithelial","ls_nmf","membrane",NA
"EDNRB",73,-0.065,"pancreas","Endothelial -> Ductal/tumor epithelial","ls_nmf","membrane",NA
"SOX17",67.5,0.244,"pancreas","Endothelial -> Ductal/tumor epithelial","ls_nmf","membrane",NA
"STC1",357.7,0.101,"pancreas","Endothelial -> Ductal/tumor epithelial","ls_nmf","membrane",NA
"APOLD1",146.7,0.617,"pancreas","Endothelial -> Ductal/tumor epithelial","ls_nmf","membrane",NA
"RAMP2",12.5,0.363,"pancreas","Endothelial -> Ductal/tumor epithelial","ls_nmf","membrane",NA
"TCF4",106.2,0.191,"pancreas","Endothelial -> Ductal/tumor epithelial","ls_nmf","membrane",NA
"CAVIN2",101.2,0.109,"pancreas","Endothelial -> Ductal/tumor epithelial","ls_nmf","membrane",NA
"IL3RA",0,0.549,"pancreas","Endothelial -> Ductal/tumor epithelial","ls_nmf","membrane",NA
"SELE",5,-0.017,"pancreas","Endothelial -> Ductal/tumor epithelial","ls_nmf","membrane",NA
"GNG11",799,0.042,"pancreas","Endothelial -> Ductal/tumor epithelial","ls_nmf","membrane",NA
"ANGPT2",0,1,"pancreas","Endothelial -> Ductal/tumor epithelial","ls_nmf","membrane",NA
"ERG",23.2,0.853,"pancreas","Endothelial -> Ductal/tumor epithelial","ls_nmf","membrane",NA
"PECAM1",88.2,0.987,"pancreas","Endothelial -> Endocrine","ls_nmf","membrane",NA
"CLEC14A",10,0.23,"pancreas","Endothelial -> Endocrine","ls_nmf","membrane",NA
"VWF",8.6,1,"pancreas","Endothelial -> Endocrine","ls_nmf","membrane",NA
"ACKR1",0.6,0.568,"pancreas","Endothelial -> Endocrine","ls_nmf","membrane",NA
"IL3RA",18.7,0.586,"pancreas","Endothelial -> Endocrine","ls_nmf","membrane",NA
"CD93",44.8,0.962,"pancreas","Endothelial -> Endocrine","ls_nmf","membrane",NA
"ADGRL4",37.3,0.412,"pancreas","Endothelial -> Endocrine","ls_nmf","membrane",NA
"STC1",47.2,0.415,"pancreas","Endothelial -> Endocrine","ls_nmf","membrane",NA
"ECSCR",17.6,1,"pancreas","Endothelial -> Endocrine","ls_nmf","membrane",NA
"SOX17",19.3,0.506,"pancreas","Endothelial -> Endocrine","ls_nmf","membrane",NA
"CD34",41.5,0.547,"pancreas","Endothelial -> Endocrine","ls_nmf","membrane",NA
"RAPGEF3",6.4,-0.011,"pancreas","Endothelial -> Endocrine","ls_nmf","membrane",NA
"APOLD1",76,0.336,"pancreas","Endothelial -> Endocrine","ls_nmf","membrane",NA
"SH2D3C",15.4,0.827,"pancreas","Endothelial -> Endocrine","ls_nmf","membrane",NA
"GNG11",22.9,0.223,"pancreas","Endothelial -> Endocrine","ls_nmf","membrane",NA
"RAMP2",1.7,-0.686,"pancreas","Endothelial -> Endocrine","ls_nmf","membrane",NA
"ERG",2.2,0.765,"pancreas","Endothelial -> Endocrine","ls_nmf","membrane",NA
"MMRN2",28.4,0.081,"pancreas","Endothelial -> Endocrine","ls_nmf","membrane",NA
"TCIM",27.8,0.094,"pancreas","Endothelial -> Endocrine","ls_nmf","membrane",NA
"S100A12",20.6,0.615,"pancreas","Endothelial -> Endocrine","ls_nmf","membrane",NA
"VWF",309.1,0.972,"pancreas","Endothelial -> Exocrine epithelial","ls_nmf","membrane",NA
"CLEC14A",282.8,0.965,"pancreas","Endothelial -> Exocrine epithelial","ls_nmf","membrane",NA
"ADGRL4",451.5,0.921,"pancreas","Endothelial -> Exocrine epithelial","ls_nmf","membrane",NA
"PECAM1",1520.5,0.954,"pancreas","Endothelial -> Exocrine epithelial","ls_nmf","membrane",NA
"ANGPT2",8.7,0.929,"pancreas","Endothelial -> Exocrine epithelial","ls_nmf","membrane",NA
"ACKR1",107,0.484,"pancreas","Endothelial -> Exocrine epithelial","ls_nmf","membrane",NA
"ECSCR",195.3,0.98,"pancreas","Endothelial -> Exocrine epithelial","ls_nmf","membrane",NA
"CD34",550,0.782,"pancreas","Endothelial -> Exocrine epithelial","ls_nmf","membrane",NA
"CD93",827.3,0.537,"pancreas","Endothelial -> Exocrine epithelial","ls_nmf","membrane",NA
"STC1",484.6,0.526,"pancreas","Endothelial -> Exocrine epithelial","ls_nmf","membrane",NA
"RAMP2",76.7,0.368,"pancreas","Endothelial -> Exocrine epithelial","ls_nmf","membrane",NA
"SOX17",238.7,0.233,"pancreas","Endothelial -> Exocrine epithelial","ls_nmf","membrane",NA
"EGFL7",19,0.418,"pancreas","Endothelial -> Exocrine epithelial","ls_nmf","membrane",NA
"APOLD1",847.2,0.185,"pancreas","Endothelial -> Exocrine epithelial","ls_nmf","membrane",NA
"IL3RA",91,0.951,"pancreas","Endothelial -> Exocrine epithelial","ls_nmf","membrane",NA
"SH2D3C",60.5,0.768,"pancreas","Endothelial -> Exocrine epithelial","ls_nmf","membrane",NA
"HIGD1B",48.7,0.386,"pancreas","Endothelial -> Exocrine epithelial","ls_nmf","membrane",NA
"TCF4",163,0.125,"pancreas","Endothelial -> Exocrine epithelial","ls_nmf","membrane",NA
"EDNRB",140.4,0.267,"pancreas","Endothelial -> Exocrine epithelial","ls_nmf","membrane",NA
"SOX18",12.3,-0.233,"pancreas","Endothelial -> Exocrine epithelial","ls_nmf","membrane",NA
"STC1",425.4,0.973,"pancreas","Endothelial -> Fibroblast / CAF","ls_nmf","membrane",NA
"VWF",608.5,0.89,"pancreas","Endothelial -> Fibroblast / CAF","ls_nmf","membrane",NA
"ACKR1",153,0.905,"pancreas","Endothelial -> Fibroblast / CAF","ls_nmf","membrane",NA
"CLEC14A",314.9,0.892,"pancreas","Endothelial -> Fibroblast / CAF","ls_nmf","membrane",NA
"SOX17",101.6,0.873,"pancreas","Endothelial -> Fibroblast / CAF","ls_nmf","membrane",NA
"APOLD1",697.2,0.266,"pancreas","Endothelial -> Fibroblast / CAF","ls_nmf","membrane",NA
"ECSCR",298.1,0.933,"pancreas","Endothelial -> Fibroblast / CAF","ls_nmf","membrane",NA
"EGFL7",143.7,0.3,"pancreas","Endothelial -> Fibroblast / CAF","ls_nmf","membrane",NA
"ADGRL4",561,0.446,"pancreas","Endothelial -> Fibroblast / CAF","ls_nmf","membrane",NA
"RAMP2",119.4,0.319,"pancreas","Endothelial -> Fibroblast / CAF","ls_nmf","membrane",NA
"CD93",929.9,0.266,"pancreas","Endothelial -> Fibroblast / CAF","ls_nmf","membrane",NA
"PECAM1",1384.2,0.604,"pancreas","Endothelial -> Fibroblast / CAF","ls_nmf","membrane",NA
"BTNL9",41,0.252,"pancreas","Endothelial -> Fibroblast / CAF","ls_nmf","membrane",NA
"IL3RA",95.5,0.279,"pancreas","Endothelial -> Fibroblast / CAF","ls_nmf","membrane",NA
"MMRN2",228.3,0.403,"pancreas","Endothelial -> Fibroblast / CAF","ls_nmf","membrane",NA
"MCF2L",59.6,0.634,"pancreas","Endothelial -> Fibroblast / CAF","ls_nmf","membrane",NA
"CD34",891.2,0.213,"pancreas","Endothelial -> Fibroblast / CAF","ls_nmf","membrane",NA
"SELE",8.1,0.487,"pancreas","Endothelial -> Fibroblast / CAF","ls_nmf","membrane",NA
"CAVIN2",109.1,0.745,"pancreas","Endothelial -> Fibroblast / CAF","ls_nmf","membrane",NA
"BMX",16.8,0.578,"pancreas","Endothelial -> Fibroblast / CAF","ls_nmf","membrane",NA
"CLEC14A",161.7,0.927,"pancreas","Endothelial -> Immune","ls_nmf","membrane",NA
"VWF",312.4,0.957,"pancreas","Endothelial -> Immune","ls_nmf","membrane",NA
"STC1",234.3,0.994,"pancreas","Endothelial -> Immune","ls_nmf","membrane",NA
"ADGRL4",319.6,0.801,"pancreas","Endothelial -> Immune","ls_nmf","membrane",NA
"RAMP2",61,0.411,"pancreas","Endothelial -> Immune","ls_nmf","membrane",NA
"APOLD1",359.2,0.55,"pancreas","Endothelial -> Immune","ls_nmf","membrane",NA
"SOX17",38.7,0.752,"pancreas","Endothelial -> Immune","ls_nmf","membrane",NA
"ACKR1",99.7,0.989,"pancreas","Endothelial -> Immune","ls_nmf","membrane",NA
"CD34",328,0.434,"pancreas","Endothelial -> Immune","ls_nmf","membrane",NA
"ECSCR",145.1,0.9,"pancreas","Endothelial -> Immune","ls_nmf","membrane",NA
"EGFL7",64,0.476,"pancreas","Endothelial -> Immune","ls_nmf","membrane",NA
"MMRN2",105.6,0.453,"pancreas","Endothelial -> Immune","ls_nmf","membrane",NA
"ANGPT2",60.9,0.339,"pancreas","Endothelial -> Immune","ls_nmf","membrane",NA
"RAPGEF3",13,0.518,"pancreas","Endothelial -> Immune","ls_nmf","membrane",NA
"CAVIN2",38.8,0.163,"pancreas","Endothelial -> Immune","ls_nmf","membrane",NA
"NPDC1",15.2,0.722,"pancreas","Endothelial -> Immune","ls_nmf","membrane",NA
"HIGD1B",25.9,0.271,"pancreas","Endothelial -> Immune","ls_nmf","membrane",NA
"BTNL9",0,0.979,"pancreas","Endothelial -> Immune","ls_nmf","membrane",NA
"TCIM",150.3,0.604,"pancreas","Endothelial -> Immune","ls_nmf","membrane",NA
"MCF2L",16.8,0.87,"pancreas","Endothelial -> Immune","ls_nmf","membrane",NA
"VWF",51.6,0,"pancreas","Endothelial -> Mural / pericyte","ls_nmf","membrane",NA
"STC1",50.8,0,"pancreas","Endothelial -> Mural / pericyte","ls_nmf","membrane",NA
"CLEC14A",54.5,0,"pancreas","Endothelial -> Mural / pericyte","ls_nmf","membrane",NA
"EGFL7",17.4,0,"pancreas","Endothelial -> Mural / pericyte","ls_nmf","membrane",NA
"PECAM1",163.7,0,"pancreas","Endothelial -> Mural / pericyte","ls_nmf","membrane",NA
"ADGRL4",56.1,0,"pancreas","Endothelial -> Mural / pericyte","ls_nmf","membrane",NA
"ACKR1",12.3,0,"pancreas","Endothelial -> Mural / pericyte","ls_nmf","membrane",NA
"ECSCR",42.3,0,"pancreas","Endothelial -> Mural / pericyte","ls_nmf","membrane",NA
"RAMP2",17.3,0,"pancreas","Endothelial -> Mural / pericyte","ls_nmf","membrane",NA
"CD34",79.6,-0.014,"pancreas","Endothelial -> Mural / pericyte","ls_nmf","membrane",NA
"TM4SF18",8.2,0,"pancreas","Endothelial -> Mural / pericyte","ls_nmf","membrane",NA
"CD93",121.9,0,"pancreas","Endothelial -> Mural / pericyte","ls_nmf","membrane",NA
"SOX17",8.3,-0.055,"pancreas","Endothelial -> Mural / pericyte","ls_nmf","membrane",NA
"NPDC1",16.5,0,"pancreas","Endothelial -> Mural / pericyte","ls_nmf","membrane",NA
"IL3RA",1.5,0,"pancreas","Endothelial -> Mural / pericyte","ls_nmf","membrane",NA
"BTNL9",2.1,0.241,"pancreas","Endothelial -> Mural / pericyte","ls_nmf","membrane",NA
"MMRN2",28.7,-0.027,"pancreas","Endothelial -> Mural / pericyte","ls_nmf","membrane",NA
"TCIM",52.2,0.038,"pancreas","Endothelial -> Mural / pericyte","ls_nmf","membrane",NA
"SH2D3C",13.6,0,"pancreas","Endothelial -> Mural / pericyte","ls_nmf","membrane",NA
"S100A12",4.4,0,"pancreas","Endothelial -> Mural / pericyte","ls_nmf","membrane",NA
"AMY2A",148714.4,0.002,"pancreas","Exocrine epithelial -> Ductal/tumor epithelial","ls_nmf","membrane",NA
"AQP8",11323.4,0,"pancreas","Exocrine epithelial -> Ductal/tumor epithelial","ls_nmf","membrane",NA
"GATM",61550.5,0.001,"pancreas","Exocrine epithelial -> Ductal/tumor epithelial","ls_nmf","membrane",NA
"ANPEP",9594,0.003,"pancreas","Exocrine epithelial -> Ductal/tumor epithelial","ls_nmf","membrane",NA
"DPEP1",911.6,0.007,"pancreas","Exocrine epithelial -> Ductal/tumor epithelial","ls_nmf","membrane",NA
"KCNK3",1575.5,0.009,"pancreas","Exocrine epithelial -> Ductal/tumor epithelial","ls_nmf","membrane",NA
"KLK11",659.5,0.002,"pancreas","Exocrine epithelial -> Ductal/tumor epithelial","ls_nmf","membrane",NA
"CPA3",743.1,0.001,"pancreas","Exocrine epithelial -> Ductal/tumor epithelial","ls_nmf","membrane",NA
"GPC3",962.9,0,"pancreas","Exocrine epithelial -> Ductal/tumor epithelial","ls_nmf","membrane",NA
"UMOD",247.7,-0.004,"pancreas","Exocrine epithelial -> Ductal/tumor epithelial","ls_nmf","membrane",NA
"PROX1",11709.7,0.003,"pancreas","Exocrine epithelial -> Ductal/tumor epithelial","ls_nmf","membrane",NA
"PEBP4",65.9,-0.045,"pancreas","Exocrine epithelial -> Ductal/tumor epithelial","ls_nmf","membrane",NA
"DIRAS3",492.3,0.005,"pancreas","Exocrine epithelial -> Ductal/tumor epithelial","ls_nmf","membrane",NA
"HAMP",474.1,0.006,"pancreas","Exocrine epithelial -> Ductal/tumor epithelial","ls_nmf","membrane",NA
"CFTR",110866.7,0,"pancreas","Exocrine epithelial -> Ductal/tumor epithelial","ls_nmf","membrane",NA
"CA4",1681,-0.001,"pancreas","Exocrine epithelial -> Ductal/tumor epithelial","ls_nmf","membrane",NA
"MLANA",14.9,0.492,"pancreas","Exocrine epithelial -> Ductal/tumor epithelial","ls_nmf","membrane",NA
"FKBP11",477.9,-0.053,"pancreas","Exocrine epithelial -> Ductal/tumor epithelial","ls_nmf","membrane",NA
"GLYATL1",51.9,-0.024,"pancreas","Exocrine epithelial -> Ductal/tumor epithelial","ls_nmf","membrane",NA
"UPK3B",14.7,0.026,"pancreas","Exocrine epithelial -> Ductal/tumor epithelial","ls_nmf","membrane",NA
"KLK11",12.3,0.813,"pancreas","Exocrine epithelial -> Endocrine","ls_nmf","membrane",NA
"ANPEP",111.6,0.889,"pancreas","Exocrine epithelial -> Endocrine","ls_nmf","membrane",NA
"AQP8",180.5,0.993,"pancreas","Exocrine epithelial -> Endocrine","ls_nmf","membrane",NA
"GATM",1054.2,0.778,"pancreas","Exocrine epithelial -> Endocrine","ls_nmf","membrane",NA
"MYC",18.8,1,"pancreas","Exocrine epithelial -> Endocrine","ls_nmf","membrane",NA
"HAMP",6.4,1,"pancreas","Exocrine epithelial -> Endocrine","ls_nmf","membrane",NA
"DPEP1",16.3,1,"pancreas","Exocrine epithelial -> Endocrine","ls_nmf","membrane",NA
"UMOD",5.4,0.346,"pancreas","Exocrine epithelial -> Endocrine","ls_nmf","membrane",NA
"AMY2A",3864.7,0.688,"pancreas","Exocrine epithelial -> Endocrine","ls_nmf","membrane",NA
"CFTR",686.1,0.79,"pancreas","Exocrine epithelial -> Endocrine","ls_nmf","membrane",NA
"COCH",5,1,"pancreas","Exocrine epithelial -> Endocrine","ls_nmf","membrane",NA
"GLYATL1",2.1,0.135,"pancreas","Exocrine epithelial -> Endocrine","ls_nmf","membrane",NA
"GPC3",41,0.781,"pancreas","Exocrine epithelial -> Endocrine","ls_nmf","membrane",NA
"FKBP11",47.1,0.852,"pancreas","Exocrine epithelial -> Endocrine","ls_nmf","membrane",NA
"CA4",10.1,0.847,"pancreas","Exocrine epithelial -> Endocrine","ls_nmf","membrane",NA
"UPK3B",5.1,1,"pancreas","Exocrine epithelial -> Endocrine","ls_nmf","membrane",NA
"RIDA",22.7,0.73,"pancreas","Exocrine epithelial -> Endocrine","ls_nmf","membrane",NA
"MLANA",0.1,-0.857,"pancreas","Exocrine epithelial -> Endocrine","ls_nmf","membrane",NA
"CPA3",0,1,"pancreas","Exocrine epithelial -> Endocrine","ls_nmf","membrane",NA
"SMYD2",4.8,1,"pancreas","Exocrine epithelial -> Endocrine","ls_nmf","membrane",NA
"AQP8",1910.5,0.951,"pancreas","Exocrine epithelial -> Endothelial","ls_nmf","membrane",NA
"GATM",10092.4,0.789,"pancreas","Exocrine epithelial -> Endothelial","ls_nmf","membrane",NA
"AMY2A",27517.6,0.675,"pancreas","Exocrine epithelial -> Endothelial","ls_nmf","membrane",NA
"KLK11",129.5,0.849,"pancreas","Exocrine epithelial -> Endothelial","ls_nmf","membrane",NA
"ANPEP",1195.7,0.873,"pancreas","Exocrine epithelial -> Endothelial","ls_nmf","membrane",NA
"CFTR",3501.1,0.664,"pancreas","Exocrine epithelial -> Endothelial","ls_nmf","membrane",NA
"DPEP1",125.7,0.903,"pancreas","Exocrine epithelial -> Endothelial","ls_nmf","membrane",NA
"KCNK3",203.5,0.771,"pancreas","Exocrine epithelial -> Endothelial","ls_nmf","membrane",NA
"UMOD",18.9,0.996,"pancreas","Exocrine epithelial -> Endothelial","ls_nmf","membrane",NA
"CA4",123.8,0.381,"pancreas","Exocrine epithelial -> Endothelial","ls_nmf","membrane",NA
"DIRAS3",40.7,0.886,"pancreas","Exocrine epithelial -> Endothelial","ls_nmf","membrane",NA
"PROX1",481.4,0.706,"pancreas","Exocrine epithelial -> Endothelial","ls_nmf","membrane",NA
"FKBP11",361.8,0.967,"pancreas","Exocrine epithelial -> Endothelial","ls_nmf","membrane",NA
"PEBP4",15.3,0.694,"pancreas","Exocrine epithelial -> Endothelial","ls_nmf","membrane",NA
"AQP3",74.9,0.721,"pancreas","Exocrine epithelial -> Endothelial","ls_nmf","membrane",NA
"HAMP",78.3,0.735,"pancreas","Exocrine epithelial -> Endothelial","ls_nmf","membrane",NA
"GLYATL1",11.4,0.775,"pancreas","Exocrine epithelial -> Endothelial","ls_nmf","membrane",NA
"RIDA",49.3,0.984,"pancreas","Exocrine epithelial -> Endothelial","ls_nmf","membrane",NA
"COCH",33.3,1,"pancreas","Exocrine epithelial -> Endothelial","ls_nmf","membrane",NA
"CPA3",83.3,0.923,"pancreas","Exocrine epithelial -> Endothelial","ls_nmf","membrane",NA
"AQP8",1345.4,0.997,"pancreas","Exocrine epithelial -> Fibroblast / CAF","ls_nmf","membrane",NA
"GATM",7976.2,0.954,"pancreas","Exocrine epithelial -> Fibroblast / CAF","ls_nmf","membrane",NA
"AMY2A",21865.4,0.911,"pancreas","Exocrine epithelial -> Fibroblast / CAF","ls_nmf","membrane",NA
"KLK11",76.9,0.949,"pancreas","Exocrine epithelial -> Fibroblast / CAF","ls_nmf","membrane",NA
"CFTR",5032.3,0.982,"pancreas","Exocrine epithelial -> Fibroblast / CAF","ls_nmf","membrane",NA
"ANPEP",859.7,0.864,"pancreas","Exocrine epithelial -> Fibroblast / CAF","ls_nmf","membrane",NA
"PROX1",703.3,0.929,"pancreas","Exocrine epithelial -> Fibroblast / CAF","ls_nmf","membrane",NA
"KCNK3",184.4,0.786,"pancreas","Exocrine epithelial -> Fibroblast / CAF","ls_nmf","membrane",NA
"UMOD",15.1,0.874,"pancreas","Exocrine epithelial -> Fibroblast / CAF","ls_nmf","membrane",NA
"DIRAS3",42,0.769,"pancreas","Exocrine epithelial -> Fibroblast / CAF","ls_nmf","membrane",NA
"CA4",111.3,0.946,"pancreas","Exocrine epithelial -> Fibroblast / CAF","ls_nmf","membrane",NA
"HAMP",78.8,0.708,"pancreas","Exocrine epithelial -> Fibroblast / CAF","ls_nmf","membrane",NA
"AQP3",59.6,0.722,"pancreas","Exocrine epithelial -> Fibroblast / CAF","ls_nmf","membrane",NA
"RIDA",90.2,0.978,"pancreas","Exocrine epithelial -> Fibroblast / CAF","ls_nmf","membrane",NA
"DPEP1",70.1,0.805,"pancreas","Exocrine epithelial -> Fibroblast / CAF","ls_nmf","membrane",NA
"GLYATL1",3,0.965,"pancreas","Exocrine epithelial -> Fibroblast / CAF","ls_nmf","membrane",NA
"FKBP11",206.9,0.983,"pancreas","Exocrine epithelial -> Fibroblast / CAF","ls_nmf","membrane",NA
"MYC",206.1,0.822,"pancreas","Exocrine epithelial -> Fibroblast / CAF","ls_nmf","membrane",NA
"COCH",34.4,0.623,"pancreas","Exocrine epithelial -> Fibroblast / CAF","ls_nmf","membrane",NA
"PEBP4",0.3,0.778,"pancreas","Exocrine epithelial -> Fibroblast / CAF","ls_nmf","membrane",NA
"AQP8",1465.3,0.998,"pancreas","Exocrine epithelial -> Immune","ls_nmf","membrane",NA
"GATM",9605.1,0.834,"pancreas","Exocrine epithelial -> Immune","ls_nmf","membrane",NA
"AMY2A",27334.7,0.74,"pancreas","Exocrine epithelial -> Immune","ls_nmf","membrane",NA
"CFTR",5611,0.943,"pancreas","Exocrine epithelial -> Immune","ls_nmf","membrane",NA
"KLK11",114.3,0.905,"pancreas","Exocrine epithelial -> Immune","ls_nmf","membrane",NA
"PROX1",709.9,0.784,"pancreas","Exocrine epithelial -> Immune","ls_nmf","membrane",NA
"KCNK3",209.5,0.982,"pancreas","Exocrine epithelial -> Immune","ls_nmf","membrane",NA
"ANPEP",1045.8,0.942,"pancreas","Exocrine epithelial -> Immune","ls_nmf","membrane",NA
"DPEP1",98.6,0.98,"pancreas","Exocrine epithelial -> Immune","ls_nmf","membrane",NA
"UMOD",22.3,0.993,"pancreas","Exocrine epithelial -> Immune","ls_nmf","membrane",NA
"CA4",59.6,0.994,"pancreas","Exocrine epithelial -> Immune","ls_nmf","membrane",NA
"DIRAS3",61.3,0.928,"pancreas","Exocrine epithelial -> Immune","ls_nmf","membrane",NA
"MYC",9.3,1,"pancreas","Exocrine epithelial -> Immune","ls_nmf","membrane",NA
"FKBP11",195.7,1,"pancreas","Exocrine epithelial -> Immune","ls_nmf","membrane",NA
"GLYATL1",6.9,0.758,"pancreas","Exocrine epithelial -> Immune","ls_nmf","membrane",NA
"RIDA",43.9,1,"pancreas","Exocrine epithelial -> Immune","ls_nmf","membrane",NA
"AQP3",15.4,1,"pancreas","Exocrine epithelial -> Immune","ls_nmf","membrane",NA
"PEBP4",0,NA,"pancreas","Exocrine epithelial -> Immune","ls_nmf","membrane",NA
"COCH",20.4,0.95,"pancreas","Exocrine epithelial -> Immune","ls_nmf","membrane",NA
"GPC3",178,0.675,"pancreas","Exocrine epithelial -> Immune","ls_nmf","membrane",NA
"AQP8",9.2,0.917,"pancreas","Exocrine epithelial -> Mural / pericyte","ls_nmf","membrane",NA
"GATM",78.3,0.73,"pancreas","Exocrine epithelial -> Mural / pericyte","ls_nmf","membrane",NA
"AMY2A",443.6,0.749,"pancreas","Exocrine epithelial -> Mural / pericyte","ls_nmf","membrane",NA
"CFTR",76.4,0.161,"pancreas","Exocrine epithelial -> Mural / pericyte","ls_nmf","membrane",NA
"ANPEP",16.5,0.302,"pancreas","Exocrine epithelial -> Mural / pericyte","ls_nmf","membrane",NA
"PROX1",7.3,0.664,"pancreas","Exocrine epithelial -> Mural / pericyte","ls_nmf","membrane",NA
"KLK11",0,NA,"pancreas","Exocrine epithelial -> Mural / pericyte","ls_nmf","membrane",NA
"DPEP1",2,0,"pancreas","Exocrine epithelial -> Mural / pericyte","ls_nmf","membrane",NA
"CA4",2.9,0.327,"pancreas","Exocrine epithelial -> Mural / pericyte","ls_nmf","membrane",NA
"FKBP11",7.3,0.273,"pancreas","Exocrine epithelial -> Mural / pericyte","ls_nmf","membrane",NA
"HAMP",0.8,0.769,"pancreas","Exocrine epithelial -> Mural / pericyte","ls_nmf","membrane",NA
"UMOD",0.1,-0.17,"pancreas","Exocrine epithelial -> Mural / pericyte","ls_nmf","membrane",NA
"GLYATL1",0,NA,"pancreas","Exocrine epithelial -> Mural / pericyte","ls_nmf","membrane",NA
"DIRAS3",0,0,"pancreas","Exocrine epithelial -> Mural / pericyte","ls_nmf","membrane",NA
"RIDA",3.7,0.378,"pancreas","Exocrine epithelial -> Mural / pericyte","ls_nmf","membrane",NA
"AQP3",0,NA,"pancreas","Exocrine epithelial -> Mural / pericyte","ls_nmf","membrane",NA
"SMYD2",4.3,0.228,"pancreas","Exocrine epithelial -> Mural / pericyte","ls_nmf","membrane",NA
"COCH",0.8,-0.067,"pancreas","Exocrine epithelial -> Mural / pericyte","ls_nmf","membrane",NA
"UPK3B",1.7,0,"pancreas","Exocrine epithelial -> Mural / pericyte","ls_nmf","membrane",NA
"PEBP4",0,NA,"pancreas","Exocrine epithelial -> Mural / pericyte","ls_nmf","membrane",NA
"SFRP2",2578.9,0.976,"pancreas","Fibroblast / CAF -> Ductal/tumor epithelial","ls_nmf","membrane",NA
"THBS2",2050.8,0.659,"pancreas","Fibroblast / CAF -> Ductal/tumor epithelial","ls_nmf","membrane",NA
"COL5A2",2981.2,0.834,"pancreas","Fibroblast / CAF -> Ductal/tumor epithelial","ls_nmf","membrane",NA
"SFRP4",1182,0.361,"pancreas","Fibroblast / CAF -> Ductal/tumor epithelial","ls_nmf","membrane",NA
"FBN1",2730.7,0.913,"pancreas","Fibroblast / CAF -> Ductal/tumor epithelial","ls_nmf","membrane",NA
"PDGFRA",432.6,0.561,"pancreas","Fibroblast / CAF -> Ductal/tumor epithelial","ls_nmf","membrane",NA
"MFAP5",213.3,0.523,"pancreas","Fibroblast / CAF -> Ductal/tumor epithelial","ls_nmf","membrane",NA
"ASPN",1313.5,0.52,"pancreas","Fibroblast / CAF -> Ductal/tumor epithelial","ls_nmf","membrane",NA
"THY1",1071.3,0.52,"pancreas","Fibroblast / CAF -> Ductal/tumor epithelial","ls_nmf","membrane",NA
"C7",285.9,0.365,"pancreas","Fibroblast / CAF -> Ductal/tumor epithelial","ls_nmf","membrane",NA
"PTGDS",244.7,0.458,"pancreas","Fibroblast / CAF -> Ductal/tumor epithelial","ls_nmf","membrane",NA
"LTBP2",3544,0.214,"pancreas","Fibroblast / CAF -> Ductal/tumor epithelial","ls_nmf","membrane",NA
"INMT",448.1,0.337,"pancreas","Fibroblast / CAF -> Ductal/tumor epithelial","ls_nmf","membrane",NA
"PCOLCE",305.9,0.412,"pancreas","Fibroblast / CAF -> Ductal/tumor epithelial","ls_nmf","membrane",NA
"PDPN",1051.9,0.269,"pancreas","Fibroblast / CAF -> Ductal/tumor epithelial","ls_nmf","membrane",NA
"FBLN1",659.2,0.37,"pancreas","Fibroblast / CAF -> Ductal/tumor epithelial","ls_nmf","membrane",NA
"SRPX",354.6,0.298,"pancreas","Fibroblast / CAF -> Ductal/tumor epithelial","ls_nmf","membrane",NA
"CTSK",2273.5,0.26,"pancreas","Fibroblast / CAF -> Ductal/tumor epithelial","ls_nmf","membrane",NA
"IGF1",151,0.354,"pancreas","Fibroblast / CAF -> Ductal/tumor epithelial","ls_nmf","membrane",NA
"RGS16",206.7,0.426,"pancreas","Fibroblast / CAF -> Ductal/tumor epithelial","ls_nmf","membrane",NA
"MFAP5",7.5,0.764,"pancreas","Fibroblast / CAF -> Endocrine","ls_nmf","membrane",NA
"THBS2",35.1,0.943,"pancreas","Fibroblast / CAF -> Endocrine","ls_nmf","membrane",NA
"VCAN",141.7,0.707,"pancreas","Fibroblast / CAF -> Endocrine","ls_nmf","membrane",NA
"COL5A2",81.6,0.991,"pancreas","Fibroblast / CAF -> Endocrine","ls_nmf","membrane",NA
"BASP1",63.5,0.906,"pancreas","Fibroblast / CAF -> Endocrine","ls_nmf","membrane",NA
"SEMA3C",58,0.397,"pancreas","Fibroblast / CAF -> Endocrine","ls_nmf","membrane",NA
"FBN1",122.2,0.75,"pancreas","Fibroblast / CAF -> Endocrine","ls_nmf","membrane",NA
"LTBP2",76.6,0.438,"pancreas","Fibroblast / CAF -> Endocrine","ls_nmf","membrane",NA
"PDGFRA",72.5,0.586,"pancreas","Fibroblast / CAF -> Endocrine","ls_nmf","membrane",NA
"SFRP2",171.8,0.96,"pancreas","Fibroblast / CAF -> Endocrine","ls_nmf","membrane",NA
"SFRP4",134.6,0.416,"pancreas","Fibroblast / CAF -> Endocrine","ls_nmf","membrane",NA
"CTSK",65.1,0.515,"pancreas","Fibroblast / CAF -> Endocrine","ls_nmf","membrane",NA
"THY1",53.6,0.579,"pancreas","Fibroblast / CAF -> Endocrine","ls_nmf","membrane",NA
"PTGDS",61.5,0.496,"pancreas","Fibroblast / CAF -> Endocrine","ls_nmf","membrane",NA
"PMP22",45.1,0.773,"pancreas","Fibroblast / CAF -> Endocrine","ls_nmf","membrane",NA
"PDPN",28.1,0.988,"pancreas","Fibroblast / CAF -> Endocrine","ls_nmf","membrane",NA
"FBLN1",142.7,0.382,"pancreas","Fibroblast / CAF -> Endocrine","ls_nmf","membrane",NA
"PCOLCE",17,0.646,"pancreas","Fibroblast / CAF -> Endocrine","ls_nmf","membrane",NA
"ASPN",142.2,0.366,"pancreas","Fibroblast / CAF -> Endocrine","ls_nmf","membrane",NA
"INMT",27.6,0.387,"pancreas","Fibroblast / CAF -> Endocrine","ls_nmf","membrane",NA
"THBS2",586,0.98,"pancreas","Fibroblast / CAF -> Endothelial","ls_nmf","membrane",NA
"VCAN",1709,0.993,"pancreas","Fibroblast / CAF -> Endothelial","ls_nmf","membrane",NA
"SFRP2",1815.3,0.952,"pancreas","Fibroblast / CAF -> Endothelial","ls_nmf","membrane",NA
"MFAP5",68.1,0.885,"pancreas","Fibroblast / CAF -> Endothelial","ls_nmf","membrane",NA
"PDPN",460.9,0.446,"pancreas","Fibroblast / CAF -> Endothelial","ls_nmf","membrane",NA
"SEMA3C",230.6,0.98,"pancreas","Fibroblast / CAF -> Endothelial","ls_nmf","membrane",NA
"CTSK",942.3,0.529,"pancreas","Fibroblast / CAF -> Endothelial","ls_nmf","membrane",NA
"LTBP2",701.8,0.574,"pancreas","Fibroblast / CAF -> Endothelial","ls_nmf","membrane",NA
"COL5A2",1779.4,0.769,"pancreas","Fibroblast / CAF -> Endothelial","ls_nmf","membrane",NA
"PDGFRA",327.6,0.666,"pancreas","Fibroblast / CAF -> Endothelial","ls_nmf","membrane",NA
"SFRP4",589.4,0.654,"pancreas","Fibroblast / CAF -> Endothelial","ls_nmf","membrane",NA
"BASP1",534.6,0.611,"pancreas","Fibroblast / CAF -> Endothelial","ls_nmf","membrane",NA
"FBLN1",765.1,0.467,"pancreas","Fibroblast / CAF -> Endothelial","ls_nmf","membrane",NA
"IGF1",163.8,0.295,"pancreas","Fibroblast / CAF -> Endothelial","ls_nmf","membrane",NA
"PTGDS",258.6,0.375,"pancreas","Fibroblast / CAF -> Endothelial","ls_nmf","membrane",NA
"GEM",446.9,0.529,"pancreas","Fibroblast / CAF -> Endothelial","ls_nmf","membrane",NA
"THY1",1575.4,0.456,"pancreas","Fibroblast / CAF -> Endothelial","ls_nmf","membrane",NA
"FBN1",2035.1,0.395,"pancreas","Fibroblast / CAF -> Endothelial","ls_nmf","membrane",NA
"RGS16",181.3,0.542,"pancreas","Fibroblast / CAF -> Endothelial","ls_nmf","membrane",NA
"PCOLCE",339.1,0.593,"pancreas","Fibroblast / CAF -> Endothelial","ls_nmf","membrane",NA
"VCAN",1269.4,0.945,"pancreas","Fibroblast / CAF -> Exocrine epithelial","ls_nmf","membrane",NA
"THBS2",444.9,0.996,"pancreas","Fibroblast / CAF -> Exocrine epithelial","ls_nmf","membrane",NA
"COL5A2",563.1,0.98,"pancreas","Fibroblast / CAF -> Exocrine epithelial","ls_nmf","membrane",NA
"SFRP2",1430,0.984,"pancreas","Fibroblast / CAF -> Exocrine epithelial","ls_nmf","membrane",NA
"FBN1",949.3,0.936,"pancreas","Fibroblast / CAF -> Exocrine epithelial","ls_nmf","membrane",NA
"MFAP5",72.9,0.541,"pancreas","Fibroblast / CAF -> Exocrine epithelial","ls_nmf","membrane",NA
"CTSK",445.7,0.969,"pancreas","Fibroblast / CAF -> Exocrine epithelial","ls_nmf","membrane",NA
"GEM",380.7,0.386,"pancreas","Fibroblast / CAF -> Exocrine epithelial","ls_nmf","membrane",NA
"SEMA3C",239.1,0.967,"pancreas","Fibroblast / CAF -> Exocrine epithelial","ls_nmf","membrane",NA
"LTBP2",904.2,0.509,"pancreas","Fibroblast / CAF -> Exocrine epithelial","ls_nmf","membrane",NA
"BASP1",294.4,0.964,"pancreas","Fibroblast / CAF -> Exocrine epithelial","ls_nmf","membrane",NA
"SFRP4",1255.7,0.393,"pancreas","Fibroblast / CAF -> Exocrine epithelial","ls_nmf","membrane",NA
"THY1",447,0.416,"pancreas","Fibroblast / CAF -> Exocrine epithelial","ls_nmf","membrane",NA
"PDGFRA",559,0.366,"pancreas","Fibroblast / CAF -> Exocrine epithelial","ls_nmf","membrane",NA
"FBLN1",1002.5,0.37,"pancreas","Fibroblast / CAF -> Exocrine epithelial","ls_nmf","membrane",NA
"ASPN",845.4,0.413,"pancreas","Fibroblast / CAF -> Exocrine epithelial","ls_nmf","membrane",NA
"PDPN",332.1,0.567,"pancreas","Fibroblast / CAF -> Exocrine epithelial","ls_nmf","membrane",NA
"PTGDS",207.4,0.504,"pancreas","Fibroblast / CAF -> Exocrine epithelial","ls_nmf","membrane",NA
"PCOLCE",150.5,0.512,"pancreas","Fibroblast / CAF -> Exocrine epithelial","ls_nmf","membrane",NA
"PMP22",543.3,0.533,"pancreas","Fibroblast / CAF -> Exocrine epithelial","ls_nmf","membrane",NA
"SFRP2",3464.4,0,"pancreas","Fibroblast / CAF -> Immune","ls_nmf","membrane",NA
"THBS2",2252.7,0,"pancreas","Fibroblast / CAF -> Immune","ls_nmf","membrane",NA
"COL5A2",2679.1,0.002,"pancreas","Fibroblast / CAF -> Immune","ls_nmf","membrane",NA
"FBN1",3329.1,-0.001,"pancreas","Fibroblast / CAF -> Immune","ls_nmf","membrane",NA
"VCAN",5767.5,-0.005,"pancreas","Fibroblast / CAF -> Immune","ls_nmf","membrane",NA
"CTSK",2718.2,0.004,"pancreas","Fibroblast / CAF -> Immune","ls_nmf","membrane",NA
"PDGFRA",1127.5,-0.035,"pancreas","Fibroblast / CAF -> Immune","ls_nmf","membrane",NA
"FBLN1",2469.9,-0.039,"pancreas","Fibroblast / CAF -> Immune","ls_nmf","membrane",NA
"SFRP4",3399.4,-0.002,"pancreas","Fibroblast / CAF -> Immune","ls_nmf","membrane",NA
"MFAP5",594.9,-0.003,"pancreas","Fibroblast / CAF -> Immune","ls_nmf","membrane",NA
"LTBP2",2176.2,-0.045,"pancreas","Fibroblast / CAF -> Immune","ls_nmf","membrane",NA
"THY1",1569.4,-0.036,"pancreas","Fibroblast / CAF -> Immune","ls_nmf","membrane",NA
"GEM",1207,-0.058,"pancreas","Fibroblast / CAF -> Immune","ls_nmf","membrane",NA
"PCOLCE",441.8,-0.064,"pancreas","Fibroblast / CAF -> Immune","ls_nmf","membrane",NA
"ASPN",2098.9,-0.029,"pancreas","Fibroblast / CAF -> Immune","ls_nmf","membrane",NA
"SEMA3C",906.8,0.007,"pancreas","Fibroblast / CAF -> Immune","ls_nmf","membrane",NA
"PTGDS",962.6,-0.024,"pancreas","Fibroblast / CAF -> Immune","ls_nmf","membrane",NA
"INMT",614.1,-0.068,"pancreas","Fibroblast / CAF -> Immune","ls_nmf","membrane",NA
"APCDD1",384.4,-0.362,"pancreas","Fibroblast / CAF -> Immune","ls_nmf","membrane",NA
"SRPX",471.9,-0.157,"pancreas","Fibroblast / CAF -> Immune","ls_nmf","membrane",NA
"SFRP2",101.7,0,"pancreas","Fibroblast / CAF -> Mural / pericyte","ls_nmf","membrane",NA
"MFAP5",53.5,0,"pancreas","Fibroblast / CAF -> Mural / pericyte","ls_nmf","membrane",NA
"VCAN",110.6,0,"pancreas","Fibroblast / CAF -> Mural / pericyte","ls_nmf","membrane",NA
"FBLN1",269,0,"pancreas","Fibroblast / CAF -> Mural / pericyte","ls_nmf","membrane",NA
"SFRP4",216.4,0.005,"pancreas","Fibroblast / CAF -> Mural / pericyte","ls_nmf","membrane",NA
"THY1",275.2,0.004,"pancreas","Fibroblast / CAF -> Mural / pericyte","ls_nmf","membrane",NA
"CTSK",142.1,0,"pancreas","Fibroblast / CAF -> Mural / pericyte","ls_nmf","membrane",NA
"BASP1",151.2,0,"pancreas","Fibroblast / CAF -> Mural / pericyte","ls_nmf","membrane",NA
"PTGDS",59.5,0,"pancreas","Fibroblast / CAF -> Mural / pericyte","ls_nmf","membrane",NA
"PDPN",109.4,0,"pancreas","Fibroblast / CAF -> Mural / pericyte","ls_nmf","membrane",NA
"MEST",56.7,-0.05,"pancreas","Fibroblast / CAF -> Mural / pericyte","ls_nmf","membrane",NA
"ALDH1A3",33.7,0,"pancreas","Fibroblast / CAF -> Mural / pericyte","ls_nmf","membrane",NA
"LTBP2",192.5,0,"pancreas","Fibroblast / CAF -> Mural / pericyte","ls_nmf","membrane",NA
"PDGFRA",46.7,0.021,"pancreas","Fibroblast / CAF -> Mural / pericyte","ls_nmf","membrane",NA
"THBS2",134,0,"pancreas","Fibroblast / CAF -> Mural / pericyte","ls_nmf","membrane",NA
"COL5A2",351.4,0,"pancreas","Fibroblast / CAF -> Mural / pericyte","ls_nmf","membrane",NA
"SEMA3C",22.1,0,"pancreas","Fibroblast / CAF -> Mural / pericyte","ls_nmf","membrane",NA
"IGF1",29.9,0.066,"pancreas","Fibroblast / CAF -> Mural / pericyte","ls_nmf","membrane",NA
"DPT",17.5,0,"pancreas","Fibroblast / CAF -> Mural / pericyte","ls_nmf","membrane",NA
"C7",72.8,0.014,"pancreas","Fibroblast / CAF -> Mural / pericyte","ls_nmf","membrane",NA
"IL7R",262,0.97,"pancreas","Immune -> Ductal/tumor epithelial","ls_nmf","membrane",NA
"CD163",440.6,0.293,"pancreas","Immune -> Ductal/tumor epithelial","ls_nmf","membrane",NA
"PTPRC",631.8,0.742,"pancreas","Immune -> Ductal/tumor epithelial","ls_nmf","membrane",NA
"MRC1",251.6,0.437,"pancreas","Immune -> Ductal/tumor epithelial","ls_nmf","membrane",NA
"CD8A",129.8,0.741,"pancreas","Immune -> Ductal/tumor epithelial","ls_nmf","membrane",NA
"MS4A4A",353,0.237,"pancreas","Immune -> Ductal/tumor epithelial","ls_nmf","membrane",NA
"CCL5",240,0.557,"pancreas","Immune -> Ductal/tumor epithelial","ls_nmf","membrane",NA
"VSIG4",311.7,0.229,"pancreas","Immune -> Ductal/tumor epithelial","ls_nmf","membrane",NA
"MS4A6A",739.1,0.262,"pancreas","Immune -> Ductal/tumor epithelial","ls_nmf","membrane",NA
"GZMK",46.8,0.263,"pancreas","Immune -> Ductal/tumor epithelial","ls_nmf","membrane",NA
"CD2",78.3,0.924,"pancreas","Immune -> Ductal/tumor epithelial","ls_nmf","membrane",NA
"GZMA",79.4,1,"pancreas","Immune -> Ductal/tumor epithelial","ls_nmf","membrane",NA
"FCGR3A",570.9,0.238,"pancreas","Immune -> Ductal/tumor epithelial","ls_nmf","membrane",NA
"LILRB4",89.2,0.406,"pancreas","Immune -> Ductal/tumor epithelial","ls_nmf","membrane",NA
"GPR183",301.3,0.319,"pancreas","Immune -> Ductal/tumor epithelial","ls_nmf","membrane",NA
"CYTIP",306.8,0.451,"pancreas","Immune -> Ductal/tumor epithelial","ls_nmf","membrane",NA
"FGL2",380.1,0.22,"pancreas","Immune -> Ductal/tumor epithelial","ls_nmf","membrane",NA
"KLRB1",143.5,0.791,"pancreas","Immune -> Ductal/tumor epithelial","ls_nmf","membrane",NA
"IGSF6",345.7,0.198,"pancreas","Immune -> Ductal/tumor epithelial","ls_nmf","membrane",NA
"TRAC",207.7,0.994,"pancreas","Immune -> Ductal/tumor epithelial","ls_nmf","membrane",NA
"IL7R",13.5,1,"pancreas","Immune -> Endocrine","ls_nmf","membrane",NA
"PLA2G7",8.1,0.969,"pancreas","Immune -> Endocrine","ls_nmf","membrane",NA
"CD163",18,0.643,"pancreas","Immune -> Endocrine","ls_nmf","membrane",NA
"CSF2RA",19.7,0.864,"pancreas","Immune -> Endocrine","ls_nmf","membrane",NA
"CXCR4",34.3,1,"pancreas","Immune -> Endocrine","ls_nmf","membrane",NA
"TRAC",20.2,0.915,"pancreas","Immune -> Endocrine","ls_nmf","membrane",NA
"MS4A6A",31.2,0.687,"pancreas","Immune -> Endocrine","ls_nmf","membrane",NA
"CD2",7.7,0.517,"pancreas","Immune -> Endocrine","ls_nmf","membrane",NA
"CD3E",9,0.889,"pancreas","Immune -> Endocrine","ls_nmf","membrane",NA
"VSIG4",12.3,0.756,"pancreas","Immune -> Endocrine","ls_nmf","membrane",NA
"MS4A1",0.6,1,"pancreas","Immune -> Endocrine","ls_nmf","membrane",NA
"MS4A4A",21,0.728,"pancreas","Immune -> Endocrine","ls_nmf","membrane",NA
"CCL5",16.1,1,"pancreas","Immune -> Endocrine","ls_nmf","membrane",NA
"TREM2",8.8,0.63,"pancreas","Immune -> Endocrine","ls_nmf","membrane",NA
"PTPRC",38.6,0.644,"pancreas","Immune -> Endocrine","ls_nmf","membrane",NA
"FCGR3A",14.9,0.579,"pancreas","Immune -> Endocrine","ls_nmf","membrane",NA
"GZMK",7.8,0.597,"pancreas","Immune -> Endocrine","ls_nmf","membrane",NA
"LILRB4",1.6,1,"pancreas","Immune -> Endocrine","ls_nmf","membrane",NA
"CLEC4E",10.7,0.612,"pancreas","Immune -> Endocrine","ls_nmf","membrane",NA
"GPR183",11.4,0.85,"pancreas","Immune -> Endocrine","ls_nmf","membrane",NA
"IL7R",283.6,0.035,"pancreas","Immune -> Endothelial","ls_nmf","membrane",NA
"LILRB4",36.1,0.195,"pancreas","Immune -> Endothelial","ls_nmf","membrane",NA
"GZMK",44.1,0.057,"pancreas","Immune -> Endothelial","ls_nmf","membrane",NA
"PLA2G7",145.3,0.29,"pancreas","Immune -> Endothelial","ls_nmf","membrane",NA
"CD163",188.7,0.25,"pancreas","Immune -> Endothelial","ls_nmf","membrane",NA
"TREM2",89.2,0.382,"pancreas","Immune -> Endothelial","ls_nmf","membrane",NA
"PTPRC",350.2,0.077,"pancreas","Immune -> Endothelial","ls_nmf","membrane",NA
"CD2",83.3,0.037,"pancreas","Immune -> Endothelial","ls_nmf","membrane",NA
"VSIG4",90.4,0.08,"pancreas","Immune -> Endothelial","ls_nmf","membrane",NA
"CSF2RA",104.4,0.202,"pancreas","Immune -> Endothelial","ls_nmf","membrane",NA
"CD8A",130.4,-0.022,"pancreas","Immune -> Endothelial","ls_nmf","membrane",NA
"MS4A6A",416.4,0.215,"pancreas","Immune -> Endothelial","ls_nmf","membrane",NA
"TRAC",258.6,0.298,"pancreas","Immune -> Endothelial","ls_nmf","membrane",NA
"HAVCR2",117.4,0.257,"pancreas","Immune -> Endothelial","ls_nmf","membrane",NA
"FOXP3",38.1,0.342,"pancreas","Immune -> Endothelial","ls_nmf","membrane",NA
"KLRB1",142.4,0.113,"pancreas","Immune -> Endothelial","ls_nmf","membrane",NA
"CTLA4",58.2,0.034,"pancreas","Immune -> Endothelial","ls_nmf","membrane",NA
"CYTIP",183.7,0.094,"pancreas","Immune -> Endothelial","ls_nmf","membrane",NA
"CCL5",196.6,-0.014,"pancreas","Immune -> Endothelial","ls_nmf","membrane",NA
"MS4A1",43.1,0.014,"pancreas","Immune -> Endothelial","ls_nmf","membrane",NA
"IL7R",409.6,0.965,"pancreas","Immune -> Exocrine epithelial","ls_nmf","membrane",NA
"CXCR4",921,0.827,"pancreas","Immune -> Exocrine epithelial","ls_nmf","membrane",NA
"PLA2G7",237.9,0.944,"pancreas","Immune -> Exocrine epithelial","ls_nmf","membrane",NA
"PTPRC",661.5,0.983,"pancreas","Immune -> Exocrine epithelial","ls_nmf","membrane",NA
"TRAC",344.3,0.997,"pancreas","Immune -> Exocrine epithelial","ls_nmf","membrane",NA
"CD163",658.1,0.315,"pancreas","Immune -> Exocrine epithelial","ls_nmf","membrane",NA
"MRC1",344.2,0.41,"pancreas","Immune -> Exocrine epithelial","ls_nmf","membrane",NA
"CCL5",354.7,0.421,"pancreas","Immune -> Exocrine epithelial","ls_nmf","membrane",NA
"MS4A4A",543.9,0.415,"pancreas","Immune -> Exocrine epithelial","ls_nmf","membrane",NA
"GZMK",72.9,0.37,"pancreas","Immune -> Exocrine epithelial","ls_nmf","membrane",NA
"CD3E",215.2,0.971,"pancreas","Immune -> Exocrine epithelial","ls_nmf","membrane",NA
"CD2",221.3,0.947,"pancreas","Immune -> Exocrine epithelial","ls_nmf","membrane",NA
"IL2RA",83.4,0.435,"pancreas","Immune -> Exocrine epithelial","ls_nmf","membrane",NA
"VSIG4",357.7,0.435,"pancreas","Immune -> Exocrine epithelial","ls_nmf","membrane",NA
"KLRB1",218.1,0.49,"pancreas","Immune -> Exocrine epithelial","ls_nmf","membrane",NA
"CSF2RA",292.1,0.389,"pancreas","Immune -> Exocrine epithelial","ls_nmf","membrane",NA
"CD8A",331.5,0.459,"pancreas","Immune -> Exocrine epithelial","ls_nmf","membrane",NA
"FCGR3A",579.3,0.308,"pancreas","Immune -> Exocrine epithelial","ls_nmf","membrane",NA
"MS4A6A",917.1,0.373,"pancreas","Immune -> Exocrine epithelial","ls_nmf","membrane",NA
"GZMA",79.9,0.395,"pancreas","Immune -> Exocrine epithelial","ls_nmf","membrane",NA
"MS4A1",480.9,0.002,"pancreas","Immune -> Fibroblast / CAF","ls_nmf","membrane",NA
"NKG7",323.9,-0.025,"pancreas","Immune -> Fibroblast / CAF","ls_nmf","membrane",NA
"CD8A",1978.4,-0.001,"pancreas","Immune -> Fibroblast / CAF","ls_nmf","membrane",NA
"CXCR4",4575.1,-0.004,"pancreas","Immune -> Fibroblast / CAF","ls_nmf","membrane",NA
"PTPRC",4323.9,0.006,"pancreas","Immune -> Fibroblast / CAF","ls_nmf","membrane",NA
"MS4A6A",3003,-0.021,"pancreas","Immune -> Fibroblast / CAF","ls_nmf","membrane",NA
"GPR183",1093.3,-0.057,"pancreas","Immune -> Fibroblast / CAF","ls_nmf","membrane",NA
"MS4A4A",1736,-0.018,"pancreas","Immune -> Fibroblast / CAF","ls_nmf","membrane",NA
"CSF2RA",894.4,-0.021,"pancreas","Immune -> Fibroblast / CAF","ls_nmf","membrane",NA
"CD163",1716.5,-0.038,"pancreas","Immune -> Fibroblast / CAF","ls_nmf","membrane",NA
"TREM2",354.7,-0.087,"pancreas","Immune -> Fibroblast / CAF","ls_nmf","membrane",NA
"PLA2G7",897.4,0.009,"pancreas","Immune -> Fibroblast / CAF","ls_nmf","membrane",NA
"FOXP3",458.9,0.02,"pancreas","Immune -> Fibroblast / CAF","ls_nmf","membrane",NA
"CYTIP",2238.1,-0.004,"pancreas","Immune -> Fibroblast / CAF","ls_nmf","membrane",NA
"CD69",933.6,-0.003,"pancreas","Immune -> Fibroblast / CAF","ls_nmf","membrane",NA
"FCER1A",326.9,0.015,"pancreas","Immune -> Fibroblast / CAF","ls_nmf","membrane",NA
"IL7R",4963.4,0,"pancreas","Immune -> Fibroblast / CAF","ls_nmf","membrane",NA
"VSIG4",622.2,-0.122,"pancreas","Immune -> Fibroblast / CAF","ls_nmf","membrane",NA
"KLRB1",1447.4,-0.014,"pancreas","Immune -> Fibroblast / CAF","ls_nmf","membrane",NA
"LY86",468.7,-0.051,"pancreas","Immune -> Fibroblast / CAF","ls_nmf","membrane",NA
"CD3D",0,0,"pancreas","Immune -> Mural / pericyte","ls_nmf","membrane",NA
"SLAMF7",0,0,"pancreas","Immune -> Mural / pericyte","ls_nmf","membrane",NA
"MS4A1",0,0,"pancreas","Immune -> Mural / pericyte","ls_nmf","membrane",NA
"KLRB1",46.8,0.021,"pancreas","Immune -> Mural / pericyte","ls_nmf","membrane",NA
"CXCR4",151,0,"pancreas","Immune -> Mural / pericyte","ls_nmf","membrane",NA
"VSIG4",41.7,0,"pancreas","Immune -> Mural / pericyte","ls_nmf","membrane",NA
"CD8A",41.7,0,"pancreas","Immune -> Mural / pericyte","ls_nmf","membrane",NA
"PLA2G7",51.7,0,"pancreas","Immune -> Mural / pericyte","ls_nmf","membrane",NA
"FCN1",0,0,"pancreas","Immune -> Mural / pericyte","ls_nmf","membrane",NA
"MRC1",74.5,0.013,"pancreas","Immune -> Mural / pericyte","ls_nmf","membrane",NA
"IL7R",113,0,"pancreas","Immune -> Mural / pericyte","ls_nmf","membrane",NA
"MS4A6A",118.5,0.008,"pancreas","Immune -> Mural / pericyte","ls_nmf","membrane",NA
"CD3E",49.5,0,"pancreas","Immune -> Mural / pericyte","ls_nmf","membrane",NA
"CCL5",65.3,0,"pancreas","Immune -> Mural / pericyte","ls_nmf","membrane",NA
"CD163",49.7,0.02,"pancreas","Immune -> Mural / pericyte","ls_nmf","membrane",NA
"CD86",29.7,0,"pancreas","Immune -> Mural / pericyte","ls_nmf","membrane",NA
"CD79A",36.8,0,"pancreas","Immune -> Mural / pericyte","ls_nmf","membrane",NA
"CSF2RA",56.3,0,"pancreas","Immune -> Mural / pericyte","ls_nmf","membrane",NA
"MS4A4A",56.8,0,"pancreas","Immune -> Mural / pericyte","ls_nmf","membrane",NA
"FCER1A",14.8,0,"pancreas","Immune -> Mural / pericyte","ls_nmf","membrane",NA
"MYH11",58.9,0.212,"pancreas","Mural / pericyte -> Ductal/tumor epithelial","ls_nmf","membrane",NA
"MEDAG",12.1,0.352,"pancreas","Mural / pericyte -> Ductal/tumor epithelial","ls_nmf","membrane",NA
"ADAMTS1",98.2,0.364,"pancreas","Mural / pericyte -> Ductal/tumor epithelial","ls_nmf","membrane",NA
"ACTA2",202.4,0.414,"pancreas","Mural / pericyte -> Ductal/tumor epithelial","ls_nmf","membrane",NA
"PDGFRB",106.8,0.594,"pancreas","Mural / pericyte -> Ductal/tumor epithelial","ls_nmf","membrane",NA
"CNN1",62.5,0.34,"pancreas","Mural / pericyte -> Ductal/tumor epithelial","ls_nmf","membrane",NA
"CRISPLD2",56.6,0.307,"pancreas","Mural / pericyte -> Ductal/tumor epithelial","ls_nmf","membrane",NA
"RERGL",0,1,"pancreas","Mural / pericyte -> Ductal/tumor epithelial","ls_nmf","membrane",NA
"MYLK",284.7,0.308,"pancreas","Mural / pericyte -> Ductal/tumor epithelial","ls_nmf","membrane",NA
"CCL19",0.4,1,"pancreas","Mural / pericyte -> Ductal/tumor epithelial","ls_nmf","membrane",NA
"DES",9.7,0.376,"pancreas","Mural / pericyte -> Ductal/tumor epithelial","ls_nmf","membrane",NA
"TIMP4",0.7,-0.057,"pancreas","Mural / pericyte -> Ductal/tumor epithelial","ls_nmf","membrane",NA
"OGN",3.9,0.352,"pancreas","Mural / pericyte -> Ductal/tumor epithelial","ls_nmf","membrane",NA
"IL1RL1",15,0.003,"pancreas","Mural / pericyte -> Ductal/tumor epithelial","ls_nmf","membrane",NA
"MAMDC2",12.7,0.463,"pancreas","Mural / pericyte -> Ductal/tumor epithelial","ls_nmf","membrane",NA
"CAV1",31.9,0.277,"pancreas","Mural / pericyte -> Ductal/tumor epithelial","ls_nmf","membrane",NA
"SNCG",2.9,0.068,"pancreas","Mural / pericyte -> Ductal/tumor epithelial","ls_nmf","membrane",NA
"RETN",0,NA,"pancreas","Mural / pericyte -> Ductal/tumor epithelial","ls_nmf","membrane",NA
"MEF2C",25.6,0.294,"pancreas","Mural / pericyte -> Ductal/tumor epithelial","ls_nmf","membrane",NA
"PTN",18.8,0.106,"pancreas","Mural / pericyte -> Ductal/tumor epithelial","ls_nmf","membrane",NA
"MYH11",543.6,0.432,"pancreas","Mural / pericyte -> Endothelial","ls_nmf","membrane",NA
"TNC",178.9,0.534,"pancreas","Mural / pericyte -> Endothelial","ls_nmf","membrane",NA
"CNN1",165.8,0.506,"pancreas","Mural / pericyte -> Endothelial","ls_nmf","membrane",NA
"RERGL",58.1,0.441,"pancreas","Mural / pericyte -> Endothelial","ls_nmf","membrane",NA
"MEDAG",198.2,0.13,"pancreas","Mural / pericyte -> Endothelial","ls_nmf","membrane",NA
"DES",34.8,0.385,"pancreas","Mural / pericyte -> Endothelial","ls_nmf","membrane",NA
"ACTA2",715.8,0.538,"pancreas","Mural / pericyte -> Endothelial","ls_nmf","membrane",NA
"MYLK",538.2,0.515,"pancreas","Mural / pericyte -> Endothelial","ls_nmf","membrane",NA
"ACTG2",295.3,0.453,"pancreas","Mural / pericyte -> Endothelial","ls_nmf","membrane",NA
"CRISPLD2",167.3,0.537,"pancreas","Mural / pericyte -> Endothelial","ls_nmf","membrane",NA
"ADAMTS1",2045.6,0.081,"pancreas","Mural / pericyte -> Endothelial","ls_nmf","membrane",NA
"TIMP4",14.4,-0.016,"pancreas","Mural / pericyte -> Endothelial","ls_nmf","membrane",NA
"OGN",8.1,0.268,"pancreas","Mural / pericyte -> Endothelial","ls_nmf","membrane",NA
"PLIN4",3.2,0.008,"pancreas","Mural / pericyte -> Endothelial","ls_nmf","membrane",NA
"CCDC78",0,-0.167,"pancreas","Mural / pericyte -> Endothelial","ls_nmf","membrane",NA
"ASCL1",2.9,0.086,"pancreas","Mural / pericyte -> Endothelial","ls_nmf","membrane",NA
"SLC4A1",4.4,0.091,"pancreas","Mural / pericyte -> Endothelial","ls_nmf","membrane",NA
"TBX3",13.8,0.401,"pancreas","Mural / pericyte -> Endothelial","ls_nmf","membrane",NA
"SNCG",4.7,0.189,"pancreas","Mural / pericyte -> Endothelial","ls_nmf","membrane",NA
"MAMDC2",19.2,0.534,"pancreas","Mural / pericyte -> Endothelial","ls_nmf","membrane",NA
"MYH11",19.9,0.684,"pancreas","Mural / pericyte -> Exocrine epithelial","ls_nmf","membrane",NA
"MEDAG",1.2,1,"pancreas","Mural / pericyte -> Exocrine epithelial","ls_nmf","membrane",NA
"TNC",29.9,0.961,"pancreas","Mural / pericyte -> Exocrine epithelial","ls_nmf","membrane",NA
"ACTA2",50.1,0.771,"pancreas","Mural / pericyte -> Exocrine epithelial","ls_nmf","membrane",NA
"CNN1",8.7,0.525,"pancreas","Mural / pericyte -> Exocrine epithelial","ls_nmf","membrane",NA
"ADAMTS1",97.3,0.732,"pancreas","Mural / pericyte -> Exocrine epithelial","ls_nmf","membrane",NA
"PDGFRB",40.8,0.937,"pancreas","Mural / pericyte -> Exocrine epithelial","ls_nmf","membrane",NA
"MYLK",80.5,0.796,"pancreas","Mural / pericyte -> Exocrine epithelial","ls_nmf","membrane",NA
"CRISPLD2",37.3,0.596,"pancreas","Mural / pericyte -> Exocrine epithelial","ls_nmf","membrane",NA
"TBX3",7,0.488,"pancreas","Mural / pericyte -> Exocrine epithelial","ls_nmf","membrane",NA
"SNCG",0,NA,"pancreas","Mural / pericyte -> Exocrine epithelial","ls_nmf","membrane",NA
"RERGL",1.1,0.616,"pancreas","Mural / pericyte -> Exocrine epithelial","ls_nmf","membrane",NA
"CCL19",0.4,1,"pancreas","Mural / pericyte -> Exocrine epithelial","ls_nmf","membrane",NA
"TIMP4",13.4,0.16,"pancreas","Mural / pericyte -> Exocrine epithelial","ls_nmf","membrane",NA
"CAVIN1",19.2,0.938,"pancreas","Mural / pericyte -> Exocrine epithelial","ls_nmf","membrane",NA
"DES",2.2,0.661,"pancreas","Mural / pericyte -> Exocrine epithelial","ls_nmf","membrane",NA
"CAV1",0,0.932,"pancreas","Mural / pericyte -> Exocrine epithelial","ls_nmf","membrane",NA
"ACTG2",4.8,0.722,"pancreas","Mural / pericyte -> Exocrine epithelial","ls_nmf","membrane",NA
"TMEM100",6.1,1,"pancreas","Mural / pericyte -> Exocrine epithelial","ls_nmf","membrane",NA
"OGN",8.4,0.422,"pancreas","Mural / pericyte -> Exocrine epithelial","ls_nmf","membrane",NA
"RERGL",40,0.047,"pancreas","Mural / pericyte -> Fibroblast / CAF","ls_nmf","membrane",NA
"MYH11",564.3,0.014,"pancreas","Mural / pericyte -> Fibroblast / CAF","ls_nmf","membrane",NA
"ADAMTS1",533.7,0.032,"pancreas","Mural / pericyte -> Fibroblast / CAF","ls_nmf","membrane",NA
"SNCG",9.5,-0.101,"pancreas","Mural / pericyte -> Fibroblast / CAF","ls_nmf","membrane",NA
"MEDAG",271.4,-0.004,"pancreas","Mural / pericyte -> Fibroblast / CAF","ls_nmf","membrane",NA
"CNN1",180,-0.019,"pancreas","Mural / pericyte -> Fibroblast / CAF","ls_nmf","membrane",NA
"TNC",467.6,0.036,"pancreas","Mural / pericyte -> Fibroblast / CAF","ls_nmf","membrane",NA
"DES",107.3,-0.019,"pancreas","Mural / pericyte -> Fibroblast / CAF","ls_nmf","membrane",NA
"LGI4",24.9,-0.048,"pancreas","Mural / pericyte -> Fibroblast / CAF","ls_nmf","membrane",NA
"CAV1",50.4,0.09,"pancreas","Mural / pericyte -> Fibroblast / CAF","ls_nmf","membrane",NA
"HES4",5.1,0.018,"pancreas","Mural / pericyte -> Fibroblast / CAF","ls_nmf","membrane",NA
"ADH4",9,-0.102,"pancreas","Mural / pericyte -> Fibroblast / CAF","ls_nmf","membrane",NA
"PLIN4",0,-0.323,"pancreas","Mural / pericyte -> Fibroblast / CAF","ls_nmf","membrane",NA
"RETN",3.7,0.736,"pancreas","Mural / pericyte -> Fibroblast / CAF","ls_nmf","membrane",NA
"CDH16",12.5,-0.091,"pancreas","Mural / pericyte -> Fibroblast / CAF","ls_nmf","membrane",NA
"SLC4A1",9.8,-0.024,"pancreas","Mural / pericyte -> Fibroblast / CAF","ls_nmf","membrane",NA
"AHSP",0,-0.071,"pancreas","Mural / pericyte -> Fibroblast / CAF","ls_nmf","membrane",NA
"LY6D",1.9,0.204,"pancreas","Mural / pericyte -> Fibroblast / CAF","ls_nmf","membrane",NA
"TIMP4",0,-0.034,"pancreas","Mural / pericyte -> Fibroblast / CAF","ls_nmf","membrane",NA
"DNAAF1",7.2,-0.027,"pancreas","Mural / pericyte -> Fibroblast / CAF","ls_nmf","membrane",NA
"MYH11",358.1,0.07,"pancreas","Mural / pericyte -> Immune","ls_nmf","membrane",NA
"ADAMTS1",354.9,0.358,"pancreas","Mural / pericyte -> Immune","ls_nmf","membrane",NA
"CNN1",99.2,-0.008,"pancreas","Mural / pericyte -> Immune","ls_nmf","membrane",NA
"RERGL",22.3,0.085,"pancreas","Mural / pericyte -> Immune","ls_nmf","membrane",NA
"MEDAG",66.4,0.137,"pancreas","Mural / pericyte -> Immune","ls_nmf","membrane",NA
"TNC",313.3,0.024,"pancreas","Mural / pericyte -> Immune","ls_nmf","membrane",NA
"ACTA2",271.8,0,"pancreas","Mural / pericyte -> Immune","ls_nmf","membrane",NA
"MYLK",261.5,-0.017,"pancreas","Mural / pericyte -> Immune","ls_nmf","membrane",NA
"DES",29.9,-0.072,"pancreas","Mural / pericyte -> Immune","ls_nmf","membrane",NA
"CAV1",43.9,-0.031,"pancreas","Mural / pericyte -> Immune","ls_nmf","membrane",NA
"SNCG",0,-0.263,"pancreas","Mural / pericyte -> Immune","ls_nmf","membrane",NA
"PDGFRB",339.5,0.027,"pancreas","Mural / pericyte -> Immune","ls_nmf","membrane",NA
"CRISPLD2",223.9,-0.027,"pancreas","Mural / pericyte -> Immune","ls_nmf","membrane",NA
"TBX3",54.5,0.03,"pancreas","Mural / pericyte -> Immune","ls_nmf","membrane",NA
"HES4",0.1,-0.571,"pancreas","Mural / pericyte -> Immune","ls_nmf","membrane",NA
"TIMP4",34.5,-0.039,"pancreas","Mural / pericyte -> Immune","ls_nmf","membrane",NA
"CAVIN1",175.1,-0.059,"pancreas","Mural / pericyte -> Immune","ls_nmf","membrane",NA
"ACTG2",6.7,-2.506,"pancreas","Mural / pericyte -> Immune","ls_nmf","membrane",NA
"ADH4",3,0.106,"pancreas","Mural / pericyte -> Immune","ls_nmf","membrane",NA
"LGI4",5.4,-0.44,"pancreas","Mural / pericyte -> Immune","ls_nmf","membrane",NA
"GPX2",75.7,1,"pancreas","Ductal/tumor epithelial -> Endothelial","invsqrt_kl","membrane",NA
"TMC5",122.2,1,"pancreas","Ductal/tumor epithelial -> Endothelial","invsqrt_kl","membrane",NA
"SERPINB3",9.6,0.938,"pancreas","Ductal/tumor epithelial -> Endothelial","invsqrt_kl","membrane",NA
"COL17A1",0,NA,"pancreas","Ductal/tumor epithelial -> Endothelial","invsqrt_kl","membrane",NA
"CAPN8",2.6,1,"pancreas","Ductal/tumor epithelial -> Endothelial","invsqrt_kl","membrane",NA
"DMBT1",15.6,1,"pancreas","Ductal/tumor epithelial -> Endothelial","invsqrt_kl","membrane",NA
"GPRC5A",0,1,"pancreas","Ductal/tumor epithelial -> Endothelial","invsqrt_kl","membrane",NA
"EPCAM",539.4,0.998,"pancreas","Ductal/tumor epithelial -> Endothelial","invsqrt_kl","membrane",NA
"EHF",253.7,0.991,"pancreas","Ductal/tumor epithelial -> Endothelial","invsqrt_kl","membrane",NA
"CXCL6",491.2,1,"pancreas","Ductal/tumor epithelial -> Endothelial","invsqrt_kl","membrane",NA
"KRT7",89.5,0.995,"pancreas","Ductal/tumor epithelial -> Endothelial","invsqrt_kl","membrane",NA
"FOXJ1",0,1,"pancreas","Ductal/tumor epithelial -> Endothelial","invsqrt_kl","membrane",NA
"LIF",27.8,0.95,"pancreas","Ductal/tumor epithelial -> Endothelial","invsqrt_kl","membrane",NA
"SERPINB2",9.1,1,"pancreas","Ductal/tumor epithelial -> Endothelial","invsqrt_kl","membrane",NA
"C15orf48",42.4,0.991,"pancreas","Ductal/tumor epithelial -> Endothelial","invsqrt_kl","membrane",NA
"PPP1R1B",336.8,0.994,"pancreas","Ductal/tumor epithelial -> Endothelial","invsqrt_kl","membrane",NA
"BAMBI",31.6,1,"pancreas","Ductal/tumor epithelial -> Endothelial","invsqrt_kl","membrane",NA
"CFB",625.4,0.998,"pancreas","Ductal/tumor epithelial -> Endothelial","invsqrt_kl","membrane",NA
"LGR5",1.5,1,"pancreas","Ductal/tumor epithelial -> Endothelial","invsqrt_kl","membrane",NA
"FOXA1",0,1,"pancreas","Ductal/tumor epithelial -> Endothelial","invsqrt_kl","membrane",NA
"SERPINB3",96.4,1,"pancreas","Ductal/tumor epithelial -> Exocrine epithelial","invsqrt_kl","membrane",NA
"COL17A1",63,0.959,"pancreas","Ductal/tumor epithelial -> Exocrine epithelial","invsqrt_kl","membrane",NA
"GPRC5A",29.8,0.912,"pancreas","Ductal/tumor epithelial -> Exocrine epithelial","invsqrt_kl","membrane",NA
"CAPN8",125.4,0.95,"pancreas","Ductal/tumor epithelial -> Exocrine epithelial","invsqrt_kl","membrane",NA
"DMBT1",255,1,"pancreas","Ductal/tumor epithelial -> Exocrine epithelial","invsqrt_kl","membrane",NA
"MALL",154.8,0.959,"pancreas","Ductal/tumor epithelial -> Exocrine epithelial","invsqrt_kl","membrane",NA
"TMC5",2078.2,0.993,"pancreas","Ductal/tumor epithelial -> Exocrine epithelial","invsqrt_kl","membrane",NA
"GPX2",1424,1,"pancreas","Ductal/tumor epithelial -> Exocrine epithelial","invsqrt_kl","membrane",NA
"LIF",144.9,0.992,"pancreas","Ductal/tumor epithelial -> Exocrine epithelial","invsqrt_kl","membrane",NA
"MKI67",78.6,0.809,"pancreas","Ductal/tumor epithelial -> Exocrine epithelial","invsqrt_kl","membrane",NA
"FHL2",117.2,1,"pancreas","Ductal/tumor epithelial -> Exocrine epithelial","invsqrt_kl","membrane",NA
"FOXJ1",0,NA,"pancreas","Ductal/tumor epithelial -> Exocrine epithelial","invsqrt_kl","membrane",NA
"UBE2C",0,NA,"pancreas","Ductal/tumor epithelial -> Exocrine epithelial","invsqrt_kl","membrane",NA
"CCNB2",51.3,0.938,"pancreas","Ductal/tumor epithelial -> Exocrine epithelial","invsqrt_kl","membrane",NA
"SERPINB2",101.2,0.981,"pancreas","Ductal/tumor epithelial -> Exocrine epithelial","invsqrt_kl","membrane",NA
"CENPF",99.6,1,"pancreas","Ductal/tumor epithelial -> Exocrine epithelial","invsqrt_kl","membrane",NA
"FOXA1",0,NA,"pancreas","Ductal/tumor epithelial -> Exocrine epithelial","invsqrt_kl","membrane",NA
"LGR5",8.3,0.978,"pancreas","Ductal/tumor epithelial -> Exocrine epithelial","invsqrt_kl","membrane",NA
"CDK1",144.3,0.966,"pancreas","Ductal/tumor epithelial -> Exocrine epithelial","invsqrt_kl","membrane",NA
"CXCL6",5252.3,0.999,"pancreas","Ductal/tumor epithelial -> Exocrine epithelial","invsqrt_kl","membrane",NA
"GPX2",733,0.988,"pancreas","Ductal/tumor epithelial -> Fibroblast / CAF","invsqrt_kl","membrane",NA
"TMC5",650.9,0.996,"pancreas","Ductal/tumor epithelial -> Fibroblast / CAF","invsqrt_kl","membrane",NA
"COL17A1",178.6,0.992,"pancreas","Ductal/tumor epithelial -> Fibroblast / CAF","invsqrt_kl","membrane",NA
"EPCAM",2659,0.994,"pancreas","Ductal/tumor epithelial -> Fibroblast / CAF","invsqrt_kl","membrane",NA
"DMBT1",194.4,1,"pancreas","Ductal/tumor epithelial -> Fibroblast / CAF","invsqrt_kl","membrane",NA
"CAPN8",167.2,0.992,"pancreas","Ductal/tumor epithelial -> Fibroblast / CAF","invsqrt_kl","membrane",NA
"EHF",974.8,0.995,"pancreas","Ductal/tumor epithelial -> Fibroblast / CAF","invsqrt_kl","membrane",NA
"SERPINB3",897.5,1,"pancreas","Ductal/tumor epithelial -> Fibroblast / CAF","invsqrt_kl","membrane",NA
"GPRC5A",2341.6,0.999,"pancreas","Ductal/tumor epithelial -> Fibroblast / CAF","invsqrt_kl","membrane",NA
"MET",556.3,0.988,"pancreas","Ductal/tumor epithelial -> Fibroblast / CAF","invsqrt_kl","membrane",NA
"ARFGEF3",201.9,0.992,"pancreas","Ductal/tumor epithelial -> Fibroblast / CAF","invsqrt_kl","membrane",NA
"FOXJ1",62,0.952,"pancreas","Ductal/tumor epithelial -> Fibroblast / CAF","invsqrt_kl","membrane",NA
"FOXA1",25.6,0.972,"pancreas","Ductal/tumor epithelial -> Fibroblast / CAF","invsqrt_kl","membrane",NA
"PPP1R1B",693.6,0.995,"pancreas","Ductal/tumor epithelial -> Fibroblast / CAF","invsqrt_kl","membrane",NA
"MALL",1229.9,0.996,"pancreas","Ductal/tumor epithelial -> Fibroblast / CAF","invsqrt_kl","membrane",NA
"CXCL6",1658.2,0.995,"pancreas","Ductal/tumor epithelial -> Fibroblast / CAF","invsqrt_kl","membrane",NA
"SERPINB2",94.9,0.995,"pancreas","Ductal/tumor epithelial -> Fibroblast / CAF","invsqrt_kl","membrane",NA
"UBE2C",223.1,0.984,"pancreas","Ductal/tumor epithelial -> Fibroblast / CAF","invsqrt_kl","membrane",NA
"KRT7",332.6,0.996,"pancreas","Ductal/tumor epithelial -> Fibroblast / CAF","invsqrt_kl","membrane",NA
"BAMBI",434.4,0.996,"pancreas","Ductal/tumor epithelial -> Fibroblast / CAF","invsqrt_kl","membrane",NA
"GPX2",474.6,1,"pancreas","Ductal/tumor epithelial -> Immune","invsqrt_kl","membrane",NA
"COL17A1",82.9,0.991,"pancreas","Ductal/tumor epithelial -> Immune","invsqrt_kl","membrane",NA
"EPCAM",1035.5,0.604,"pancreas","Ductal/tumor epithelial -> Immune","invsqrt_kl","membrane",NA
"TMC5",406.1,1,"pancreas","Ductal/tumor epithelial -> Immune","invsqrt_kl","membrane",NA
"GPRC5A",793.4,1,"pancreas","Ductal/tumor epithelial -> Immune","invsqrt_kl","membrane",NA
"SERPINB3",248.3,1,"pancreas","Ductal/tumor epithelial -> Immune","invsqrt_kl","membrane",NA
"DMBT1",135.4,0.994,"pancreas","Ductal/tumor epithelial -> Immune","invsqrt_kl","membrane",NA
"CAPN8",79.9,1,"pancreas","Ductal/tumor epithelial -> Immune","invsqrt_kl","membrane",NA
"FOXA1",8.3,1,"pancreas","Ductal/tumor epithelial -> Immune","invsqrt_kl","membrane",NA
"MET",295.5,0.978,"pancreas","Ductal/tumor epithelial -> Immune","invsqrt_kl","membrane",NA
"MALL",382.7,1,"pancreas","Ductal/tumor epithelial -> Immune","invsqrt_kl","membrane",NA
"FOXJ1",30.3,1,"pancreas","Ductal/tumor epithelial -> Immune","invsqrt_kl","membrane",NA
"ARFGEF3",134.1,1,"pancreas","Ductal/tumor epithelial -> Immune","invsqrt_kl","membrane",NA
"EHF",557.6,0.686,"pancreas","Ductal/tumor epithelial -> Immune","invsqrt_kl","membrane",NA
"CXCL6",1333.9,0.999,"pancreas","Ductal/tumor epithelial -> Immune","invsqrt_kl","membrane",NA
"PPP1R1B",532.8,0.998,"pancreas","Ductal/tumor epithelial -> Immune","invsqrt_kl","membrane",NA
"KRT7",316.3,0.997,"pancreas","Ductal/tumor epithelial -> Immune","invsqrt_kl","membrane",NA
"CFB",1381.7,0.87,"pancreas","Ductal/tumor epithelial -> Immune","invsqrt_kl","membrane",NA
"BAMBI",139.5,1,"pancreas","Ductal/tumor epithelial -> Immune","invsqrt_kl","membrane",NA
"ERBB2",108.3,1,"pancreas","Ductal/tumor epithelial -> Immune","invsqrt_kl","membrane",NA
"GPX2",20.8,1,"pancreas","Ductal/tumor epithelial -> Mural / pericyte","invsqrt_kl","membrane",NA
"EHF",20.3,1,"pancreas","Ductal/tumor epithelial -> Mural / pericyte","invsqrt_kl","membrane",NA
"EPCAM",43.2,0.979,"pancreas","Ductal/tumor epithelial -> Mural / pericyte","invsqrt_kl","membrane",NA
"COL17A1",7.4,1,"pancreas","Ductal/tumor epithelial -> Mural / pericyte","invsqrt_kl","membrane",NA
"SERPINB3",19.5,1,"pancreas","Ductal/tumor epithelial -> Mural / pericyte","invsqrt_kl","membrane",NA
"TMC5",21.4,1,"pancreas","Ductal/tumor epithelial -> Mural / pericyte","invsqrt_kl","membrane",NA
"DMBT1",5.3,1,"pancreas","Ductal/tumor epithelial -> Mural / pericyte","invsqrt_kl","membrane",NA
"CXCL6",71.4,1,"pancreas","Ductal/tumor epithelial -> Mural / pericyte","invsqrt_kl","membrane",NA
"GPRC5A",52.8,1,"pancreas","Ductal/tumor epithelial -> Mural / pericyte","invsqrt_kl","membrane",NA
"ARFGEF3",4.1,0.446,"pancreas","Ductal/tumor epithelial -> Mural / pericyte","invsqrt_kl","membrane",NA
"CAPN8",9,1,"pancreas","Ductal/tumor epithelial -> Mural / pericyte","invsqrt_kl","membrane",NA
"KRT7",20.6,1,"pancreas","Ductal/tumor epithelial -> Mural / pericyte","invsqrt_kl","membrane",NA
"MET",22.5,0.992,"pancreas","Ductal/tumor epithelial -> Mural / pericyte","invsqrt_kl","membrane",NA
"C15orf48",32.5,1,"pancreas","Ductal/tumor epithelial -> Mural / pericyte","invsqrt_kl","membrane",NA
"MALL",27.1,0.801,"pancreas","Ductal/tumor epithelial -> Mural / pericyte","invsqrt_kl","membrane",NA
"FOXJ1",1.1,1,"pancreas","Ductal/tumor epithelial -> Mural / pericyte","invsqrt_kl","membrane",NA
"SERPINB2",5.9,1,"pancreas","Ductal/tumor epithelial -> Mural / pericyte","invsqrt_kl","membrane",NA
"MKI67",12.5,1,"pancreas","Ductal/tumor epithelial -> Mural / pericyte","invsqrt_kl","membrane",NA
"PPP1R1B",9,1,"pancreas","Ductal/tumor epithelial -> Mural / pericyte","invsqrt_kl","membrane",NA
"UBE2C",6.9,1,"pancreas","Ductal/tumor epithelial -> Mural / pericyte","invsqrt_kl","membrane",NA
"INS",540.8,0.995,"pancreas","Endocrine -> Ductal/tumor epithelial","invsqrt_kl","membrane",NA
"SST",212.1,0.996,"pancreas","Endocrine -> Ductal/tumor epithelial","invsqrt_kl","membrane",NA
"GCG",867.1,0.999,"pancreas","Endocrine -> Ductal/tumor epithelial","invsqrt_kl","membrane",NA
"CHGA",49.7,1,"pancreas","Endocrine -> Ductal/tumor epithelial","invsqrt_kl","membrane",NA
"PCSK2",42.2,0.955,"pancreas","Endocrine -> Ductal/tumor epithelial","invsqrt_kl","membrane",NA
"SCGN",79.8,0.989,"pancreas","Endocrine -> Ductal/tumor epithelial","invsqrt_kl","membrane",NA
"HEPACAM2",13.8,0.938,"pancreas","Endocrine -> Ductal/tumor epithelial","invsqrt_kl","membrane",NA
"PPY",43,0,"pancreas","Endocrine -> Ductal/tumor epithelial","invsqrt_kl","membrane",NA
"GHRL",32.2,1,"pancreas","Endocrine -> Ductal/tumor epithelial","invsqrt_kl","membrane",NA
"PPP1R1A",12.8,1,"pancreas","Endocrine -> Ductal/tumor epithelial","invsqrt_kl","membrane",NA
"PCP4",21.8,1,"pancreas","Endocrine -> Ductal/tumor epithelial","invsqrt_kl","membrane",NA
"MMRN1",11.5,1,"pancreas","Endocrine -> Ductal/tumor epithelial","invsqrt_kl","membrane",NA
"SLC18A2",4.8,-0.007,"pancreas","Endocrine -> Ductal/tumor epithelial","invsqrt_kl","membrane",NA
"PRG4",5.5,0.576,"pancreas","Endocrine -> Ductal/tumor epithelial","invsqrt_kl","membrane",NA
"SCGB2A1",28.1,1,"pancreas","Endocrine -> Ductal/tumor epithelial","invsqrt_kl","membrane",NA
"TENT5C",9.6,1,"pancreas","Endocrine -> Ductal/tumor epithelial","invsqrt_kl","membrane",NA
"KCNMA1",0,1,"pancreas","Endocrine -> Ductal/tumor epithelial","invsqrt_kl","membrane",NA
"PGR",2.7,1,"pancreas","Endocrine -> Ductal/tumor epithelial","invsqrt_kl","membrane",NA
"TM4SF4",140.2,0.995,"pancreas","Endocrine -> Ductal/tumor epithelial","invsqrt_kl","membrane",NA
"ESR1",0,NA,"pancreas","Endocrine -> Ductal/tumor epithelial","invsqrt_kl","membrane",NA
"INS",1266.8,1,"pancreas","Endocrine -> Endothelial","invsqrt_kl","membrane",NA
"GCG",1230,0.999,"pancreas","Endocrine -> Endothelial","invsqrt_kl","membrane",NA
"SST",512,1,"pancreas","Endocrine -> Endothelial","invsqrt_kl","membrane",NA
"CHGA",85.5,1,"pancreas","Endocrine -> Endothelial","invsqrt_kl","membrane",NA
"PCSK2",63.2,1,"pancreas","Endocrine -> Endothelial","invsqrt_kl","membrane",NA
"SCGN",209.5,1,"pancreas","Endocrine -> Endothelial","invsqrt_kl","membrane",NA
"PPY",64.4,0,"pancreas","Endocrine -> Endothelial","invsqrt_kl","membrane",NA
"HEPACAM2",29.7,1,"pancreas","Endocrine -> Endothelial","invsqrt_kl","membrane",NA
"PPP1R1A",33.4,1,"pancreas","Endocrine -> Endothelial","invsqrt_kl","membrane",NA
"PCP4",24.9,1,"pancreas","Endocrine -> Endothelial","invsqrt_kl","membrane",NA
"GHRL",29.6,1,"pancreas","Endocrine -> Endothelial","invsqrt_kl","membrane",NA
"SCGB2A1",20.4,1,"pancreas","Endocrine -> Endothelial","invsqrt_kl","membrane",NA
"TM4SF4",44,1,"pancreas","Endocrine -> Endothelial","invsqrt_kl","membrane",NA
"SLC18A2",2.8,1,"pancreas","Endocrine -> Endothelial","invsqrt_kl","membrane",NA
"KCNMA1",20.3,0.891,"pancreas","Endocrine -> Endothelial","invsqrt_kl","membrane",NA
"TENT5C",14.6,1,"pancreas","Endocrine -> Endothelial","invsqrt_kl","membrane",NA
"PRG4",8.6,1,"pancreas","Endocrine -> Endothelial","invsqrt_kl","membrane",NA
"PGR",3,1,"pancreas","Endocrine -> Endothelial","invsqrt_kl","membrane",NA
"FXYD2",13.7,1,"pancreas","Endocrine -> Endothelial","invsqrt_kl","membrane",NA
"HEMGN",1.5,0,"pancreas","Endocrine -> Endothelial","invsqrt_kl","membrane",NA
"INS",1974,0.997,"pancreas","Endocrine -> Exocrine epithelial","invsqrt_kl","membrane",NA
"GCG",1673.9,0.998,"pancreas","Endocrine -> Exocrine epithelial","invsqrt_kl","membrane",NA
"CHGA",118.8,0.993,"pancreas","Endocrine -> Exocrine epithelial","invsqrt_kl","membrane",NA
"PCSK2",75.8,0.989,"pancreas","Endocrine -> Exocrine epithelial","invsqrt_kl","membrane",NA
"SST",689,0.997,"pancreas","Endocrine -> Exocrine epithelial","invsqrt_kl","membrane",NA
"PPY",79.5,-0.002,"pancreas","Endocrine -> Exocrine epithelial","invsqrt_kl","membrane",NA
"SCGN",213.5,1,"pancreas","Endocrine -> Exocrine epithelial","invsqrt_kl","membrane",NA
"MMRN1",29.4,0.941,"pancreas","Endocrine -> Exocrine epithelial","invsqrt_kl","membrane",NA
"HEPACAM2",35.8,0.983,"pancreas","Endocrine -> Exocrine epithelial","invsqrt_kl","membrane",NA
"GHRL",94.6,1,"pancreas","Endocrine -> Exocrine epithelial","invsqrt_kl","membrane",NA
"PCP4",22.1,1,"pancreas","Endocrine -> Exocrine epithelial","invsqrt_kl","membrane",NA
"PPP1R1A",58.2,0.97,"pancreas","Endocrine -> Exocrine epithelial","invsqrt_kl","membrane",NA
"SCGB2A1",14,1,"pancreas","Endocrine -> Exocrine epithelial","invsqrt_kl","membrane",NA
"PRG4",2.6,1,"pancreas","Endocrine -> Exocrine epithelial","invsqrt_kl","membrane",NA
"SLC18A2",0,-0.049,"pancreas","Endocrine -> Exocrine epithelial","invsqrt_kl","membrane",NA
"TM4SF4",53.2,0.972,"pancreas","Endocrine -> Exocrine epithelial","invsqrt_kl","membrane",NA
"PGR",12.7,0.904,"pancreas","Endocrine -> Exocrine epithelial","invsqrt_kl","membrane",NA
"KCNMA1",17.8,1,"pancreas","Endocrine -> Exocrine epithelial","invsqrt_kl","membrane",NA
"SNCA",0,-0.013,"pancreas","Endocrine -> Exocrine epithelial","invsqrt_kl","membrane",NA
"ESR1",0,-0.291,"pancreas","Endocrine -> Exocrine epithelial","invsqrt_kl","membrane",NA
"INS",479.7,1,"pancreas","Endocrine -> Fibroblast / CAF","invsqrt_kl","membrane",NA
"SST",204.1,1,"pancreas","Endocrine -> Fibroblast / CAF","invsqrt_kl","membrane",NA
"GCG",1154.5,0.999,"pancreas","Endocrine -> Fibroblast / CAF","invsqrt_kl","membrane",NA
"CHGA",43.2,1,"pancreas","Endocrine -> Fibroblast / CAF","invsqrt_kl","membrane",NA
"SCGN",142.5,0.993,"pancreas","Endocrine -> Fibroblast / CAF","invsqrt_kl","membrane",NA
"PCSK2",64.4,1,"pancreas","Endocrine -> Fibroblast / CAF","invsqrt_kl","membrane",NA
"PPY",45.7,0,"pancreas","Endocrine -> Fibroblast / CAF","invsqrt_kl","membrane",NA
"PPP1R1A",17.3,0.897,"pancreas","Endocrine -> Fibroblast / CAF","invsqrt_kl","membrane",NA
"HEPACAM2",17.2,0.947,"pancreas","Endocrine -> Fibroblast / CAF","invsqrt_kl","membrane",NA
"SCGB2A1",25,1,"pancreas","Endocrine -> Fibroblast / CAF","invsqrt_kl","membrane",NA
"TM4SF4",62.2,1,"pancreas","Endocrine -> Fibroblast / CAF","invsqrt_kl","membrane",NA
"GHRL",25.5,1,"pancreas","Endocrine -> Fibroblast / CAF","invsqrt_kl","membrane",NA
"PCP4",9.6,1,"pancreas","Endocrine -> Fibroblast / CAF","invsqrt_kl","membrane",NA
"MMRN1",5.9,1,"pancreas","Endocrine -> Fibroblast / CAF","invsqrt_kl","membrane",NA
"SLC18A2",4.4,0,"pancreas","Endocrine -> Fibroblast / CAF","invsqrt_kl","membrane",NA
"FXYD2",32.5,0.97,"pancreas","Endocrine -> Fibroblast / CAF","invsqrt_kl","membrane",NA
"TENT5C",14.8,0.875,"pancreas","Endocrine -> Fibroblast / CAF","invsqrt_kl","membrane",NA
"KCNMA1",0,0.297,"pancreas","Endocrine -> Fibroblast / CAF","invsqrt_kl","membrane",NA
"VWA5A",13.8,-0.002,"pancreas","Endocrine -> Fibroblast / CAF","invsqrt_kl","membrane",NA
"SNCA",0.6,0,"pancreas","Endocrine -> Fibroblast / CAF","invsqrt_kl","membrane",NA
"INS",217.3,1,"pancreas","Endocrine -> Immune","invsqrt_kl","membrane",NA
"GCG",402.5,1,"pancreas","Endocrine -> Immune","invsqrt_kl","membrane",NA
"SST",134.2,1,"pancreas","Endocrine -> Immune","invsqrt_kl","membrane",NA
"CHGA",23.6,1,"pancreas","Endocrine -> Immune","invsqrt_kl","membrane",NA
"SCGN",64,1,"pancreas","Endocrine -> Immune","invsqrt_kl","membrane",NA
"PCSK2",18.7,1,"pancreas","Endocrine -> Immune","invsqrt_kl","membrane",NA
"PPY",14.6,0,"pancreas","Endocrine -> Immune","invsqrt_kl","membrane",NA
"PPP1R1A",4.2,1,"pancreas","Endocrine -> Immune","invsqrt_kl","membrane",NA
"HEPACAM2",6.9,1,"pancreas","Endocrine -> Immune","invsqrt_kl","membrane",NA
"SCGB2A1",8,1,"pancreas","Endocrine -> Immune","invsqrt_kl","membrane",NA
"TM4SF4",19.6,1,"pancreas","Endocrine -> Immune","invsqrt_kl","membrane",NA
"GHRL",9.5,1,"pancreas","Endocrine -> Immune","invsqrt_kl","membrane",NA
"PCP4",5.8,1,"pancreas","Endocrine -> Immune","invsqrt_kl","membrane",NA
"MMRN1",0,NA,"pancreas","Endocrine -> Immune","invsqrt_kl","membrane",NA
"SLC18A2",2.3,0,"pancreas","Endocrine -> Immune","invsqrt_kl","membrane",NA
"PRG4",6.1,1,"pancreas","Endocrine -> Immune","invsqrt_kl","membrane",NA
"FXYD2",20.8,1,"pancreas","Endocrine -> Immune","invsqrt_kl","membrane",NA
"PGR",4.9,0.483,"pancreas","Endocrine -> Immune","invsqrt_kl","membrane",NA
"TENT5C",0,NA,"pancreas","Endocrine -> Immune","invsqrt_kl","membrane",NA
"VWA5A",0.6,0,"pancreas","Endocrine -> Immune","invsqrt_kl","membrane",NA
"PECAM1",783.7,0.997,"pancreas","Endothelial -> Ductal/tumor epithelial","invsqrt_kl","membrane",NA
"ADGRL4",248,1,"pancreas","Endothelial -> Ductal/tumor epithelial","invsqrt_kl","membrane",NA
"CD93",626,0.992,"pancreas","Endothelial -> Ductal/tumor epithelial","invsqrt_kl","membrane",NA
"CLEC14A",128.7,0.993,"pancreas","Endothelial -> Ductal/tumor epithelial","invsqrt_kl","membrane",NA
"VWF",112.7,1,"pancreas","Endothelial -> Ductal/tumor epithelial","invsqrt_kl","membrane",NA
"CD34",422,0.995,"pancreas","Endothelial -> Ductal/tumor epithelial","invsqrt_kl","membrane",NA
"ECSCR",67.5,1,"pancreas","Endothelial -> Ductal/tumor epithelial","invsqrt_kl","membrane",NA
"ACKR1",39.5,0.989,"pancreas","Endothelial -> Ductal/tumor epithelial","invsqrt_kl","membrane",NA
"EDNRB",73,1,"pancreas","Endothelial -> Ductal/tumor epithelial","invsqrt_kl","membrane",NA
"SOX17",67.5,0.99,"pancreas","Endothelial -> Ductal/tumor epithelial","invsqrt_kl","membrane",NA
"STC1",357.7,1,"pancreas","Endothelial -> Ductal/tumor epithelial","invsqrt_kl","membrane",NA
"APOLD1",146.7,1,"pancreas","Endothelial -> Ductal/tumor epithelial","invsqrt_kl","membrane",NA
"RAMP2",12.5,0.806,"pancreas","Endothelial -> Ductal/tumor epithelial","invsqrt_kl","membrane",NA
"TCF4",106.2,1,"pancreas","Endothelial -> Ductal/tumor epithelial","invsqrt_kl","membrane",NA
"CAVIN2",101.2,0.015,"pancreas","Endothelial -> Ductal/tumor epithelial","invsqrt_kl","membrane",NA
"IL3RA",0,0.988,"pancreas","Endothelial -> Ductal/tumor epithelial","invsqrt_kl","membrane",NA
"SELE",5,0.189,"pancreas","Endothelial -> Ductal/tumor epithelial","invsqrt_kl","membrane",NA
"GNG11",799,0.146,"pancreas","Endothelial -> Ductal/tumor epithelial","invsqrt_kl","membrane",NA
"ANGPT2",0,0,"pancreas","Endothelial -> Ductal/tumor epithelial","invsqrt_kl","membrane",NA
"ERG",23.2,1,"pancreas","Endothelial -> Ductal/tumor epithelial","invsqrt_kl","membrane",NA
"PECAM1",88.2,1,"pancreas","Endothelial -> Endocrine","invsqrt_kl","membrane",NA
"CLEC14A",10,1,"pancreas","Endothelial -> Endocrine","invsqrt_kl","membrane",NA
"VWF",8.6,1,"pancreas","Endothelial -> Endocrine","invsqrt_kl","membrane",NA
"ACKR1",0.6,0.568,"pancreas","Endothelial -> Endocrine","invsqrt_kl","membrane",NA
"IL3RA",18.7,0.98,"pancreas","Endothelial -> Endocrine","invsqrt_kl","membrane",NA
"CD93",44.8,0.911,"pancreas","Endothelial -> Endocrine","invsqrt_kl","membrane",NA
"ADGRL4",37.3,0.963,"pancreas","Endothelial -> Endocrine","invsqrt_kl","membrane",NA
"STC1",47.2,0.992,"pancreas","Endothelial -> Endocrine","invsqrt_kl","membrane",NA
"ECSCR",17.6,1,"pancreas","Endothelial -> Endocrine","invsqrt_kl","membrane",NA
"SOX17",19.3,1,"pancreas","Endothelial -> Endocrine","invsqrt_kl","membrane",NA
"CD34",41.5,0.943,"pancreas","Endothelial -> Endocrine","invsqrt_kl","membrane",NA
"RAPGEF3",6.4,1,"pancreas","Endothelial -> Endocrine","invsqrt_kl","membrane",NA
"APOLD1",76,0.991,"pancreas","Endothelial -> Endocrine","invsqrt_kl","membrane",NA
"SH2D3C",15.4,0.935,"pancreas","Endothelial -> Endocrine","invsqrt_kl","membrane",NA
"GNG11",22.9,1,"pancreas","Endothelial -> Endocrine","invsqrt_kl","membrane",NA
"RAMP2",1.7,1,"pancreas","Endothelial -> Endocrine","invsqrt_kl","membrane",NA
"ERG",2.2,0.86,"pancreas","Endothelial -> Endocrine","invsqrt_kl","membrane",NA
"MMRN2",28.4,0.888,"pancreas","Endothelial -> Endocrine","invsqrt_kl","membrane",NA
"TCIM",27.8,0.079,"pancreas","Endothelial -> Endocrine","invsqrt_kl","membrane",NA
"S100A12",20.6,1,"pancreas","Endothelial -> Endocrine","invsqrt_kl","membrane",NA
"VWF",309.1,0.998,"pancreas","Endothelial -> Exocrine epithelial","invsqrt_kl","membrane",NA
"CLEC14A",282.8,0.981,"pancreas","Endothelial -> Exocrine epithelial","invsqrt_kl","membrane",NA
"ADGRL4",451.5,0.981,"pancreas","Endothelial -> Exocrine epithelial","invsqrt_kl","membrane",NA
"PECAM1",1520.5,0.992,"pancreas","Endothelial -> Exocrine epithelial","invsqrt_kl","membrane",NA
"ANGPT2",8.7,-0.056,"pancreas","Endothelial -> Exocrine epithelial","invsqrt_kl","membrane",NA
"ACKR1",107,0.985,"pancreas","Endothelial -> Exocrine epithelial","invsqrt_kl","membrane",NA
"ECSCR",195.3,0.988,"pancreas","Endothelial -> Exocrine epithelial","invsqrt_kl","membrane",NA
"CD34",550,0.992,"pancreas","Endothelial -> Exocrine epithelial","invsqrt_kl","membrane",NA
"CD93",827.3,0.995,"pancreas","Endothelial -> Exocrine epithelial","invsqrt_kl","membrane",NA
"STC1",484.6,0.985,"pancreas","Endothelial -> Exocrine epithelial","invsqrt_kl","membrane",NA
"RAMP2",76.7,0.979,"pancreas","Endothelial -> Exocrine epithelial","invsqrt_kl","membrane",NA
"SOX17",238.7,0.993,"pancreas","Endothelial -> Exocrine epithelial","invsqrt_kl","membrane",NA
"EGFL7",19,1,"pancreas","Endothelial -> Exocrine epithelial","invsqrt_kl","membrane",NA
"APOLD1",847.2,0.98,"pancreas","Endothelial -> Exocrine epithelial","invsqrt_kl","membrane",NA
"IL3RA",91,1,"pancreas","Endothelial -> Exocrine epithelial","invsqrt_kl","membrane",NA
"SH2D3C",60.5,0.975,"pancreas","Endothelial -> Exocrine epithelial","invsqrt_kl","membrane",NA
"HIGD1B",48.7,0.932,"pancreas","Endothelial -> Exocrine epithelial","invsqrt_kl","membrane",NA
"TCF4",163,0.978,"pancreas","Endothelial -> Exocrine epithelial","invsqrt_kl","membrane",NA
"EDNRB",140.4,0.982,"pancreas","Endothelial -> Exocrine epithelial","invsqrt_kl","membrane",NA
"SOX18",12.3,0.781,"pancreas","Endothelial -> Exocrine epithelial","invsqrt_kl","membrane",NA
"STC1",425.4,0.985,"pancreas","Endothelial -> Fibroblast / CAF","invsqrt_kl","membrane",NA
"VWF",608.5,0.997,"pancreas","Endothelial -> Fibroblast / CAF","invsqrt_kl","membrane",NA
"ACKR1",153,0.98,"pancreas","Endothelial -> Fibroblast / CAF","invsqrt_kl","membrane",NA
"CLEC14A",314.9,0.985,"pancreas","Endothelial -> Fibroblast / CAF","invsqrt_kl","membrane",NA
"SOX17",101.6,0.967,"pancreas","Endothelial -> Fibroblast / CAF","invsqrt_kl","membrane",NA
"APOLD1",697.2,0.978,"pancreas","Endothelial -> Fibroblast / CAF","invsqrt_kl","membrane",NA
"ECSCR",298.1,0.996,"pancreas","Endothelial -> Fibroblast / CAF","invsqrt_kl","membrane",NA
"EGFL7",143.7,0.973,"pancreas","Endothelial -> Fibroblast / CAF","invsqrt_kl","membrane",NA
"ADGRL4",561,1,"pancreas","Endothelial -> Fibroblast / CAF","invsqrt_kl","membrane",NA
"RAMP2",119.4,0.993,"pancreas","Endothelial -> Fibroblast / CAF","invsqrt_kl","membrane",NA
"CD93",929.9,0.591,"pancreas","Endothelial -> Fibroblast / CAF","invsqrt_kl","membrane",NA
"PECAM1",1384.2,0.703,"pancreas","Endothelial -> Fibroblast / CAF","invsqrt_kl","membrane",NA
"BTNL9",41,1,"pancreas","Endothelial -> Fibroblast / CAF","invsqrt_kl","membrane",NA
"IL3RA",95.5,1,"pancreas","Endothelial -> Fibroblast / CAF","invsqrt_kl","membrane",NA
"MMRN2",228.3,0.644,"pancreas","Endothelial -> Fibroblast / CAF","invsqrt_kl","membrane",NA
"MCF2L",59.6,0.903,"pancreas","Endothelial -> Fibroblast / CAF","invsqrt_kl","membrane",NA
"CD34",891.2,0.987,"pancreas","Endothelial -> Fibroblast / CAF","invsqrt_kl","membrane",NA
"SELE",8.1,1,"pancreas","Endothelial -> Fibroblast / CAF","invsqrt_kl","membrane",NA
"CAVIN2",109.1,0.009,"pancreas","Endothelial -> Fibroblast / CAF","invsqrt_kl","membrane",NA
"BMX",16.8,0.871,"pancreas","Endothelial -> Fibroblast / CAF","invsqrt_kl","membrane",NA
"CLEC14A",161.7,0.988,"pancreas","Endothelial -> Immune","invsqrt_kl","membrane",NA
"VWF",312.4,0.992,"pancreas","Endothelial -> Immune","invsqrt_kl","membrane",NA
"STC1",234.3,0.998,"pancreas","Endothelial -> Immune","invsqrt_kl","membrane",NA
"ADGRL4",319.6,0.983,"pancreas","Endothelial -> Immune","invsqrt_kl","membrane",NA
"RAMP2",61,0.99,"pancreas","Endothelial -> Immune","invsqrt_kl","membrane",NA
"APOLD1",359.2,0.997,"pancreas","Endothelial -> Immune","invsqrt_kl","membrane",NA
"SOX17",38.7,0.979,"pancreas","Endothelial -> Immune","invsqrt_kl","membrane",NA
"ACKR1",99.7,0.998,"pancreas","Endothelial -> Immune","invsqrt_kl","membrane",NA
"CD34",328,0.994,"pancreas","Endothelial -> Immune","invsqrt_kl","membrane",NA
"ECSCR",145.1,0.981,"pancreas","Endothelial -> Immune","invsqrt_kl","membrane",NA
"EGFL7",64,0.99,"pancreas","Endothelial -> Immune","invsqrt_kl","membrane",NA
"MMRN2",105.6,0.609,"pancreas","Endothelial -> Immune","invsqrt_kl","membrane",NA
"ANGPT2",60.9,0,"pancreas","Endothelial -> Immune","invsqrt_kl","membrane",NA
"RAPGEF3",13,0.955,"pancreas","Endothelial -> Immune","invsqrt_kl","membrane",NA
"CAVIN2",38.8,0,"pancreas","Endothelial -> Immune","invsqrt_kl","membrane",NA
"NPDC1",15.2,0.839,"pancreas","Endothelial -> Immune","invsqrt_kl","membrane",NA
"HIGD1B",25.9,0.039,"pancreas","Endothelial -> Immune","invsqrt_kl","membrane",NA
"BTNL9",0,0.576,"pancreas","Endothelial -> Immune","invsqrt_kl","membrane",NA
"TCIM",150.3,0.095,"pancreas","Endothelial -> Immune","invsqrt_kl","membrane",NA
"MCF2L",16.8,0.988,"pancreas","Endothelial -> Immune","invsqrt_kl","membrane",NA
"VWF",51.6,0,"pancreas","Endothelial -> Mural / pericyte","invsqrt_kl","membrane",NA
"STC1",50.8,0,"pancreas","Endothelial -> Mural / pericyte","invsqrt_kl","membrane",NA
"CLEC14A",54.5,0,"pancreas","Endothelial -> Mural / pericyte","invsqrt_kl","membrane",NA
"EGFL7",17.4,0,"pancreas","Endothelial -> Mural / pericyte","invsqrt_kl","membrane",NA
"PECAM1",163.7,0.028,"pancreas","Endothelial -> Mural / pericyte","invsqrt_kl","membrane",NA
"ADGRL4",56.1,0,"pancreas","Endothelial -> Mural / pericyte","invsqrt_kl","membrane",NA
"ACKR1",12.3,0,"pancreas","Endothelial -> Mural / pericyte","invsqrt_kl","membrane",NA
"ECSCR",42.3,0,"pancreas","Endothelial -> Mural / pericyte","invsqrt_kl","membrane",NA
"RAMP2",17.3,0,"pancreas","Endothelial -> Mural / pericyte","invsqrt_kl","membrane",NA
"CD34",79.6,0,"pancreas","Endothelial -> Mural / pericyte","invsqrt_kl","membrane",NA
"TM4SF18",8.2,0.311,"pancreas","Endothelial -> Mural / pericyte","invsqrt_kl","membrane",NA
"CD93",121.9,0.091,"pancreas","Endothelial -> Mural / pericyte","invsqrt_kl","membrane",NA
"SOX17",8.3,0,"pancreas","Endothelial -> Mural / pericyte","invsqrt_kl","membrane",NA
"NPDC1",16.5,-0.152,"pancreas","Endothelial -> Mural / pericyte","invsqrt_kl","membrane",NA
"IL3RA",1.5,0,"pancreas","Endothelial -> Mural / pericyte","invsqrt_kl","membrane",NA
"BTNL9",2.1,0,"pancreas","Endothelial -> Mural / pericyte","invsqrt_kl","membrane",NA
"MMRN2",28.7,0,"pancreas","Endothelial -> Mural / pericyte","invsqrt_kl","membrane",NA
"TCIM",52.2,-0.056,"pancreas","Endothelial -> Mural / pericyte","invsqrt_kl","membrane",NA
"SH2D3C",13.6,0,"pancreas","Endothelial -> Mural / pericyte","invsqrt_kl","membrane",NA
"S100A12",4.4,0.323,"pancreas","Endothelial -> Mural / pericyte","invsqrt_kl","membrane",NA
"AMY2A",148714.4,0.699,"pancreas","Exocrine epithelial -> Ductal/tumor epithelial","invsqrt_kl","membrane",NA
"AQP8",11323.4,0.999,"pancreas","Exocrine epithelial -> Ductal/tumor epithelial","invsqrt_kl","membrane",NA
"GATM",61550.5,0.73,"pancreas","Exocrine epithelial -> Ductal/tumor epithelial","invsqrt_kl","membrane",NA
"ANPEP",9594,0.996,"pancreas","Exocrine epithelial -> Ductal/tumor epithelial","invsqrt_kl","membrane",NA
"DPEP1",911.6,0.999,"pancreas","Exocrine epithelial -> Ductal/tumor epithelial","invsqrt_kl","membrane",NA
"KCNK3",1575.5,0.996,"pancreas","Exocrine epithelial -> Ductal/tumor epithelial","invsqrt_kl","membrane",NA
"KLK11",659.5,0.438,"pancreas","Exocrine epithelial -> Ductal/tumor epithelial","invsqrt_kl","membrane",NA
"CPA3",743.1,1,"pancreas","Exocrine epithelial -> Ductal/tumor epithelial","invsqrt_kl","membrane",NA
"GPC3",962.9,1,"pancreas","Exocrine epithelial -> Ductal/tumor epithelial","invsqrt_kl","membrane",NA
"UMOD",247.7,0.052,"pancreas","Exocrine epithelial -> Ductal/tumor epithelial","invsqrt_kl","membrane",NA
"PROX1",11709.7,0.197,"pancreas","Exocrine epithelial -> Ductal/tumor epithelial","invsqrt_kl","membrane",NA
"PEBP4",65.9,0,"pancreas","Exocrine epithelial -> Ductal/tumor epithelial","invsqrt_kl","membrane",NA
"DIRAS3",492.3,0.983,"pancreas","Exocrine epithelial -> Ductal/tumor epithelial","invsqrt_kl","membrane",NA
"HAMP",474.1,0.999,"pancreas","Exocrine epithelial -> Ductal/tumor epithelial","invsqrt_kl","membrane",NA
"CFTR",110866.7,0.176,"pancreas","Exocrine epithelial -> Ductal/tumor epithelial","invsqrt_kl","membrane",NA
"CA4",1681,0.007,"pancreas","Exocrine epithelial -> Ductal/tumor epithelial","invsqrt_kl","membrane",NA
"MLANA",14.9,0,"pancreas","Exocrine epithelial -> Ductal/tumor epithelial","invsqrt_kl","membrane",NA
"FKBP11",477.9,1,"pancreas","Exocrine epithelial -> Ductal/tumor epithelial","invsqrt_kl","membrane",NA
"GLYATL1",51.9,0.058,"pancreas","Exocrine epithelial -> Ductal/tumor epithelial","invsqrt_kl","membrane",NA
"UPK3B",14.7,0.136,"pancreas","Exocrine epithelial -> Ductal/tumor epithelial","invsqrt_kl","membrane",NA
"KLK11",12.3,1,"pancreas","Exocrine epithelial -> Endocrine","invsqrt_kl","membrane",NA
"ANPEP",111.6,0.995,"pancreas","Exocrine epithelial -> Endocrine","invsqrt_kl","membrane",NA
"AQP8",180.5,0.996,"pancreas","Exocrine epithelial -> Endocrine","invsqrt_kl","membrane",NA
"GATM",1054.2,1,"pancreas","Exocrine epithelial -> Endocrine","invsqrt_kl","membrane",NA
"MYC",18.8,1,"pancreas","Exocrine epithelial -> Endocrine","invsqrt_kl","membrane",NA
"HAMP",6.4,1,"pancreas","Exocrine epithelial -> Endocrine","invsqrt_kl","membrane",NA
"DPEP1",16.3,1,"pancreas","Exocrine epithelial -> Endocrine","invsqrt_kl","membrane",NA
"UMOD",5.4,0.837,"pancreas","Exocrine epithelial -> Endocrine","invsqrt_kl","membrane",NA
"AMY2A",3864.7,0.968,"pancreas","Exocrine epithelial -> Endocrine","invsqrt_kl","membrane",NA
"CFTR",686.1,0.963,"pancreas","Exocrine epithelial -> Endocrine","invsqrt_kl","membrane",NA
"COCH",5,1,"pancreas","Exocrine epithelial -> Endocrine","invsqrt_kl","membrane",NA
"GLYATL1",2.1,1,"pancreas","Exocrine epithelial -> Endocrine","invsqrt_kl","membrane",NA
"GPC3",41,1,"pancreas","Exocrine epithelial -> Endocrine","invsqrt_kl","membrane",NA
"FKBP11",47.1,0.973,"pancreas","Exocrine epithelial -> Endocrine","invsqrt_kl","membrane",NA
"CA4",10.1,1,"pancreas","Exocrine epithelial -> Endocrine","invsqrt_kl","membrane",NA
"UPK3B",5.1,1,"pancreas","Exocrine epithelial -> Endocrine","invsqrt_kl","membrane",NA
"RIDA",22.7,0.932,"pancreas","Exocrine epithelial -> Endocrine","invsqrt_kl","membrane",NA
"MLANA",0.1,1,"pancreas","Exocrine epithelial -> Endocrine","invsqrt_kl","membrane",NA
"CPA3",0,1,"pancreas","Exocrine epithelial -> Endocrine","invsqrt_kl","membrane",NA
"SMYD2",4.8,0.941,"pancreas","Exocrine epithelial -> Endocrine","invsqrt_kl","membrane",NA
"AQP8",1910.5,0.999,"pancreas","Exocrine epithelial -> Endothelial","invsqrt_kl","membrane",NA
"GATM",10092.4,1,"pancreas","Exocrine epithelial -> Endothelial","invsqrt_kl","membrane",NA
"AMY2A",27517.6,1,"pancreas","Exocrine epithelial -> Endothelial","invsqrt_kl","membrane",NA
"KLK11",129.5,1,"pancreas","Exocrine epithelial -> Endothelial","invsqrt_kl","membrane",NA
"ANPEP",1195.7,1,"pancreas","Exocrine epithelial -> Endothelial","invsqrt_kl","membrane",NA
"CFTR",3501.1,1,"pancreas","Exocrine epithelial -> Endothelial","invsqrt_kl","membrane",NA
"DPEP1",125.7,1,"pancreas","Exocrine epithelial -> Endothelial","invsqrt_kl","membrane",NA
"KCNK3",203.5,0.995,"pancreas","Exocrine epithelial -> Endothelial","invsqrt_kl","membrane",NA
"UMOD",18.9,1,"pancreas","Exocrine epithelial -> Endothelial","invsqrt_kl","membrane",NA
"CA4",123.8,1,"pancreas","Exocrine epithelial -> Endothelial","invsqrt_kl","membrane",NA
"DIRAS3",40.7,0.095,"pancreas","Exocrine epithelial -> Endothelial","invsqrt_kl","membrane",NA
"PROX1",481.4,1,"pancreas","Exocrine epithelial -> Endothelial","invsqrt_kl","membrane",NA
"FKBP11",361.8,1,"pancreas","Exocrine epithelial -> Endothelial","invsqrt_kl","membrane",NA
"PEBP4",15.3,0,"pancreas","Exocrine epithelial -> Endothelial","invsqrt_kl","membrane",NA
"AQP3",74.9,0.967,"pancreas","Exocrine epithelial -> Endothelial","invsqrt_kl","membrane",NA
"HAMP",78.3,0,"pancreas","Exocrine epithelial -> Endothelial","invsqrt_kl","membrane",NA
"GLYATL1",11.4,1,"pancreas","Exocrine epithelial -> Endothelial","invsqrt_kl","membrane",NA
"RIDA",49.3,1,"pancreas","Exocrine epithelial -> Endothelial","invsqrt_kl","membrane",NA
"COCH",33.3,0,"pancreas","Exocrine epithelial -> Endothelial","invsqrt_kl","membrane",NA
"CPA3",83.3,1,"pancreas","Exocrine epithelial -> Endothelial","invsqrt_kl","membrane",NA
"AQP8",1345.4,1,"pancreas","Exocrine epithelial -> Fibroblast / CAF","invsqrt_kl","membrane",NA
"GATM",7976.2,1,"pancreas","Exocrine epithelial -> Fibroblast / CAF","invsqrt_kl","membrane",NA
"AMY2A",21865.4,1,"pancreas","Exocrine epithelial -> Fibroblast / CAF","invsqrt_kl","membrane",NA
"KLK11",76.9,1,"pancreas","Exocrine epithelial -> Fibroblast / CAF","invsqrt_kl","membrane",NA
"CFTR",5032.3,0.999,"pancreas","Exocrine epithelial -> Fibroblast / CAF","invsqrt_kl","membrane",NA
"ANPEP",859.7,0.999,"pancreas","Exocrine epithelial -> Fibroblast / CAF","invsqrt_kl","membrane",NA
"PROX1",703.3,1,"pancreas","Exocrine epithelial -> Fibroblast / CAF","invsqrt_kl","membrane",NA
"KCNK3",184.4,0.993,"pancreas","Exocrine epithelial -> Fibroblast / CAF","invsqrt_kl","membrane",NA
"UMOD",15.1,1,"pancreas","Exocrine epithelial -> Fibroblast / CAF","invsqrt_kl","membrane",NA
"DIRAS3",42,0.988,"pancreas","Exocrine epithelial -> Fibroblast / CAF","invsqrt_kl","membrane",NA
"CA4",111.3,0.992,"pancreas","Exocrine epithelial -> Fibroblast / CAF","invsqrt_kl","membrane",NA
"HAMP",78.8,0.976,"pancreas","Exocrine epithelial -> Fibroblast / CAF","invsqrt_kl","membrane",NA
"AQP3",59.6,0.957,"pancreas","Exocrine epithelial -> Fibroblast / CAF","invsqrt_kl","membrane",NA
"RIDA",90.2,0,"pancreas","Exocrine epithelial -> Fibroblast / CAF","invsqrt_kl","membrane",NA
"DPEP1",70.1,1,"pancreas","Exocrine epithelial -> Fibroblast / CAF","invsqrt_kl","membrane",NA
"GLYATL1",3,0,"pancreas","Exocrine epithelial -> Fibroblast / CAF","invsqrt_kl","membrane",NA
"FKBP11",206.9,1,"pancreas","Exocrine epithelial -> Fibroblast / CAF","invsqrt_kl","membrane",NA
"MYC",206.1,0.843,"pancreas","Exocrine epithelial -> Fibroblast / CAF","invsqrt_kl","membrane",NA
"COCH",34.4,0.987,"pancreas","Exocrine epithelial -> Fibroblast / CAF","invsqrt_kl","membrane",NA
"PEBP4",0.3,0.293,"pancreas","Exocrine epithelial -> Fibroblast / CAF","invsqrt_kl","membrane",NA
"AQP8",1465.3,0,"pancreas","Exocrine epithelial -> Immune","invsqrt_kl","membrane",NA
"GATM",9605.1,0.062,"pancreas","Exocrine epithelial -> Immune","invsqrt_kl","membrane",NA
"AMY2A",27334.7,0.057,"pancreas","Exocrine epithelial -> Immune","invsqrt_kl","membrane",NA
"CFTR",5611,0.598,"pancreas","Exocrine epithelial -> Immune","invsqrt_kl","membrane",NA
"KLK11",114.3,0.772,"pancreas","Exocrine epithelial -> Immune","invsqrt_kl","membrane",NA
"PROX1",709.9,0.607,"pancreas","Exocrine epithelial -> Immune","invsqrt_kl","membrane",NA
"KCNK3",209.5,0,"pancreas","Exocrine epithelial -> Immune","invsqrt_kl","membrane",NA
"ANPEP",1045.8,0,"pancreas","Exocrine epithelial -> Immune","invsqrt_kl","membrane",NA
"DPEP1",98.6,0,"pancreas","Exocrine epithelial -> Immune","invsqrt_kl","membrane",NA
"UMOD",22.3,1,"pancreas","Exocrine epithelial -> Immune","invsqrt_kl","membrane",NA
"CA4",59.6,1,"pancreas","Exocrine epithelial -> Immune","invsqrt_kl","membrane",NA
"DIRAS3",61.3,0.968,"pancreas","Exocrine epithelial -> Immune","invsqrt_kl","membrane",NA
"MYC",9.3,-3.795,"pancreas","Exocrine epithelial -> Immune","invsqrt_kl","membrane",NA
"FKBP11",195.7,-0.096,"pancreas","Exocrine epithelial -> Immune","invsqrt_kl","membrane",NA
"GLYATL1",6.9,0,"pancreas","Exocrine epithelial -> Immune","invsqrt_kl","membrane",NA
"RIDA",43.9,-0.009,"pancreas","Exocrine epithelial -> Immune","invsqrt_kl","membrane",NA
"AQP3",15.4,0,"pancreas","Exocrine epithelial -> Immune","invsqrt_kl","membrane",NA
"PEBP4",0,NA,"pancreas","Exocrine epithelial -> Immune","invsqrt_kl","membrane",NA
"COCH",20.4,0.944,"pancreas","Exocrine epithelial -> Immune","invsqrt_kl","membrane",NA
"GPC3",178,-0.025,"pancreas","Exocrine epithelial -> Immune","invsqrt_kl","membrane",NA
"AQP8",9.2,1,"pancreas","Exocrine epithelial -> Mural / pericyte","invsqrt_kl","membrane",NA
"GATM",78.3,1,"pancreas","Exocrine epithelial -> Mural / pericyte","invsqrt_kl","membrane",NA
"AMY2A",443.6,1,"pancreas","Exocrine epithelial -> Mural / pericyte","invsqrt_kl","membrane",NA
"CFTR",76.4,0.987,"pancreas","Exocrine epithelial -> Mural / pericyte","invsqrt_kl","membrane",NA
"ANPEP",16.5,1,"pancreas","Exocrine epithelial -> Mural / pericyte","invsqrt_kl","membrane",NA
"PROX1",7.3,1,"pancreas","Exocrine epithelial -> Mural / pericyte","invsqrt_kl","membrane",NA
"KLK11",0,NA,"pancreas","Exocrine epithelial -> Mural / pericyte","invsqrt_kl","membrane",NA
"DPEP1",2,1,"pancreas","Exocrine epithelial -> Mural / pericyte","invsqrt_kl","membrane",NA
"CA4",2.9,1,"pancreas","Exocrine epithelial -> Mural / pericyte","invsqrt_kl","membrane",NA
"FKBP11",7.3,0.5,"pancreas","Exocrine epithelial -> Mural / pericyte","invsqrt_kl","membrane",NA
"HAMP",0.8,0,"pancreas","Exocrine epithelial -> Mural / pericyte","invsqrt_kl","membrane",NA
"UMOD",0.1,1,"pancreas","Exocrine epithelial -> Mural / pericyte","invsqrt_kl","membrane",NA
"GLYATL1",0,NA,"pancreas","Exocrine epithelial -> Mural / pericyte","invsqrt_kl","membrane",NA
"DIRAS3",0,0,"pancreas","Exocrine epithelial -> Mural / pericyte","invsqrt_kl","membrane",NA
"RIDA",3.7,0,"pancreas","Exocrine epithelial -> Mural / pericyte","invsqrt_kl","membrane",NA
"AQP3",0,NA,"pancreas","Exocrine epithelial -> Mural / pericyte","invsqrt_kl","membrane",NA
"SMYD2",4.3,0,"pancreas","Exocrine epithelial -> Mural / pericyte","invsqrt_kl","membrane",NA
"COCH",0.8,0,"pancreas","Exocrine epithelial -> Mural / pericyte","invsqrt_kl","membrane",NA
"UPK3B",1.7,1,"pancreas","Exocrine epithelial -> Mural / pericyte","invsqrt_kl","membrane",NA
"PEBP4",0,NA,"pancreas","Exocrine epithelial -> Mural / pericyte","invsqrt_kl","membrane",NA
"SFRP2",2578.9,0.995,"pancreas","Fibroblast / CAF -> Ductal/tumor epithelial","invsqrt_kl","membrane",NA
"THBS2",2050.8,0.991,"pancreas","Fibroblast / CAF -> Ductal/tumor epithelial","invsqrt_kl","membrane",NA
"COL5A2",2981.2,0.995,"pancreas","Fibroblast / CAF -> Ductal/tumor epithelial","invsqrt_kl","membrane",NA
"SFRP4",1182,0.996,"pancreas","Fibroblast / CAF -> Ductal/tumor epithelial","invsqrt_kl","membrane",NA
"FBN1",2730.7,0.997,"pancreas","Fibroblast / CAF -> Ductal/tumor epithelial","invsqrt_kl","membrane",NA
"PDGFRA",432.6,0.969,"pancreas","Fibroblast / CAF -> Ductal/tumor epithelial","invsqrt_kl","membrane",NA
"MFAP5",213.3,0.983,"pancreas","Fibroblast / CAF -> Ductal/tumor epithelial","invsqrt_kl","membrane",NA
"ASPN",1313.5,0.993,"pancreas","Fibroblast / CAF -> Ductal/tumor epithelial","invsqrt_kl","membrane",NA
"THY1",1071.3,0.991,"pancreas","Fibroblast / CAF -> Ductal/tumor epithelial","invsqrt_kl","membrane",NA
"C7",285.9,1,"pancreas","Fibroblast / CAF -> Ductal/tumor epithelial","invsqrt_kl","membrane",NA
"PTGDS",244.7,0.992,"pancreas","Fibroblast / CAF -> Ductal/tumor epithelial","invsqrt_kl","membrane",NA
"LTBP2",3544,0.984,"pancreas","Fibroblast / CAF -> Ductal/tumor epithelial","invsqrt_kl","membrane",NA
"INMT",448.1,1,"pancreas","Fibroblast / CAF -> Ductal/tumor epithelial","invsqrt_kl","membrane",NA
"PCOLCE",305.9,0.985,"pancreas","Fibroblast / CAF -> Ductal/tumor epithelial","invsqrt_kl","membrane",NA
"PDPN",1051.9,0.993,"pancreas","Fibroblast / CAF -> Ductal/tumor epithelial","invsqrt_kl","membrane",NA
"FBLN1",659.2,1,"pancreas","Fibroblast / CAF -> Ductal/tumor epithelial","invsqrt_kl","membrane",NA
"SRPX",354.6,0.981,"pancreas","Fibroblast / CAF -> Ductal/tumor epithelial","invsqrt_kl","membrane",NA
"CTSK",2273.5,0.389,"pancreas","Fibroblast / CAF -> Ductal/tumor epithelial","invsqrt_kl","membrane",NA
"IGF1",151,0.907,"pancreas","Fibroblast / CAF -> Ductal/tumor epithelial","invsqrt_kl","membrane",NA
"RGS16",206.7,1,"pancreas","Fibroblast / CAF -> Ductal/tumor epithelial","invsqrt_kl","membrane",NA
"MFAP5",7.5,0.867,"pancreas","Fibroblast / CAF -> Endocrine","invsqrt_kl","membrane",NA
"THBS2",35.1,1,"pancreas","Fibroblast / CAF -> Endocrine","invsqrt_kl","membrane",NA
"VCAN",141.7,0.982,"pancreas","Fibroblast / CAF -> Endocrine","invsqrt_kl","membrane",NA
"COL5A2",81.6,1,"pancreas","Fibroblast / CAF -> Endocrine","invsqrt_kl","membrane",NA
"BASP1",63.5,0.984,"pancreas","Fibroblast / CAF -> Endocrine","invsqrt_kl","membrane",NA
"SEMA3C",58,0.987,"pancreas","Fibroblast / CAF -> Endocrine","invsqrt_kl","membrane",NA
"FBN1",122.2,0.996,"pancreas","Fibroblast / CAF -> Endocrine","invsqrt_kl","membrane",NA
"LTBP2",76.6,1,"pancreas","Fibroblast / CAF -> Endocrine","invsqrt_kl","membrane",NA
"PDGFRA",72.5,0.986,"pancreas","Fibroblast / CAF -> Endocrine","invsqrt_kl","membrane",NA
"SFRP2",171.8,0.996,"pancreas","Fibroblast / CAF -> Endocrine","invsqrt_kl","membrane",NA
"SFRP4",134.6,0.993,"pancreas","Fibroblast / CAF -> Endocrine","invsqrt_kl","membrane",NA
"CTSK",65.1,1,"pancreas","Fibroblast / CAF -> Endocrine","invsqrt_kl","membrane",NA
"THY1",53.6,1,"pancreas","Fibroblast / CAF -> Endocrine","invsqrt_kl","membrane",NA
"PTGDS",61.5,1,"pancreas","Fibroblast / CAF -> Endocrine","invsqrt_kl","membrane",NA
"PMP22",45.1,0.983,"pancreas","Fibroblast / CAF -> Endocrine","invsqrt_kl","membrane",NA
"PDPN",28.1,1,"pancreas","Fibroblast / CAF -> Endocrine","invsqrt_kl","membrane",NA
"FBLN1",142.7,0.995,"pancreas","Fibroblast / CAF -> Endocrine","invsqrt_kl","membrane",NA
"PCOLCE",17,1,"pancreas","Fibroblast / CAF -> Endocrine","invsqrt_kl","membrane",NA
"ASPN",142.2,0.327,"pancreas","Fibroblast / CAF -> Endocrine","invsqrt_kl","membrane",NA
"INMT",27.6,1,"pancreas","Fibroblast / CAF -> Endocrine","invsqrt_kl","membrane",NA
"THBS2",586,0,"pancreas","Fibroblast / CAF -> Endothelial","invsqrt_kl","membrane",NA
"VCAN",1709,0.019,"pancreas","Fibroblast / CAF -> Endothelial","invsqrt_kl","membrane",NA
"SFRP2",1815.3,0.021,"pancreas","Fibroblast / CAF -> Endothelial","invsqrt_kl","membrane",NA
"MFAP5",68.1,0,"pancreas","Fibroblast / CAF -> Endothelial","invsqrt_kl","membrane",NA
"PDPN",460.9,0.049,"pancreas","Fibroblast / CAF -> Endothelial","invsqrt_kl","membrane",NA
"SEMA3C",230.6,0.007,"pancreas","Fibroblast / CAF -> Endothelial","invsqrt_kl","membrane",NA
"CTSK",942.3,0.021,"pancreas","Fibroblast / CAF -> Endothelial","invsqrt_kl","membrane",NA
"LTBP2",701.8,-0.004,"pancreas","Fibroblast / CAF -> Endothelial","invsqrt_kl","membrane",NA
"COL5A2",1779.4,0,"pancreas","Fibroblast / CAF -> Endothelial","invsqrt_kl","membrane",NA
"PDGFRA",327.6,0,"pancreas","Fibroblast / CAF -> Endothelial","invsqrt_kl","membrane",NA
"SFRP4",589.4,0.044,"pancreas","Fibroblast / CAF -> Endothelial","invsqrt_kl","membrane",NA
"BASP1",534.6,0.097,"pancreas","Fibroblast / CAF -> Endothelial","invsqrt_kl","membrane",NA
"FBLN1",765.1,0.001,"pancreas","Fibroblast / CAF -> Endothelial","invsqrt_kl","membrane",NA
"IGF1",163.8,0.066,"pancreas","Fibroblast / CAF -> Endothelial","invsqrt_kl","membrane",NA
"PTGDS",258.6,0.077,"pancreas","Fibroblast / CAF -> Endothelial","invsqrt_kl","membrane",NA
"GEM",446.9,0.013,"pancreas","Fibroblast / CAF -> Endothelial","invsqrt_kl","membrane",NA
"THY1",1575.4,-0.002,"pancreas","Fibroblast / CAF -> Endothelial","invsqrt_kl","membrane",NA
"FBN1",2035.1,0,"pancreas","Fibroblast / CAF -> Endothelial","invsqrt_kl","membrane",NA
"RGS16",181.3,-0.015,"pancreas","Fibroblast / CAF -> Endothelial","invsqrt_kl","membrane",NA
"PCOLCE",339.1,0,"pancreas","Fibroblast / CAF -> Endothelial","invsqrt_kl","membrane",NA
"VCAN",1269.4,0.998,"pancreas","Fibroblast / CAF -> Exocrine epithelial","invsqrt_kl","membrane",NA
"THBS2",444.9,1,"pancreas","Fibroblast / CAF -> Exocrine epithelial","invsqrt_kl","membrane",NA
"COL5A2",563.1,0.996,"pancreas","Fibroblast / CAF -> Exocrine epithelial","invsqrt_kl","membrane",NA
"SFRP2",1430,0.998,"pancreas","Fibroblast / CAF -> Exocrine epithelial","invsqrt_kl","membrane",NA
"FBN1",949.3,0.997,"pancreas","Fibroblast / CAF -> Exocrine epithelial","invsqrt_kl","membrane",NA
"MFAP5",72.9,1,"pancreas","Fibroblast / CAF -> Exocrine epithelial","invsqrt_kl","membrane",NA
"CTSK",445.7,1,"pancreas","Fibroblast / CAF -> Exocrine epithelial","invsqrt_kl","membrane",NA
"GEM",380.7,0.994,"pancreas","Fibroblast / CAF -> Exocrine epithelial","invsqrt_kl","membrane",NA
"SEMA3C",239.1,0.984,"pancreas","Fibroblast / CAF -> Exocrine epithelial","invsqrt_kl","membrane",NA
"LTBP2",904.2,0.992,"pancreas","Fibroblast / CAF -> Exocrine epithelial","invsqrt_kl","membrane",NA
"BASP1",294.4,0.995,"pancreas","Fibroblast / CAF -> Exocrine epithelial","invsqrt_kl","membrane",NA
"SFRP4",1255.7,0.996,"pancreas","Fibroblast / CAF -> Exocrine epithelial","invsqrt_kl","membrane",NA
"THY1",447,0.987,"pancreas","Fibroblast / CAF -> Exocrine epithelial","invsqrt_kl","membrane",NA
"PDGFRA",559,0.998,"pancreas","Fibroblast / CAF -> Exocrine epithelial","invsqrt_kl","membrane",NA
"FBLN1",1002.5,0.992,"pancreas","Fibroblast / CAF -> Exocrine epithelial","invsqrt_kl","membrane",NA
"ASPN",845.4,0.994,"pancreas","Fibroblast / CAF -> Exocrine epithelial","invsqrt_kl","membrane",NA
"PDPN",332.1,0.986,"pancreas","Fibroblast / CAF -> Exocrine epithelial","invsqrt_kl","membrane",NA
"PTGDS",207.4,0.989,"pancreas","Fibroblast / CAF -> Exocrine epithelial","invsqrt_kl","membrane",NA
"PCOLCE",150.5,1,"pancreas","Fibroblast / CAF -> Exocrine epithelial","invsqrt_kl","membrane",NA
"PMP22",543.3,1,"pancreas","Fibroblast / CAF -> Exocrine epithelial","invsqrt_kl","membrane",NA
"SFRP2",3464.4,0,"pancreas","Fibroblast / CAF -> Immune","invsqrt_kl","membrane",NA
"THBS2",2252.7,0,"pancreas","Fibroblast / CAF -> Immune","invsqrt_kl","membrane",NA
"COL5A2",2679.1,0,"pancreas","Fibroblast / CAF -> Immune","invsqrt_kl","membrane",NA
"FBN1",3329.1,0,"pancreas","Fibroblast / CAF -> Immune","invsqrt_kl","membrane",NA
"VCAN",5767.5,0.011,"pancreas","Fibroblast / CAF -> Immune","invsqrt_kl","membrane",NA
"CTSK",2718.2,-0.017,"pancreas","Fibroblast / CAF -> Immune","invsqrt_kl","membrane",NA
"PDGFRA",1127.5,0,"pancreas","Fibroblast / CAF -> Immune","invsqrt_kl","membrane",NA
"FBLN1",2469.9,0,"pancreas","Fibroblast / CAF -> Immune","invsqrt_kl","membrane",NA
"SFRP4",3399.4,0,"pancreas","Fibroblast / CAF -> Immune","invsqrt_kl","membrane",NA
"MFAP5",594.9,0,"pancreas","Fibroblast / CAF -> Immune","invsqrt_kl","membrane",NA
"LTBP2",2176.2,0,"pancreas","Fibroblast / CAF -> Immune","invsqrt_kl","membrane",NA
"THY1",1569.4,0,"pancreas","Fibroblast / CAF -> Immune","invsqrt_kl","membrane",NA
"GEM",1207,-0.04,"pancreas","Fibroblast / CAF -> Immune","invsqrt_kl","membrane",NA
"PCOLCE",441.8,0,"pancreas","Fibroblast / CAF -> Immune","invsqrt_kl","membrane",NA
"ASPN",2098.9,0.008,"pancreas","Fibroblast / CAF -> Immune","invsqrt_kl","membrane",NA
"SEMA3C",906.8,-0.12,"pancreas","Fibroblast / CAF -> Immune","invsqrt_kl","membrane",NA
"PTGDS",962.6,0,"pancreas","Fibroblast / CAF -> Immune","invsqrt_kl","membrane",NA
"INMT",614.1,-0.04,"pancreas","Fibroblast / CAF -> Immune","invsqrt_kl","membrane",NA
"APCDD1",384.4,-0.322,"pancreas","Fibroblast / CAF -> Immune","invsqrt_kl","membrane",NA
"SRPX",471.9,0,"pancreas","Fibroblast / CAF -> Immune","invsqrt_kl","membrane",NA
"SFRP2",101.7,0,"pancreas","Fibroblast / CAF -> Mural / pericyte","invsqrt_kl","membrane",NA
"MFAP5",53.5,0,"pancreas","Fibroblast / CAF -> Mural / pericyte","invsqrt_kl","membrane",NA
"VCAN",110.6,0.009,"pancreas","Fibroblast / CAF -> Mural / pericyte","invsqrt_kl","membrane",NA
"FBLN1",269,0.004,"pancreas","Fibroblast / CAF -> Mural / pericyte","invsqrt_kl","membrane",NA
"SFRP4",216.4,0.085,"pancreas","Fibroblast / CAF -> Mural / pericyte","invsqrt_kl","membrane",NA
"THY1",275.2,0,"pancreas","Fibroblast / CAF -> Mural / pericyte","invsqrt_kl","membrane",NA
"CTSK",142.1,0.042,"pancreas","Fibroblast / CAF -> Mural / pericyte","invsqrt_kl","membrane",NA
"BASP1",151.2,0.078,"pancreas","Fibroblast / CAF -> Mural / pericyte","invsqrt_kl","membrane",NA
"PTGDS",59.5,0.118,"pancreas","Fibroblast / CAF -> Mural / pericyte","invsqrt_kl","membrane",NA
"PDPN",109.4,0.04,"pancreas","Fibroblast / CAF -> Mural / pericyte","invsqrt_kl","membrane",NA
"MEST",56.7,-0.073,"pancreas","Fibroblast / CAF -> Mural / pericyte","invsqrt_kl","membrane",NA
"ALDH1A3",33.7,0.03,"pancreas","Fibroblast / CAF -> Mural / pericyte","invsqrt_kl","membrane",NA
"LTBP2",192.5,0,"pancreas","Fibroblast / CAF -> Mural / pericyte","invsqrt_kl","membrane",NA
"PDGFRA",46.7,0,"pancreas","Fibroblast / CAF -> Mural / pericyte","invsqrt_kl","membrane",NA
"THBS2",134,0,"pancreas","Fibroblast / CAF -> Mural / pericyte","invsqrt_kl","membrane",NA
"COL5A2",351.4,0,"pancreas","Fibroblast / CAF -> Mural / pericyte","invsqrt_kl","membrane",NA
"SEMA3C",22.1,-0.089,"pancreas","Fibroblast / CAF -> Mural / pericyte","invsqrt_kl","membrane",NA
"IGF1",29.9,0.149,"pancreas","Fibroblast / CAF -> Mural / pericyte","invsqrt_kl","membrane",NA
"DPT",17.5,0,"pancreas","Fibroblast / CAF -> Mural / pericyte","invsqrt_kl","membrane",NA
"C7",72.8,0.027,"pancreas","Fibroblast / CAF -> Mural / pericyte","invsqrt_kl","membrane",NA
"IL7R",262,1,"pancreas","Immune -> Ductal/tumor epithelial","invsqrt_kl","membrane",NA
"CD163",440.6,0.987,"pancreas","Immune -> Ductal/tumor epithelial","invsqrt_kl","membrane",NA
"PTPRC",631.8,0.988,"pancreas","Immune -> Ductal/tumor epithelial","invsqrt_kl","membrane",NA
"MRC1",251.6,0.988,"pancreas","Immune -> Ductal/tumor epithelial","invsqrt_kl","membrane",NA
"CD8A",129.8,0.997,"pancreas","Immune -> Ductal/tumor epithelial","invsqrt_kl","membrane",NA
"MS4A4A",353,1,"pancreas","Immune -> Ductal/tumor epithelial","invsqrt_kl","membrane",NA
"CCL5",240,0.991,"pancreas","Immune -> Ductal/tumor epithelial","invsqrt_kl","membrane",NA
"VSIG4",311.7,0.994,"pancreas","Immune -> Ductal/tumor epithelial","invsqrt_kl","membrane",NA
"MS4A6A",739.1,0.998,"pancreas","Immune -> Ductal/tumor epithelial","invsqrt_kl","membrane",NA
"GZMK",46.8,0.941,"pancreas","Immune -> Ductal/tumor epithelial","invsqrt_kl","membrane",NA
"CD2",78.3,0.996,"pancreas","Immune -> Ductal/tumor epithelial","invsqrt_kl","membrane",NA
"GZMA",79.4,0.997,"pancreas","Immune -> Ductal/tumor epithelial","invsqrt_kl","membrane",NA
"FCGR3A",570.9,0.992,"pancreas","Immune -> Ductal/tumor epithelial","invsqrt_kl","membrane",NA
"LILRB4",89.2,0.99,"pancreas","Immune -> Ductal/tumor epithelial","invsqrt_kl","membrane",NA
"GPR183",301.3,1,"pancreas","Immune -> Ductal/tumor epithelial","invsqrt_kl","membrane",NA
"CYTIP",306.8,1,"pancreas","Immune -> Ductal/tumor epithelial","invsqrt_kl","membrane",NA
"FGL2",380.1,1,"pancreas","Immune -> Ductal/tumor epithelial","invsqrt_kl","membrane",NA
"KLRB1",143.5,1,"pancreas","Immune -> Ductal/tumor epithelial","invsqrt_kl","membrane",NA
"IGSF6",345.7,1,"pancreas","Immune -> Ductal/tumor epithelial","invsqrt_kl","membrane",NA
"TRAC",207.7,1,"pancreas","Immune -> Ductal/tumor epithelial","invsqrt_kl","membrane",NA
"IL7R",13.5,0.944,"pancreas","Immune -> Endocrine","invsqrt_kl","membrane",NA
"PLA2G7",8.1,1,"pancreas","Immune -> Endocrine","invsqrt_kl","membrane",NA
"CD163",18,1,"pancreas","Immune -> Endocrine","invsqrt_kl","membrane",NA
"CSF2RA",19.7,0.949,"pancreas","Immune -> Endocrine","invsqrt_kl","membrane",NA
"CXCR4",34.3,1,"pancreas","Immune -> Endocrine","invsqrt_kl","membrane",NA
"TRAC",20.2,1,"pancreas","Immune -> Endocrine","invsqrt_kl","membrane",NA
"MS4A6A",31.2,1,"pancreas","Immune -> Endocrine","invsqrt_kl","membrane",NA
"CD2",7.7,1,"pancreas","Immune -> Endocrine","invsqrt_kl","membrane",NA
"CD3E",9,0.889,"pancreas","Immune -> Endocrine","invsqrt_kl","membrane",NA
"VSIG4",12.3,0.919,"pancreas","Immune -> Endocrine","invsqrt_kl","membrane",NA
"MS4A1",0.6,1,"pancreas","Immune -> Endocrine","invsqrt_kl","membrane",NA
"MS4A4A",21,0.964,"pancreas","Immune -> Endocrine","invsqrt_kl","membrane",NA
"CCL5",16.1,1,"pancreas","Immune -> Endocrine","invsqrt_kl","membrane",NA
"TREM2",8.8,1,"pancreas","Immune -> Endocrine","invsqrt_kl","membrane",NA
"PTPRC",38.6,0.974,"pancreas","Immune -> Endocrine","invsqrt_kl","membrane",NA
"FCGR3A",14.9,0.967,"pancreas","Immune -> Endocrine","invsqrt_kl","membrane",NA
"GZMK",7.8,0.936,"pancreas","Immune -> Endocrine","invsqrt_kl","membrane",NA
"LILRB4",1.6,1,"pancreas","Immune -> Endocrine","invsqrt_kl","membrane",NA
"CLEC4E",10.7,1,"pancreas","Immune -> Endocrine","invsqrt_kl","membrane",NA
"GPR183",11.4,0.934,"pancreas","Immune -> Endocrine","invsqrt_kl","membrane",NA
"IL7R",283.6,0.989,"pancreas","Immune -> Endothelial","invsqrt_kl","membrane",NA
"LILRB4",36.1,0.945,"pancreas","Immune -> Endothelial","invsqrt_kl","membrane",NA
"GZMK",44.1,1,"pancreas","Immune -> Endothelial","invsqrt_kl","membrane",NA
"PLA2G7",145.3,0.986,"pancreas","Immune -> Endothelial","invsqrt_kl","membrane",NA
"CD163",188.7,0.995,"pancreas","Immune -> Endothelial","invsqrt_kl","membrane",NA
"TREM2",89.2,0.966,"pancreas","Immune -> Endothelial","invsqrt_kl","membrane",NA
"PTPRC",350.2,0.994,"pancreas","Immune -> Endothelial","invsqrt_kl","membrane",NA
"CD2",83.3,1,"pancreas","Immune -> Endothelial","invsqrt_kl","membrane",NA
"VSIG4",90.4,0.989,"pancreas","Immune -> Endothelial","invsqrt_kl","membrane",NA
"CSF2RA",104.4,0.981,"pancreas","Immune -> Endothelial","invsqrt_kl","membrane",NA
"CD8A",130.4,1,"pancreas","Immune -> Endothelial","invsqrt_kl","membrane",NA
"MS4A6A",416.4,0.995,"pancreas","Immune -> Endothelial","invsqrt_kl","membrane",NA
"TRAC",258.6,0.558,"pancreas","Immune -> Endothelial","invsqrt_kl","membrane",NA
"HAVCR2",117.4,0.991,"pancreas","Immune -> Endothelial","invsqrt_kl","membrane",NA
"FOXP3",38.1,1,"pancreas","Immune -> Endothelial","invsqrt_kl","membrane",NA
"KLRB1",142.4,1,"pancreas","Immune -> Endothelial","invsqrt_kl","membrane",NA
"CTLA4",58.2,0.967,"pancreas","Immune -> Endothelial","invsqrt_kl","membrane",NA
"CYTIP",183.7,0.989,"pancreas","Immune -> Endothelial","invsqrt_kl","membrane",NA
"CCL5",196.6,0.99,"pancreas","Immune -> Endothelial","invsqrt_kl","membrane",NA
"MS4A1",43.1,1,"pancreas","Immune -> Endothelial","invsqrt_kl","membrane",NA
"IL7R",409.6,0.998,"pancreas","Immune -> Exocrine epithelial","invsqrt_kl","membrane",NA
"CXCR4",921,1,"pancreas","Immune -> Exocrine epithelial","invsqrt_kl","membrane",NA
"PLA2G7",237.9,0.974,"pancreas","Immune -> Exocrine epithelial","invsqrt_kl","membrane",NA
"PTPRC",661.5,1,"pancreas","Immune -> Exocrine epithelial","invsqrt_kl","membrane",NA
"TRAC",344.3,0.989,"pancreas","Immune -> Exocrine epithelial","invsqrt_kl","membrane",NA
"CD163",658.1,0.994,"pancreas","Immune -> Exocrine epithelial","invsqrt_kl","membrane",NA
"MRC1",344.2,0.996,"pancreas","Immune -> Exocrine epithelial","invsqrt_kl","membrane",NA
"CCL5",354.7,0.983,"pancreas","Immune -> Exocrine epithelial","invsqrt_kl","membrane",NA
"MS4A4A",543.9,0.997,"pancreas","Immune -> Exocrine epithelial","invsqrt_kl","membrane",NA
"GZMK",72.9,1,"pancreas","Immune -> Exocrine epithelial","invsqrt_kl","membrane",NA
"CD3E",215.2,0.998,"pancreas","Immune -> Exocrine epithelial","invsqrt_kl","membrane",NA
"CD2",221.3,0.992,"pancreas","Immune -> Exocrine epithelial","invsqrt_kl","membrane",NA
"IL2RA",83.4,0.974,"pancreas","Immune -> Exocrine epithelial","invsqrt_kl","membrane",NA
"VSIG4",357.7,0.992,"pancreas","Immune -> Exocrine epithelial","invsqrt_kl","membrane",NA
"KLRB1",218.1,0.999,"pancreas","Immune -> Exocrine epithelial","invsqrt_kl","membrane",NA
"CSF2RA",292.1,0.996,"pancreas","Immune -> Exocrine epithelial","invsqrt_kl","membrane",NA
"CD8A",331.5,0.994,"pancreas","Immune -> Exocrine epithelial","invsqrt_kl","membrane",NA
"FCGR3A",579.3,0.999,"pancreas","Immune -> Exocrine epithelial","invsqrt_kl","membrane",NA
"MS4A6A",917.1,0.99,"pancreas","Immune -> Exocrine epithelial","invsqrt_kl","membrane",NA
"GZMA",79.9,0.969,"pancreas","Immune -> Exocrine epithelial","invsqrt_kl","membrane",NA
"MS4A1",480.9,0,"pancreas","Immune -> Fibroblast / CAF","invsqrt_kl","membrane",NA
"NKG7",323.9,0,"pancreas","Immune -> Fibroblast / CAF","invsqrt_kl","membrane",NA
"CD8A",1978.4,0,"pancreas","Immune -> Fibroblast / CAF","invsqrt_kl","membrane",NA
"CXCR4",4575.1,-0.003,"pancreas","Immune -> Fibroblast / CAF","invsqrt_kl","membrane",NA
"PTPRC",4323.9,0,"pancreas","Immune -> Fibroblast / CAF","invsqrt_kl","membrane",NA
"MS4A6A",3003,0,"pancreas","Immune -> Fibroblast / CAF","invsqrt_kl","membrane",NA
"GPR183",1093.3,0,"pancreas","Immune -> Fibroblast / CAF","invsqrt_kl","membrane",NA
"MS4A4A",1736,0,"pancreas","Immune -> Fibroblast / CAF","invsqrt_kl","membrane",NA
"CSF2RA",894.4,0,"pancreas","Immune -> Fibroblast / CAF","invsqrt_kl","membrane",NA
"CD163",1716.5,0,"pancreas","Immune -> Fibroblast / CAF","invsqrt_kl","membrane",NA
"TREM2",354.7,0,"pancreas","Immune -> Fibroblast / CAF","invsqrt_kl","membrane",NA
"PLA2G7",897.4,0,"pancreas","Immune -> Fibroblast / CAF","invsqrt_kl","membrane",NA
"FOXP3",458.9,0.997,"pancreas","Immune -> Fibroblast / CAF","invsqrt_kl","membrane",NA
"CYTIP",2238.1,0,"pancreas","Immune -> Fibroblast / CAF","invsqrt_kl","membrane",NA
"CD69",933.6,0,"pancreas","Immune -> Fibroblast / CAF","invsqrt_kl","membrane",NA
"FCER1A",326.9,0.043,"pancreas","Immune -> Fibroblast / CAF","invsqrt_kl","membrane",NA
"IL7R",4963.4,0,"pancreas","Immune -> Fibroblast / CAF","invsqrt_kl","membrane",NA
"VSIG4",622.2,0,"pancreas","Immune -> Fibroblast / CAF","invsqrt_kl","membrane",NA
"KLRB1",1447.4,0,"pancreas","Immune -> Fibroblast / CAF","invsqrt_kl","membrane",NA
"LY86",468.7,0,"pancreas","Immune -> Fibroblast / CAF","invsqrt_kl","membrane",NA
"CD3D",0,1,"pancreas","Immune -> Mural / pericyte","invsqrt_kl","membrane",NA
"SLAMF7",0,1,"pancreas","Immune -> Mural / pericyte","invsqrt_kl","membrane",NA
"MS4A1",0,1,"pancreas","Immune -> Mural / pericyte","invsqrt_kl","membrane",NA
"KLRB1",46.8,1,"pancreas","Immune -> Mural / pericyte","invsqrt_kl","membrane",NA
"CXCR4",151,0.974,"pancreas","Immune -> Mural / pericyte","invsqrt_kl","membrane",NA
"VSIG4",41.7,0.952,"pancreas","Immune -> Mural / pericyte","invsqrt_kl","membrane",NA
"CD8A",41.7,1,"pancreas","Immune -> Mural / pericyte","invsqrt_kl","membrane",NA
"PLA2G7",51.7,1,"pancreas","Immune -> Mural / pericyte","invsqrt_kl","membrane",NA
"FCN1",0,0,"pancreas","Immune -> Mural / pericyte","invsqrt_kl","membrane",NA
"MRC1",74.5,0.96,"pancreas","Immune -> Mural / pericyte","invsqrt_kl","membrane",NA
"IL7R",113,1,"pancreas","Immune -> Mural / pericyte","invsqrt_kl","membrane",NA
"MS4A6A",118.5,0.983,"pancreas","Immune -> Mural / pericyte","invsqrt_kl","membrane",NA
"CD3E",49.5,0.98,"pancreas","Immune -> Mural / pericyte","invsqrt_kl","membrane",NA
"CCL5",65.3,1,"pancreas","Immune -> Mural / pericyte","invsqrt_kl","membrane",NA
"CD163",49.7,0.98,"pancreas","Immune -> Mural / pericyte","invsqrt_kl","membrane",NA
"CD86",29.7,1,"pancreas","Immune -> Mural / pericyte","invsqrt_kl","membrane",NA
"CD79A",36.8,0.973,"pancreas","Immune -> Mural / pericyte","invsqrt_kl","membrane",NA
"CSF2RA",56.3,1,"pancreas","Immune -> Mural / pericyte","invsqrt_kl","membrane",NA
"MS4A4A",56.8,1,"pancreas","Immune -> Mural / pericyte","invsqrt_kl","membrane",NA
"FCER1A",14.8,0.935,"pancreas","Immune -> Mural / pericyte","invsqrt_kl","membrane",NA
"MYH11",58.9,0.691,"pancreas","Mural / pericyte -> Ductal/tumor epithelial","invsqrt_kl","membrane",NA
"MEDAG",12.1,1,"pancreas","Mural / pericyte -> Ductal/tumor epithelial","invsqrt_kl","membrane",NA
"ADAMTS1",98.2,0.425,"pancreas","Mural / pericyte -> Ductal/tumor epithelial","invsqrt_kl","membrane",NA
"ACTA2",202.4,0.992,"pancreas","Mural / pericyte -> Ductal/tumor epithelial","invsqrt_kl","membrane",NA
"PDGFRB",106.8,0.992,"pancreas","Mural / pericyte -> Ductal/tumor epithelial","invsqrt_kl","membrane",NA
"CNN1",62.5,0.993,"pancreas","Mural / pericyte -> Ductal/tumor epithelial","invsqrt_kl","membrane",NA
"CRISPLD2",56.6,1,"pancreas","Mural / pericyte -> Ductal/tumor epithelial","invsqrt_kl","membrane",NA
"RERGL",0,1,"pancreas","Mural / pericyte -> Ductal/tumor epithelial","invsqrt_kl","membrane",NA
"MYLK",284.7,0.273,"pancreas","Mural / pericyte -> Ductal/tumor epithelial","invsqrt_kl","membrane",NA
"CCL19",0.4,1,"pancreas","Mural / pericyte -> Ductal/tumor epithelial","invsqrt_kl","membrane",NA
"DES",9.7,1,"pancreas","Mural / pericyte -> Ductal/tumor epithelial","invsqrt_kl","membrane",NA
"TIMP4",0.7,0.522,"pancreas","Mural / pericyte -> Ductal/tumor epithelial","invsqrt_kl","membrane",NA
"OGN",3.9,1,"pancreas","Mural / pericyte -> Ductal/tumor epithelial","invsqrt_kl","membrane",NA
"IL1RL1",15,1,"pancreas","Mural / pericyte -> Ductal/tumor epithelial","invsqrt_kl","membrane",NA
"MAMDC2",12.7,0.878,"pancreas","Mural / pericyte -> Ductal/tumor epithelial","invsqrt_kl","membrane",NA
"CAV1",31.9,0.141,"pancreas","Mural / pericyte -> Ductal/tumor epithelial","invsqrt_kl","membrane",NA
"SNCG",2.9,0,"pancreas","Mural / pericyte -> Ductal/tumor epithelial","invsqrt_kl","membrane",NA
"RETN",0,NA,"pancreas","Mural / pericyte -> Ductal/tumor epithelial","invsqrt_kl","membrane",NA
"MEF2C",25.6,0.986,"pancreas","Mural / pericyte -> Ductal/tumor epithelial","invsqrt_kl","membrane",NA
"PTN",18.8,0.974,"pancreas","Mural / pericyte -> Ductal/tumor epithelial","invsqrt_kl","membrane",NA
"MYH11",543.6,-0.001,"pancreas","Mural / pericyte -> Endothelial","invsqrt_kl","membrane",NA
"TNC",178.9,0.133,"pancreas","Mural / pericyte -> Endothelial","invsqrt_kl","membrane",NA
"CNN1",165.8,0,"pancreas","Mural / pericyte -> Endothelial","invsqrt_kl","membrane",NA
"RERGL",58.1,0.983,"pancreas","Mural / pericyte -> Endothelial","invsqrt_kl","membrane",NA
"MEDAG",198.2,0,"pancreas","Mural / pericyte -> Endothelial","invsqrt_kl","membrane",NA
"DES",34.8,1,"pancreas","Mural / pericyte -> Endothelial","invsqrt_kl","membrane",NA
"ACTA2",715.8,-0.001,"pancreas","Mural / pericyte -> Endothelial","invsqrt_kl","membrane",NA
"MYLK",538.2,0.002,"pancreas","Mural / pericyte -> Endothelial","invsqrt_kl","membrane",NA
"ACTG2",295.3,-0.106,"pancreas","Mural / pericyte -> Endothelial","invsqrt_kl","membrane",NA
"CRISPLD2",167.3,-0.002,"pancreas","Mural / pericyte -> Endothelial","invsqrt_kl","membrane",NA
"ADAMTS1",2045.6,0.001,"pancreas","Mural / pericyte -> Endothelial","invsqrt_kl","membrane",NA
"TIMP4",14.4,0,"pancreas","Mural / pericyte -> Endothelial","invsqrt_kl","membrane",NA
"OGN",8.1,0,"pancreas","Mural / pericyte -> Endothelial","invsqrt_kl","membrane",NA
"PLIN4",3.2,0.846,"pancreas","Mural / pericyte -> Endothelial","invsqrt_kl","membrane",NA
"CCDC78",0,0,"pancreas","Mural / pericyte -> Endothelial","invsqrt_kl","membrane",NA
"ASCL1",2.9,0.732,"pancreas","Mural / pericyte -> Endothelial","invsqrt_kl","membrane",NA
"SLC4A1",4.4,1,"pancreas","Mural / pericyte -> Endothelial","invsqrt_kl","membrane",NA
"TBX3",13.8,0.132,"pancreas","Mural / pericyte -> Endothelial","invsqrt_kl","membrane",NA
"SNCG",4.7,0,"pancreas","Mural / pericyte -> Endothelial","invsqrt_kl","membrane",NA
"MAMDC2",19.2,-0.071,"pancreas","Mural / pericyte -> Endothelial","invsqrt_kl","membrane",NA
"MYH11",19.9,0.997,"pancreas","Mural / pericyte -> Exocrine epithelial","invsqrt_kl","membrane",NA
"MEDAG",1.2,0.481,"pancreas","Mural / pericyte -> Exocrine epithelial","invsqrt_kl","membrane",NA
"TNC",29.9,1,"pancreas","Mural / pericyte -> Exocrine epithelial","invsqrt_kl","membrane",NA
"ACTA2",50.1,0.998,"pancreas","Mural / pericyte -> Exocrine epithelial","invsqrt_kl","membrane",NA
"CNN1",8.7,0.943,"pancreas","Mural / pericyte -> Exocrine epithelial","invsqrt_kl","membrane",NA
"ADAMTS1",97.3,1,"pancreas","Mural / pericyte -> Exocrine epithelial","invsqrt_kl","membrane",NA
"PDGFRB",40.8,1,"pancreas","Mural / pericyte -> Exocrine epithelial","invsqrt_kl","membrane",NA
"MYLK",80.5,0.961,"pancreas","Mural / pericyte -> Exocrine epithelial","invsqrt_kl","membrane",NA
"CRISPLD2",37.3,1,"pancreas","Mural / pericyte -> Exocrine epithelial","invsqrt_kl","membrane",NA
"TBX3",7,0.89,"pancreas","Mural / pericyte -> Exocrine epithelial","invsqrt_kl","membrane",NA
"SNCG",0,NA,"pancreas","Mural / pericyte -> Exocrine epithelial","invsqrt_kl","membrane",NA
"RERGL",1.1,-0.003,"pancreas","Mural / pericyte -> Exocrine epithelial","invsqrt_kl","membrane",NA
"CCL19",0.4,1,"pancreas","Mural / pericyte -> Exocrine epithelial","invsqrt_kl","membrane",NA
"TIMP4",13.4,1,"pancreas","Mural / pericyte -> Exocrine epithelial","invsqrt_kl","membrane",NA
"CAVIN1",19.2,1,"pancreas","Mural / pericyte -> Exocrine epithelial","invsqrt_kl","membrane",NA
"DES",2.2,1,"pancreas","Mural / pericyte -> Exocrine epithelial","invsqrt_kl","membrane",NA
"CAV1",0,1,"pancreas","Mural / pericyte -> Exocrine epithelial","invsqrt_kl","membrane",NA
"ACTG2",4.8,0.77,"pancreas","Mural / pericyte -> Exocrine epithelial","invsqrt_kl","membrane",NA
"TMEM100",6.1,1,"pancreas","Mural / pericyte -> Exocrine epithelial","invsqrt_kl","membrane",NA
"OGN",8.4,0.925,"pancreas","Mural / pericyte -> Exocrine epithelial","invsqrt_kl","membrane",NA
"RERGL",40,0.934,"pancreas","Mural / pericyte -> Fibroblast / CAF","invsqrt_kl","membrane",NA
"MYH11",564.3,-0.001,"pancreas","Mural / pericyte -> Fibroblast / CAF","invsqrt_kl","membrane",NA
"ADAMTS1",533.7,0.015,"pancreas","Mural / pericyte -> Fibroblast / CAF","invsqrt_kl","membrane",NA
"SNCG",9.5,-0.024,"pancreas","Mural / pericyte -> Fibroblast / CAF","invsqrt_kl","membrane",NA
"MEDAG",271.4,0,"pancreas","Mural / pericyte -> Fibroblast / CAF","invsqrt_kl","membrane",NA
"CNN1",180,0,"pancreas","Mural / pericyte -> Fibroblast / CAF","invsqrt_kl","membrane",NA
"TNC",467.6,0.062,"pancreas","Mural / pericyte -> Fibroblast / CAF","invsqrt_kl","membrane",NA
"DES",107.3,0.972,"pancreas","Mural / pericyte -> Fibroblast / CAF","invsqrt_kl","membrane",NA
"LGI4",24.9,0,"pancreas","Mural / pericyte -> Fibroblast / CAF","invsqrt_kl","membrane",NA
"CAV1",50.4,0.038,"pancreas","Mural / pericyte -> Fibroblast / CAF","invsqrt_kl","membrane",NA
"HES4",5.1,0,"pancreas","Mural / pericyte -> Fibroblast / CAF","invsqrt_kl","membrane",NA
"ADH4",9,0.687,"pancreas","Mural / pericyte -> Fibroblast / CAF","invsqrt_kl","membrane",NA
"PLIN4",0,0.373,"pancreas","Mural / pericyte -> Fibroblast / CAF","invsqrt_kl","membrane",NA
"RETN",3.7,0.86,"pancreas","Mural / pericyte -> Fibroblast / CAF","invsqrt_kl","membrane",NA
"CDH16",12.5,0.94,"pancreas","Mural / pericyte -> Fibroblast / CAF","invsqrt_kl","membrane",NA
"SLC4A1",9.8,0,"pancreas","Mural / pericyte -> Fibroblast / CAF","invsqrt_kl","membrane",NA
"AHSP",0,0,"pancreas","Mural / pericyte -> Fibroblast / CAF","invsqrt_kl","membrane",NA
"LY6D",1.9,0,"pancreas","Mural / pericyte -> Fibroblast / CAF","invsqrt_kl","membrane",NA
"TIMP4",0,0,"pancreas","Mural / pericyte -> Fibroblast / CAF","invsqrt_kl","membrane",NA
"DNAAF1",7.2,0,"pancreas","Mural / pericyte -> Fibroblast / CAF","invsqrt_kl","membrane",NA
"MYH11",358.1,0.002,"pancreas","Mural / pericyte -> Immune","invsqrt_kl","membrane",NA
"ADAMTS1",354.9,0.165,"pancreas","Mural / pericyte -> Immune","invsqrt_kl","membrane",NA
"CNN1",99.2,0,"pancreas","Mural / pericyte -> Immune","invsqrt_kl","membrane",NA
"RERGL",22.3,0,"pancreas","Mural / pericyte -> Immune","invsqrt_kl","membrane",NA
"MEDAG",66.4,0,"pancreas","Mural / pericyte -> Immune","invsqrt_kl","membrane",NA
"TNC",313.3,0.203,"pancreas","Mural / pericyte -> Immune","invsqrt_kl","membrane",NA
"ACTA2",271.8,0,"pancreas","Mural / pericyte -> Immune","invsqrt_kl","membrane",NA
"MYLK",261.5,0.007,"pancreas","Mural / pericyte -> Immune","invsqrt_kl","membrane",NA
"DES",29.9,1,"pancreas","Mural / pericyte -> Immune","invsqrt_kl","membrane",NA
"CAV1",43.9,-0.003,"pancreas","Mural / pericyte -> Immune","invsqrt_kl","membrane",NA
"SNCG",0,0,"pancreas","Mural / pericyte -> Immune","invsqrt_kl","membrane",NA
"PDGFRB",339.5,0,"pancreas","Mural / pericyte -> Immune","invsqrt_kl","membrane",NA
"CRISPLD2",223.9,0,"pancreas","Mural / pericyte -> Immune","invsqrt_kl","membrane",NA
"TBX3",54.5,0.051,"pancreas","Mural / pericyte -> Immune","invsqrt_kl","membrane",NA
"HES4",0.1,0,"pancreas","Mural / pericyte -> Immune","invsqrt_kl","membrane",NA
"TIMP4",34.5,0,"pancreas","Mural / pericyte -> Immune","invsqrt_kl","membrane",NA
"CAVIN1",175.1,0.061,"pancreas","Mural / pericyte -> Immune","invsqrt_kl","membrane",NA
"ACTG2",6.7,-0.624,"pancreas","Mural / pericyte -> Immune","invsqrt_kl","membrane",NA
"ADH4",3,1,"pancreas","Mural / pericyte -> Immune","invsqrt_kl","membrane",NA
"LGI4",5.4,0,"pancreas","Mural / pericyte -> Immune","invsqrt_kl","membrane",NA
"GPX2",75.7,1,"pancreas","Ductal/tumor epithelial -> Endothelial","ls_nmf","bridge",NA
"TMC5",122.2,0.874,"pancreas","Ductal/tumor epithelial -> Endothelial","ls_nmf","bridge",NA
"SERPINB3",9.6,0.754,"pancreas","Ductal/tumor epithelial -> Endothelial","ls_nmf","bridge",NA
"COL17A1",0,NA,"pancreas","Ductal/tumor epithelial -> Endothelial","ls_nmf","bridge",NA
"CAPN8",2.6,1,"pancreas","Ductal/tumor epithelial -> Endothelial","ls_nmf","bridge",NA
"DMBT1",15.6,0.942,"pancreas","Ductal/tumor epithelial -> Endothelial","ls_nmf","bridge",NA
"GPRC5A",0,0.847,"pancreas","Ductal/tumor epithelial -> Endothelial","ls_nmf","bridge",NA
"EPCAM",539.4,0.485,"pancreas","Ductal/tumor epithelial -> Endothelial","ls_nmf","bridge",NA
"EHF",253.7,0.317,"pancreas","Ductal/tumor epithelial -> Endothelial","ls_nmf","bridge",NA
"CXCL6",491.2,0.98,"pancreas","Ductal/tumor epithelial -> Endothelial","ls_nmf","bridge",NA
"KRT7",89.5,0.426,"pancreas","Ductal/tumor epithelial -> Endothelial","ls_nmf","bridge",NA
"FOXJ1",0,-1.175,"pancreas","Ductal/tumor epithelial -> Endothelial","ls_nmf","bridge",NA
"LIF",27.8,0.935,"pancreas","Ductal/tumor epithelial -> Endothelial","ls_nmf","bridge",NA
"SERPINB2",9.1,0.763,"pancreas","Ductal/tumor epithelial -> Endothelial","ls_nmf","bridge",NA
"C15orf48",42.4,0.169,"pancreas","Ductal/tumor epithelial -> Endothelial","ls_nmf","bridge",NA
"PPP1R1B",336.8,0.4,"pancreas","Ductal/tumor epithelial -> Endothelial","ls_nmf","bridge",NA
"BAMBI",31.6,0.362,"pancreas","Ductal/tumor epithelial -> Endothelial","ls_nmf","bridge",NA
"CFB",625.4,0.312,"pancreas","Ductal/tumor epithelial -> Endothelial","ls_nmf","bridge",NA
"LGR5",1.5,-0.15,"pancreas","Ductal/tumor epithelial -> Endothelial","ls_nmf","bridge",NA
"FOXA1",0,1,"pancreas","Ductal/tumor epithelial -> Endothelial","ls_nmf","bridge",NA
"SERPINB3",96.4,1,"pancreas","Ductal/tumor epithelial -> Exocrine epithelial","ls_nmf","bridge",NA
"COL17A1",63,0.875,"pancreas","Ductal/tumor epithelial -> Exocrine epithelial","ls_nmf","bridge",NA
"GPRC5A",29.8,1,"pancreas","Ductal/tumor epithelial -> Exocrine epithelial","ls_nmf","bridge",NA
"CAPN8",125.4,1,"pancreas","Ductal/tumor epithelial -> Exocrine epithelial","ls_nmf","bridge",NA
"DMBT1",255,1,"pancreas","Ductal/tumor epithelial -> Exocrine epithelial","ls_nmf","bridge",NA
"MALL",154.8,0.982,"pancreas","Ductal/tumor epithelial -> Exocrine epithelial","ls_nmf","bridge",NA
"TMC5",2078.2,0.987,"pancreas","Ductal/tumor epithelial -> Exocrine epithelial","ls_nmf","bridge",NA
"GPX2",1424,1,"pancreas","Ductal/tumor epithelial -> Exocrine epithelial","ls_nmf","bridge",NA
"LIF",144.9,1,"pancreas","Ductal/tumor epithelial -> Exocrine epithelial","ls_nmf","bridge",NA
"MKI67",78.6,0.736,"pancreas","Ductal/tumor epithelial -> Exocrine epithelial","ls_nmf","bridge",NA
"FHL2",117.2,1,"pancreas","Ductal/tumor epithelial -> Exocrine epithelial","ls_nmf","bridge",NA
"FOXJ1",0,NA,"pancreas","Ductal/tumor epithelial -> Exocrine epithelial","ls_nmf","bridge",NA
"UBE2C",0,NA,"pancreas","Ductal/tumor epithelial -> Exocrine epithelial","ls_nmf","bridge",NA
"CCNB2",51.3,1,"pancreas","Ductal/tumor epithelial -> Exocrine epithelial","ls_nmf","bridge",NA
"SERPINB2",101.2,0.451,"pancreas","Ductal/tumor epithelial -> Exocrine epithelial","ls_nmf","bridge",NA
"CENPF",99.6,0.354,"pancreas","Ductal/tumor epithelial -> Exocrine epithelial","ls_nmf","bridge",NA
"FOXA1",0,NA,"pancreas","Ductal/tumor epithelial -> Exocrine epithelial","ls_nmf","bridge",NA
"LGR5",8.3,0.708,"pancreas","Ductal/tumor epithelial -> Exocrine epithelial","ls_nmf","bridge",NA
"CDK1",144.3,0.576,"pancreas","Ductal/tumor epithelial -> Exocrine epithelial","ls_nmf","bridge",NA
"CXCL6",5252.3,0.993,"pancreas","Ductal/tumor epithelial -> Exocrine epithelial","ls_nmf","bridge",NA
"GPX2",733,0.896,"pancreas","Ductal/tumor epithelial -> Fibroblast / CAF","ls_nmf","bridge",NA
"TMC5",650.9,0.771,"pancreas","Ductal/tumor epithelial -> Fibroblast / CAF","ls_nmf","bridge",NA
"COL17A1",178.6,0.98,"pancreas","Ductal/tumor epithelial -> Fibroblast / CAF","ls_nmf","bridge",NA
"EPCAM",2659,0.621,"pancreas","Ductal/tumor epithelial -> Fibroblast / CAF","ls_nmf","bridge",NA
"DMBT1",194.4,0.942,"pancreas","Ductal/tumor epithelial -> Fibroblast / CAF","ls_nmf","bridge",NA
"CAPN8",167.2,0.962,"pancreas","Ductal/tumor epithelial -> Fibroblast / CAF","ls_nmf","bridge",NA
"EHF",974.8,0.455,"pancreas","Ductal/tumor epithelial -> Fibroblast / CAF","ls_nmf","bridge",NA
"SERPINB3",897.5,0.235,"pancreas","Ductal/tumor epithelial -> Fibroblast / CAF","ls_nmf","bridge",NA
"GPRC5A",2341.6,0.836,"pancreas","Ductal/tumor epithelial -> Fibroblast / CAF","ls_nmf","bridge",NA
"MET",556.3,0.205,"pancreas","Ductal/tumor epithelial -> Fibroblast / CAF","ls_nmf","bridge",NA
"ARFGEF3",201.9,0.677,"pancreas","Ductal/tumor epithelial -> Fibroblast / CAF","ls_nmf","bridge",NA
"FOXJ1",62,0.916,"pancreas","Ductal/tumor epithelial -> Fibroblast / CAF","ls_nmf","bridge",NA
"FOXA1",25.6,0.925,"pancreas","Ductal/tumor epithelial -> Fibroblast / CAF","ls_nmf","bridge",NA
"PPP1R1B",693.6,0.058,"pancreas","Ductal/tumor epithelial -> Fibroblast / CAF","ls_nmf","bridge",NA
"MALL",1229.9,0.294,"pancreas","Ductal/tumor epithelial -> Fibroblast / CAF","ls_nmf","bridge",NA
"CXCL6",1658.2,0,"pancreas","Ductal/tumor epithelial -> Fibroblast / CAF","ls_nmf","bridge",NA
"SERPINB2",94.9,0.299,"pancreas","Ductal/tumor epithelial -> Fibroblast / CAF","ls_nmf","bridge",NA
"UBE2C",223.1,0.831,"pancreas","Ductal/tumor epithelial -> Fibroblast / CAF","ls_nmf","bridge",NA
"KRT7",332.6,0.13,"pancreas","Ductal/tumor epithelial -> Fibroblast / CAF","ls_nmf","bridge",NA
"BAMBI",434.4,0.188,"pancreas","Ductal/tumor epithelial -> Fibroblast / CAF","ls_nmf","bridge",NA
"GPX2",474.6,-0.002,"pancreas","Ductal/tumor epithelial -> Immune","ls_nmf","bridge",NA
"COL17A1",82.9,0.001,"pancreas","Ductal/tumor epithelial -> Immune","ls_nmf","bridge",NA
"EPCAM",1035.5,0.006,"pancreas","Ductal/tumor epithelial -> Immune","ls_nmf","bridge",NA
"TMC5",406.1,0.003,"pancreas","Ductal/tumor epithelial -> Immune","ls_nmf","bridge",NA
"GPRC5A",793.4,0.034,"pancreas","Ductal/tumor epithelial -> Immune","ls_nmf","bridge",NA
"SERPINB3",248.3,0.187,"pancreas","Ductal/tumor epithelial -> Immune","ls_nmf","bridge",NA
"DMBT1",135.4,0,"pancreas","Ductal/tumor epithelial -> Immune","ls_nmf","bridge",NA
"CAPN8",79.9,-0.006,"pancreas","Ductal/tumor epithelial -> Immune","ls_nmf","bridge",NA
"FOXA1",8.3,0.12,"pancreas","Ductal/tumor epithelial -> Immune","ls_nmf","bridge",NA
"MET",295.5,0.162,"pancreas","Ductal/tumor epithelial -> Immune","ls_nmf","bridge",NA
"MALL",382.7,0.202,"pancreas","Ductal/tumor epithelial -> Immune","ls_nmf","bridge",NA
"FOXJ1",30.3,0.007,"pancreas","Ductal/tumor epithelial -> Immune","ls_nmf","bridge",NA
"ARFGEF3",134.1,-0.014,"pancreas","Ductal/tumor epithelial -> Immune","ls_nmf","bridge",NA
"EHF",557.6,0.022,"pancreas","Ductal/tumor epithelial -> Immune","ls_nmf","bridge",NA
"CXCL6",1333.9,0.141,"pancreas","Ductal/tumor epithelial -> Immune","ls_nmf","bridge",NA
"PPP1R1B",532.8,0.012,"pancreas","Ductal/tumor epithelial -> Immune","ls_nmf","bridge",NA
"KRT7",316.3,0.078,"pancreas","Ductal/tumor epithelial -> Immune","ls_nmf","bridge",NA
"CFB",1381.7,0.021,"pancreas","Ductal/tumor epithelial -> Immune","ls_nmf","bridge",NA
"BAMBI",139.5,0.136,"pancreas","Ductal/tumor epithelial -> Immune","ls_nmf","bridge",NA
"ERBB2",108.3,-0.015,"pancreas","Ductal/tumor epithelial -> Immune","ls_nmf","bridge",NA
"GPX2",20.8,0.86,"pancreas","Ductal/tumor epithelial -> Mural / pericyte","ls_nmf","bridge",NA
"EHF",20.3,0.458,"pancreas","Ductal/tumor epithelial -> Mural / pericyte","ls_nmf","bridge",NA
"EPCAM",43.2,0.727,"pancreas","Ductal/tumor epithelial -> Mural / pericyte","ls_nmf","bridge",NA
"COL17A1",7.4,1,"pancreas","Ductal/tumor epithelial -> Mural / pericyte","ls_nmf","bridge",NA
"SERPINB3",19.5,0.345,"pancreas","Ductal/tumor epithelial -> Mural / pericyte","ls_nmf","bridge",NA
"TMC5",21.4,0.833,"pancreas","Ductal/tumor epithelial -> Mural / pericyte","ls_nmf","bridge",NA
"DMBT1",5.3,0.473,"pancreas","Ductal/tumor epithelial -> Mural / pericyte","ls_nmf","bridge",NA
"CXCL6",71.4,0.028,"pancreas","Ductal/tumor epithelial -> Mural / pericyte","ls_nmf","bridge",NA
"GPRC5A",52.8,0.859,"pancreas","Ductal/tumor epithelial -> Mural / pericyte","ls_nmf","bridge",NA
"ARFGEF3",4.1,0.777,"pancreas","Ductal/tumor epithelial -> Mural / pericyte","ls_nmf","bridge",NA
"CAPN8",9,0.917,"pancreas","Ductal/tumor epithelial -> Mural / pericyte","ls_nmf","bridge",NA
"KRT7",20.6,0.278,"pancreas","Ductal/tumor epithelial -> Mural / pericyte","ls_nmf","bridge",NA
"MET",22.5,0.546,"pancreas","Ductal/tumor epithelial -> Mural / pericyte","ls_nmf","bridge",NA
"C15orf48",32.5,0.263,"pancreas","Ductal/tumor epithelial -> Mural / pericyte","ls_nmf","bridge",NA
"MALL",27.1,0.479,"pancreas","Ductal/tumor epithelial -> Mural / pericyte","ls_nmf","bridge",NA
"FOXJ1",1.1,0.525,"pancreas","Ductal/tumor epithelial -> Mural / pericyte","ls_nmf","bridge",NA
"SERPINB2",5.9,0.135,"pancreas","Ductal/tumor epithelial -> Mural / pericyte","ls_nmf","bridge",NA
"MKI67",12.5,1,"pancreas","Ductal/tumor epithelial -> Mural / pericyte","ls_nmf","bridge",NA
"PPP1R1B",9,0.376,"pancreas","Ductal/tumor epithelial -> Mural / pericyte","ls_nmf","bridge",NA
"UBE2C",6.9,0.995,"pancreas","Ductal/tumor epithelial -> Mural / pericyte","ls_nmf","bridge",NA
"INS",540.8,0.892,"pancreas","Endocrine -> Ductal/tumor epithelial","ls_nmf","bridge",NA
"SST",212.1,0.169,"pancreas","Endocrine -> Ductal/tumor epithelial","ls_nmf","bridge",NA
"GCG",867.1,0.012,"pancreas","Endocrine -> Ductal/tumor epithelial","ls_nmf","bridge",NA
"CHGA",49.7,0.177,"pancreas","Endocrine -> Ductal/tumor epithelial","ls_nmf","bridge",NA
"PCSK2",42.2,0.417,"pancreas","Endocrine -> Ductal/tumor epithelial","ls_nmf","bridge",NA
"SCGN",79.8,0.398,"pancreas","Endocrine -> Ductal/tumor epithelial","ls_nmf","bridge",NA
"HEPACAM2",13.8,0.345,"pancreas","Endocrine -> Ductal/tumor epithelial","ls_nmf","bridge",NA
"PPY",43,0.22,"pancreas","Endocrine -> Ductal/tumor epithelial","ls_nmf","bridge",NA
"GHRL",32.2,0.584,"pancreas","Endocrine -> Ductal/tumor epithelial","ls_nmf","bridge",NA
"PPP1R1A",12.8,0.508,"pancreas","Endocrine -> Ductal/tumor epithelial","ls_nmf","bridge",NA
"PCP4",21.8,0.243,"pancreas","Endocrine -> Ductal/tumor epithelial","ls_nmf","bridge",NA
"MMRN1",11.5,0.294,"pancreas","Endocrine -> Ductal/tumor epithelial","ls_nmf","bridge",NA
"SLC18A2",4.8,0.13,"pancreas","Endocrine -> Ductal/tumor epithelial","ls_nmf","bridge",NA
"PRG4",5.5,-0.144,"pancreas","Endocrine -> Ductal/tumor epithelial","ls_nmf","bridge",NA
"SCGB2A1",28.1,0.126,"pancreas","Endocrine -> Ductal/tumor epithelial","ls_nmf","bridge",NA
"TENT5C",9.6,0.713,"pancreas","Endocrine -> Ductal/tumor epithelial","ls_nmf","bridge",NA
"KCNMA1",0,0.17,"pancreas","Endocrine -> Ductal/tumor epithelial","ls_nmf","bridge",NA
"PGR",2.7,0.504,"pancreas","Endocrine -> Ductal/tumor epithelial","ls_nmf","bridge",NA
"TM4SF4",140.2,0,"pancreas","Endocrine -> Ductal/tumor epithelial","ls_nmf","bridge",NA
"ESR1",0,NA,"pancreas","Endocrine -> Ductal/tumor epithelial","ls_nmf","bridge",NA
"INS",1266.8,0,"pancreas","Endocrine -> Endothelial","ls_nmf","bridge",NA
"GCG",1230,0.01,"pancreas","Endocrine -> Endothelial","ls_nmf","bridge",NA
"SST",512,0,"pancreas","Endocrine -> Endothelial","ls_nmf","bridge",NA
"CHGA",85.5,-0.001,"pancreas","Endocrine -> Endothelial","ls_nmf","bridge",NA
"PCSK2",63.2,0.028,"pancreas","Endocrine -> Endothelial","ls_nmf","bridge",NA
"SCGN",209.5,0.008,"pancreas","Endocrine -> Endothelial","ls_nmf","bridge",NA
"PPY",64.4,0.029,"pancreas","Endocrine -> Endothelial","ls_nmf","bridge",NA
"HEPACAM2",29.7,0.026,"pancreas","Endocrine -> Endothelial","ls_nmf","bridge",NA
"PPP1R1A",33.4,0.01,"pancreas","Endocrine -> Endothelial","ls_nmf","bridge",NA
"PCP4",24.9,-0.017,"pancreas","Endocrine -> Endothelial","ls_nmf","bridge",NA
"GHRL",29.6,-0.013,"pancreas","Endocrine -> Endothelial","ls_nmf","bridge",NA
"SCGB2A1",20.4,0.054,"pancreas","Endocrine -> Endothelial","ls_nmf","bridge",NA
"TM4SF4",44,0,"pancreas","Endocrine -> Endothelial","ls_nmf","bridge",NA
"SLC18A2",2.8,-0.071,"pancreas","Endocrine -> Endothelial","ls_nmf","bridge",NA
"KCNMA1",20.3,0.014,"pancreas","Endocrine -> Endothelial","ls_nmf","bridge",NA
"TENT5C",14.6,-0.019,"pancreas","Endocrine -> Endothelial","ls_nmf","bridge",NA
"PRG4",8.6,0.044,"pancreas","Endocrine -> Endothelial","ls_nmf","bridge",NA
"PGR",3,-0.622,"pancreas","Endocrine -> Endothelial","ls_nmf","bridge",NA
"FXYD2",13.7,-0.026,"pancreas","Endocrine -> Endothelial","ls_nmf","bridge",NA
"HEMGN",1.5,0.474,"pancreas","Endocrine -> Endothelial","ls_nmf","bridge",NA
"INS",1974,0.878,"pancreas","Endocrine -> Exocrine epithelial","ls_nmf","bridge",NA
"GCG",1673.9,0.019,"pancreas","Endocrine -> Exocrine epithelial","ls_nmf","bridge",NA
"CHGA",118.8,0.237,"pancreas","Endocrine -> Exocrine epithelial","ls_nmf","bridge",NA
"PCSK2",75.8,0.605,"pancreas","Endocrine -> Exocrine epithelial","ls_nmf","bridge",NA
"SST",689,0.007,"pancreas","Endocrine -> Exocrine epithelial","ls_nmf","bridge",NA
"PPY",79.5,0.961,"pancreas","Endocrine -> Exocrine epithelial","ls_nmf","bridge",NA
"SCGN",213.5,0.144,"pancreas","Endocrine -> Exocrine epithelial","ls_nmf","bridge",NA
"MMRN1",29.4,0.874,"pancreas","Endocrine -> Exocrine epithelial","ls_nmf","bridge",NA
"HEPACAM2",35.8,0.141,"pancreas","Endocrine -> Exocrine epithelial","ls_nmf","bridge",NA
"GHRL",94.6,0.128,"pancreas","Endocrine -> Exocrine epithelial","ls_nmf","bridge",NA
"PCP4",22.1,0.449,"pancreas","Endocrine -> Exocrine epithelial","ls_nmf","bridge",NA
"PPP1R1A",58.2,0.211,"pancreas","Endocrine -> Exocrine epithelial","ls_nmf","bridge",NA
"SCGB2A1",14,0.388,"pancreas","Endocrine -> Exocrine epithelial","ls_nmf","bridge",NA
"PRG4",2.6,-0.129,"pancreas","Endocrine -> Exocrine epithelial","ls_nmf","bridge",NA
"SLC18A2",0,1,"pancreas","Endocrine -> Exocrine epithelial","ls_nmf","bridge",NA
"TM4SF4",53.2,0.333,"pancreas","Endocrine -> Exocrine epithelial","ls_nmf","bridge",NA
"PGR",12.7,0.195,"pancreas","Endocrine -> Exocrine epithelial","ls_nmf","bridge",NA
"KCNMA1",17.8,0.409,"pancreas","Endocrine -> Exocrine epithelial","ls_nmf","bridge",NA
"SNCA",0,0.944,"pancreas","Endocrine -> Exocrine epithelial","ls_nmf","bridge",NA
"ESR1",0,-4.077,"pancreas","Endocrine -> Exocrine epithelial","ls_nmf","bridge",NA
"INS",479.7,0,"pancreas","Endocrine -> Fibroblast / CAF","ls_nmf","bridge",NA
"SST",204.1,0,"pancreas","Endocrine -> Fibroblast / CAF","ls_nmf","bridge",NA
"GCG",1154.5,0.001,"pancreas","Endocrine -> Fibroblast / CAF","ls_nmf","bridge",NA
"CHGA",43.2,-0.001,"pancreas","Endocrine -> Fibroblast / CAF","ls_nmf","bridge",NA
"SCGN",142.5,0.048,"pancreas","Endocrine -> Fibroblast / CAF","ls_nmf","bridge",NA
"PCSK2",64.4,-0.001,"pancreas","Endocrine -> Fibroblast / CAF","ls_nmf","bridge",NA
"PPY",45.7,0.044,"pancreas","Endocrine -> Fibroblast / CAF","ls_nmf","bridge",NA
"PPP1R1A",17.3,-0.008,"pancreas","Endocrine -> Fibroblast / CAF","ls_nmf","bridge",NA
"HEPACAM2",17.2,0,"pancreas","Endocrine -> Fibroblast / CAF","ls_nmf","bridge",NA
"SCGB2A1",25,-0.004,"pancreas","Endocrine -> Fibroblast / CAF","ls_nmf","bridge",NA
"TM4SF4",62.2,0.024,"pancreas","Endocrine -> Fibroblast / CAF","ls_nmf","bridge",NA
"GHRL",25.5,-0.001,"pancreas","Endocrine -> Fibroblast / CAF","ls_nmf","bridge",NA
"PCP4",9.6,-0.011,"pancreas","Endocrine -> Fibroblast / CAF","ls_nmf","bridge",NA
"MMRN1",5.9,0.074,"pancreas","Endocrine -> Fibroblast / CAF","ls_nmf","bridge",NA
"SLC18A2",4.4,-0.012,"pancreas","Endocrine -> Fibroblast / CAF","ls_nmf","bridge",NA
"FXYD2",32.5,-0.005,"pancreas","Endocrine -> Fibroblast / CAF","ls_nmf","bridge",NA
"TENT5C",14.8,-0.042,"pancreas","Endocrine -> Fibroblast / CAF","ls_nmf","bridge",NA
"KCNMA1",0,-0.042,"pancreas","Endocrine -> Fibroblast / CAF","ls_nmf","bridge",NA
"VWA5A",13.8,-0.045,"pancreas","Endocrine -> Fibroblast / CAF","ls_nmf","bridge",NA
"SNCA",0.6,-0.207,"pancreas","Endocrine -> Fibroblast / CAF","ls_nmf","bridge",NA
"INS",217.3,0,"pancreas","Endocrine -> Immune","ls_nmf","bridge",NA
"GCG",402.5,0.051,"pancreas","Endocrine -> Immune","ls_nmf","bridge",NA
"SST",134.2,0,"pancreas","Endocrine -> Immune","ls_nmf","bridge",NA
"CHGA",23.6,-0.005,"pancreas","Endocrine -> Immune","ls_nmf","bridge",NA
"SCGN",64,0.072,"pancreas","Endocrine -> Immune","ls_nmf","bridge",NA
"PCSK2",18.7,0.042,"pancreas","Endocrine -> Immune","ls_nmf","bridge",NA
"PPY",14.6,0.183,"pancreas","Endocrine -> Immune","ls_nmf","bridge",NA
"PPP1R1A",4.2,0.054,"pancreas","Endocrine -> Immune","ls_nmf","bridge",NA
"HEPACAM2",6.9,-0.031,"pancreas","Endocrine -> Immune","ls_nmf","bridge",NA
"SCGB2A1",8,0.062,"pancreas","Endocrine -> Immune","ls_nmf","bridge",NA
"TM4SF4",19.6,-0.012,"pancreas","Endocrine -> Immune","ls_nmf","bridge",NA
"GHRL",9.5,-0.064,"pancreas","Endocrine -> Immune","ls_nmf","bridge",NA
"PCP4",5.8,0.227,"pancreas","Endocrine -> Immune","ls_nmf","bridge",NA
"MMRN1",0,NA,"pancreas","Endocrine -> Immune","ls_nmf","bridge",NA
"SLC18A2",2.3,-0.018,"pancreas","Endocrine -> Immune","ls_nmf","bridge",NA
"PRG4",6.1,0.074,"pancreas","Endocrine -> Immune","ls_nmf","bridge",NA
"FXYD2",20.8,-0.007,"pancreas","Endocrine -> Immune","ls_nmf","bridge",NA
"PGR",4.9,0.562,"pancreas","Endocrine -> Immune","ls_nmf","bridge",NA
"TENT5C",0,NA,"pancreas","Endocrine -> Immune","ls_nmf","bridge",NA
"VWA5A",0.6,0.427,"pancreas","Endocrine -> Immune","ls_nmf","bridge",NA
"PECAM1",783.7,0.973,"pancreas","Endothelial -> Ductal/tumor epithelial","ls_nmf","bridge",NA
"ADGRL4",248,0.908,"pancreas","Endothelial -> Ductal/tumor epithelial","ls_nmf","bridge",NA
"CD93",626,0.463,"pancreas","Endothelial -> Ductal/tumor epithelial","ls_nmf","bridge",NA
"CLEC14A",128.7,0.998,"pancreas","Endothelial -> Ductal/tumor epithelial","ls_nmf","bridge",NA
"VWF",112.7,0.996,"pancreas","Endothelial -> Ductal/tumor epithelial","ls_nmf","bridge",NA
"CD34",422,0.476,"pancreas","Endothelial -> Ductal/tumor epithelial","ls_nmf","bridge",NA
"ECSCR",67.5,1,"pancreas","Endothelial -> Ductal/tumor epithelial","ls_nmf","bridge",NA
"ACKR1",39.5,1,"pancreas","Endothelial -> Ductal/tumor epithelial","ls_nmf","bridge",NA
"EDNRB",73,0.479,"pancreas","Endothelial -> Ductal/tumor epithelial","ls_nmf","bridge",NA
"SOX17",67.5,0.77,"pancreas","Endothelial -> Ductal/tumor epithelial","ls_nmf","bridge",NA
"STC1",357.7,0.451,"pancreas","Endothelial -> Ductal/tumor epithelial","ls_nmf","bridge",NA
"APOLD1",146.7,0.905,"pancreas","Endothelial -> Ductal/tumor epithelial","ls_nmf","bridge",NA
"RAMP2",12.5,0.36,"pancreas","Endothelial -> Ductal/tumor epithelial","ls_nmf","bridge",NA
"TCF4",106.2,0.653,"pancreas","Endothelial -> Ductal/tumor epithelial","ls_nmf","bridge",NA
"CAVIN2",101.2,0.632,"pancreas","Endothelial -> Ductal/tumor epithelial","ls_nmf","bridge",NA
"IL3RA",0,0.605,"pancreas","Endothelial -> Ductal/tumor epithelial","ls_nmf","bridge",NA
"SELE",5,0.492,"pancreas","Endothelial -> Ductal/tumor epithelial","ls_nmf","bridge",NA
"GNG11",799,0.23,"pancreas","Endothelial -> Ductal/tumor epithelial","ls_nmf","bridge",NA
"ANGPT2",0,1,"pancreas","Endothelial -> Ductal/tumor epithelial","ls_nmf","bridge",NA
"ERG",23.2,1,"pancreas","Endothelial -> Ductal/tumor epithelial","ls_nmf","bridge",NA
"PECAM1",88.2,0.97,"pancreas","Endothelial -> Endocrine","ls_nmf","bridge",NA
"CLEC14A",10,0.23,"pancreas","Endothelial -> Endocrine","ls_nmf","bridge",NA
"VWF",8.6,1,"pancreas","Endothelial -> Endocrine","ls_nmf","bridge",NA
"ACKR1",0.6,0.568,"pancreas","Endothelial -> Endocrine","ls_nmf","bridge",NA
"IL3RA",18.7,0.532,"pancreas","Endothelial -> Endocrine","ls_nmf","bridge",NA
"CD93",44.8,1,"pancreas","Endothelial -> Endocrine","ls_nmf","bridge",NA
"ADGRL4",37.3,0.412,"pancreas","Endothelial -> Endocrine","ls_nmf","bridge",NA
"STC1",47.2,0.442,"pancreas","Endothelial -> Endocrine","ls_nmf","bridge",NA
"ECSCR",17.6,1,"pancreas","Endothelial -> Endocrine","ls_nmf","bridge",NA
"SOX17",19.3,0.414,"pancreas","Endothelial -> Endocrine","ls_nmf","bridge",NA
"CD34",41.5,0.573,"pancreas","Endothelial -> Endocrine","ls_nmf","bridge",NA
"RAPGEF3",6.4,-0.168,"pancreas","Endothelial -> Endocrine","ls_nmf","bridge",NA
"APOLD1",76,0.334,"pancreas","Endothelial -> Endocrine","ls_nmf","bridge",NA
"SH2D3C",15.4,0.827,"pancreas","Endothelial -> Endocrine","ls_nmf","bridge",NA
"GNG11",22.9,0.382,"pancreas","Endothelial -> Endocrine","ls_nmf","bridge",NA
"RAMP2",1.7,-0.18,"pancreas","Endothelial -> Endocrine","ls_nmf","bridge",NA
"ERG",2.2,0.874,"pancreas","Endothelial -> Endocrine","ls_nmf","bridge",NA
"MMRN2",28.4,0.247,"pancreas","Endothelial -> Endocrine","ls_nmf","bridge",NA
"TCIM",27.8,0.314,"pancreas","Endothelial -> Endocrine","ls_nmf","bridge",NA
"S100A12",20.6,0.472,"pancreas","Endothelial -> Endocrine","ls_nmf","bridge",NA
"VWF",309.1,0.972,"pancreas","Endothelial -> Exocrine epithelial","ls_nmf","bridge",NA
"CLEC14A",282.8,0.965,"pancreas","Endothelial -> Exocrine epithelial","ls_nmf","bridge",NA
"ADGRL4",451.5,0.927,"pancreas","Endothelial -> Exocrine epithelial","ls_nmf","bridge",NA
"PECAM1",1520.5,0.954,"pancreas","Endothelial -> Exocrine epithelial","ls_nmf","bridge",NA
"ANGPT2",8.7,0.91,"pancreas","Endothelial -> Exocrine epithelial","ls_nmf","bridge",NA
"ACKR1",107,0.484,"pancreas","Endothelial -> Exocrine epithelial","ls_nmf","bridge",NA
"ECSCR",195.3,0.976,"pancreas","Endothelial -> Exocrine epithelial","ls_nmf","bridge",NA
"CD34",550,0.78,"pancreas","Endothelial -> Exocrine epithelial","ls_nmf","bridge",NA
"CD93",827.3,0.537,"pancreas","Endothelial -> Exocrine epithelial","ls_nmf","bridge",NA
"STC1",484.6,0.528,"pancreas","Endothelial -> Exocrine epithelial","ls_nmf","bridge",NA
"RAMP2",76.7,0.357,"pancreas","Endothelial -> Exocrine epithelial","ls_nmf","bridge",NA
"SOX17",238.7,0.225,"pancreas","Endothelial -> Exocrine epithelial","ls_nmf","bridge",NA
"EGFL7",19,0.343,"pancreas","Endothelial -> Exocrine epithelial","ls_nmf","bridge",NA
"APOLD1",847.2,0.188,"pancreas","Endothelial -> Exocrine epithelial","ls_nmf","bridge",NA
"IL3RA",91,0.944,"pancreas","Endothelial -> Exocrine epithelial","ls_nmf","bridge",NA
"SH2D3C",60.5,0.756,"pancreas","Endothelial -> Exocrine epithelial","ls_nmf","bridge",NA
"HIGD1B",48.7,0.386,"pancreas","Endothelial -> Exocrine epithelial","ls_nmf","bridge",NA
"TCF4",163,0.125,"pancreas","Endothelial -> Exocrine epithelial","ls_nmf","bridge",NA
"EDNRB",140.4,0.267,"pancreas","Endothelial -> Exocrine epithelial","ls_nmf","bridge",NA
"SOX18",12.3,-0.079,"pancreas","Endothelial -> Exocrine epithelial","ls_nmf","bridge",NA
"STC1",425.4,0.939,"pancreas","Endothelial -> Fibroblast / CAF","ls_nmf","bridge",NA
"VWF",608.5,0.89,"pancreas","Endothelial -> Fibroblast / CAF","ls_nmf","bridge",NA
"ACKR1",153,0.899,"pancreas","Endothelial -> Fibroblast / CAF","ls_nmf","bridge",NA
"CLEC14A",314.9,0.894,"pancreas","Endothelial -> Fibroblast / CAF","ls_nmf","bridge",NA
"SOX17",101.6,0.695,"pancreas","Endothelial -> Fibroblast / CAF","ls_nmf","bridge",NA
"APOLD1",697.2,0.218,"pancreas","Endothelial -> Fibroblast / CAF","ls_nmf","bridge",NA
"ECSCR",298.1,0.932,"pancreas","Endothelial -> Fibroblast / CAF","ls_nmf","bridge",NA
"EGFL7",143.7,0.267,"pancreas","Endothelial -> Fibroblast / CAF","ls_nmf","bridge",NA
"ADGRL4",561,0.44,"pancreas","Endothelial -> Fibroblast / CAF","ls_nmf","bridge",NA
"RAMP2",119.4,0.255,"pancreas","Endothelial -> Fibroblast / CAF","ls_nmf","bridge",NA
"CD93",929.9,0.247,"pancreas","Endothelial -> Fibroblast / CAF","ls_nmf","bridge",NA
"PECAM1",1384.2,0.603,"pancreas","Endothelial -> Fibroblast / CAF","ls_nmf","bridge",NA
"BTNL9",41,0.243,"pancreas","Endothelial -> Fibroblast / CAF","ls_nmf","bridge",NA
"IL3RA",95.5,0.237,"pancreas","Endothelial -> Fibroblast / CAF","ls_nmf","bridge",NA
"MMRN2",228.3,0.242,"pancreas","Endothelial -> Fibroblast / CAF","ls_nmf","bridge",NA
"MCF2L",59.6,0.279,"pancreas","Endothelial -> Fibroblast / CAF","ls_nmf","bridge",NA
"CD34",891.2,0.2,"pancreas","Endothelial -> Fibroblast / CAF","ls_nmf","bridge",NA
"SELE",8.1,0.607,"pancreas","Endothelial -> Fibroblast / CAF","ls_nmf","bridge",NA
"CAVIN2",109.1,0.626,"pancreas","Endothelial -> Fibroblast / CAF","ls_nmf","bridge",NA
"BMX",16.8,0.376,"pancreas","Endothelial -> Fibroblast / CAF","ls_nmf","bridge",NA
"CLEC14A",161.7,0.944,"pancreas","Endothelial -> Immune","ls_nmf","bridge",NA
"VWF",312.4,0.979,"pancreas","Endothelial -> Immune","ls_nmf","bridge",NA
"STC1",234.3,0.988,"pancreas","Endothelial -> Immune","ls_nmf","bridge",NA
"ADGRL4",319.6,0.946,"pancreas","Endothelial -> Immune","ls_nmf","bridge",NA
"RAMP2",61,0.576,"pancreas","Endothelial -> Immune","ls_nmf","bridge",NA
"APOLD1",359.2,0.563,"pancreas","Endothelial -> Immune","ls_nmf","bridge",NA
"SOX17",38.7,0.348,"pancreas","Endothelial -> Immune","ls_nmf","bridge",NA
"ACKR1",99.7,0.98,"pancreas","Endothelial -> Immune","ls_nmf","bridge",NA
"CD34",328,0.599,"pancreas","Endothelial -> Immune","ls_nmf","bridge",NA
"ECSCR",145.1,0.909,"pancreas","Endothelial -> Immune","ls_nmf","bridge",NA
"EGFL7",64,0.574,"pancreas","Endothelial -> Immune","ls_nmf","bridge",NA
"MMRN2",105.6,0.513,"pancreas","Endothelial -> Immune","ls_nmf","bridge",NA
"ANGPT2",60.9,0.68,"pancreas","Endothelial -> Immune","ls_nmf","bridge",NA
"RAPGEF3",13,0.541,"pancreas","Endothelial -> Immune","ls_nmf","bridge",NA
"CAVIN2",38.8,0.282,"pancreas","Endothelial -> Immune","ls_nmf","bridge",NA
"NPDC1",15.2,0.549,"pancreas","Endothelial -> Immune","ls_nmf","bridge",NA
"HIGD1B",25.9,0.632,"pancreas","Endothelial -> Immune","ls_nmf","bridge",NA
"BTNL9",0,1,"pancreas","Endothelial -> Immune","ls_nmf","bridge",NA
"TCIM",150.3,0.312,"pancreas","Endothelial -> Immune","ls_nmf","bridge",NA
"MCF2L",16.8,0.6,"pancreas","Endothelial -> Immune","ls_nmf","bridge",NA
"VWF",51.6,0.947,"pancreas","Endothelial -> Mural / pericyte","ls_nmf","bridge",NA
"STC1",50.8,1,"pancreas","Endothelial -> Mural / pericyte","ls_nmf","bridge",NA
"CLEC14A",54.5,0.88,"pancreas","Endothelial -> Mural / pericyte","ls_nmf","bridge",NA
"EGFL7",17.4,0.156,"pancreas","Endothelial -> Mural / pericyte","ls_nmf","bridge",NA
"PECAM1",163.7,0.667,"pancreas","Endothelial -> Mural / pericyte","ls_nmf","bridge",NA
"ADGRL4",56.1,0.158,"pancreas","Endothelial -> Mural / pericyte","ls_nmf","bridge",NA
"ACKR1",12.3,1,"pancreas","Endothelial -> Mural / pericyte","ls_nmf","bridge",NA
"ECSCR",42.3,0.901,"pancreas","Endothelial -> Mural / pericyte","ls_nmf","bridge",NA
"RAMP2",17.3,0.325,"pancreas","Endothelial -> Mural / pericyte","ls_nmf","bridge",NA
"CD34",79.6,0.427,"pancreas","Endothelial -> Mural / pericyte","ls_nmf","bridge",NA
"TM4SF18",8.2,0.469,"pancreas","Endothelial -> Mural / pericyte","ls_nmf","bridge",NA
"CD93",121.9,0.47,"pancreas","Endothelial -> Mural / pericyte","ls_nmf","bridge",NA
"SOX17",8.3,0.96,"pancreas","Endothelial -> Mural / pericyte","ls_nmf","bridge",NA
"NPDC1",16.5,0.198,"pancreas","Endothelial -> Mural / pericyte","ls_nmf","bridge",NA
"IL3RA",1.5,-0.504,"pancreas","Endothelial -> Mural / pericyte","ls_nmf","bridge",NA
"BTNL9",2.1,0.903,"pancreas","Endothelial -> Mural / pericyte","ls_nmf","bridge",NA
"MMRN2",28.7,0.483,"pancreas","Endothelial -> Mural / pericyte","ls_nmf","bridge",NA
"TCIM",52.2,0.549,"pancreas","Endothelial -> Mural / pericyte","ls_nmf","bridge",NA
"SH2D3C",13.6,0.273,"pancreas","Endothelial -> Mural / pericyte","ls_nmf","bridge",NA
"S100A12",4.4,0.814,"pancreas","Endothelial -> Mural / pericyte","ls_nmf","bridge",NA
"AMY2A",148714.4,0.715,"pancreas","Exocrine epithelial -> Ductal/tumor epithelial","ls_nmf","bridge",NA
"AQP8",11323.4,0.996,"pancreas","Exocrine epithelial -> Ductal/tumor epithelial","ls_nmf","bridge",NA
"GATM",61550.5,0.754,"pancreas","Exocrine epithelial -> Ductal/tumor epithelial","ls_nmf","bridge",NA
"ANPEP",9594,0.698,"pancreas","Exocrine epithelial -> Ductal/tumor epithelial","ls_nmf","bridge",NA
"DPEP1",911.6,0.99,"pancreas","Exocrine epithelial -> Ductal/tumor epithelial","ls_nmf","bridge",NA
"KCNK3",1575.5,0.878,"pancreas","Exocrine epithelial -> Ductal/tumor epithelial","ls_nmf","bridge",NA
"KLK11",659.5,0.871,"pancreas","Exocrine epithelial -> Ductal/tumor epithelial","ls_nmf","bridge",NA
"CPA3",743.1,0.868,"pancreas","Exocrine epithelial -> Ductal/tumor epithelial","ls_nmf","bridge",NA
"GPC3",962.9,0.893,"pancreas","Exocrine epithelial -> Ductal/tumor epithelial","ls_nmf","bridge",NA
"UMOD",247.7,0.99,"pancreas","Exocrine epithelial -> Ductal/tumor epithelial","ls_nmf","bridge",NA
"PROX1",11709.7,0.259,"pancreas","Exocrine epithelial -> Ductal/tumor epithelial","ls_nmf","bridge",NA
"PEBP4",65.9,0.932,"pancreas","Exocrine epithelial -> Ductal/tumor epithelial","ls_nmf","bridge",NA
"DIRAS3",492.3,0.71,"pancreas","Exocrine epithelial -> Ductal/tumor epithelial","ls_nmf","bridge",NA
"HAMP",474.1,0.963,"pancreas","Exocrine epithelial -> Ductal/tumor epithelial","ls_nmf","bridge",NA
"CFTR",110866.7,0.2,"pancreas","Exocrine epithelial -> Ductal/tumor epithelial","ls_nmf","bridge",NA
"CA4",1681,0.233,"pancreas","Exocrine epithelial -> Ductal/tumor epithelial","ls_nmf","bridge",NA
"MLANA",14.9,1,"pancreas","Exocrine epithelial -> Ductal/tumor epithelial","ls_nmf","bridge",NA
"FKBP11",477.9,1,"pancreas","Exocrine epithelial -> Ductal/tumor epithelial","ls_nmf","bridge",NA
"GLYATL1",51.9,0.813,"pancreas","Exocrine epithelial -> Ductal/tumor epithelial","ls_nmf","bridge",NA
"UPK3B",14.7,0.366,"pancreas","Exocrine epithelial -> Ductal/tumor epithelial","ls_nmf","bridge",NA
"KLK11",12.3,0,"pancreas","Exocrine epithelial -> Endocrine","ls_nmf","bridge",NA
"ANPEP",111.6,0.027,"pancreas","Exocrine epithelial -> Endocrine","ls_nmf","bridge",NA
"AQP8",180.5,0,"pancreas","Exocrine epithelial -> Endocrine","ls_nmf","bridge",NA
"GATM",1054.2,0.003,"pancreas","Exocrine epithelial -> Endocrine","ls_nmf","bridge",NA
"MYC",18.8,-0.147,"pancreas","Exocrine epithelial -> Endocrine","ls_nmf","bridge",NA
"HAMP",6.4,0,"pancreas","Exocrine epithelial -> Endocrine","ls_nmf","bridge",NA
"DPEP1",16.3,0.243,"pancreas","Exocrine epithelial -> Endocrine","ls_nmf","bridge",NA
"UMOD",5.4,0,"pancreas","Exocrine epithelial -> Endocrine","ls_nmf","bridge",NA
"AMY2A",3864.7,0.005,"pancreas","Exocrine epithelial -> Endocrine","ls_nmf","bridge",NA
"CFTR",686.1,0.001,"pancreas","Exocrine epithelial -> Endocrine","ls_nmf","bridge",NA
"COCH",5,0.351,"pancreas","Exocrine epithelial -> Endocrine","ls_nmf","bridge",NA
"GLYATL1",2.1,0,"pancreas","Exocrine epithelial -> Endocrine","ls_nmf","bridge",NA
"GPC3",41,0.042,"pancreas","Exocrine epithelial -> Endocrine","ls_nmf","bridge",NA
"FKBP11",47.1,0.027,"pancreas","Exocrine epithelial -> Endocrine","ls_nmf","bridge",NA
"CA4",10.1,0,"pancreas","Exocrine epithelial -> Endocrine","ls_nmf","bridge",NA
"UPK3B",5.1,-0.165,"pancreas","Exocrine epithelial -> Endocrine","ls_nmf","bridge",NA
"RIDA",22.7,0.042,"pancreas","Exocrine epithelial -> Endocrine","ls_nmf","bridge",NA
"MLANA",0.1,-0.857,"pancreas","Exocrine epithelial -> Endocrine","ls_nmf","bridge",NA
"CPA3",0,0,"pancreas","Exocrine epithelial -> Endocrine","ls_nmf","bridge",NA
"SMYD2",4.8,0.107,"pancreas","Exocrine epithelial -> Endocrine","ls_nmf","bridge",NA
"AQP8",1910.5,0,"pancreas","Exocrine epithelial -> Endothelial","ls_nmf","bridge",NA
"GATM",10092.4,0.013,"pancreas","Exocrine epithelial -> Endothelial","ls_nmf","bridge",NA
"AMY2A",27517.6,0.014,"pancreas","Exocrine epithelial -> Endothelial","ls_nmf","bridge",NA
"KLK11",129.5,-0.001,"pancreas","Exocrine epithelial -> Endothelial","ls_nmf","bridge",NA
"ANPEP",1195.7,0.002,"pancreas","Exocrine epithelial -> Endothelial","ls_nmf","bridge",NA
"CFTR",3501.1,0.293,"pancreas","Exocrine epithelial -> Endothelial","ls_nmf","bridge",NA
"DPEP1",125.7,0.004,"pancreas","Exocrine epithelial -> Endothelial","ls_nmf","bridge",NA
"KCNK3",203.5,-0.085,"pancreas","Exocrine epithelial -> Endothelial","ls_nmf","bridge",NA
"UMOD",18.9,-0.32,"pancreas","Exocrine epithelial -> Endothelial","ls_nmf","bridge",NA
"CA4",123.8,0.066,"pancreas","Exocrine epithelial -> Endothelial","ls_nmf","bridge",NA
"DIRAS3",40.7,-0.161,"pancreas","Exocrine epithelial -> Endothelial","ls_nmf","bridge",NA
"PROX1",481.4,0.196,"pancreas","Exocrine epithelial -> Endothelial","ls_nmf","bridge",NA
"FKBP11",361.8,-0.063,"pancreas","Exocrine epithelial -> Endothelial","ls_nmf","bridge",NA
"PEBP4",15.3,-0.002,"pancreas","Exocrine epithelial -> Endothelial","ls_nmf","bridge",NA
"AQP3",74.9,-0.051,"pancreas","Exocrine epithelial -> Endothelial","ls_nmf","bridge",NA
"HAMP",78.3,-0.131,"pancreas","Exocrine epithelial -> Endothelial","ls_nmf","bridge",NA
"GLYATL1",11.4,-0.115,"pancreas","Exocrine epithelial -> Endothelial","ls_nmf","bridge",NA
"RIDA",49.3,-0.174,"pancreas","Exocrine epithelial -> Endothelial","ls_nmf","bridge",NA
"COCH",33.3,-0.524,"pancreas","Exocrine epithelial -> Endothelial","ls_nmf","bridge",NA
"CPA3",83.3,0,"pancreas","Exocrine epithelial -> Endothelial","ls_nmf","bridge",NA
"AQP8",1345.4,0.001,"pancreas","Exocrine epithelial -> Fibroblast / CAF","ls_nmf","bridge",NA
"GATM",7976.2,0.004,"pancreas","Exocrine epithelial -> Fibroblast / CAF","ls_nmf","bridge",NA
"AMY2A",21865.4,0.007,"pancreas","Exocrine epithelial -> Fibroblast / CAF","ls_nmf","bridge",NA
"KLK11",76.9,0.01,"pancreas","Exocrine epithelial -> Fibroblast / CAF","ls_nmf","bridge",NA
"CFTR",5032.3,0.004,"pancreas","Exocrine epithelial -> Fibroblast / CAF","ls_nmf","bridge",NA
"ANPEP",859.7,0.007,"pancreas","Exocrine epithelial -> Fibroblast / CAF","ls_nmf","bridge",NA
"PROX1",703.3,0.004,"pancreas","Exocrine epithelial -> Fibroblast / CAF","ls_nmf","bridge",NA
"KCNK3",184.4,-0.003,"pancreas","Exocrine epithelial -> Fibroblast / CAF","ls_nmf","bridge",NA
"UMOD",15.1,-0.013,"pancreas","Exocrine epithelial -> Fibroblast / CAF","ls_nmf","bridge",NA
"DIRAS3",42,0.035,"pancreas","Exocrine epithelial -> Fibroblast / CAF","ls_nmf","bridge",NA
"CA4",111.3,0.002,"pancreas","Exocrine epithelial -> Fibroblast / CAF","ls_nmf","bridge",NA
"HAMP",78.8,-0.003,"pancreas","Exocrine epithelial -> Fibroblast / CAF","ls_nmf","bridge",NA
"AQP3",59.6,0.033,"pancreas","Exocrine epithelial -> Fibroblast / CAF","ls_nmf","bridge",NA
"RIDA",90.2,-0.06,"pancreas","Exocrine epithelial -> Fibroblast / CAF","ls_nmf","bridge",NA
"DPEP1",70.1,0.005,"pancreas","Exocrine epithelial -> Fibroblast / CAF","ls_nmf","bridge",NA
"GLYATL1",3,-0.141,"pancreas","Exocrine epithelial -> Fibroblast / CAF","ls_nmf","bridge",NA
"FKBP11",206.9,-0.011,"pancreas","Exocrine epithelial -> Fibroblast / CAF","ls_nmf","bridge",NA
"MYC",206.1,-0.035,"pancreas","Exocrine epithelial -> Fibroblast / CAF","ls_nmf","bridge",NA
"COCH",34.4,-0.031,"pancreas","Exocrine epithelial -> Fibroblast / CAF","ls_nmf","bridge",NA
"PEBP4",0.3,0,"pancreas","Exocrine epithelial -> Fibroblast / CAF","ls_nmf","bridge",NA
"AQP8",1465.3,0,"pancreas","Exocrine epithelial -> Immune","ls_nmf","bridge",NA
"GATM",9605.1,0.005,"pancreas","Exocrine epithelial -> Immune","ls_nmf","bridge",NA
"AMY2A",27334.7,0.007,"pancreas","Exocrine epithelial -> Immune","ls_nmf","bridge",NA
"CFTR",5611,0.003,"pancreas","Exocrine epithelial -> Immune","ls_nmf","bridge",NA
"KLK11",114.3,0.015,"pancreas","Exocrine epithelial -> Immune","ls_nmf","bridge",NA
"PROX1",709.9,-0.013,"pancreas","Exocrine epithelial -> Immune","ls_nmf","bridge",NA
"KCNK3",209.5,-0.019,"pancreas","Exocrine epithelial -> Immune","ls_nmf","bridge",NA
"ANPEP",1045.8,-0.005,"pancreas","Exocrine epithelial -> Immune","ls_nmf","bridge",NA
"DPEP1",98.6,-0.072,"pancreas","Exocrine epithelial -> Immune","ls_nmf","bridge",NA
"UMOD",22.3,-0.124,"pancreas","Exocrine epithelial -> Immune","ls_nmf","bridge",NA
"CA4",59.6,0.025,"pancreas","Exocrine epithelial -> Immune","ls_nmf","bridge",NA
"DIRAS3",61.3,-0.108,"pancreas","Exocrine epithelial -> Immune","ls_nmf","bridge",NA
"MYC",9.3,-2.716,"pancreas","Exocrine epithelial -> Immune","ls_nmf","bridge",NA
"FKBP11",195.7,-0.203,"pancreas","Exocrine epithelial -> Immune","ls_nmf","bridge",NA
"GLYATL1",6.9,-0.212,"pancreas","Exocrine epithelial -> Immune","ls_nmf","bridge",NA
"RIDA",43.9,-0.423,"pancreas","Exocrine epithelial -> Immune","ls_nmf","bridge",NA
"AQP3",15.4,0.108,"pancreas","Exocrine epithelial -> Immune","ls_nmf","bridge",NA
"PEBP4",0,NA,"pancreas","Exocrine epithelial -> Immune","ls_nmf","bridge",NA
"COCH",20.4,-0.351,"pancreas","Exocrine epithelial -> Immune","ls_nmf","bridge",NA
"GPC3",178,0.06,"pancreas","Exocrine epithelial -> Immune","ls_nmf","bridge",NA
"AQP8",9.2,1,"pancreas","Exocrine epithelial -> Mural / pericyte","ls_nmf","bridge",NA
"GATM",78.3,0.966,"pancreas","Exocrine epithelial -> Mural / pericyte","ls_nmf","bridge",NA
"AMY2A",443.6,0.958,"pancreas","Exocrine epithelial -> Mural / pericyte","ls_nmf","bridge",NA
"CFTR",76.4,0.259,"pancreas","Exocrine epithelial -> Mural / pericyte","ls_nmf","bridge",NA
"ANPEP",16.5,0.457,"pancreas","Exocrine epithelial -> Mural / pericyte","ls_nmf","bridge",NA
"PROX1",7.3,0.734,"pancreas","Exocrine epithelial -> Mural / pericyte","ls_nmf","bridge",NA
"KLK11",0,NA,"pancreas","Exocrine epithelial -> Mural / pericyte","ls_nmf","bridge",NA
"DPEP1",2,0.787,"pancreas","Exocrine epithelial -> Mural / pericyte","ls_nmf","bridge",NA
"CA4",2.9,0.451,"pancreas","Exocrine epithelial -> Mural / pericyte","ls_nmf","bridge",NA
"FKBP11",7.3,0.431,"pancreas","Exocrine epithelial -> Mural / pericyte","ls_nmf","bridge",NA
"HAMP",0.8,1,"pancreas","Exocrine epithelial -> Mural / pericyte","ls_nmf","bridge",NA
"UMOD",0.1,-0.34,"pancreas","Exocrine epithelial -> Mural / pericyte","ls_nmf","bridge",NA
"GLYATL1",0,NA,"pancreas","Exocrine epithelial -> Mural / pericyte","ls_nmf","bridge",NA
"DIRAS3",0,-0.447,"pancreas","Exocrine epithelial -> Mural / pericyte","ls_nmf","bridge",NA
"RIDA",3.7,0.858,"pancreas","Exocrine epithelial -> Mural / pericyte","ls_nmf","bridge",NA
"AQP3",0,NA,"pancreas","Exocrine epithelial -> Mural / pericyte","ls_nmf","bridge",NA
"SMYD2",4.3,0.573,"pancreas","Exocrine epithelial -> Mural / pericyte","ls_nmf","bridge",NA
"COCH",0.8,0.545,"pancreas","Exocrine epithelial -> Mural / pericyte","ls_nmf","bridge",NA
"UPK3B",1.7,0,"pancreas","Exocrine epithelial -> Mural / pericyte","ls_nmf","bridge",NA
"PEBP4",0,NA,"pancreas","Exocrine epithelial -> Mural / pericyte","ls_nmf","bridge",NA
"SFRP2",2578.9,0.974,"pancreas","Fibroblast / CAF -> Ductal/tumor epithelial","ls_nmf","bridge",NA
"THBS2",2050.8,0.659,"pancreas","Fibroblast / CAF -> Ductal/tumor epithelial","ls_nmf","bridge",NA
"COL5A2",2981.2,0.833,"pancreas","Fibroblast / CAF -> Ductal/tumor epithelial","ls_nmf","bridge",NA
"SFRP4",1182,0.409,"pancreas","Fibroblast / CAF -> Ductal/tumor epithelial","ls_nmf","bridge",NA
"FBN1",2730.7,0.907,"pancreas","Fibroblast / CAF -> Ductal/tumor epithelial","ls_nmf","bridge",NA
"PDGFRA",432.6,0.496,"pancreas","Fibroblast / CAF -> Ductal/tumor epithelial","ls_nmf","bridge",NA
"MFAP5",213.3,0.498,"pancreas","Fibroblast / CAF -> Ductal/tumor epithelial","ls_nmf","bridge",NA
"ASPN",1313.5,0.514,"pancreas","Fibroblast / CAF -> Ductal/tumor epithelial","ls_nmf","bridge",NA
"THY1",1071.3,0.481,"pancreas","Fibroblast / CAF -> Ductal/tumor epithelial","ls_nmf","bridge",NA
"C7",285.9,0.263,"pancreas","Fibroblast / CAF -> Ductal/tumor epithelial","ls_nmf","bridge",NA
"PTGDS",244.7,0.508,"pancreas","Fibroblast / CAF -> Ductal/tumor epithelial","ls_nmf","bridge",NA
"LTBP2",3544,0.198,"pancreas","Fibroblast / CAF -> Ductal/tumor epithelial","ls_nmf","bridge",NA
"INMT",448.1,0.291,"pancreas","Fibroblast / CAF -> Ductal/tumor epithelial","ls_nmf","bridge",NA
"PCOLCE",305.9,0.273,"pancreas","Fibroblast / CAF -> Ductal/tumor epithelial","ls_nmf","bridge",NA
"PDPN",1051.9,0.238,"pancreas","Fibroblast / CAF -> Ductal/tumor epithelial","ls_nmf","bridge",NA
"FBLN1",659.2,0.42,"pancreas","Fibroblast / CAF -> Ductal/tumor epithelial","ls_nmf","bridge",NA
"SRPX",354.6,0.247,"pancreas","Fibroblast / CAF -> Ductal/tumor epithelial","ls_nmf","bridge",NA
"CTSK",2273.5,0.26,"pancreas","Fibroblast / CAF -> Ductal/tumor epithelial","ls_nmf","bridge",NA
"IGF1",151,0.035,"pancreas","Fibroblast / CAF -> Ductal/tumor epithelial","ls_nmf","bridge",NA
"RGS16",206.7,0.248,"pancreas","Fibroblast / CAF -> Ductal/tumor epithelial","ls_nmf","bridge",NA
"MFAP5",7.5,0.764,"pancreas","Fibroblast / CAF -> Endocrine","ls_nmf","bridge",NA
"THBS2",35.1,0.943,"pancreas","Fibroblast / CAF -> Endocrine","ls_nmf","bridge",NA
"VCAN",141.7,0.678,"pancreas","Fibroblast / CAF -> Endocrine","ls_nmf","bridge",NA
"COL5A2",81.6,0.991,"pancreas","Fibroblast / CAF -> Endocrine","ls_nmf","bridge",NA
"BASP1",63.5,0.787,"pancreas","Fibroblast / CAF -> Endocrine","ls_nmf","bridge",NA
"SEMA3C",58,0.397,"pancreas","Fibroblast / CAF -> Endocrine","ls_nmf","bridge",NA
"FBN1",122.2,0.709,"pancreas","Fibroblast / CAF -> Endocrine","ls_nmf","bridge",NA
"LTBP2",76.6,0.314,"pancreas","Fibroblast / CAF -> Endocrine","ls_nmf","bridge",NA
"PDGFRA",72.5,0.427,"pancreas","Fibroblast / CAF -> Endocrine","ls_nmf","bridge",NA
"SFRP2",171.8,0.883,"pancreas","Fibroblast / CAF -> Endocrine","ls_nmf","bridge",NA
"SFRP4",134.6,0.327,"pancreas","Fibroblast / CAF -> Endocrine","ls_nmf","bridge",NA
"CTSK",65.1,0.477,"pancreas","Fibroblast / CAF -> Endocrine","ls_nmf","bridge",NA
"THY1",53.6,0.364,"pancreas","Fibroblast / CAF -> Endocrine","ls_nmf","bridge",NA
"PTGDS",61.5,0.333,"pancreas","Fibroblast / CAF -> Endocrine","ls_nmf","bridge",NA
"PMP22",45.1,0.577,"pancreas","Fibroblast / CAF -> Endocrine","ls_nmf","bridge",NA
"PDPN",28.1,0.825,"pancreas","Fibroblast / CAF -> Endocrine","ls_nmf","bridge",NA
"FBLN1",142.7,0.309,"pancreas","Fibroblast / CAF -> Endocrine","ls_nmf","bridge",NA
"PCOLCE",17,0.353,"pancreas","Fibroblast / CAF -> Endocrine","ls_nmf","bridge",NA
"ASPN",142.2,0.352,"pancreas","Fibroblast / CAF -> Endocrine","ls_nmf","bridge",NA
"INMT",27.6,0.311,"pancreas","Fibroblast / CAF -> Endocrine","ls_nmf","bridge",NA
"THBS2",586,0.98,"pancreas","Fibroblast / CAF -> Endothelial","ls_nmf","bridge",NA
"VCAN",1709,0.991,"pancreas","Fibroblast / CAF -> Endothelial","ls_nmf","bridge",NA
"SFRP2",1815.3,0.95,"pancreas","Fibroblast / CAF -> Endothelial","ls_nmf","bridge",NA
"MFAP5",68.1,0.972,"pancreas","Fibroblast / CAF -> Endothelial","ls_nmf","bridge",NA
"PDPN",460.9,0.511,"pancreas","Fibroblast / CAF -> Endothelial","ls_nmf","bridge",NA
"SEMA3C",230.6,1,"pancreas","Fibroblast / CAF -> Endothelial","ls_nmf","bridge",NA
"CTSK",942.3,0.529,"pancreas","Fibroblast / CAF -> Endothelial","ls_nmf","bridge",NA
"LTBP2",701.8,0.606,"pancreas","Fibroblast / CAF -> Endothelial","ls_nmf","bridge",NA
"COL5A2",1779.4,0.769,"pancreas","Fibroblast / CAF -> Endothelial","ls_nmf","bridge",NA
"PDGFRA",327.6,0.785,"pancreas","Fibroblast / CAF -> Endothelial","ls_nmf","bridge",NA
"SFRP4",589.4,0.692,"pancreas","Fibroblast / CAF -> Endothelial","ls_nmf","bridge",NA
"BASP1",534.6,0.616,"pancreas","Fibroblast / CAF -> Endothelial","ls_nmf","bridge",NA
"FBLN1",765.1,0.569,"pancreas","Fibroblast / CAF -> Endothelial","ls_nmf","bridge",NA
"IGF1",163.8,0.477,"pancreas","Fibroblast / CAF -> Endothelial","ls_nmf","bridge",NA
"PTGDS",258.6,0.488,"pancreas","Fibroblast / CAF -> Endothelial","ls_nmf","bridge",NA
"GEM",446.9,0.613,"pancreas","Fibroblast / CAF -> Endothelial","ls_nmf","bridge",NA
"THY1",1575.4,0.496,"pancreas","Fibroblast / CAF -> Endothelial","ls_nmf","bridge",NA
"FBN1",2035.1,0.4,"pancreas","Fibroblast / CAF -> Endothelial","ls_nmf","bridge",NA
"RGS16",181.3,0.67,"pancreas","Fibroblast / CAF -> Endothelial","ls_nmf","bridge",NA
"PCOLCE",339.1,0.688,"pancreas","Fibroblast / CAF -> Endothelial","ls_nmf","bridge",NA
"VCAN",1269.4,0.985,"pancreas","Fibroblast / CAF -> Exocrine epithelial","ls_nmf","bridge",NA
"THBS2",444.9,0.997,"pancreas","Fibroblast / CAF -> Exocrine epithelial","ls_nmf","bridge",NA
"COL5A2",563.1,0.981,"pancreas","Fibroblast / CAF -> Exocrine epithelial","ls_nmf","bridge",NA
"SFRP2",1430,0.984,"pancreas","Fibroblast / CAF -> Exocrine epithelial","ls_nmf","bridge",NA
"FBN1",949.3,0.936,"pancreas","Fibroblast / CAF -> Exocrine epithelial","ls_nmf","bridge",NA
"MFAP5",72.9,0.555,"pancreas","Fibroblast / CAF -> Exocrine epithelial","ls_nmf","bridge",NA
"CTSK",445.7,0.981,"pancreas","Fibroblast / CAF -> Exocrine epithelial","ls_nmf","bridge",NA
"GEM",380.7,0.412,"pancreas","Fibroblast / CAF -> Exocrine epithelial","ls_nmf","bridge",NA
"SEMA3C",239.1,0.974,"pancreas","Fibroblast / CAF -> Exocrine epithelial","ls_nmf","bridge",NA
"LTBP2",904.2,0.512,"pancreas","Fibroblast / CAF -> Exocrine epithelial","ls_nmf","bridge",NA
"BASP1",294.4,1,"pancreas","Fibroblast / CAF -> Exocrine epithelial","ls_nmf","bridge",NA
"SFRP4",1255.7,0.393,"pancreas","Fibroblast / CAF -> Exocrine epithelial","ls_nmf","bridge",NA
"THY1",447,0.418,"pancreas","Fibroblast / CAF -> Exocrine epithelial","ls_nmf","bridge",NA
"PDGFRA",559,0.365,"pancreas","Fibroblast / CAF -> Exocrine epithelial","ls_nmf","bridge",NA
"FBLN1",1002.5,0.376,"pancreas","Fibroblast / CAF -> Exocrine epithelial","ls_nmf","bridge",NA
"ASPN",845.4,0.414,"pancreas","Fibroblast / CAF -> Exocrine epithelial","ls_nmf","bridge",NA
"PDPN",332.1,0.574,"pancreas","Fibroblast / CAF -> Exocrine epithelial","ls_nmf","bridge",NA
"PTGDS",207.4,0.504,"pancreas","Fibroblast / CAF -> Exocrine epithelial","ls_nmf","bridge",NA
"PCOLCE",150.5,0.519,"pancreas","Fibroblast / CAF -> Exocrine epithelial","ls_nmf","bridge",NA
"PMP22",543.3,0.541,"pancreas","Fibroblast / CAF -> Exocrine epithelial","ls_nmf","bridge",NA
"SFRP2",3464.4,0.482,"pancreas","Fibroblast / CAF -> Immune","ls_nmf","bridge",NA
"THBS2",2252.7,0.874,"pancreas","Fibroblast / CAF -> Immune","ls_nmf","bridge",NA
"COL5A2",2679.1,0.758,"pancreas","Fibroblast / CAF -> Immune","ls_nmf","bridge",NA
"FBN1",3329.1,0.444,"pancreas","Fibroblast / CAF -> Immune","ls_nmf","bridge",NA
"VCAN",5767.5,0.488,"pancreas","Fibroblast / CAF -> Immune","ls_nmf","bridge",NA
"CTSK",2718.2,0.401,"pancreas","Fibroblast / CAF -> Immune","ls_nmf","bridge",NA
"PDGFRA",1127.5,0.547,"pancreas","Fibroblast / CAF -> Immune","ls_nmf","bridge",NA
"FBLN1",2469.9,0.499,"pancreas","Fibroblast / CAF -> Immune","ls_nmf","bridge",NA
"SFRP4",3399.4,0.375,"pancreas","Fibroblast / CAF -> Immune","ls_nmf","bridge",NA
"MFAP5",594.9,0.441,"pancreas","Fibroblast / CAF -> Immune","ls_nmf","bridge",NA
"LTBP2",2176.2,0.496,"pancreas","Fibroblast / CAF -> Immune","ls_nmf","bridge",NA
"THY1",1569.4,0.54,"pancreas","Fibroblast / CAF -> Immune","ls_nmf","bridge",NA
"GEM",1207,0.546,"pancreas","Fibroblast / CAF -> Immune","ls_nmf","bridge",NA
"PCOLCE",441.8,0.557,"pancreas","Fibroblast / CAF -> Immune","ls_nmf","bridge",NA
"ASPN",2098.9,0.435,"pancreas","Fibroblast / CAF -> Immune","ls_nmf","bridge",NA
"SEMA3C",906.8,0.454,"pancreas","Fibroblast / CAF -> Immune","ls_nmf","bridge",NA
"PTGDS",962.6,0.41,"pancreas","Fibroblast / CAF -> Immune","ls_nmf","bridge",NA
"INMT",614.1,0.46,"pancreas","Fibroblast / CAF -> Immune","ls_nmf","bridge",NA
"APCDD1",384.4,0.827,"pancreas","Fibroblast / CAF -> Immune","ls_nmf","bridge",NA
"SRPX",471.9,0.642,"pancreas","Fibroblast / CAF -> Immune","ls_nmf","bridge",NA
"SFRP2",101.7,0.039,"pancreas","Fibroblast / CAF -> Mural / pericyte","ls_nmf","bridge",NA
"MFAP5",53.5,0.224,"pancreas","Fibroblast / CAF -> Mural / pericyte","ls_nmf","bridge",NA
"VCAN",110.6,0.002,"pancreas","Fibroblast / CAF -> Mural / pericyte","ls_nmf","bridge",NA
"FBLN1",269,0.071,"pancreas","Fibroblast / CAF -> Mural / pericyte","ls_nmf","bridge",NA
"SFRP4",216.4,0.133,"pancreas","Fibroblast / CAF -> Mural / pericyte","ls_nmf","bridge",NA
"THY1",275.2,0.134,"pancreas","Fibroblast / CAF -> Mural / pericyte","ls_nmf","bridge",NA
"CTSK",142.1,0.142,"pancreas","Fibroblast / CAF -> Mural / pericyte","ls_nmf","bridge",NA
"BASP1",151.2,0.105,"pancreas","Fibroblast / CAF -> Mural / pericyte","ls_nmf","bridge",NA
"PTGDS",59.5,0.202,"pancreas","Fibroblast / CAF -> Mural / pericyte","ls_nmf","bridge",NA
"PDPN",109.4,0.149,"pancreas","Fibroblast / CAF -> Mural / pericyte","ls_nmf","bridge",NA
"MEST",56.7,-0.073,"pancreas","Fibroblast / CAF -> Mural / pericyte","ls_nmf","bridge",NA
"ALDH1A3",33.7,0.069,"pancreas","Fibroblast / CAF -> Mural / pericyte","ls_nmf","bridge",NA
"LTBP2",192.5,0.094,"pancreas","Fibroblast / CAF -> Mural / pericyte","ls_nmf","bridge",NA
"PDGFRA",46.7,0.132,"pancreas","Fibroblast / CAF -> Mural / pericyte","ls_nmf","bridge",NA
"THBS2",134,0.067,"pancreas","Fibroblast / CAF -> Mural / pericyte","ls_nmf","bridge",NA
"COL5A2",351.4,0.055,"pancreas","Fibroblast / CAF -> Mural / pericyte","ls_nmf","bridge",NA
"SEMA3C",22.1,0.276,"pancreas","Fibroblast / CAF -> Mural / pericyte","ls_nmf","bridge",NA
"IGF1",29.9,0.155,"pancreas","Fibroblast / CAF -> Mural / pericyte","ls_nmf","bridge",NA
"DPT",17.5,-0.104,"pancreas","Fibroblast / CAF -> Mural / pericyte","ls_nmf","bridge",NA
"C7",72.8,0.062,"pancreas","Fibroblast / CAF -> Mural / pericyte","ls_nmf","bridge",NA
"IL7R",262,0.99,"pancreas","Immune -> Ductal/tumor epithelial","ls_nmf","bridge",NA
"CD163",440.6,0.432,"pancreas","Immune -> Ductal/tumor epithelial","ls_nmf","bridge",NA
"PTPRC",631.8,0.732,"pancreas","Immune -> Ductal/tumor epithelial","ls_nmf","bridge",NA
"MRC1",251.6,0.522,"pancreas","Immune -> Ductal/tumor epithelial","ls_nmf","bridge",NA
"CD8A",129.8,0.965,"pancreas","Immune -> Ductal/tumor epithelial","ls_nmf","bridge",NA
"MS4A4A",353,0.344,"pancreas","Immune -> Ductal/tumor epithelial","ls_nmf","bridge",NA
"CCL5",240,0.725,"pancreas","Immune -> Ductal/tumor epithelial","ls_nmf","bridge",NA
"VSIG4",311.7,0.33,"pancreas","Immune -> Ductal/tumor epithelial","ls_nmf","bridge",NA
"MS4A6A",739.1,0.381,"pancreas","Immune -> Ductal/tumor epithelial","ls_nmf","bridge",NA
"GZMK",46.8,0.548,"pancreas","Immune -> Ductal/tumor epithelial","ls_nmf","bridge",NA
"CD2",78.3,0.985,"pancreas","Immune -> Ductal/tumor epithelial","ls_nmf","bridge",NA
"GZMA",79.4,1,"pancreas","Immune -> Ductal/tumor epithelial","ls_nmf","bridge",NA
"FCGR3A",570.9,0.385,"pancreas","Immune -> Ductal/tumor epithelial","ls_nmf","bridge",NA
"LILRB4",89.2,0.462,"pancreas","Immune -> Ductal/tumor epithelial","ls_nmf","bridge",NA
"GPR183",301.3,0.471,"pancreas","Immune -> Ductal/tumor epithelial","ls_nmf","bridge",NA
"CYTIP",306.8,0.591,"pancreas","Immune -> Ductal/tumor epithelial","ls_nmf","bridge",NA
"FGL2",380.1,0.351,"pancreas","Immune -> Ductal/tumor epithelial","ls_nmf","bridge",NA
"KLRB1",143.5,0.967,"pancreas","Immune -> Ductal/tumor epithelial","ls_nmf","bridge",NA
"IGSF6",345.7,0.253,"pancreas","Immune -> Ductal/tumor epithelial","ls_nmf","bridge",NA
"TRAC",207.7,1,"pancreas","Immune -> Ductal/tumor epithelial","ls_nmf","bridge",NA
"IL7R",13.5,0,"pancreas","Immune -> Endocrine","ls_nmf","bridge",NA
"PLA2G7",8.1,0.159,"pancreas","Immune -> Endocrine","ls_nmf","bridge",NA
"CD163",18,0.218,"pancreas","Immune -> Endocrine","ls_nmf","bridge",NA
"CSF2RA",19.7,0.185,"pancreas","Immune -> Endocrine","ls_nmf","bridge",NA
"CXCR4",34.3,0.037,"pancreas","Immune -> Endocrine","ls_nmf","bridge",NA
"TRAC",20.2,0.131,"pancreas","Immune -> Endocrine","ls_nmf","bridge",NA
"MS4A6A",31.2,0.309,"pancreas","Immune -> Endocrine","ls_nmf","bridge",NA
"CD2",7.7,-0.012,"pancreas","Immune -> Endocrine","ls_nmf","bridge",NA
"CD3E",9,0,"pancreas","Immune -> Endocrine","ls_nmf","bridge",NA
"VSIG4",12.3,0.023,"pancreas","Immune -> Endocrine","ls_nmf","bridge",NA
"MS4A1",0.6,-0.426,"pancreas","Immune -> Endocrine","ls_nmf","bridge",NA
"MS4A4A",21,0.174,"pancreas","Immune -> Endocrine","ls_nmf","bridge",NA
"CCL5",16.1,0.186,"pancreas","Immune -> Endocrine","ls_nmf","bridge",NA
"TREM2",8.8,-0.041,"pancreas","Immune -> Endocrine","ls_nmf","bridge",NA
"PTPRC",38.6,0.078,"pancreas","Immune -> Endocrine","ls_nmf","bridge",NA
"FCGR3A",14.9,0.086,"pancreas","Immune -> Endocrine","ls_nmf","bridge",NA
"GZMK",7.8,0,"pancreas","Immune -> Endocrine","ls_nmf","bridge",NA
"LILRB4",1.6,1,"pancreas","Immune -> Endocrine","ls_nmf","bridge",NA
"CLEC4E",10.7,0.28,"pancreas","Immune -> Endocrine","ls_nmf","bridge",NA
"GPR183",11.4,0.144,"pancreas","Immune -> Endocrine","ls_nmf","bridge",NA
"IL7R",283.6,0.035,"pancreas","Immune -> Endothelial","ls_nmf","bridge",NA
"LILRB4",36.1,0.195,"pancreas","Immune -> Endothelial","ls_nmf","bridge",NA
"GZMK",44.1,0.115,"pancreas","Immune -> Endothelial","ls_nmf","bridge",NA
"PLA2G7",145.3,0.29,"pancreas","Immune -> Endothelial","ls_nmf","bridge",NA
"CD163",188.7,0.286,"pancreas","Immune -> Endothelial","ls_nmf","bridge",NA
"TREM2",89.2,0.337,"pancreas","Immune -> Endothelial","ls_nmf","bridge",NA
"PTPRC",350.2,0.086,"pancreas","Immune -> Endothelial","ls_nmf","bridge",NA
"CD2",83.3,0.144,"pancreas","Immune -> Endothelial","ls_nmf","bridge",NA
"VSIG4",90.4,0.134,"pancreas","Immune -> Endothelial","ls_nmf","bridge",NA
"CSF2RA",104.4,0.192,"pancreas","Immune -> Endothelial","ls_nmf","bridge",NA
"CD8A",130.4,0.023,"pancreas","Immune -> Endothelial","ls_nmf","bridge",NA
"MS4A6A",416.4,0.231,"pancreas","Immune -> Endothelial","ls_nmf","bridge",NA
"TRAC",258.6,0.294,"pancreas","Immune -> Endothelial","ls_nmf","bridge",NA
"HAVCR2",117.4,0.35,"pancreas","Immune -> Endothelial","ls_nmf","bridge",NA
"FOXP3",38.1,0.394,"pancreas","Immune -> Endothelial","ls_nmf","bridge",NA
"KLRB1",142.4,0.119,"pancreas","Immune -> Endothelial","ls_nmf","bridge",NA
"CTLA4",58.2,0.034,"pancreas","Immune -> Endothelial","ls_nmf","bridge",NA
"CYTIP",183.7,0.272,"pancreas","Immune -> Endothelial","ls_nmf","bridge",NA
"CCL5",196.6,0.087,"pancreas","Immune -> Endothelial","ls_nmf","bridge",NA
"MS4A1",43.1,0.159,"pancreas","Immune -> Endothelial","ls_nmf","bridge",NA
"IL7R",409.6,0.965,"pancreas","Immune -> Exocrine epithelial","ls_nmf","bridge",NA
"CXCR4",921,0.839,"pancreas","Immune -> Exocrine epithelial","ls_nmf","bridge",NA
"PLA2G7",237.9,0.948,"pancreas","Immune -> Exocrine epithelial","ls_nmf","bridge",NA
"PTPRC",661.5,0.986,"pancreas","Immune -> Exocrine epithelial","ls_nmf","bridge",NA
"TRAC",344.3,1,"pancreas","Immune -> Exocrine epithelial","ls_nmf","bridge",NA
"CD163",658.1,0.315,"pancreas","Immune -> Exocrine epithelial","ls_nmf","bridge",NA
"MRC1",344.2,0.413,"pancreas","Immune -> Exocrine epithelial","ls_nmf","bridge",NA
"CCL5",354.7,0.421,"pancreas","Immune -> Exocrine epithelial","ls_nmf","bridge",NA
"MS4A4A",543.9,0.418,"pancreas","Immune -> Exocrine epithelial","ls_nmf","bridge",NA
"GZMK",72.9,0.394,"pancreas","Immune -> Exocrine epithelial","ls_nmf","bridge",NA
"CD3E",215.2,0.994,"pancreas","Immune -> Exocrine epithelial","ls_nmf","bridge",NA
"CD2",221.3,0.947,"pancreas","Immune -> Exocrine epithelial","ls_nmf","bridge",NA
"IL2RA",83.4,0.436,"pancreas","Immune -> Exocrine epithelial","ls_nmf","bridge",NA
"VSIG4",357.7,0.437,"pancreas","Immune -> Exocrine epithelial","ls_nmf","bridge",NA
"KLRB1",218.1,0.49,"pancreas","Immune -> Exocrine epithelial","ls_nmf","bridge",NA
"CSF2RA",292.1,0.392,"pancreas","Immune -> Exocrine epithelial","ls_nmf","bridge",NA
"CD8A",331.5,0.459,"pancreas","Immune -> Exocrine epithelial","ls_nmf","bridge",NA
"FCGR3A",579.3,0.315,"pancreas","Immune -> Exocrine epithelial","ls_nmf","bridge",NA
"MS4A6A",917.1,0.372,"pancreas","Immune -> Exocrine epithelial","ls_nmf","bridge",NA
"GZMA",79.9,0.395,"pancreas","Immune -> Exocrine epithelial","ls_nmf","bridge",NA
"MS4A1",480.9,0.008,"pancreas","Immune -> Fibroblast / CAF","ls_nmf","bridge",NA
"NKG7",323.9,0.006,"pancreas","Immune -> Fibroblast / CAF","ls_nmf","bridge",NA
"CD8A",1978.4,0.001,"pancreas","Immune -> Fibroblast / CAF","ls_nmf","bridge",NA
"CXCR4",4575.1,-0.005,"pancreas","Immune -> Fibroblast / CAF","ls_nmf","bridge",NA
"PTPRC",4323.9,0.006,"pancreas","Immune -> Fibroblast / CAF","ls_nmf","bridge",NA
"MS4A6A",3003,0.005,"pancreas","Immune -> Fibroblast / CAF","ls_nmf","bridge",NA
"GPR183",1093.3,0.005,"pancreas","Immune -> Fibroblast / CAF","ls_nmf","bridge",NA
"MS4A4A",1736,0.003,"pancreas","Immune -> Fibroblast / CAF","ls_nmf","bridge",NA
"CSF2RA",894.4,0.012,"pancreas","Immune -> Fibroblast / CAF","ls_nmf","bridge",NA
"CD163",1716.5,0.008,"pancreas","Immune -> Fibroblast / CAF","ls_nmf","bridge",NA
"TREM2",354.7,-0.037,"pancreas","Immune -> Fibroblast / CAF","ls_nmf","bridge",NA
"PLA2G7",897.4,0,"pancreas","Immune -> Fibroblast / CAF","ls_nmf","bridge",NA
"FOXP3",458.9,0.009,"pancreas","Immune -> Fibroblast / CAF","ls_nmf","bridge",NA
"CYTIP",2238.1,0.001,"pancreas","Immune -> Fibroblast / CAF","ls_nmf","bridge",NA
"CD69",933.6,0,"pancreas","Immune -> Fibroblast / CAF","ls_nmf","bridge",NA
"FCER1A",326.9,0.006,"pancreas","Immune -> Fibroblast / CAF","ls_nmf","bridge",NA
"IL7R",4963.4,0,"pancreas","Immune -> Fibroblast / CAF","ls_nmf","bridge",NA
"VSIG4",622.2,0.005,"pancreas","Immune -> Fibroblast / CAF","ls_nmf","bridge",NA
"KLRB1",1447.4,-0.003,"pancreas","Immune -> Fibroblast / CAF","ls_nmf","bridge",NA
"LY86",468.7,-0.011,"pancreas","Immune -> Fibroblast / CAF","ls_nmf","bridge",NA
"CD3D",0,0.933,"pancreas","Immune -> Mural / pericyte","ls_nmf","bridge",NA
"SLAMF7",0,0.595,"pancreas","Immune -> Mural / pericyte","ls_nmf","bridge",NA
"MS4A1",0,0.655,"pancreas","Immune -> Mural / pericyte","ls_nmf","bridge",NA
"KLRB1",46.8,0.594,"pancreas","Immune -> Mural / pericyte","ls_nmf","bridge",NA
"CXCR4",151,0.532,"pancreas","Immune -> Mural / pericyte","ls_nmf","bridge",NA
"VSIG4",41.7,0.332,"pancreas","Immune -> Mural / pericyte","ls_nmf","bridge",NA
"CD8A",41.7,0.976,"pancreas","Immune -> Mural / pericyte","ls_nmf","bridge",NA
"PLA2G7",51.7,0.442,"pancreas","Immune -> Mural / pericyte","ls_nmf","bridge",NA
"FCN1",0,0.238,"pancreas","Immune -> Mural / pericyte","ls_nmf","bridge",NA
"MRC1",74.5,0.403,"pancreas","Immune -> Mural / pericyte","ls_nmf","bridge",NA
"IL7R",113,0.991,"pancreas","Immune -> Mural / pericyte","ls_nmf","bridge",NA
"MS4A6A",118.5,0.285,"pancreas","Immune -> Mural / pericyte","ls_nmf","bridge",NA
"CD3E",49.5,0.698,"pancreas","Immune -> Mural / pericyte","ls_nmf","bridge",NA
"CCL5",65.3,0.803,"pancreas","Immune -> Mural / pericyte","ls_nmf","bridge",NA
"CD163",49.7,0.121,"pancreas","Immune -> Mural / pericyte","ls_nmf","bridge",NA
"CD86",29.7,0.191,"pancreas","Immune -> Mural / pericyte","ls_nmf","bridge",NA
"CD79A",36.8,0.593,"pancreas","Immune -> Mural / pericyte","ls_nmf","bridge",NA
"CSF2RA",56.3,0.547,"pancreas","Immune -> Mural / pericyte","ls_nmf","bridge",NA
"MS4A4A",56.8,0.598,"pancreas","Immune -> Mural / pericyte","ls_nmf","bridge",NA
"FCER1A",14.8,0.313,"pancreas","Immune -> Mural / pericyte","ls_nmf","bridge",NA
"MYH11",58.9,0.182,"pancreas","Mural / pericyte -> Ductal/tumor epithelial","ls_nmf","bridge",NA
"MEDAG",12.1,0.191,"pancreas","Mural / pericyte -> Ductal/tumor epithelial","ls_nmf","bridge",NA
"ADAMTS1",98.2,0.316,"pancreas","Mural / pericyte -> Ductal/tumor epithelial","ls_nmf","bridge",NA
"ACTA2",202.4,0.385,"pancreas","Mural / pericyte -> Ductal/tumor epithelial","ls_nmf","bridge",NA
"PDGFRB",106.8,0.595,"pancreas","Mural / pericyte -> Ductal/tumor epithelial","ls_nmf","bridge",NA
"CNN1",62.5,0.261,"pancreas","Mural / pericyte -> Ductal/tumor epithelial","ls_nmf","bridge",NA
"CRISPLD2",56.6,0.077,"pancreas","Mural / pericyte -> Ductal/tumor epithelial","ls_nmf","bridge",NA
"RERGL",0,1,"pancreas","Mural / pericyte -> Ductal/tumor epithelial","ls_nmf","bridge",NA
"MYLK",284.7,0.269,"pancreas","Mural / pericyte -> Ductal/tumor epithelial","ls_nmf","bridge",NA
"CCL19",0.4,-0.216,"pancreas","Mural / pericyte -> Ductal/tumor epithelial","ls_nmf","bridge",NA
"DES",9.7,0.042,"pancreas","Mural / pericyte -> Ductal/tumor epithelial","ls_nmf","bridge",NA
"TIMP4",0.7,-0.143,"pancreas","Mural / pericyte -> Ductal/tumor epithelial","ls_nmf","bridge",NA
"OGN",3.9,-0.193,"pancreas","Mural / pericyte -> Ductal/tumor epithelial","ls_nmf","bridge",NA
"IL1RL1",15,0.042,"pancreas","Mural / pericyte -> Ductal/tumor epithelial","ls_nmf","bridge",NA
"MAMDC2",12.7,0.269,"pancreas","Mural / pericyte -> Ductal/tumor epithelial","ls_nmf","bridge",NA
"CAV1",31.9,0.206,"pancreas","Mural / pericyte -> Ductal/tumor epithelial","ls_nmf","bridge",NA
"SNCG",2.9,0.076,"pancreas","Mural / pericyte -> Ductal/tumor epithelial","ls_nmf","bridge",NA
"RETN",0,NA,"pancreas","Mural / pericyte -> Ductal/tumor epithelial","ls_nmf","bridge",NA
"MEF2C",25.6,0.152,"pancreas","Mural / pericyte -> Ductal/tumor epithelial","ls_nmf","bridge",NA
"PTN",18.8,0.089,"pancreas","Mural / pericyte -> Ductal/tumor epithelial","ls_nmf","bridge",NA
"MYH11",543.6,0.44,"pancreas","Mural / pericyte -> Endothelial","ls_nmf","bridge",NA
"TNC",178.9,0.534,"pancreas","Mural / pericyte -> Endothelial","ls_nmf","bridge",NA
"CNN1",165.8,0.525,"pancreas","Mural / pericyte -> Endothelial","ls_nmf","bridge",NA
"RERGL",58.1,0.461,"pancreas","Mural / pericyte -> Endothelial","ls_nmf","bridge",NA
"MEDAG",198.2,0.131,"pancreas","Mural / pericyte -> Endothelial","ls_nmf","bridge",NA
"DES",34.8,0.483,"pancreas","Mural / pericyte -> Endothelial","ls_nmf","bridge",NA
"ACTA2",715.8,0.552,"pancreas","Mural / pericyte -> Endothelial","ls_nmf","bridge",NA
"MYLK",538.2,0.537,"pancreas","Mural / pericyte -> Endothelial","ls_nmf","bridge",NA
"ACTG2",295.3,0.503,"pancreas","Mural / pericyte -> Endothelial","ls_nmf","bridge",NA
"CRISPLD2",167.3,0.664,"pancreas","Mural / pericyte -> Endothelial","ls_nmf","bridge",NA
"ADAMTS1",2045.6,0.087,"pancreas","Mural / pericyte -> Endothelial","ls_nmf","bridge",NA
"TIMP4",14.4,0.579,"pancreas","Mural / pericyte -> Endothelial","ls_nmf","bridge",NA
"OGN",8.1,0.447,"pancreas","Mural / pericyte -> Endothelial","ls_nmf","bridge",NA
"PLIN4",3.2,0.231,"pancreas","Mural / pericyte -> Endothelial","ls_nmf","bridge",NA
"CCDC78",0,-0.167,"pancreas","Mural / pericyte -> Endothelial","ls_nmf","bridge",NA
"ASCL1",2.9,0.146,"pancreas","Mural / pericyte -> Endothelial","ls_nmf","bridge",NA
"SLC4A1",4.4,0.368,"pancreas","Mural / pericyte -> Endothelial","ls_nmf","bridge",NA
"TBX3",13.8,0.65,"pancreas","Mural / pericyte -> Endothelial","ls_nmf","bridge",NA
"SNCG",4.7,0.142,"pancreas","Mural / pericyte -> Endothelial","ls_nmf","bridge",NA
"MAMDC2",19.2,0.717,"pancreas","Mural / pericyte -> Endothelial","ls_nmf","bridge",NA
"MYH11",19.9,0.684,"pancreas","Mural / pericyte -> Exocrine epithelial","ls_nmf","bridge",NA
"MEDAG",1.2,1,"pancreas","Mural / pericyte -> Exocrine epithelial","ls_nmf","bridge",NA
"TNC",29.9,0.977,"pancreas","Mural / pericyte -> Exocrine epithelial","ls_nmf","bridge",NA
"ACTA2",50.1,0.77,"pancreas","Mural / pericyte -> Exocrine epithelial","ls_nmf","bridge",NA
"CNN1",8.7,0.519,"pancreas","Mural / pericyte -> Exocrine epithelial","ls_nmf","bridge",NA
"ADAMTS1",97.3,0.732,"pancreas","Mural / pericyte -> Exocrine epithelial","ls_nmf","bridge",NA
"PDGFRB",40.8,0.937,"pancreas","Mural / pericyte -> Exocrine epithelial","ls_nmf","bridge",NA
"MYLK",80.5,0.813,"pancreas","Mural / pericyte -> Exocrine epithelial","ls_nmf","bridge",NA
"CRISPLD2",37.3,0.595,"pancreas","Mural / pericyte -> Exocrine epithelial","ls_nmf","bridge",NA
"TBX3",7,0.478,"pancreas","Mural / pericyte -> Exocrine epithelial","ls_nmf","bridge",NA
"SNCG",0,NA,"pancreas","Mural / pericyte -> Exocrine epithelial","ls_nmf","bridge",NA
"RERGL",1.1,0.616,"pancreas","Mural / pericyte -> Exocrine epithelial","ls_nmf","bridge",NA
"CCL19",0.4,1,"pancreas","Mural / pericyte -> Exocrine epithelial","ls_nmf","bridge",NA
"TIMP4",13.4,0.16,"pancreas","Mural / pericyte -> Exocrine epithelial","ls_nmf","bridge",NA
"CAVIN1",19.2,0.937,"pancreas","Mural / pericyte -> Exocrine epithelial","ls_nmf","bridge",NA
"DES",2.2,0.661,"pancreas","Mural / pericyte -> Exocrine epithelial","ls_nmf","bridge",NA
"CAV1",0,0.928,"pancreas","Mural / pericyte -> Exocrine epithelial","ls_nmf","bridge",NA
"ACTG2",4.8,0.767,"pancreas","Mural / pericyte -> Exocrine epithelial","ls_nmf","bridge",NA
"TMEM100",6.1,1,"pancreas","Mural / pericyte -> Exocrine epithelial","ls_nmf","bridge",NA
"OGN",8.4,0.422,"pancreas","Mural / pericyte -> Exocrine epithelial","ls_nmf","bridge",NA
"RERGL",40,0.044,"pancreas","Mural / pericyte -> Fibroblast / CAF","ls_nmf","bridge",NA
"MYH11",564.3,0.018,"pancreas","Mural / pericyte -> Fibroblast / CAF","ls_nmf","bridge",NA
"ADAMTS1",533.7,0.051,"pancreas","Mural / pericyte -> Fibroblast / CAF","ls_nmf","bridge",NA
"SNCG",9.5,-0.216,"pancreas","Mural / pericyte -> Fibroblast / CAF","ls_nmf","bridge",NA
"MEDAG",271.4,0.007,"pancreas","Mural / pericyte -> Fibroblast / CAF","ls_nmf","bridge",NA
"CNN1",180,0.005,"pancreas","Mural / pericyte -> Fibroblast / CAF","ls_nmf","bridge",NA
"TNC",467.6,0.027,"pancreas","Mural / pericyte -> Fibroblast / CAF","ls_nmf","bridge",NA
"DES",107.3,0.011,"pancreas","Mural / pericyte -> Fibroblast / CAF","ls_nmf","bridge",NA
"LGI4",24.9,0.025,"pancreas","Mural / pericyte -> Fibroblast / CAF","ls_nmf","bridge",NA
"CAV1",50.4,0.1,"pancreas","Mural / pericyte -> Fibroblast / CAF","ls_nmf","bridge",NA
"HES4",5.1,0.107,"pancreas","Mural / pericyte -> Fibroblast / CAF","ls_nmf","bridge",NA
"ADH4",9,0,"pancreas","Mural / pericyte -> Fibroblast / CAF","ls_nmf","bridge",NA
"PLIN4",0,-0.072,"pancreas","Mural / pericyte -> Fibroblast / CAF","ls_nmf","bridge",NA
"RETN",3.7,0,"pancreas","Mural / pericyte -> Fibroblast / CAF","ls_nmf","bridge",NA
"CDH16",12.5,-0.018,"pancreas","Mural / pericyte -> Fibroblast / CAF","ls_nmf","bridge",NA
"SLC4A1",9.8,0.081,"pancreas","Mural / pericyte -> Fibroblast / CAF","ls_nmf","bridge",NA
"AHSP",0,-0.014,"pancreas","Mural / pericyte -> Fibroblast / CAF","ls_nmf","bridge",NA
"LY6D",1.9,-0.037,"pancreas","Mural / pericyte -> Fibroblast / CAF","ls_nmf","bridge",NA
"TIMP4",0,-0.006,"pancreas","Mural / pericyte -> Fibroblast / CAF","ls_nmf","bridge",NA
"DNAAF1",7.2,0.045,"pancreas","Mural / pericyte -> Fibroblast / CAF","ls_nmf","bridge",NA
"MYH11",358.1,0.736,"pancreas","Mural / pericyte -> Immune","ls_nmf","bridge",NA
"ADAMTS1",354.9,0.963,"pancreas","Mural / pericyte -> Immune","ls_nmf","bridge",NA
"CNN1",99.2,0.579,"pancreas","Mural / pericyte -> Immune","ls_nmf","bridge",NA
"RERGL",22.3,0.928,"pancreas","Mural / pericyte -> Immune","ls_nmf","bridge",NA
"MEDAG",66.4,0.846,"pancreas","Mural / pericyte -> Immune","ls_nmf","bridge",NA
"TNC",313.3,0.923,"pancreas","Mural / pericyte -> Immune","ls_nmf","bridge",NA
"ACTA2",271.8,0.678,"pancreas","Mural / pericyte -> Immune","ls_nmf","bridge",NA
"MYLK",261.5,0.687,"pancreas","Mural / pericyte -> Immune","ls_nmf","bridge",NA
"DES",29.9,0.71,"pancreas","Mural / pericyte -> Immune","ls_nmf","bridge",NA
"CAV1",43.9,0.848,"pancreas","Mural / pericyte -> Immune","ls_nmf","bridge",NA
"SNCG",0,0.051,"pancreas","Mural / pericyte -> Immune","ls_nmf","bridge",NA
"PDGFRB",339.5,0.776,"pancreas","Mural / pericyte -> Immune","ls_nmf","bridge",NA
"CRISPLD2",223.9,0.831,"pancreas","Mural / pericyte -> Immune","ls_nmf","bridge",NA
"TBX3",54.5,0.68,"pancreas","Mural / pericyte -> Immune","ls_nmf","bridge",NA
"HES4",0.1,0.357,"pancreas","Mural / pericyte -> Immune","ls_nmf","bridge",NA
"TIMP4",34.5,0.743,"pancreas","Mural / pericyte -> Immune","ls_nmf","bridge",NA
"CAVIN1",175.1,0.769,"pancreas","Mural / pericyte -> Immune","ls_nmf","bridge",NA
"ACTG2",6.7,1,"pancreas","Mural / pericyte -> Immune","ls_nmf","bridge",NA
"ADH4",3,1,"pancreas","Mural / pericyte -> Immune","ls_nmf","bridge",NA
"LGI4",5.4,0.484,"pancreas","Mural / pericyte -> Immune","ls_nmf","bridge",NA
"GPX2",75.7,0,"pancreas","Ductal/tumor epithelial -> Endothelial","invsqrt_kl","bridge",NA
"TMC5",122.2,0,"pancreas","Ductal/tumor epithelial -> Endothelial","invsqrt_kl","bridge",NA
"SERPINB3",9.6,0,"pancreas","Ductal/tumor epithelial -> Endothelial","invsqrt_kl","bridge",NA
"COL17A1",0,NA,"pancreas","Ductal/tumor epithelial -> Endothelial","invsqrt_kl","bridge",NA
"CAPN8",2.6,0,"pancreas","Ductal/tumor epithelial -> Endothelial","invsqrt_kl","bridge",NA
"DMBT1",15.6,0,"pancreas","Ductal/tumor epithelial -> Endothelial","invsqrt_kl","bridge",NA
"GPRC5A",0,0,"pancreas","Ductal/tumor epithelial -> Endothelial","invsqrt_kl","bridge",NA
"EPCAM",539.4,0,"pancreas","Ductal/tumor epithelial -> Endothelial","invsqrt_kl","bridge",NA
"EHF",253.7,0,"pancreas","Ductal/tumor epithelial -> Endothelial","invsqrt_kl","bridge",NA
"CXCL6",491.2,0,"pancreas","Ductal/tumor epithelial -> Endothelial","invsqrt_kl","bridge",NA
"KRT7",89.5,-0.012,"pancreas","Ductal/tumor epithelial -> Endothelial","invsqrt_kl","bridge",NA
"FOXJ1",0,0,"pancreas","Ductal/tumor epithelial -> Endothelial","invsqrt_kl","bridge",NA
"LIF",27.8,0.028,"pancreas","Ductal/tumor epithelial -> Endothelial","invsqrt_kl","bridge",NA
"SERPINB2",9.1,0,"pancreas","Ductal/tumor epithelial -> Endothelial","invsqrt_kl","bridge",NA
"C15orf48",42.4,0,"pancreas","Ductal/tumor epithelial -> Endothelial","invsqrt_kl","bridge",NA
"PPP1R1B",336.8,0,"pancreas","Ductal/tumor epithelial -> Endothelial","invsqrt_kl","bridge",NA
"BAMBI",31.6,-0.021,"pancreas","Ductal/tumor epithelial -> Endothelial","invsqrt_kl","bridge",NA
"CFB",625.4,0,"pancreas","Ductal/tumor epithelial -> Endothelial","invsqrt_kl","bridge",NA
"LGR5",1.5,0,"pancreas","Ductal/tumor epithelial -> Endothelial","invsqrt_kl","bridge",NA
"FOXA1",0,0,"pancreas","Ductal/tumor epithelial -> Endothelial","invsqrt_kl","bridge",NA
"SERPINB3",96.4,0,"pancreas","Ductal/tumor epithelial -> Exocrine epithelial","invsqrt_kl","bridge",NA
"COL17A1",63,0,"pancreas","Ductal/tumor epithelial -> Exocrine epithelial","invsqrt_kl","bridge",NA
"GPRC5A",29.8,0,"pancreas","Ductal/tumor epithelial -> Exocrine epithelial","invsqrt_kl","bridge",NA
"CAPN8",125.4,0,"pancreas","Ductal/tumor epithelial -> Exocrine epithelial","invsqrt_kl","bridge",NA
"DMBT1",255,0,"pancreas","Ductal/tumor epithelial -> Exocrine epithelial","invsqrt_kl","bridge",NA
"MALL",154.8,0.142,"pancreas","Ductal/tumor epithelial -> Exocrine epithelial","invsqrt_kl","bridge",NA
"TMC5",2078.2,0,"pancreas","Ductal/tumor epithelial -> Exocrine epithelial","invsqrt_kl","bridge",NA
"GPX2",1424,0,"pancreas","Ductal/tumor epithelial -> Exocrine epithelial","invsqrt_kl","bridge",NA
"LIF",144.9,0.04,"pancreas","Ductal/tumor epithelial -> Exocrine epithelial","invsqrt_kl","bridge",NA
"MKI67",78.6,0,"pancreas","Ductal/tumor epithelial -> Exocrine epithelial","invsqrt_kl","bridge",NA
"FHL2",117.2,0.214,"pancreas","Ductal/tumor epithelial -> Exocrine epithelial","invsqrt_kl","bridge",NA
"FOXJ1",0,NA,"pancreas","Ductal/tumor epithelial -> Exocrine epithelial","invsqrt_kl","bridge",NA
"UBE2C",0,NA,"pancreas","Ductal/tumor epithelial -> Exocrine epithelial","invsqrt_kl","bridge",NA
"CCNB2",51.3,0,"pancreas","Ductal/tumor epithelial -> Exocrine epithelial","invsqrt_kl","bridge",NA
"SERPINB2",101.2,0,"pancreas","Ductal/tumor epithelial -> Exocrine epithelial","invsqrt_kl","bridge",NA
"CENPF",99.6,0,"pancreas","Ductal/tumor epithelial -> Exocrine epithelial","invsqrt_kl","bridge",NA
"FOXA1",0,NA,"pancreas","Ductal/tumor epithelial -> Exocrine epithelial","invsqrt_kl","bridge",NA
"LGR5",8.3,0,"pancreas","Ductal/tumor epithelial -> Exocrine epithelial","invsqrt_kl","bridge",NA
"CDK1",144.3,0,"pancreas","Ductal/tumor epithelial -> Exocrine epithelial","invsqrt_kl","bridge",NA
"CXCL6",5252.3,0,"pancreas","Ductal/tumor epithelial -> Exocrine epithelial","invsqrt_kl","bridge",NA
"GPX2",733,0.988,"pancreas","Ductal/tumor epithelial -> Fibroblast / CAF","invsqrt_kl","bridge",NA
"TMC5",650.9,0.749,"pancreas","Ductal/tumor epithelial -> Fibroblast / CAF","invsqrt_kl","bridge",NA
"COL17A1",178.6,0.992,"pancreas","Ductal/tumor epithelial -> Fibroblast / CAF","invsqrt_kl","bridge",NA
"EPCAM",2659,0.686,"pancreas","Ductal/tumor epithelial -> Fibroblast / CAF","invsqrt_kl","bridge",NA
"DMBT1",194.4,1,"pancreas","Ductal/tumor epithelial -> Fibroblast / CAF","invsqrt_kl","bridge",NA
"CAPN8",167.2,0.992,"pancreas","Ductal/tumor epithelial -> Fibroblast / CAF","invsqrt_kl","bridge",NA
"EHF",974.8,0.371,"pancreas","Ductal/tumor epithelial -> Fibroblast / CAF","invsqrt_kl","bridge",NA
"SERPINB3",897.5,1,"pancreas","Ductal/tumor epithelial -> Fibroblast / CAF","invsqrt_kl","bridge",NA
"GPRC5A",2341.6,0.999,"pancreas","Ductal/tumor epithelial -> Fibroblast / CAF","invsqrt_kl","bridge",NA
"MET",556.3,0.988,"pancreas","Ductal/tumor epithelial -> Fibroblast / CAF","invsqrt_kl","bridge",NA
"ARFGEF3",201.9,0.992,"pancreas","Ductal/tumor epithelial -> Fibroblast / CAF","invsqrt_kl","bridge",NA
"FOXJ1",62,0.952,"pancreas","Ductal/tumor epithelial -> Fibroblast / CAF","invsqrt_kl","bridge",NA
"FOXA1",25.6,0.972,"pancreas","Ductal/tumor epithelial -> Fibroblast / CAF","invsqrt_kl","bridge",NA
"PPP1R1B",693.6,0,"pancreas","Ductal/tumor epithelial -> Fibroblast / CAF","invsqrt_kl","bridge",NA
"MALL",1229.9,0.996,"pancreas","Ductal/tumor epithelial -> Fibroblast / CAF","invsqrt_kl","bridge",NA
"CXCL6",1658.2,0,"pancreas","Ductal/tumor epithelial -> Fibroblast / CAF","invsqrt_kl","bridge",NA
"SERPINB2",94.9,0.995,"pancreas","Ductal/tumor epithelial -> Fibroblast / CAF","invsqrt_kl","bridge",NA
"UBE2C",223.1,0.984,"pancreas","Ductal/tumor epithelial -> Fibroblast / CAF","invsqrt_kl","bridge",NA
"KRT7",332.6,0.452,"pancreas","Ductal/tumor epithelial -> Fibroblast / CAF","invsqrt_kl","bridge",NA
"BAMBI",434.4,0.802,"pancreas","Ductal/tumor epithelial -> Fibroblast / CAF","invsqrt_kl","bridge",NA
"GPX2",474.6,0,"pancreas","Ductal/tumor epithelial -> Immune","invsqrt_kl","bridge",NA
"COL17A1",82.9,0.012,"pancreas","Ductal/tumor epithelial -> Immune","invsqrt_kl","bridge",NA
"EPCAM",1035.5,0.006,"pancreas","Ductal/tumor epithelial -> Immune","invsqrt_kl","bridge",NA
"TMC5",406.1,0,"pancreas","Ductal/tumor epithelial -> Immune","invsqrt_kl","bridge",NA
"GPRC5A",793.4,-0.001,"pancreas","Ductal/tumor epithelial -> Immune","invsqrt_kl","bridge",NA
"SERPINB3",248.3,0,"pancreas","Ductal/tumor epithelial -> Immune","invsqrt_kl","bridge",NA
"DMBT1",135.4,0,"pancreas","Ductal/tumor epithelial -> Immune","invsqrt_kl","bridge",NA
"CAPN8",79.9,-0.006,"pancreas","Ductal/tumor epithelial -> Immune","invsqrt_kl","bridge",NA
"FOXA1",8.3,0,"pancreas","Ductal/tumor epithelial -> Immune","invsqrt_kl","bridge",NA
"MET",295.5,0.035,"pancreas","Ductal/tumor epithelial -> Immune","invsqrt_kl","bridge",NA
"MALL",382.7,-0.004,"pancreas","Ductal/tumor epithelial -> Immune","invsqrt_kl","bridge",NA
"FOXJ1",30.3,0,"pancreas","Ductal/tumor epithelial -> Immune","invsqrt_kl","bridge",NA
"ARFGEF3",134.1,0.482,"pancreas","Ductal/tumor epithelial -> Immune","invsqrt_kl","bridge",NA
"EHF",557.6,0.002,"pancreas","Ductal/tumor epithelial -> Immune","invsqrt_kl","bridge",NA
"CXCL6",1333.9,0,"pancreas","Ductal/tumor epithelial -> Immune","invsqrt_kl","bridge",NA
"PPP1R1B",532.8,0,"pancreas","Ductal/tumor epithelial -> Immune","invsqrt_kl","bridge",NA
"KRT7",316.3,0,"pancreas","Ductal/tumor epithelial -> Immune","invsqrt_kl","bridge",NA
"CFB",1381.7,-0.001,"pancreas","Ductal/tumor epithelial -> Immune","invsqrt_kl","bridge",NA
"BAMBI",139.5,-0.014,"pancreas","Ductal/tumor epithelial -> Immune","invsqrt_kl","bridge",NA
"ERBB2",108.3,0.018,"pancreas","Ductal/tumor epithelial -> Immune","invsqrt_kl","bridge",NA
"GPX2",20.8,0,"pancreas","Ductal/tumor epithelial -> Mural / pericyte","invsqrt_kl","bridge",NA
"EHF",20.3,0,"pancreas","Ductal/tumor epithelial -> Mural / pericyte","invsqrt_kl","bridge",NA
"EPCAM",43.2,0,"pancreas","Ductal/tumor epithelial -> Mural / pericyte","invsqrt_kl","bridge",NA
"COL17A1",7.4,0,"pancreas","Ductal/tumor epithelial -> Mural / pericyte","invsqrt_kl","bridge",NA
"SERPINB3",19.5,0,"pancreas","Ductal/tumor epithelial -> Mural / pericyte","invsqrt_kl","bridge",NA
"TMC5",21.4,0,"pancreas","Ductal/tumor epithelial -> Mural / pericyte","invsqrt_kl","bridge",NA
"DMBT1",5.3,0,"pancreas","Ductal/tumor epithelial -> Mural / pericyte","invsqrt_kl","bridge",NA
"CXCL6",71.4,0,"pancreas","Ductal/tumor epithelial -> Mural / pericyte","invsqrt_kl","bridge",NA
"GPRC5A",52.8,0,"pancreas","Ductal/tumor epithelial -> Mural / pericyte","invsqrt_kl","bridge",NA
"ARFGEF3",4.1,0,"pancreas","Ductal/tumor epithelial -> Mural / pericyte","invsqrt_kl","bridge",NA
"CAPN8",9,0,"pancreas","Ductal/tumor epithelial -> Mural / pericyte","invsqrt_kl","bridge",NA
"KRT7",20.6,0,"pancreas","Ductal/tumor epithelial -> Mural / pericyte","invsqrt_kl","bridge",NA
"MET",22.5,0,"pancreas","Ductal/tumor epithelial -> Mural / pericyte","invsqrt_kl","bridge",NA
"C15orf48",32.5,0,"pancreas","Ductal/tumor epithelial -> Mural / pericyte","invsqrt_kl","bridge",NA
"MALL",27.1,0,"pancreas","Ductal/tumor epithelial -> Mural / pericyte","invsqrt_kl","bridge",NA
"FOXJ1",1.1,0,"pancreas","Ductal/tumor epithelial -> Mural / pericyte","invsqrt_kl","bridge",NA
"SERPINB2",5.9,0,"pancreas","Ductal/tumor epithelial -> Mural / pericyte","invsqrt_kl","bridge",NA
"MKI67",12.5,0,"pancreas","Ductal/tumor epithelial -> Mural / pericyte","invsqrt_kl","bridge",NA
"PPP1R1B",9,0,"pancreas","Ductal/tumor epithelial -> Mural / pericyte","invsqrt_kl","bridge",NA
"UBE2C",6.9,0,"pancreas","Ductal/tumor epithelial -> Mural / pericyte","invsqrt_kl","bridge",NA
"INS",540.8,0,"pancreas","Endocrine -> Ductal/tumor epithelial","invsqrt_kl","bridge",NA
"SST",212.1,0,"pancreas","Endocrine -> Ductal/tumor epithelial","invsqrt_kl","bridge",NA
"GCG",867.1,0,"pancreas","Endocrine -> Ductal/tumor epithelial","invsqrt_kl","bridge",NA
"CHGA",49.7,0,"pancreas","Endocrine -> Ductal/tumor epithelial","invsqrt_kl","bridge",NA
"PCSK2",42.2,0,"pancreas","Endocrine -> Ductal/tumor epithelial","invsqrt_kl","bridge",NA
"SCGN",79.8,0,"pancreas","Endocrine -> Ductal/tumor epithelial","invsqrt_kl","bridge",NA
"HEPACAM2",13.8,0,"pancreas","Endocrine -> Ductal/tumor epithelial","invsqrt_kl","bridge",NA
"PPY",43,0,"pancreas","Endocrine -> Ductal/tumor epithelial","invsqrt_kl","bridge",NA
"GHRL",32.2,0,"pancreas","Endocrine -> Ductal/tumor epithelial","invsqrt_kl","bridge",NA
"PPP1R1A",12.8,0,"pancreas","Endocrine -> Ductal/tumor epithelial","invsqrt_kl","bridge",NA
"PCP4",21.8,0,"pancreas","Endocrine -> Ductal/tumor epithelial","invsqrt_kl","bridge",NA
"MMRN1",11.5,0.084,"pancreas","Endocrine -> Ductal/tumor epithelial","invsqrt_kl","bridge",NA
"SLC18A2",4.8,0,"pancreas","Endocrine -> Ductal/tumor epithelial","invsqrt_kl","bridge",NA
"PRG4",5.5,0,"pancreas","Endocrine -> Ductal/tumor epithelial","invsqrt_kl","bridge",NA
"SCGB2A1",28.1,0,"pancreas","Endocrine -> Ductal/tumor epithelial","invsqrt_kl","bridge",NA
"TENT5C",9.6,0.067,"pancreas","Endocrine -> Ductal/tumor epithelial","invsqrt_kl","bridge",NA
"KCNMA1",0,-12.081,"pancreas","Endocrine -> Ductal/tumor epithelial","invsqrt_kl","bridge",NA
"PGR",2.7,-0.048,"pancreas","Endocrine -> Ductal/tumor epithelial","invsqrt_kl","bridge",NA
"TM4SF4",140.2,0,"pancreas","Endocrine -> Ductal/tumor epithelial","invsqrt_kl","bridge",NA
"ESR1",0,NA,"pancreas","Endocrine -> Ductal/tumor epithelial","invsqrt_kl","bridge",NA
"INS",1266.8,0,"pancreas","Endocrine -> Endothelial","invsqrt_kl","bridge",NA
"GCG",1230,0.001,"pancreas","Endocrine -> Endothelial","invsqrt_kl","bridge",NA
"SST",512,0,"pancreas","Endocrine -> Endothelial","invsqrt_kl","bridge",NA
"CHGA",85.5,0,"pancreas","Endocrine -> Endothelial","invsqrt_kl","bridge",NA
"PCSK2",63.2,0,"pancreas","Endocrine -> Endothelial","invsqrt_kl","bridge",NA
"SCGN",209.5,0,"pancreas","Endocrine -> Endothelial","invsqrt_kl","bridge",NA
"PPY",64.4,0,"pancreas","Endocrine -> Endothelial","invsqrt_kl","bridge",NA
"HEPACAM2",29.7,-0.002,"pancreas","Endocrine -> Endothelial","invsqrt_kl","bridge",NA
"PPP1R1A",33.4,0,"pancreas","Endocrine -> Endothelial","invsqrt_kl","bridge",NA
"PCP4",24.9,0,"pancreas","Endocrine -> Endothelial","invsqrt_kl","bridge",NA
"GHRL",29.6,0,"pancreas","Endocrine -> Endothelial","invsqrt_kl","bridge",NA
"SCGB2A1",20.4,-0.002,"pancreas","Endocrine -> Endothelial","invsqrt_kl","bridge",NA
"TM4SF4",44,0,"pancreas","Endocrine -> Endothelial","invsqrt_kl","bridge",NA
"SLC18A2",2.8,0,"pancreas","Endocrine -> Endothelial","invsqrt_kl","bridge",NA
"KCNMA1",20.3,-0.108,"pancreas","Endocrine -> Endothelial","invsqrt_kl","bridge",NA
"TENT5C",14.6,-0.057,"pancreas","Endocrine -> Endothelial","invsqrt_kl","bridge",NA
"PRG4",8.6,0,"pancreas","Endocrine -> Endothelial","invsqrt_kl","bridge",NA
"PGR",3,-0.487,"pancreas","Endocrine -> Endothelial","invsqrt_kl","bridge",NA
"FXYD2",13.7,0,"pancreas","Endocrine -> Endothelial","invsqrt_kl","bridge",NA
"HEMGN",1.5,0,"pancreas","Endocrine -> Endothelial","invsqrt_kl","bridge",NA
"INS",1974,0.995,"pancreas","Endocrine -> Exocrine epithelial","invsqrt_kl","bridge",NA
"GCG",1673.9,0.997,"pancreas","Endocrine -> Exocrine epithelial","invsqrt_kl","bridge",NA
"CHGA",118.8,0.985,"pancreas","Endocrine -> Exocrine epithelial","invsqrt_kl","bridge",NA
"PCSK2",75.8,0.977,"pancreas","Endocrine -> Exocrine epithelial","invsqrt_kl","bridge",NA
"SST",689,0.995,"pancreas","Endocrine -> Exocrine epithelial","invsqrt_kl","bridge",NA
"PPY",79.5,0,"pancreas","Endocrine -> Exocrine epithelial","invsqrt_kl","bridge",NA
"SCGN",213.5,1,"pancreas","Endocrine -> Exocrine epithelial","invsqrt_kl","bridge",NA
"MMRN1",29.4,0.942,"pancreas","Endocrine -> Exocrine epithelial","invsqrt_kl","bridge",NA
"HEPACAM2",35.8,0.984,"pancreas","Endocrine -> Exocrine epithelial","invsqrt_kl","bridge",NA
"GHRL",94.6,1,"pancreas","Endocrine -> Exocrine epithelial","invsqrt_kl","bridge",NA
"PCP4",22.1,1,"pancreas","Endocrine -> Exocrine epithelial","invsqrt_kl","bridge",NA
"PPP1R1A",58.2,0.973,"pancreas","Endocrine -> Exocrine epithelial","invsqrt_kl","bridge",NA
"SCGB2A1",14,1,"pancreas","Endocrine -> Exocrine epithelial","invsqrt_kl","bridge",NA
"PRG4",2.6,1,"pancreas","Endocrine -> Exocrine epithelial","invsqrt_kl","bridge",NA
"SLC18A2",0,1,"pancreas","Endocrine -> Exocrine epithelial","invsqrt_kl","bridge",NA
"TM4SF4",53.2,0.978,"pancreas","Endocrine -> Exocrine epithelial","invsqrt_kl","bridge",NA
"PGR",12.7,1,"pancreas","Endocrine -> Exocrine epithelial","invsqrt_kl","bridge",NA
"KCNMA1",17.8,1,"pancreas","Endocrine -> Exocrine epithelial","invsqrt_kl","bridge",NA
"SNCA",0,1,"pancreas","Endocrine -> Exocrine epithelial","invsqrt_kl","bridge",NA
"ESR1",0,-1.576,"pancreas","Endocrine -> Exocrine epithelial","invsqrt_kl","bridge",NA
"INS",479.7,0,"pancreas","Endocrine -> Fibroblast / CAF","invsqrt_kl","bridge",NA
"SST",204.1,0,"pancreas","Endocrine -> Fibroblast / CAF","invsqrt_kl","bridge",NA
"GCG",1154.5,0,"pancreas","Endocrine -> Fibroblast / CAF","invsqrt_kl","bridge",NA
"CHGA",43.2,0,"pancreas","Endocrine -> Fibroblast / CAF","invsqrt_kl","bridge",NA
"SCGN",142.5,0,"pancreas","Endocrine -> Fibroblast / CAF","invsqrt_kl","bridge",NA
"PCSK2",64.4,0,"pancreas","Endocrine -> Fibroblast / CAF","invsqrt_kl","bridge",NA
"PPY",45.7,0,"pancreas","Endocrine -> Fibroblast / CAF","invsqrt_kl","bridge",NA
"PPP1R1A",17.3,0,"pancreas","Endocrine -> Fibroblast / CAF","invsqrt_kl","bridge",NA
"HEPACAM2",17.2,0,"pancreas","Endocrine -> Fibroblast / CAF","invsqrt_kl","bridge",NA
"SCGB2A1",25,0,"pancreas","Endocrine -> Fibroblast / CAF","invsqrt_kl","bridge",NA
"TM4SF4",62.2,0,"pancreas","Endocrine -> Fibroblast / CAF","invsqrt_kl","bridge",NA
"GHRL",25.5,0,"pancreas","Endocrine -> Fibroblast / CAF","invsqrt_kl","bridge",NA
"PCP4",9.6,0,"pancreas","Endocrine -> Fibroblast / CAF","invsqrt_kl","bridge",NA
"MMRN1",5.9,0.045,"pancreas","Endocrine -> Fibroblast / CAF","invsqrt_kl","bridge",NA
"SLC18A2",4.4,0,"pancreas","Endocrine -> Fibroblast / CAF","invsqrt_kl","bridge",NA
"FXYD2",32.5,0,"pancreas","Endocrine -> Fibroblast / CAF","invsqrt_kl","bridge",NA
"TENT5C",14.8,0,"pancreas","Endocrine -> Fibroblast / CAF","invsqrt_kl","bridge",NA
"KCNMA1",0,0,"pancreas","Endocrine -> Fibroblast / CAF","invsqrt_kl","bridge",NA
"VWA5A",13.8,-0.002,"pancreas","Endocrine -> Fibroblast / CAF","invsqrt_kl","bridge",NA
"SNCA",0.6,0,"pancreas","Endocrine -> Fibroblast / CAF","invsqrt_kl","bridge",NA
"INS",217.3,1,"pancreas","Endocrine -> Immune","invsqrt_kl","bridge",NA
"GCG",402.5,1,"pancreas","Endocrine -> Immune","invsqrt_kl","bridge",NA
"SST",134.2,1,"pancreas","Endocrine -> Immune","invsqrt_kl","bridge",NA
"CHGA",23.6,1,"pancreas","Endocrine -> Immune","invsqrt_kl","bridge",NA
"SCGN",64,1,"pancreas","Endocrine -> Immune","invsqrt_kl","bridge",NA
"PCSK2",18.7,1,"pancreas","Endocrine -> Immune","invsqrt_kl","bridge",NA
"PPY",14.6,0,"pancreas","Endocrine -> Immune","invsqrt_kl","bridge",NA
"PPP1R1A",4.2,1,"pancreas","Endocrine -> Immune","invsqrt_kl","bridge",NA
"HEPACAM2",6.9,1,"pancreas","Endocrine -> Immune","invsqrt_kl","bridge",NA
"SCGB2A1",8,1,"pancreas","Endocrine -> Immune","invsqrt_kl","bridge",NA
"TM4SF4",19.6,1,"pancreas","Endocrine -> Immune","invsqrt_kl","bridge",NA
"GHRL",9.5,1,"pancreas","Endocrine -> Immune","invsqrt_kl","bridge",NA
"PCP4",5.8,1,"pancreas","Endocrine -> Immune","invsqrt_kl","bridge",NA
"MMRN1",0,NA,"pancreas","Endocrine -> Immune","invsqrt_kl","bridge",NA
"SLC18A2",2.3,0,"pancreas","Endocrine -> Immune","invsqrt_kl","bridge",NA
"PRG4",6.1,0.934,"pancreas","Endocrine -> Immune","invsqrt_kl","bridge",NA
"FXYD2",20.8,0.136,"pancreas","Endocrine -> Immune","invsqrt_kl","bridge",NA
"PGR",4.9,1,"pancreas","Endocrine -> Immune","invsqrt_kl","bridge",NA
"TENT5C",0,NA,"pancreas","Endocrine -> Immune","invsqrt_kl","bridge",NA
"VWA5A",0.6,0,"pancreas","Endocrine -> Immune","invsqrt_kl","bridge",NA
"PECAM1",783.7,0.995,"pancreas","Endothelial -> Ductal/tumor epithelial","invsqrt_kl","bridge",NA
"ADGRL4",248,0.999,"pancreas","Endothelial -> Ductal/tumor epithelial","invsqrt_kl","bridge",NA
"CD93",626,0.983,"pancreas","Endothelial -> Ductal/tumor epithelial","invsqrt_kl","bridge",NA
"CLEC14A",128.7,0.987,"pancreas","Endothelial -> Ductal/tumor epithelial","invsqrt_kl","bridge",NA
"VWF",112.7,1,"pancreas","Endothelial -> Ductal/tumor epithelial","invsqrt_kl","bridge",NA
"CD34",422,0.995,"pancreas","Endothelial -> Ductal/tumor epithelial","invsqrt_kl","bridge",NA
"ECSCR",67.5,1,"pancreas","Endothelial -> Ductal/tumor epithelial","invsqrt_kl","bridge",NA
"ACKR1",39.5,0.964,"pancreas","Endothelial -> Ductal/tumor epithelial","invsqrt_kl","bridge",NA
"EDNRB",73,0.76,"pancreas","Endothelial -> Ductal/tumor epithelial","invsqrt_kl","bridge",NA
"SOX17",67.5,0.967,"pancreas","Endothelial -> Ductal/tumor epithelial","invsqrt_kl","bridge",NA
"STC1",357.7,1,"pancreas","Endothelial -> Ductal/tumor epithelial","invsqrt_kl","bridge",NA
"APOLD1",146.7,1,"pancreas","Endothelial -> Ductal/tumor epithelial","invsqrt_kl","bridge",NA
"RAMP2",12.5,0.817,"pancreas","Endothelial -> Ductal/tumor epithelial","invsqrt_kl","bridge",NA
"TCF4",106.2,0.996,"pancreas","Endothelial -> Ductal/tumor epithelial","invsqrt_kl","bridge",NA
"CAVIN2",101.2,0,"pancreas","Endothelial -> Ductal/tumor epithelial","invsqrt_kl","bridge",NA
"IL3RA",0,0.988,"pancreas","Endothelial -> Ductal/tumor epithelial","invsqrt_kl","bridge",NA
"SELE",5,0,"pancreas","Endothelial -> Ductal/tumor epithelial","invsqrt_kl","bridge",NA
"GNG11",799,0.03,"pancreas","Endothelial -> Ductal/tumor epithelial","invsqrt_kl","bridge",NA
"ANGPT2",0,0,"pancreas","Endothelial -> Ductal/tumor epithelial","invsqrt_kl","bridge",NA
"ERG",23.2,0.978,"pancreas","Endothelial -> Ductal/tumor epithelial","invsqrt_kl","bridge",NA
"PECAM1",88.2,-0.033,"pancreas","Endothelial -> Endocrine","invsqrt_kl","bridge",NA
"CLEC14A",10,0,"pancreas","Endothelial -> Endocrine","invsqrt_kl","bridge",NA
"VWF",8.6,0,"pancreas","Endothelial -> Endocrine","invsqrt_kl","bridge",NA
"ACKR1",0.6,0,"pancreas","Endothelial -> Endocrine","invsqrt_kl","bridge",NA
"IL3RA",18.7,0,"pancreas","Endothelial -> Endocrine","invsqrt_kl","bridge",NA
"CD93",44.8,0.069,"pancreas","Endothelial -> Endocrine","invsqrt_kl","bridge",NA
"ADGRL4",37.3,0,"pancreas","Endothelial -> Endocrine","invsqrt_kl","bridge",NA
"STC1",47.2,0,"pancreas","Endothelial -> Endocrine","invsqrt_kl","bridge",NA
"ECSCR",17.6,0,"pancreas","Endothelial -> Endocrine","invsqrt_kl","bridge",NA
"SOX17",19.3,0,"pancreas","Endothelial -> Endocrine","invsqrt_kl","bridge",NA
"CD34",41.5,0,"pancreas","Endothelial -> Endocrine","invsqrt_kl","bridge",NA
"RAPGEF3",6.4,0,"pancreas","Endothelial -> Endocrine","invsqrt_kl","bridge",NA
"APOLD1",76,0,"pancreas","Endothelial -> Endocrine","invsqrt_kl","bridge",NA
"SH2D3C",15.4,0,"pancreas","Endothelial -> Endocrine","invsqrt_kl","bridge",NA
"GNG11",22.9,0,"pancreas","Endothelial -> Endocrine","invsqrt_kl","bridge",NA
"RAMP2",1.7,0,"pancreas","Endothelial -> Endocrine","invsqrt_kl","bridge",NA
"ERG",2.2,0,"pancreas","Endothelial -> Endocrine","invsqrt_kl","bridge",NA
"MMRN2",28.4,0,"pancreas","Endothelial -> Endocrine","invsqrt_kl","bridge",NA
"TCIM",27.8,0,"pancreas","Endothelial -> Endocrine","invsqrt_kl","bridge",NA
"S100A12",20.6,1,"pancreas","Endothelial -> Endocrine","invsqrt_kl","bridge",NA
"VWF",309.1,0.996,"pancreas","Endothelial -> Exocrine epithelial","invsqrt_kl","bridge",NA
"CLEC14A",282.8,0.98,"pancreas","Endothelial -> Exocrine epithelial","invsqrt_kl","bridge",NA
"ADGRL4",451.5,0.973,"pancreas","Endothelial -> Exocrine epithelial","invsqrt_kl","bridge",NA
"PECAM1",1520.5,0.991,"pancreas","Endothelial -> Exocrine epithelial","invsqrt_kl","bridge",NA
"ANGPT2",8.7,0,"pancreas","Endothelial -> Exocrine epithelial","invsqrt_kl","bridge",NA
"ACKR1",107,0.997,"pancreas","Endothelial -> Exocrine epithelial","invsqrt_kl","bridge",NA
"ECSCR",195.3,0.985,"pancreas","Endothelial -> Exocrine epithelial","invsqrt_kl","bridge",NA
"CD34",550,0.994,"pancreas","Endothelial -> Exocrine epithelial","invsqrt_kl","bridge",NA
"CD93",827.3,0.991,"pancreas","Endothelial -> Exocrine epithelial","invsqrt_kl","bridge",NA
"STC1",484.6,0.988,"pancreas","Endothelial -> Exocrine epithelial","invsqrt_kl","bridge",NA
"RAMP2",76.7,0.966,"pancreas","Endothelial -> Exocrine epithelial","invsqrt_kl","bridge",NA
"SOX17",238.7,0.994,"pancreas","Endothelial -> Exocrine epithelial","invsqrt_kl","bridge",NA
"EGFL7",19,1,"pancreas","Endothelial -> Exocrine epithelial","invsqrt_kl","bridge",NA
"APOLD1",847.2,0.976,"pancreas","Endothelial -> Exocrine epithelial","invsqrt_kl","bridge",NA
"IL3RA",91,1,"pancreas","Endothelial -> Exocrine epithelial","invsqrt_kl","bridge",NA
"SH2D3C",60.5,0.968,"pancreas","Endothelial -> Exocrine epithelial","invsqrt_kl","bridge",NA
"HIGD1B",48.7,0.919,"pancreas","Endothelial -> Exocrine epithelial","invsqrt_kl","bridge",NA
"TCF4",163,0.981,"pancreas","Endothelial -> Exocrine epithelial","invsqrt_kl","bridge",NA
"EDNRB",140.4,0.982,"pancreas","Endothelial -> Exocrine epithelial","invsqrt_kl","bridge",NA
"SOX18",12.3,0.672,"pancreas","Endothelial -> Exocrine epithelial","invsqrt_kl","bridge",NA
"STC1",425.4,0.985,"pancreas","Endothelial -> Fibroblast / CAF","invsqrt_kl","bridge",NA
"VWF",608.5,0.997,"pancreas","Endothelial -> Fibroblast / CAF","invsqrt_kl","bridge",NA
"ACKR1",153,0.98,"pancreas","Endothelial -> Fibroblast / CAF","invsqrt_kl","bridge",NA
"CLEC14A",314.9,0.985,"pancreas","Endothelial -> Fibroblast / CAF","invsqrt_kl","bridge",NA
"SOX17",101.6,0.967,"pancreas","Endothelial -> Fibroblast / CAF","invsqrt_kl","bridge",NA
"APOLD1",697.2,0.978,"pancreas","Endothelial -> Fibroblast / CAF","invsqrt_kl","bridge",NA
"ECSCR",298.1,0.996,"pancreas","Endothelial -> Fibroblast / CAF","invsqrt_kl","bridge",NA
"EGFL7",143.7,0.973,"pancreas","Endothelial -> Fibroblast / CAF","invsqrt_kl","bridge",NA
"ADGRL4",561,1,"pancreas","Endothelial -> Fibroblast / CAF","invsqrt_kl","bridge",NA
"RAMP2",119.4,0.993,"pancreas","Endothelial -> Fibroblast / CAF","invsqrt_kl","bridge",NA
"CD93",929.9,0.591,"pancreas","Endothelial -> Fibroblast / CAF","invsqrt_kl","bridge",NA
"PECAM1",1384.2,0.703,"pancreas","Endothelial -> Fibroblast / CAF","invsqrt_kl","bridge",NA
"BTNL9",41,1,"pancreas","Endothelial -> Fibroblast / CAF","invsqrt_kl","bridge",NA
"IL3RA",95.5,1,"pancreas","Endothelial -> Fibroblast / CAF","invsqrt_kl","bridge",NA
"MMRN2",228.3,0.647,"pancreas","Endothelial -> Fibroblast / CAF","invsqrt_kl","bridge",NA
"MCF2L",59.6,0.841,"pancreas","Endothelial -> Fibroblast / CAF","invsqrt_kl","bridge",NA
"CD34",891.2,0.988,"pancreas","Endothelial -> Fibroblast / CAF","invsqrt_kl","bridge",NA
"SELE",8.1,1,"pancreas","Endothelial -> Fibroblast / CAF","invsqrt_kl","bridge",NA
"CAVIN2",109.1,0,"pancreas","Endothelial -> Fibroblast / CAF","invsqrt_kl","bridge",NA
"BMX",16.8,0.871,"pancreas","Endothelial -> Fibroblast / CAF","invsqrt_kl","bridge",NA
"CLEC14A",161.7,0.988,"pancreas","Endothelial -> Immune","invsqrt_kl","bridge",NA
"VWF",312.4,0.992,"pancreas","Endothelial -> Immune","invsqrt_kl","bridge",NA
"STC1",234.3,1,"pancreas","Endothelial -> Immune","invsqrt_kl","bridge",NA
"ADGRL4",319.6,0.983,"pancreas","Endothelial -> Immune","invsqrt_kl","bridge",NA
"RAMP2",61,0.99,"pancreas","Endothelial -> Immune","invsqrt_kl","bridge",NA
"APOLD1",359.2,1,"pancreas","Endothelial -> Immune","invsqrt_kl","bridge",NA
"SOX17",38.7,1,"pancreas","Endothelial -> Immune","invsqrt_kl","bridge",NA
"ACKR1",99.7,0.998,"pancreas","Endothelial -> Immune","invsqrt_kl","bridge",NA
"CD34",328,0.992,"pancreas","Endothelial -> Immune","invsqrt_kl","bridge",NA
"ECSCR",145.1,0.981,"pancreas","Endothelial -> Immune","invsqrt_kl","bridge",NA
"EGFL7",64,0.99,"pancreas","Endothelial -> Immune","invsqrt_kl","bridge",NA
"MMRN2",105.6,0.619,"pancreas","Endothelial -> Immune","invsqrt_kl","bridge",NA
"ANGPT2",60.9,0,"pancreas","Endothelial -> Immune","invsqrt_kl","bridge",NA
"RAPGEF3",13,0.955,"pancreas","Endothelial -> Immune","invsqrt_kl","bridge",NA
"CAVIN2",38.8,0,"pancreas","Endothelial -> Immune","invsqrt_kl","bridge",NA
"NPDC1",15.2,1,"pancreas","Endothelial -> Immune","invsqrt_kl","bridge",NA
"HIGD1B",25.9,0.975,"pancreas","Endothelial -> Immune","invsqrt_kl","bridge",NA
"BTNL9",0,0.576,"pancreas","Endothelial -> Immune","invsqrt_kl","bridge",NA
"TCIM",150.3,0.47,"pancreas","Endothelial -> Immune","invsqrt_kl","bridge",NA
"MCF2L",16.8,0.742,"pancreas","Endothelial -> Immune","invsqrt_kl","bridge",NA
"VWF",51.6,0,"pancreas","Endothelial -> Mural / pericyte","invsqrt_kl","bridge",NA
"STC1",50.8,0,"pancreas","Endothelial -> Mural / pericyte","invsqrt_kl","bridge",NA
"CLEC14A",54.5,0,"pancreas","Endothelial -> Mural / pericyte","invsqrt_kl","bridge",NA
"EGFL7",17.4,0,"pancreas","Endothelial -> Mural / pericyte","invsqrt_kl","bridge",NA
"PECAM1",163.7,0,"pancreas","Endothelial -> Mural / pericyte","invsqrt_kl","bridge",NA
"ADGRL4",56.1,0,"pancreas","Endothelial -> Mural / pericyte","invsqrt_kl","bridge",NA
"ACKR1",12.3,0,"pancreas","Endothelial -> Mural / pericyte","invsqrt_kl","bridge",NA
"ECSCR",42.3,0,"pancreas","Endothelial -> Mural / pericyte","invsqrt_kl","bridge",NA
"RAMP2",17.3,0,"pancreas","Endothelial -> Mural / pericyte","invsqrt_kl","bridge",NA
"CD34",79.6,0,"pancreas","Endothelial -> Mural / pericyte","invsqrt_kl","bridge",NA
"TM4SF18",8.2,0,"pancreas","Endothelial -> Mural / pericyte","invsqrt_kl","bridge",NA
"CD93",121.9,0,"pancreas","Endothelial -> Mural / pericyte","invsqrt_kl","bridge",NA
"SOX17",8.3,0,"pancreas","Endothelial -> Mural / pericyte","invsqrt_kl","bridge",NA
"NPDC1",16.5,0,"pancreas","Endothelial -> Mural / pericyte","invsqrt_kl","bridge",NA
"IL3RA",1.5,0,"pancreas","Endothelial -> Mural / pericyte","invsqrt_kl","bridge",NA
"BTNL9",2.1,0,"pancreas","Endothelial -> Mural / pericyte","invsqrt_kl","bridge",NA
"MMRN2",28.7,0,"pancreas","Endothelial -> Mural / pericyte","invsqrt_kl","bridge",NA
"TCIM",52.2,0,"pancreas","Endothelial -> Mural / pericyte","invsqrt_kl","bridge",NA
"SH2D3C",13.6,0,"pancreas","Endothelial -> Mural / pericyte","invsqrt_kl","bridge",NA
"S100A12",4.4,0,"pancreas","Endothelial -> Mural / pericyte","invsqrt_kl","bridge",NA
"AMY2A",148714.4,0,"pancreas","Exocrine epithelial -> Ductal/tumor epithelial","invsqrt_kl","bridge",NA
"AQP8",11323.4,0,"pancreas","Exocrine epithelial -> Ductal/tumor epithelial","invsqrt_kl","bridge",NA
"GATM",61550.5,0,"pancreas","Exocrine epithelial -> Ductal/tumor epithelial","invsqrt_kl","bridge",NA
"ANPEP",9594,0,"pancreas","Exocrine epithelial -> Ductal/tumor epithelial","invsqrt_kl","bridge",NA
"DPEP1",911.6,0,"pancreas","Exocrine epithelial -> Ductal/tumor epithelial","invsqrt_kl","bridge",NA
"KCNK3",1575.5,0,"pancreas","Exocrine epithelial -> Ductal/tumor epithelial","invsqrt_kl","bridge",NA
"KLK11",659.5,0,"pancreas","Exocrine epithelial -> Ductal/tumor epithelial","invsqrt_kl","bridge",NA
"CPA3",743.1,0,"pancreas","Exocrine epithelial -> Ductal/tumor epithelial","invsqrt_kl","bridge",NA
"GPC3",962.9,0.042,"pancreas","Exocrine epithelial -> Ductal/tumor epithelial","invsqrt_kl","bridge",NA
"UMOD",247.7,0,"pancreas","Exocrine epithelial -> Ductal/tumor epithelial","invsqrt_kl","bridge",NA
"PROX1",11709.7,0,"pancreas","Exocrine epithelial -> Ductal/tumor epithelial","invsqrt_kl","bridge",NA
"PEBP4",65.9,0,"pancreas","Exocrine epithelial -> Ductal/tumor epithelial","invsqrt_kl","bridge",NA
"DIRAS3",492.3,0.959,"pancreas","Exocrine epithelial -> Ductal/tumor epithelial","invsqrt_kl","bridge",NA
"HAMP",474.1,0.979,"pancreas","Exocrine epithelial -> Ductal/tumor epithelial","invsqrt_kl","bridge",NA
"CFTR",110866.7,0,"pancreas","Exocrine epithelial -> Ductal/tumor epithelial","invsqrt_kl","bridge",NA
"CA4",1681,0,"pancreas","Exocrine epithelial -> Ductal/tumor epithelial","invsqrt_kl","bridge",NA
"MLANA",14.9,0,"pancreas","Exocrine epithelial -> Ductal/tumor epithelial","invsqrt_kl","bridge",NA
"FKBP11",477.9,0.085,"pancreas","Exocrine epithelial -> Ductal/tumor epithelial","invsqrt_kl","bridge",NA
"GLYATL1",51.9,0,"pancreas","Exocrine epithelial -> Ductal/tumor epithelial","invsqrt_kl","bridge",NA
"UPK3B",14.7,0,"pancreas","Exocrine epithelial -> Ductal/tumor epithelial","invsqrt_kl","bridge",NA
"KLK11",12.3,0,"pancreas","Exocrine epithelial -> Endocrine","invsqrt_kl","bridge",NA
"ANPEP",111.6,0,"pancreas","Exocrine epithelial -> Endocrine","invsqrt_kl","bridge",NA
"AQP8",180.5,0,"pancreas","Exocrine epithelial -> Endocrine","invsqrt_kl","bridge",NA
"GATM",1054.2,0,"pancreas","Exocrine epithelial -> Endocrine","invsqrt_kl","bridge",NA
"MYC",18.8,0,"pancreas","Exocrine epithelial -> Endocrine","invsqrt_kl","bridge",NA
"HAMP",6.4,0,"pancreas","Exocrine epithelial -> Endocrine","invsqrt_kl","bridge",NA
"DPEP1",16.3,0,"pancreas","Exocrine epithelial -> Endocrine","invsqrt_kl","bridge",NA
"UMOD",5.4,0,"pancreas","Exocrine epithelial -> Endocrine","invsqrt_kl","bridge",NA
"AMY2A",3864.7,0,"pancreas","Exocrine epithelial -> Endocrine","invsqrt_kl","bridge",NA
"CFTR",686.1,0,"pancreas","Exocrine epithelial -> Endocrine","invsqrt_kl","bridge",NA
"COCH",5,0,"pancreas","Exocrine epithelial -> Endocrine","invsqrt_kl","bridge",NA
"GLYATL1",2.1,0,"pancreas","Exocrine epithelial -> Endocrine","invsqrt_kl","bridge",NA
"GPC3",41,0,"pancreas","Exocrine epithelial -> Endocrine","invsqrt_kl","bridge",NA
"FKBP11",47.1,0.178,"pancreas","Exocrine epithelial -> Endocrine","invsqrt_kl","bridge",NA
"CA4",10.1,0,"pancreas","Exocrine epithelial -> Endocrine","invsqrt_kl","bridge",NA
"UPK3B",5.1,0,"pancreas","Exocrine epithelial -> Endocrine","invsqrt_kl","bridge",NA
"RIDA",22.7,0,"pancreas","Exocrine epithelial -> Endocrine","invsqrt_kl","bridge",NA
"MLANA",0.1,0,"pancreas","Exocrine epithelial -> Endocrine","invsqrt_kl","bridge",NA
"CPA3",0,0,"pancreas","Exocrine epithelial -> Endocrine","invsqrt_kl","bridge",NA
"SMYD2",4.8,0,"pancreas","Exocrine epithelial -> Endocrine","invsqrt_kl","bridge",NA
"AQP8",1910.5,0,"pancreas","Exocrine epithelial -> Endothelial","invsqrt_kl","bridge",NA
"GATM",10092.4,0,"pancreas","Exocrine epithelial -> Endothelial","invsqrt_kl","bridge",NA
"AMY2A",27517.6,0,"pancreas","Exocrine epithelial -> Endothelial","invsqrt_kl","bridge",NA
"KLK11",129.5,0,"pancreas","Exocrine epithelial -> Endothelial","invsqrt_kl","bridge",NA
"ANPEP",1195.7,0,"pancreas","Exocrine epithelial -> Endothelial","invsqrt_kl","bridge",NA
"CFTR",3501.1,0,"pancreas","Exocrine epithelial -> Endothelial","invsqrt_kl","bridge",NA
"DPEP1",125.7,0,"pancreas","Exocrine epithelial -> Endothelial","invsqrt_kl","bridge",NA
"KCNK3",203.5,0,"pancreas","Exocrine epithelial -> Endothelial","invsqrt_kl","bridge",NA
"UMOD",18.9,0,"pancreas","Exocrine epithelial -> Endothelial","invsqrt_kl","bridge",NA
"CA4",123.8,0,"pancreas","Exocrine epithelial -> Endothelial","invsqrt_kl","bridge",NA
"DIRAS3",40.7,0,"pancreas","Exocrine epithelial -> Endothelial","invsqrt_kl","bridge",NA
"PROX1",481.4,0,"pancreas","Exocrine epithelial -> Endothelial","invsqrt_kl","bridge",NA
"FKBP11",361.8,-0.128,"pancreas","Exocrine epithelial -> Endothelial","invsqrt_kl","bridge",NA
"PEBP4",15.3,0,"pancreas","Exocrine epithelial -> Endothelial","invsqrt_kl","bridge",NA
"AQP3",74.9,0,"pancreas","Exocrine epithelial -> Endothelial","invsqrt_kl","bridge",NA
"HAMP",78.3,0,"pancreas","Exocrine epithelial -> Endothelial","invsqrt_kl","bridge",NA
"GLYATL1",11.4,0,"pancreas","Exocrine epithelial -> Endothelial","invsqrt_kl","bridge",NA
"RIDA",49.3,0,"pancreas","Exocrine epithelial -> Endothelial","invsqrt_kl","bridge",NA
"COCH",33.3,0,"pancreas","Exocrine epithelial -> Endothelial","invsqrt_kl","bridge",NA
"CPA3",83.3,0,"pancreas","Exocrine epithelial -> Endothelial","invsqrt_kl","bridge",NA
"AQP8",1345.4,0,"pancreas","Exocrine epithelial -> Fibroblast / CAF","invsqrt_kl","bridge",NA
"GATM",7976.2,0,"pancreas","Exocrine epithelial -> Fibroblast / CAF","invsqrt_kl","bridge",NA
"AMY2A",21865.4,0,"pancreas","Exocrine epithelial -> Fibroblast / CAF","invsqrt_kl","bridge",NA
"KLK11",76.9,0,"pancreas","Exocrine epithelial -> Fibroblast / CAF","invsqrt_kl","bridge",NA
"CFTR",5032.3,0,"pancreas","Exocrine epithelial -> Fibroblast / CAF","invsqrt_kl","bridge",NA
"ANPEP",859.7,0,"pancreas","Exocrine epithelial -> Fibroblast / CAF","invsqrt_kl","bridge",NA
"PROX1",703.3,0,"pancreas","Exocrine epithelial -> Fibroblast / CAF","invsqrt_kl","bridge",NA
"KCNK3",184.4,0,"pancreas","Exocrine epithelial -> Fibroblast / CAF","invsqrt_kl","bridge",NA
"UMOD",15.1,0,"pancreas","Exocrine epithelial -> Fibroblast / CAF","invsqrt_kl","bridge",NA
"DIRAS3",42,0.988,"pancreas","Exocrine epithelial -> Fibroblast / CAF","invsqrt_kl","bridge",NA
"CA4",111.3,0,"pancreas","Exocrine epithelial -> Fibroblast / CAF","invsqrt_kl","bridge",NA
"HAMP",78.8,0.955,"pancreas","Exocrine epithelial -> Fibroblast / CAF","invsqrt_kl","bridge",NA
"AQP3",59.6,0,"pancreas","Exocrine epithelial -> Fibroblast / CAF","invsqrt_kl","bridge",NA
"RIDA",90.2,0,"pancreas","Exocrine epithelial -> Fibroblast / CAF","invsqrt_kl","bridge",NA
"DPEP1",70.1,0,"pancreas","Exocrine epithelial -> Fibroblast / CAF","invsqrt_kl","bridge",NA
"GLYATL1",3,0,"pancreas","Exocrine epithelial -> Fibroblast / CAF","invsqrt_kl","bridge",NA
"FKBP11",206.9,-0.13,"pancreas","Exocrine epithelial -> Fibroblast / CAF","invsqrt_kl","bridge",NA
"MYC",206.1,-0.071,"pancreas","Exocrine epithelial -> Fibroblast / CAF","invsqrt_kl","bridge",NA
"COCH",34.4,0.987,"pancreas","Exocrine epithelial -> Fibroblast / CAF","invsqrt_kl","bridge",NA
"PEBP4",0.3,0,"pancreas","Exocrine epithelial -> Fibroblast / CAF","invsqrt_kl","bridge",NA
"AQP8",1465.3,0,"pancreas","Exocrine epithelial -> Immune","invsqrt_kl","bridge",NA
"GATM",9605.1,0,"pancreas","Exocrine epithelial -> Immune","invsqrt_kl","bridge",NA
"AMY2A",27334.7,0,"pancreas","Exocrine epithelial -> Immune","invsqrt_kl","bridge",NA
"CFTR",5611,0,"pancreas","Exocrine epithelial -> Immune","invsqrt_kl","bridge",NA
"KLK11",114.3,0,"pancreas","Exocrine epithelial -> Immune","invsqrt_kl","bridge",NA
"PROX1",709.9,0,"pancreas","Exocrine epithelial -> Immune","invsqrt_kl","bridge",NA
"KCNK3",209.5,0,"pancreas","Exocrine epithelial -> Immune","invsqrt_kl","bridge",NA
"ANPEP",1045.8,0,"pancreas","Exocrine epithelial -> Immune","invsqrt_kl","bridge",NA
"DPEP1",98.6,0,"pancreas","Exocrine epithelial -> Immune","invsqrt_kl","bridge",NA
"UMOD",22.3,0,"pancreas","Exocrine epithelial -> Immune","invsqrt_kl","bridge",NA
"CA4",59.6,0,"pancreas","Exocrine epithelial -> Immune","invsqrt_kl","bridge",NA
"DIRAS3",61.3,0.968,"pancreas","Exocrine epithelial -> Immune","invsqrt_kl","bridge",NA
"MYC",9.3,-5.626,"pancreas","Exocrine epithelial -> Immune","invsqrt_kl","bridge",NA
"FKBP11",195.7,-0.062,"pancreas","Exocrine epithelial -> Immune","invsqrt_kl","bridge",NA
"GLYATL1",6.9,0,"pancreas","Exocrine epithelial -> Immune","invsqrt_kl","bridge",NA
"RIDA",43.9,0,"pancreas","Exocrine epithelial -> Immune","invsqrt_kl","bridge",NA
"AQP3",15.4,0,"pancreas","Exocrine epithelial -> Immune","invsqrt_kl","bridge",NA
"PEBP4",0,NA,"pancreas","Exocrine epithelial -> Immune","invsqrt_kl","bridge",NA
"COCH",20.4,0.944,"pancreas","Exocrine epithelial -> Immune","invsqrt_kl","bridge",NA
"GPC3",178,-0.151,"pancreas","Exocrine epithelial -> Immune","invsqrt_kl","bridge",NA
"AQP8",9.2,0,"pancreas","Exocrine epithelial -> Mural / pericyte","invsqrt_kl","bridge",NA
"GATM",78.3,0,"pancreas","Exocrine epithelial -> Mural / pericyte","invsqrt_kl","bridge",NA
"AMY2A",443.6,0,"pancreas","Exocrine epithelial -> Mural / pericyte","invsqrt_kl","bridge",NA
"CFTR",76.4,0,"pancreas","Exocrine epithelial -> Mural / pericyte","invsqrt_kl","bridge",NA
"ANPEP",16.5,0,"pancreas","Exocrine epithelial -> Mural / pericyte","invsqrt_kl","bridge",NA
"PROX1",7.3,0,"pancreas","Exocrine epithelial -> Mural / pericyte","invsqrt_kl","bridge",NA
"KLK11",0,NA,"pancreas","Exocrine epithelial -> Mural / pericyte","invsqrt_kl","bridge",NA
"DPEP1",2,0,"pancreas","Exocrine epithelial -> Mural / pericyte","invsqrt_kl","bridge",NA
"CA4",2.9,0,"pancreas","Exocrine epithelial -> Mural / pericyte","invsqrt_kl","bridge",NA
"FKBP11",7.3,0,"pancreas","Exocrine epithelial -> Mural / pericyte","invsqrt_kl","bridge",NA
"HAMP",0.8,0,"pancreas","Exocrine epithelial -> Mural / pericyte","invsqrt_kl","bridge",NA
"UMOD",0.1,0,"pancreas","Exocrine epithelial -> Mural / pericyte","invsqrt_kl","bridge",NA
"GLYATL1",0,NA,"pancreas","Exocrine epithelial -> Mural / pericyte","invsqrt_kl","bridge",NA
"DIRAS3",0,0,"pancreas","Exocrine epithelial -> Mural / pericyte","invsqrt_kl","bridge",NA
"RIDA",3.7,0,"pancreas","Exocrine epithelial -> Mural / pericyte","invsqrt_kl","bridge",NA
"AQP3",0,NA,"pancreas","Exocrine epithelial -> Mural / pericyte","invsqrt_kl","bridge",NA
"SMYD2",4.3,0,"pancreas","Exocrine epithelial -> Mural / pericyte","invsqrt_kl","bridge",NA
"COCH",0.8,0,"pancreas","Exocrine epithelial -> Mural / pericyte","invsqrt_kl","bridge",NA
"UPK3B",1.7,0,"pancreas","Exocrine epithelial -> Mural / pericyte","invsqrt_kl","bridge",NA
"PEBP4",0,NA,"pancreas","Exocrine epithelial -> Mural / pericyte","invsqrt_kl","bridge",NA
"SFRP2",2578.9,0.996,"pancreas","Fibroblast / CAF -> Ductal/tumor epithelial","invsqrt_kl","bridge",NA
"THBS2",2050.8,0.991,"pancreas","Fibroblast / CAF -> Ductal/tumor epithelial","invsqrt_kl","bridge",NA
"COL5A2",2981.2,0.995,"pancreas","Fibroblast / CAF -> Ductal/tumor epithelial","invsqrt_kl","bridge",NA
"SFRP4",1182,0.995,"pancreas","Fibroblast / CAF -> Ductal/tumor epithelial","invsqrt_kl","bridge",NA
"FBN1",2730.7,0.997,"pancreas","Fibroblast / CAF -> Ductal/tumor epithelial","invsqrt_kl","bridge",NA
"PDGFRA",432.6,0.975,"pancreas","Fibroblast / CAF -> Ductal/tumor epithelial","invsqrt_kl","bridge",NA
"MFAP5",213.3,0.987,"pancreas","Fibroblast / CAF -> Ductal/tumor epithelial","invsqrt_kl","bridge",NA
"ASPN",1313.5,0.991,"pancreas","Fibroblast / CAF -> Ductal/tumor epithelial","invsqrt_kl","bridge",NA
"THY1",1071.3,0.991,"pancreas","Fibroblast / CAF -> Ductal/tumor epithelial","invsqrt_kl","bridge",NA
"C7",285.9,1,"pancreas","Fibroblast / CAF -> Ductal/tumor epithelial","invsqrt_kl","bridge",NA
"PTGDS",244.7,0.992,"pancreas","Fibroblast / CAF -> Ductal/tumor epithelial","invsqrt_kl","bridge",NA
"LTBP2",3544,0.986,"pancreas","Fibroblast / CAF -> Ductal/tumor epithelial","invsqrt_kl","bridge",NA
"INMT",448.1,1,"pancreas","Fibroblast / CAF -> Ductal/tumor epithelial","invsqrt_kl","bridge",NA
"PCOLCE",305.9,0.988,"pancreas","Fibroblast / CAF -> Ductal/tumor epithelial","invsqrt_kl","bridge",NA
"PDPN",1051.9,0.995,"pancreas","Fibroblast / CAF -> Ductal/tumor epithelial","invsqrt_kl","bridge",NA
"FBLN1",659.2,1,"pancreas","Fibroblast / CAF -> Ductal/tumor epithelial","invsqrt_kl","bridge",NA
"SRPX",354.6,0.983,"pancreas","Fibroblast / CAF -> Ductal/tumor epithelial","invsqrt_kl","bridge",NA
"CTSK",2273.5,0.389,"pancreas","Fibroblast / CAF -> Ductal/tumor epithelial","invsqrt_kl","bridge",NA
"IGF1",151,0.92,"pancreas","Fibroblast / CAF -> Ductal/tumor epithelial","invsqrt_kl","bridge",NA
"RGS16",206.7,1,"pancreas","Fibroblast / CAF -> Ductal/tumor epithelial","invsqrt_kl","bridge",NA
"MFAP5",7.5,0,"pancreas","Fibroblast / CAF -> Endocrine","invsqrt_kl","bridge",NA
"THBS2",35.1,0,"pancreas","Fibroblast / CAF -> Endocrine","invsqrt_kl","bridge",NA
"VCAN",141.7,0,"pancreas","Fibroblast / CAF -> Endocrine","invsqrt_kl","bridge",NA
"COL5A2",81.6,0,"pancreas","Fibroblast / CAF -> Endocrine","invsqrt_kl","bridge",NA
"BASP1",63.5,0.158,"pancreas","Fibroblast / CAF -> Endocrine","invsqrt_kl","bridge",NA
"SEMA3C",58,0,"pancreas","Fibroblast / CAF -> Endocrine","invsqrt_kl","bridge",NA
"FBN1",122.2,0,"pancreas","Fibroblast / CAF -> Endocrine","invsqrt_kl","bridge",NA
"LTBP2",76.6,0,"pancreas","Fibroblast / CAF -> Endocrine","invsqrt_kl","bridge",NA
"PDGFRA",72.5,0,"pancreas","Fibroblast / CAF -> Endocrine","invsqrt_kl","bridge",NA
"SFRP2",171.8,0.076,"pancreas","Fibroblast / CAF -> Endocrine","invsqrt_kl","bridge",NA
"SFRP4",134.6,0.052,"pancreas","Fibroblast / CAF -> Endocrine","invsqrt_kl","bridge",NA
"CTSK",65.1,0.046,"pancreas","Fibroblast / CAF -> Endocrine","invsqrt_kl","bridge",NA
"THY1",53.6,0,"pancreas","Fibroblast / CAF -> Endocrine","invsqrt_kl","bridge",NA
"PTGDS",61.5,0.138,"pancreas","Fibroblast / CAF -> Endocrine","invsqrt_kl","bridge",NA
"PMP22",45.1,0.133,"pancreas","Fibroblast / CAF -> Endocrine","invsqrt_kl","bridge",NA
"PDPN",28.1,0.107,"pancreas","Fibroblast / CAF -> Endocrine","invsqrt_kl","bridge",NA
"FBLN1",142.7,0,"pancreas","Fibroblast / CAF -> Endocrine","invsqrt_kl","bridge",NA
"PCOLCE",17,0,"pancreas","Fibroblast / CAF -> Endocrine","invsqrt_kl","bridge",NA
"ASPN",142.2,0.007,"pancreas","Fibroblast / CAF -> Endocrine","invsqrt_kl","bridge",NA
"INMT",27.6,0,"pancreas","Fibroblast / CAF -> Endocrine","invsqrt_kl","bridge",NA
"THBS2",586,1,"pancreas","Fibroblast / CAF -> Endothelial","invsqrt_kl","bridge",NA
"VCAN",1709,0.978,"pancreas","Fibroblast / CAF -> Endothelial","invsqrt_kl","bridge",NA
"SFRP2",1815.3,0.998,"pancreas","Fibroblast / CAF -> Endothelial","invsqrt_kl","bridge",NA
"MFAP5",68.1,0.985,"pancreas","Fibroblast / CAF -> Endothelial","invsqrt_kl","bridge",NA
"PDPN",460.9,0.996,"pancreas","Fibroblast / CAF -> Endothelial","invsqrt_kl","bridge",NA
"SEMA3C",230.6,0.989,"pancreas","Fibroblast / CAF -> Endothelial","invsqrt_kl","bridge",NA
"CTSK",942.3,0.987,"pancreas","Fibroblast / CAF -> Endothelial","invsqrt_kl","bridge",NA
"LTBP2",701.8,0.998,"pancreas","Fibroblast / CAF -> Endothelial","invsqrt_kl","bridge",NA
"COL5A2",1779.4,0.999,"pancreas","Fibroblast / CAF -> Endothelial","invsqrt_kl","bridge",NA
"PDGFRA",327.6,0.997,"pancreas","Fibroblast / CAF -> Endothelial","invsqrt_kl","bridge",NA
"SFRP4",589.4,0.997,"pancreas","Fibroblast / CAF -> Endothelial","invsqrt_kl","bridge",NA
"BASP1",534.6,0.998,"pancreas","Fibroblast / CAF -> Endothelial","invsqrt_kl","bridge",NA
"FBLN1",765.1,0.993,"pancreas","Fibroblast / CAF -> Endothelial","invsqrt_kl","bridge",NA
"IGF1",163.8,0.988,"pancreas","Fibroblast / CAF -> Endothelial","invsqrt_kl","bridge",NA
"PTGDS",258.6,1,"pancreas","Fibroblast / CAF -> Endothelial","invsqrt_kl","bridge",NA
"GEM",446.9,0.986,"pancreas","Fibroblast / CAF -> Endothelial","invsqrt_kl","bridge",NA
"THY1",1575.4,0.998,"pancreas","Fibroblast / CAF -> Endothelial","invsqrt_kl","bridge",NA
"FBN1",2035.1,0.829,"pancreas","Fibroblast / CAF -> Endothelial","invsqrt_kl","bridge",NA
"RGS16",181.3,0.996,"pancreas","Fibroblast / CAF -> Endothelial","invsqrt_kl","bridge",NA
"PCOLCE",339.1,0.994,"pancreas","Fibroblast / CAF -> Endothelial","invsqrt_kl","bridge",NA
"VCAN",1269.4,0.937,"pancreas","Fibroblast / CAF -> Exocrine epithelial","invsqrt_kl","bridge",NA
"THBS2",444.9,1,"pancreas","Fibroblast / CAF -> Exocrine epithelial","invsqrt_kl","bridge",NA
"COL5A2",563.1,0.997,"pancreas","Fibroblast / CAF -> Exocrine epithelial","invsqrt_kl","bridge",NA
"SFRP2",1430,0.997,"pancreas","Fibroblast / CAF -> Exocrine epithelial","invsqrt_kl","bridge",NA
"FBN1",949.3,0.996,"pancreas","Fibroblast / CAF -> Exocrine epithelial","invsqrt_kl","bridge",NA
"MFAP5",72.9,0.98,"pancreas","Fibroblast / CAF -> Exocrine epithelial","invsqrt_kl","bridge",NA
"CTSK",445.7,0.976,"pancreas","Fibroblast / CAF -> Exocrine epithelial","invsqrt_kl","bridge",NA
"GEM",380.7,0.962,"pancreas","Fibroblast / CAF -> Exocrine epithelial","invsqrt_kl","bridge",NA
"SEMA3C",239.1,0.946,"pancreas","Fibroblast / CAF -> Exocrine epithelial","invsqrt_kl","bridge",NA
"LTBP2",904.2,0.988,"pancreas","Fibroblast / CAF -> Exocrine epithelial","invsqrt_kl","bridge",NA
"BASP1",294.4,0.972,"pancreas","Fibroblast / CAF -> Exocrine epithelial","invsqrt_kl","bridge",NA
"SFRP4",1255.7,0.995,"pancreas","Fibroblast / CAF -> Exocrine epithelial","invsqrt_kl","bridge",NA
"THY1",447,0.991,"pancreas","Fibroblast / CAF -> Exocrine epithelial","invsqrt_kl","bridge",NA
"PDGFRA",559,1,"pancreas","Fibroblast / CAF -> Exocrine epithelial","invsqrt_kl","bridge",NA
"FBLN1",1002.5,0.991,"pancreas","Fibroblast / CAF -> Exocrine epithelial","invsqrt_kl","bridge",NA
"ASPN",845.4,0.994,"pancreas","Fibroblast / CAF -> Exocrine epithelial","invsqrt_kl","bridge",NA
"PDPN",332.1,0.981,"pancreas","Fibroblast / CAF -> Exocrine epithelial","invsqrt_kl","bridge",NA
"PTGDS",207.4,0.982,"pancreas","Fibroblast / CAF -> Exocrine epithelial","invsqrt_kl","bridge",NA
"PCOLCE",150.5,1,"pancreas","Fibroblast / CAF -> Exocrine epithelial","invsqrt_kl","bridge",NA
"PMP22",543.3,0.849,"pancreas","Fibroblast / CAF -> Exocrine epithelial","invsqrt_kl","bridge",NA
"SFRP2",3464.4,0.561,"pancreas","Fibroblast / CAF -> Immune","invsqrt_kl","bridge",NA
"THBS2",2252.7,0.996,"pancreas","Fibroblast / CAF -> Immune","invsqrt_kl","bridge",NA
"COL5A2",2679.1,0.996,"pancreas","Fibroblast / CAF -> Immune","invsqrt_kl","bridge",NA
"FBN1",3329.1,0.99,"pancreas","Fibroblast / CAF -> Immune","invsqrt_kl","bridge",NA
"VCAN",5767.5,0.899,"pancreas","Fibroblast / CAF -> Immune","invsqrt_kl","bridge",NA
"CTSK",2718.2,0.537,"pancreas","Fibroblast / CAF -> Immune","invsqrt_kl","bridge",NA
"PDGFRA",1127.5,0.999,"pancreas","Fibroblast / CAF -> Immune","invsqrt_kl","bridge",NA
"FBLN1",2469.9,0.958,"pancreas","Fibroblast / CAF -> Immune","invsqrt_kl","bridge",NA
"SFRP4",3399.4,0.448,"pancreas","Fibroblast / CAF -> Immune","invsqrt_kl","bridge",NA
"MFAP5",594.9,0.992,"pancreas","Fibroblast / CAF -> Immune","invsqrt_kl","bridge",NA
"LTBP2",2176.2,0.989,"pancreas","Fibroblast / CAF -> Immune","invsqrt_kl","bridge",NA
"THY1",1569.4,0.999,"pancreas","Fibroblast / CAF -> Immune","invsqrt_kl","bridge",NA
"GEM",1207,1,"pancreas","Fibroblast / CAF -> Immune","invsqrt_kl","bridge",NA
"PCOLCE",441.8,0.991,"pancreas","Fibroblast / CAF -> Immune","invsqrt_kl","bridge",NA
"ASPN",2098.9,0.524,"pancreas","Fibroblast / CAF -> Immune","invsqrt_kl","bridge",NA
"SEMA3C",906.8,1,"pancreas","Fibroblast / CAF -> Immune","invsqrt_kl","bridge",NA
"PTGDS",962.6,0.51,"pancreas","Fibroblast / CAF -> Immune","invsqrt_kl","bridge",NA
"INMT",614.1,0.99,"pancreas","Fibroblast / CAF -> Immune","invsqrt_kl","bridge",NA
"APCDD1",384.4,1,"pancreas","Fibroblast / CAF -> Immune","invsqrt_kl","bridge",NA
"SRPX",471.9,0.992,"pancreas","Fibroblast / CAF -> Immune","invsqrt_kl","bridge",NA
"SFRP2",101.7,0,"pancreas","Fibroblast / CAF -> Mural / pericyte","invsqrt_kl","bridge",NA
"MFAP5",53.5,0,"pancreas","Fibroblast / CAF -> Mural / pericyte","invsqrt_kl","bridge",NA
"VCAN",110.6,0,"pancreas","Fibroblast / CAF -> Mural / pericyte","invsqrt_kl","bridge",NA
"FBLN1",269,0,"pancreas","Fibroblast / CAF -> Mural / pericyte","invsqrt_kl","bridge",NA
"SFRP4",216.4,0,"pancreas","Fibroblast / CAF -> Mural / pericyte","invsqrt_kl","bridge",NA
"THY1",275.2,0,"pancreas","Fibroblast / CAF -> Mural / pericyte","invsqrt_kl","bridge",NA
"CTSK",142.1,0,"pancreas","Fibroblast / CAF -> Mural / pericyte","invsqrt_kl","bridge",NA
"BASP1",151.2,0,"pancreas","Fibroblast / CAF -> Mural / pericyte","invsqrt_kl","bridge",NA
"PTGDS",59.5,0,"pancreas","Fibroblast / CAF -> Mural / pericyte","invsqrt_kl","bridge",NA
"PDPN",109.4,0,"pancreas","Fibroblast / CAF -> Mural / pericyte","invsqrt_kl","bridge",NA
"MEST",56.7,0,"pancreas","Fibroblast / CAF -> Mural / pericyte","invsqrt_kl","bridge",NA
"ALDH1A3",33.7,0,"pancreas","Fibroblast / CAF -> Mural / pericyte","invsqrt_kl","bridge",NA
"LTBP2",192.5,0,"pancreas","Fibroblast / CAF -> Mural / pericyte","invsqrt_kl","bridge",NA
"PDGFRA",46.7,0,"pancreas","Fibroblast / CAF -> Mural / pericyte","invsqrt_kl","bridge",NA
"THBS2",134,0,"pancreas","Fibroblast / CAF -> Mural / pericyte","invsqrt_kl","bridge",NA
"COL5A2",351.4,0,"pancreas","Fibroblast / CAF -> Mural / pericyte","invsqrt_kl","bridge",NA
"SEMA3C",22.1,0,"pancreas","Fibroblast / CAF -> Mural / pericyte","invsqrt_kl","bridge",NA
"IGF1",29.9,0,"pancreas","Fibroblast / CAF -> Mural / pericyte","invsqrt_kl","bridge",NA
"DPT",17.5,0,"pancreas","Fibroblast / CAF -> Mural / pericyte","invsqrt_kl","bridge",NA
"C7",72.8,0,"pancreas","Fibroblast / CAF -> Mural / pericyte","invsqrt_kl","bridge",NA
"IL7R",262,0.994,"pancreas","Immune -> Ductal/tumor epithelial","invsqrt_kl","bridge",NA
"CD163",440.6,0.984,"pancreas","Immune -> Ductal/tumor epithelial","invsqrt_kl","bridge",NA
"PTPRC",631.8,0.988,"pancreas","Immune -> Ductal/tumor epithelial","invsqrt_kl","bridge",NA
"MRC1",251.6,0.995,"pancreas","Immune -> Ductal/tumor epithelial","invsqrt_kl","bridge",NA
"CD8A",129.8,0.993,"pancreas","Immune -> Ductal/tumor epithelial","invsqrt_kl","bridge",NA
"MS4A4A",353,1,"pancreas","Immune -> Ductal/tumor epithelial","invsqrt_kl","bridge",NA
"CCL5",240,0.994,"pancreas","Immune -> Ductal/tumor epithelial","invsqrt_kl","bridge",NA
"VSIG4",311.7,0.997,"pancreas","Immune -> Ductal/tumor epithelial","invsqrt_kl","bridge",NA
"MS4A6A",739.1,0.996,"pancreas","Immune -> Ductal/tumor epithelial","invsqrt_kl","bridge",NA
"GZMK",46.8,0.95,"pancreas","Immune -> Ductal/tumor epithelial","invsqrt_kl","bridge",NA
"CD2",78.3,0.971,"pancreas","Immune -> Ductal/tumor epithelial","invsqrt_kl","bridge",NA
"GZMA",79.4,1,"pancreas","Immune -> Ductal/tumor epithelial","invsqrt_kl","bridge",NA
"FCGR3A",570.9,0.991,"pancreas","Immune -> Ductal/tumor epithelial","invsqrt_kl","bridge",NA
"LILRB4",89.2,0.99,"pancreas","Immune -> Ductal/tumor epithelial","invsqrt_kl","bridge",NA
"GPR183",301.3,1,"pancreas","Immune -> Ductal/tumor epithelial","invsqrt_kl","bridge",NA
"CYTIP",306.8,1,"pancreas","Immune -> Ductal/tumor epithelial","invsqrt_kl","bridge",NA
"FGL2",380.1,0.999,"pancreas","Immune -> Ductal/tumor epithelial","invsqrt_kl","bridge",NA
"KLRB1",143.5,1,"pancreas","Immune -> Ductal/tumor epithelial","invsqrt_kl","bridge",NA
"IGSF6",345.7,1,"pancreas","Immune -> Ductal/tumor epithelial","invsqrt_kl","bridge",NA
"TRAC",207.7,1,"pancreas","Immune -> Ductal/tumor epithelial","invsqrt_kl","bridge",NA
"IL7R",13.5,0.944,"pancreas","Immune -> Endocrine","invsqrt_kl","bridge",NA
"PLA2G7",8.1,1,"pancreas","Immune -> Endocrine","invsqrt_kl","bridge",NA
"CD163",18,1,"pancreas","Immune -> Endocrine","invsqrt_kl","bridge",NA
"CSF2RA",19.7,0.949,"pancreas","Immune -> Endocrine","invsqrt_kl","bridge",NA
"CXCR4",34.3,1,"pancreas","Immune -> Endocrine","invsqrt_kl","bridge",NA
"TRAC",20.2,0.675,"pancreas","Immune -> Endocrine","invsqrt_kl","bridge",NA
"MS4A6A",31.2,1,"pancreas","Immune -> Endocrine","invsqrt_kl","bridge",NA
"CD2",7.7,1,"pancreas","Immune -> Endocrine","invsqrt_kl","bridge",NA
"CD3E",9,0.889,"pancreas","Immune -> Endocrine","invsqrt_kl","bridge",NA
"VSIG4",12.3,0.919,"pancreas","Immune -> Endocrine","invsqrt_kl","bridge",NA
"MS4A1",0.6,1,"pancreas","Immune -> Endocrine","invsqrt_kl","bridge",NA
"MS4A4A",21,0.964,"pancreas","Immune -> Endocrine","invsqrt_kl","bridge",NA
"CCL5",16.1,1,"pancreas","Immune -> Endocrine","invsqrt_kl","bridge",NA
"TREM2",8.8,1,"pancreas","Immune -> Endocrine","invsqrt_kl","bridge",NA
"PTPRC",38.6,0.974,"pancreas","Immune -> Endocrine","invsqrt_kl","bridge",NA
"FCGR3A",14.9,0.967,"pancreas","Immune -> Endocrine","invsqrt_kl","bridge",NA
"GZMK",7.8,0.936,"pancreas","Immune -> Endocrine","invsqrt_kl","bridge",NA
"LILRB4",1.6,1,"pancreas","Immune -> Endocrine","invsqrt_kl","bridge",NA
"CLEC4E",10.7,1,"pancreas","Immune -> Endocrine","invsqrt_kl","bridge",NA
"GPR183",11.4,0.934,"pancreas","Immune -> Endocrine","invsqrt_kl","bridge",NA
"IL7R",283.6,0.989,"pancreas","Immune -> Endothelial","invsqrt_kl","bridge",NA
"LILRB4",36.1,0.972,"pancreas","Immune -> Endothelial","invsqrt_kl","bridge",NA
"GZMK",44.1,1,"pancreas","Immune -> Endothelial","invsqrt_kl","bridge",NA
"PLA2G7",145.3,0.986,"pancreas","Immune -> Endothelial","invsqrt_kl","bridge",NA
"CD163",188.7,0.984,"pancreas","Immune -> Endothelial","invsqrt_kl","bridge",NA
"TREM2",89.2,0.973,"pancreas","Immune -> Endothelial","invsqrt_kl","bridge",NA
"PTPRC",350.2,0.997,"pancreas","Immune -> Endothelial","invsqrt_kl","bridge",NA
"CD2",83.3,1,"pancreas","Immune -> Endothelial","invsqrt_kl","bridge",NA
"VSIG4",90.4,0.989,"pancreas","Immune -> Endothelial","invsqrt_kl","bridge",NA
"CSF2RA",104.4,0.981,"pancreas","Immune -> Endothelial","invsqrt_kl","bridge",NA
"CD8A",130.4,0.999,"pancreas","Immune -> Endothelial","invsqrt_kl","bridge",NA
"MS4A6A",416.4,0.995,"pancreas","Immune -> Endothelial","invsqrt_kl","bridge",NA
"TRAC",258.6,0.981,"pancreas","Immune -> Endothelial","invsqrt_kl","bridge",NA
"HAVCR2",117.4,1,"pancreas","Immune -> Endothelial","invsqrt_kl","bridge",NA
"FOXP3",38.1,0,"pancreas","Immune -> Endothelial","invsqrt_kl","bridge",NA
"KLRB1",142.4,1,"pancreas","Immune -> Endothelial","invsqrt_kl","bridge",NA
"CTLA4",58.2,0.723,"pancreas","Immune -> Endothelial","invsqrt_kl","bridge",NA
"CYTIP",183.7,0.989,"pancreas","Immune -> Endothelial","invsqrt_kl","bridge",NA
"CCL5",196.6,0.99,"pancreas","Immune -> Endothelial","invsqrt_kl","bridge",NA
"MS4A1",43.1,1,"pancreas","Immune -> Endothelial","invsqrt_kl","bridge",NA
"IL7R",409.6,0.996,"pancreas","Immune -> Exocrine epithelial","invsqrt_kl","bridge",NA
"CXCR4",921,0.963,"pancreas","Immune -> Exocrine epithelial","invsqrt_kl","bridge",NA
"PLA2G7",237.9,0.981,"pancreas","Immune -> Exocrine epithelial","invsqrt_kl","bridge",NA
"PTPRC",661.5,0.999,"pancreas","Immune -> Exocrine epithelial","invsqrt_kl","bridge",NA
"TRAC",344.3,0.987,"pancreas","Immune -> Exocrine epithelial","invsqrt_kl","bridge",NA
"CD163",658.1,0.995,"pancreas","Immune -> Exocrine epithelial","invsqrt_kl","bridge",NA
"MRC1",344.2,0.994,"pancreas","Immune -> Exocrine epithelial","invsqrt_kl","bridge",NA
"CCL5",354.7,0.969,"pancreas","Immune -> Exocrine epithelial","invsqrt_kl","bridge",NA
"MS4A4A",543.9,0.99,"pancreas","Immune -> Exocrine epithelial","invsqrt_kl","bridge",NA
"GZMK",72.9,1,"pancreas","Immune -> Exocrine epithelial","invsqrt_kl","bridge",NA
"CD3E",215.2,0.995,"pancreas","Immune -> Exocrine epithelial","invsqrt_kl","bridge",NA
"CD2",221.3,0.992,"pancreas","Immune -> Exocrine epithelial","invsqrt_kl","bridge",NA
"IL2RA",83.4,0.988,"pancreas","Immune -> Exocrine epithelial","invsqrt_kl","bridge",NA
"VSIG4",357.7,0.994,"pancreas","Immune -> Exocrine epithelial","invsqrt_kl","bridge",NA
"KLRB1",218.1,1,"pancreas","Immune -> Exocrine epithelial","invsqrt_kl","bridge",NA
"CSF2RA",292.1,0.986,"pancreas","Immune -> Exocrine epithelial","invsqrt_kl","bridge",NA
"CD8A",331.5,0.994,"pancreas","Immune -> Exocrine epithelial","invsqrt_kl","bridge",NA
"FCGR3A",579.3,0.999,"pancreas","Immune -> Exocrine epithelial","invsqrt_kl","bridge",NA
"MS4A6A",917.1,0.993,"pancreas","Immune -> Exocrine epithelial","invsqrt_kl","bridge",NA
"GZMA",79.9,0.95,"pancreas","Immune -> Exocrine epithelial","invsqrt_kl","bridge",NA
"MS4A1",480.9,0,"pancreas","Immune -> Fibroblast / CAF","invsqrt_kl","bridge",NA
"NKG7",323.9,0,"pancreas","Immune -> Fibroblast / CAF","invsqrt_kl","bridge",NA
"CD8A",1978.4,0,"pancreas","Immune -> Fibroblast / CAF","invsqrt_kl","bridge",NA
"CXCR4",4575.1,-0.003,"pancreas","Immune -> Fibroblast / CAF","invsqrt_kl","bridge",NA
"PTPRC",4323.9,0,"pancreas","Immune -> Fibroblast / CAF","invsqrt_kl","bridge",NA
"MS4A6A",3003,0,"pancreas","Immune -> Fibroblast / CAF","invsqrt_kl","bridge",NA
"GPR183",1093.3,0,"pancreas","Immune -> Fibroblast / CAF","invsqrt_kl","bridge",NA
"MS4A4A",1736,0,"pancreas","Immune -> Fibroblast / CAF","invsqrt_kl","bridge",NA
"CSF2RA",894.4,0,"pancreas","Immune -> Fibroblast / CAF","invsqrt_kl","bridge",NA
"CD163",1716.5,0,"pancreas","Immune -> Fibroblast / CAF","invsqrt_kl","bridge",NA
"TREM2",354.7,0,"pancreas","Immune -> Fibroblast / CAF","invsqrt_kl","bridge",NA
"PLA2G7",897.4,0,"pancreas","Immune -> Fibroblast / CAF","invsqrt_kl","bridge",NA
"FOXP3",458.9,0,"pancreas","Immune -> Fibroblast / CAF","invsqrt_kl","bridge",NA
"CYTIP",2238.1,0,"pancreas","Immune -> Fibroblast / CAF","invsqrt_kl","bridge",NA
"CD69",933.6,0,"pancreas","Immune -> Fibroblast / CAF","invsqrt_kl","bridge",NA
"FCER1A",326.9,0,"pancreas","Immune -> Fibroblast / CAF","invsqrt_kl","bridge",NA
"IL7R",4963.4,0,"pancreas","Immune -> Fibroblast / CAF","invsqrt_kl","bridge",NA
"VSIG4",622.2,0,"pancreas","Immune -> Fibroblast / CAF","invsqrt_kl","bridge",NA
"KLRB1",1447.4,0,"pancreas","Immune -> Fibroblast / CAF","invsqrt_kl","bridge",NA
"LY86",468.7,0,"pancreas","Immune -> Fibroblast / CAF","invsqrt_kl","bridge",NA
"CD3D",0,0,"pancreas","Immune -> Mural / pericyte","invsqrt_kl","bridge",NA
"SLAMF7",0,0,"pancreas","Immune -> Mural / pericyte","invsqrt_kl","bridge",NA
"MS4A1",0,0,"pancreas","Immune -> Mural / pericyte","invsqrt_kl","bridge",NA
"KLRB1",46.8,0,"pancreas","Immune -> Mural / pericyte","invsqrt_kl","bridge",NA
"CXCR4",151,0,"pancreas","Immune -> Mural / pericyte","invsqrt_kl","bridge",NA
"VSIG4",41.7,0,"pancreas","Immune -> Mural / pericyte","invsqrt_kl","bridge",NA
"CD8A",41.7,0,"pancreas","Immune -> Mural / pericyte","invsqrt_kl","bridge",NA
"PLA2G7",51.7,0,"pancreas","Immune -> Mural / pericyte","invsqrt_kl","bridge",NA
"FCN1",0,0,"pancreas","Immune -> Mural / pericyte","invsqrt_kl","bridge",NA
"MRC1",74.5,0,"pancreas","Immune -> Mural / pericyte","invsqrt_kl","bridge",NA
"IL7R",113,0,"pancreas","Immune -> Mural / pericyte","invsqrt_kl","bridge",NA
"MS4A6A",118.5,0,"pancreas","Immune -> Mural / pericyte","invsqrt_kl","bridge",NA
"CD3E",49.5,0,"pancreas","Immune -> Mural / pericyte","invsqrt_kl","bridge",NA
"CCL5",65.3,0,"pancreas","Immune -> Mural / pericyte","invsqrt_kl","bridge",NA
"CD163",49.7,0,"pancreas","Immune -> Mural / pericyte","invsqrt_kl","bridge",NA
"CD86",29.7,0,"pancreas","Immune -> Mural / pericyte","invsqrt_kl","bridge",NA
"CD79A",36.8,0,"pancreas","Immune -> Mural / pericyte","invsqrt_kl","bridge",NA
"CSF2RA",56.3,0,"pancreas","Immune -> Mural / pericyte","invsqrt_kl","bridge",NA
"MS4A4A",56.8,0,"pancreas","Immune -> Mural / pericyte","invsqrt_kl","bridge",NA
"FCER1A",14.8,0,"pancreas","Immune -> Mural / pericyte","invsqrt_kl","bridge",NA
"MYH11",58.9,0.677,"pancreas","Mural / pericyte -> Ductal/tumor epithelial","invsqrt_kl","bridge",NA
"MEDAG",12.1,1,"pancreas","Mural / pericyte -> Ductal/tumor epithelial","invsqrt_kl","bridge",NA
"ADAMTS1",98.2,0.427,"pancreas","Mural / pericyte -> Ductal/tumor epithelial","invsqrt_kl","bridge",NA
"ACTA2",202.4,0.992,"pancreas","Mural / pericyte -> Ductal/tumor epithelial","invsqrt_kl","bridge",NA
"PDGFRB",106.8,0.993,"pancreas","Mural / pericyte -> Ductal/tumor epithelial","invsqrt_kl","bridge",NA
"CNN1",62.5,0.995,"pancreas","Mural / pericyte -> Ductal/tumor epithelial","invsqrt_kl","bridge",NA
"CRISPLD2",56.6,1,"pancreas","Mural / pericyte -> Ductal/tumor epithelial","invsqrt_kl","bridge",NA
"RERGL",0,0,"pancreas","Mural / pericyte -> Ductal/tumor epithelial","invsqrt_kl","bridge",NA
"MYLK",284.7,0.275,"pancreas","Mural / pericyte -> Ductal/tumor epithelial","invsqrt_kl","bridge",NA
"CCL19",0.4,1,"pancreas","Mural / pericyte -> Ductal/tumor epithelial","invsqrt_kl","bridge",NA
"DES",9.7,-0.012,"pancreas","Mural / pericyte -> Ductal/tumor epithelial","invsqrt_kl","bridge",NA
"TIMP4",0.7,0.553,"pancreas","Mural / pericyte -> Ductal/tumor epithelial","invsqrt_kl","bridge",NA
"OGN",3.9,1,"pancreas","Mural / pericyte -> Ductal/tumor epithelial","invsqrt_kl","bridge",NA
"IL1RL1",15,0,"pancreas","Mural / pericyte -> Ductal/tumor epithelial","invsqrt_kl","bridge",NA
"MAMDC2",12.7,0.675,"pancreas","Mural / pericyte -> Ductal/tumor epithelial","invsqrt_kl","bridge",NA
"CAV1",31.9,0.15,"pancreas","Mural / pericyte -> Ductal/tumor epithelial","invsqrt_kl","bridge",NA
"SNCG",2.9,0,"pancreas","Mural / pericyte -> Ductal/tumor epithelial","invsqrt_kl","bridge",NA
"RETN",0,NA,"pancreas","Mural / pericyte -> Ductal/tumor epithelial","invsqrt_kl","bridge",NA
"MEF2C",25.6,0.997,"pancreas","Mural / pericyte -> Ductal/tumor epithelial","invsqrt_kl","bridge",NA
"PTN",18.8,1,"pancreas","Mural / pericyte -> Ductal/tumor epithelial","invsqrt_kl","bridge",NA
"MYH11",543.6,0.995,"pancreas","Mural / pericyte -> Endothelial","invsqrt_kl","bridge",NA
"TNC",178.9,0.871,"pancreas","Mural / pericyte -> Endothelial","invsqrt_kl","bridge",NA
"CNN1",165.8,0.988,"pancreas","Mural / pericyte -> Endothelial","invsqrt_kl","bridge",NA
"RERGL",58.1,0,"pancreas","Mural / pericyte -> Endothelial","invsqrt_kl","bridge",NA
"MEDAG",198.2,0.955,"pancreas","Mural / pericyte -> Endothelial","invsqrt_kl","bridge",NA
"DES",34.8,0,"pancreas","Mural / pericyte -> Endothelial","invsqrt_kl","bridge",NA
"ACTA2",715.8,0.997,"pancreas","Mural / pericyte -> Endothelial","invsqrt_kl","bridge",NA
"MYLK",538.2,0.651,"pancreas","Mural / pericyte -> Endothelial","invsqrt_kl","bridge",NA
"ACTG2",295.3,0.685,"pancreas","Mural / pericyte -> Endothelial","invsqrt_kl","bridge",NA
"CRISPLD2",167.3,0.996,"pancreas","Mural / pericyte -> Endothelial","invsqrt_kl","bridge",NA
"ADAMTS1",2045.6,0.137,"pancreas","Mural / pericyte -> Endothelial","invsqrt_kl","bridge",NA
"TIMP4",14.4,1,"pancreas","Mural / pericyte -> Endothelial","invsqrt_kl","bridge",NA
"OGN",8.1,1,"pancreas","Mural / pericyte -> Endothelial","invsqrt_kl","bridge",NA
"PLIN4",3.2,-0.022,"pancreas","Mural / pericyte -> Endothelial","invsqrt_kl","bridge",NA
"CCDC78",0,0,"pancreas","Mural / pericyte -> Endothelial","invsqrt_kl","bridge",NA
"ASCL1",2.9,0.268,"pancreas","Mural / pericyte -> Endothelial","invsqrt_kl","bridge",NA
"SLC4A1",4.4,0,"pancreas","Mural / pericyte -> Endothelial","invsqrt_kl","bridge",NA
"TBX3",13.8,0.886,"pancreas","Mural / pericyte -> Endothelial","invsqrt_kl","bridge",NA
"SNCG",4.7,-0.065,"pancreas","Mural / pericyte -> Endothelial","invsqrt_kl","bridge",NA
"MAMDC2",19.2,0.937,"pancreas","Mural / pericyte -> Endothelial","invsqrt_kl","bridge",NA
"MYH11",19.9,1,"pancreas","Mural / pericyte -> Exocrine epithelial","invsqrt_kl","bridge",NA
"MEDAG",1.2,0.611,"pancreas","Mural / pericyte -> Exocrine epithelial","invsqrt_kl","bridge",NA
"TNC",29.9,0.809,"pancreas","Mural / pericyte -> Exocrine epithelial","invsqrt_kl","bridge",NA
"ACTA2",50.1,1,"pancreas","Mural / pericyte -> Exocrine epithelial","invsqrt_kl","bridge",NA
"CNN1",8.7,0.956,"pancreas","Mural / pericyte -> Exocrine epithelial","invsqrt_kl","bridge",NA
"ADAMTS1",97.3,0.578,"pancreas","Mural / pericyte -> Exocrine epithelial","invsqrt_kl","bridge",NA
"PDGFRB",40.8,1,"pancreas","Mural / pericyte -> Exocrine epithelial","invsqrt_kl","bridge",NA
"MYLK",80.5,0.522,"pancreas","Mural / pericyte -> Exocrine epithelial","invsqrt_kl","bridge",NA
"CRISPLD2",37.3,1,"pancreas","Mural / pericyte -> Exocrine epithelial","invsqrt_kl","bridge",NA
"TBX3",7,1,"pancreas","Mural / pericyte -> Exocrine epithelial","invsqrt_kl","bridge",NA
"SNCG",0,NA,"pancreas","Mural / pericyte -> Exocrine epithelial","invsqrt_kl","bridge",NA
"RERGL",1.1,0,"pancreas","Mural / pericyte -> Exocrine epithelial","invsqrt_kl","bridge",NA
"CCL19",0.4,1,"pancreas","Mural / pericyte -> Exocrine epithelial","invsqrt_kl","bridge",NA
"TIMP4",13.4,1,"pancreas","Mural / pericyte -> Exocrine epithelial","invsqrt_kl","bridge",NA
"CAVIN1",19.2,0.778,"pancreas","Mural / pericyte -> Exocrine epithelial","invsqrt_kl","bridge",NA
"DES",2.2,1,"pancreas","Mural / pericyte -> Exocrine epithelial","invsqrt_kl","bridge",NA
"CAV1",0,0.151,"pancreas","Mural / pericyte -> Exocrine epithelial","invsqrt_kl","bridge",NA
"ACTG2",4.8,0.07,"pancreas","Mural / pericyte -> Exocrine epithelial","invsqrt_kl","bridge",NA
"TMEM100",6.1,1,"pancreas","Mural / pericyte -> Exocrine epithelial","invsqrt_kl","bridge",NA
"OGN",8.4,0.933,"pancreas","Mural / pericyte -> Exocrine epithelial","invsqrt_kl","bridge",NA
"RERGL",40,0,"pancreas","Mural / pericyte -> Fibroblast / CAF","invsqrt_kl","bridge",NA
"MYH11",564.3,-0.001,"pancreas","Mural / pericyte -> Fibroblast / CAF","invsqrt_kl","bridge",NA
"ADAMTS1",533.7,0.026,"pancreas","Mural / pericyte -> Fibroblast / CAF","invsqrt_kl","bridge",NA
"SNCG",9.5,0,"pancreas","Mural / pericyte -> Fibroblast / CAF","invsqrt_kl","bridge",NA
"MEDAG",271.4,0,"pancreas","Mural / pericyte -> Fibroblast / CAF","invsqrt_kl","bridge",NA
"CNN1",180,0,"pancreas","Mural / pericyte -> Fibroblast / CAF","invsqrt_kl","bridge",NA
"TNC",467.6,0.062,"pancreas","Mural / pericyte -> Fibroblast / CAF","invsqrt_kl","bridge",NA
"DES",107.3,0,"pancreas","Mural / pericyte -> Fibroblast / CAF","invsqrt_kl","bridge",NA
"LGI4",24.9,0,"pancreas","Mural / pericyte -> Fibroblast / CAF","invsqrt_kl","bridge",NA
"CAV1",50.4,0.068,"pancreas","Mural / pericyte -> Fibroblast / CAF","invsqrt_kl","bridge",NA
"HES4",5.1,0,"pancreas","Mural / pericyte -> Fibroblast / CAF","invsqrt_kl","bridge",NA
"ADH4",9,0,"pancreas","Mural / pericyte -> Fibroblast / CAF","invsqrt_kl","bridge",NA
"PLIN4",0,-0.018,"pancreas","Mural / pericyte -> Fibroblast / CAF","invsqrt_kl","bridge",NA
"RETN",3.7,0,"pancreas","Mural / pericyte -> Fibroblast / CAF","invsqrt_kl","bridge",NA
"CDH16",12.5,0,"pancreas","Mural / pericyte -> Fibroblast / CAF","invsqrt_kl","bridge",NA
"SLC4A1",9.8,0,"pancreas","Mural / pericyte -> Fibroblast / CAF","invsqrt_kl","bridge",NA
"AHSP",0,0,"pancreas","Mural / pericyte -> Fibroblast / CAF","invsqrt_kl","bridge",NA
"LY6D",1.9,0,"pancreas","Mural / pericyte -> Fibroblast / CAF","invsqrt_kl","bridge",NA
"TIMP4",0,0,"pancreas","Mural / pericyte -> Fibroblast / CAF","invsqrt_kl","bridge",NA
"DNAAF1",7.2,0,"pancreas","Mural / pericyte -> Fibroblast / CAF","invsqrt_kl","bridge",NA
"MYH11",358.1,0.997,"pancreas","Mural / pericyte -> Immune","invsqrt_kl","bridge",NA
"ADAMTS1",354.9,0.999,"pancreas","Mural / pericyte -> Immune","invsqrt_kl","bridge",NA
"CNN1",99.2,0.983,"pancreas","Mural / pericyte -> Immune","invsqrt_kl","bridge",NA
"RERGL",22.3,0.045,"pancreas","Mural / pericyte -> Immune","invsqrt_kl","bridge",NA
"MEDAG",66.4,0.989,"pancreas","Mural / pericyte -> Immune","invsqrt_kl","bridge",NA
"TNC",313.3,0.794,"pancreas","Mural / pericyte -> Immune","invsqrt_kl","bridge",NA
"ACTA2",271.8,0.859,"pancreas","Mural / pericyte -> Immune","invsqrt_kl","bridge",NA
"MYLK",261.5,0.708,"pancreas","Mural / pericyte -> Immune","invsqrt_kl","bridge",NA
"DES",29.9,1,"pancreas","Mural / pericyte -> Immune","invsqrt_kl","bridge",NA
"CAV1",43.9,0.994,"pancreas","Mural / pericyte -> Immune","invsqrt_kl","bridge",NA
"SNCG",0,0,"pancreas","Mural / pericyte -> Immune","invsqrt_kl","bridge",NA
"PDGFRB",339.5,0.999,"pancreas","Mural / pericyte -> Immune","invsqrt_kl","bridge",NA
"CRISPLD2",223.9,0.99,"pancreas","Mural / pericyte -> Immune","invsqrt_kl","bridge",NA
"TBX3",54.5,0.931,"pancreas","Mural / pericyte -> Immune","invsqrt_kl","bridge",NA
"HES4",0.1,0,"pancreas","Mural / pericyte -> Immune","invsqrt_kl","bridge",NA
"TIMP4",34.5,1,"pancreas","Mural / pericyte -> Immune","invsqrt_kl","bridge",NA
"CAVIN1",175.1,0.788,"pancreas","Mural / pericyte -> Immune","invsqrt_kl","bridge",NA
"ACTG2",6.7,0.766,"pancreas","Mural / pericyte -> Immune","invsqrt_kl","bridge",NA
"ADH4",3,1,"pancreas","Mural / pericyte -> Immune","invsqrt_kl","bridge",NA
"LGI4",5.4,0,"pancreas","Mural / pericyte -> Immune","invsqrt_kl","bridge",NA
